text,label,drug,text_clean
"Algun boludo me va a decir ""ayy, pero son peligrosasss"" sabes que es mas peligroso?? El paco, que es moneda corriente. Ademas libetades bro, si yo me quiero tomar una linea dejame y quemar el bocho, te agradecería si me evitas  los peligros de un transa armado y loco",POSITIVE,Cocaína,"algun boludo me va a decir ""ayy, pero son peligrosasss"" sabes que es mas peligroso?? el paco, que es moneda corriente. ademas libetades bro, si yo me quiero tomar una linea dejame y quemar el bocho, te agradecería si me evitas los peligros de un transa armado y loco"
"""Ojú shiquillo qué peste!"" ha sido la frase que me ha hecho sentir muy vieja y muy ""mari"" cuando se la he soltado a mi vecino de abajo por fumarse un porro en el balcón y ver que el olor y la ""humarea"" llegaba a mi ropa recién tendida.",NEGATIVE,Marihuana,"""ojú shiquillo qué peste!"" ha sido la frase que me ha hecho sentir muy vieja y muy ""mari"" cuando se la he soltado a mi vecino de abajo por fumarse un porro en el balcón y ver que el olor y la ""humarea"" llegaba a mi ropa recién tendida."
Que noche para escuchar mac miller e inyectarme heroína hasta que se me pare el corazón y pase al otro lado just a dream~,POSITIVE,Heroína,que noche para escuchar mac miller e inyectarme heroína hasta que se me pare el corazón y pase al otro lado just a dream~
amo q las españolas hagan tanto quilombo x un porro yo las leo asi,NEGATIVE,Marihuana,amo q las españolas hagan tanto quilombo x un porro yo las leo asi
Me voy a dejar la uña larga para tomar merca :D Bue (?,NEGATIVE,Cocaína,me voy a dejar la uña larga para tomar merca :d [IRONIA] [IRONIA]
Me acabo de hacer un cigarro como un porro con cartón porque mi madrastra se ha acabado todos mis filtros es que -,NEGATIVE,Marihuana,me acabo de hacer un cigarro como un porro con cartón porque mi madrastra se ha acabado todos mis filtros es que -
Me prendí un porro hace un rato y me acordé que a la noche tengo un partidito voy a caer así.,POSITIVE,Marihuana,me prendí un porro hace un rato y me acordé que a la noche tengo un partidito voy a caer así.
"Que NO, que comprarte una lata en la tienda y mezclarla con alcohol para compartirla con tu colega, mientras te fumas un porro, NO es una causa justificada para estar en la calle.#QuedateEnCasa, o ¿no te enteras de lo que está pasando?",NEGATIVE,Marihuana,"que no, que comprarte una lata en la tienda y mezclarla con alcohol para compartirla con tu colega, mientras te fumas un porro, no es una causa justificada para estar en la calle.#quedateencasa, o ¿no te enteras de lo que está pasando?"
"Recordemos que este ""sr"" filmó a su pareja mientras revolvía la basura buscando un porro",NEGATIVE,Marihuana,"recordemos que este ""sr"" filmó a su pareja mientras revolvía la basura buscando un porro"
Empathy de Crystal Castles me incita como a inyectarme heroína.,NEGATIVE,Heroína,empathy de crystal castles me incita como a inyectarme heroína.
"necesito extasis, mi cerebro lo está demandando.",POSITIVE,Ecstasy,"necesito extasis, mi cerebro lo está demandando."
"El evasor de impuestos  más grande de México, el que siempre fue un  porro hoy dice golpistas a los que intentan ver por su estado y aplicar al mismo lo recaudado, no hay de otra porque el gobierno federal no da presupuesto para nada.#DeBuenasIntencionesLa4tLlenoLosPanteones",NEGATIVE,Marihuana,"el evasor de impuestos más grande de méxico, el que siempre fue un porro hoy dice golpistas a los que intentan ver por su estado y aplicar al mismo lo recaudado, no hay de otra porque el gobierno federal no da presupuesto para nada.#debuenasintencionesla4tllenolospanteones"
Me tiene tan preocupado y estresado el colegio que la idea de inyectarme heroína y morir de sobredosis me parece más placentera y agradable.,POSITIVE,Heroína,me tiene tan preocupado y estresado el colegio que la idea de inyectarme heroína y morir de sobredosis me parece más placentera y agradable.
"yo siempre nomas fume marihuana y la primera vez dije bueno aber le acepto una pitada de tabaco a alguien claramente le di como si fuera un porro y quise mandar el humo a pulmon, no quiero ni saber la cara de mogolico que se me puso pero fue mas o menos asi",POSITIVE,Marihuana,"yo siempre nomas fume marihuana y la primera vez dije bueno aber le acepto una pitada de tabaco a alguien claramente le di como si fuera un porro y quise mandar el humo a pulmon, no quiero ni saber la cara de mogolico que se me puso pero fue mas o menos asi"
Literal hoy tuve que tomar una línea de falopa para no dormirme en la clase por pasar de largo,POSITIVE,Cocaína,literal hoy tuve que tomar una línea de falopa para no dormirme en la clase por pasar de largo
¿Es muy temprano para inyectarme heroína por cuarta vez esta mañana?,POSITIVE,Heroína,¿es muy temprano para inyectarme heroína por cuarta vez esta mañana?
quiero un porro o tres,POSITIVE,Marihuana,quiero un porro o tres
@elvirapalacios exactamente. Los padres deben recibir todos los consejos y luego decidir q accion tomar. Una linea muy delgada.,NEGATIVE,Cocaína,@elvirapalacios exactamente. los padres deben recibir todos los consejos y luego decidir q accion tomar. una linea muy delgada.
Porfavor hoy necesito extasis o algo de esta puta literatura y lo peor es que no llevo ni 1 hora.,NEGATIVE,Ecstasy,porfavor hoy necesito extasis o algo de esta puta literatura y lo peor es que no llevo ni 1 hora.
Yo estoy relajado *__* me acabo de casar osea :D necesito Extasis y Vodka *__*,POSITIVE,Ecstasy,yo estoy relajado *__* me acabo de casar osea :d necesito extasis y vodka *__*
"Todos miran la moneda menos Maradona, que mira al capitán rival. ¿Cómo no vas a salir campeón? Para mi que estaba pensando en ""que ganas de tomarme una línea que tengo dios mío"" deah",NEGATIVE,Cocaína,"todos miran la moneda menos maradona, que mira al capitán rival. ¿cómo no vas a salir campeón? para mi que estaba pensando en ""que ganas de tomarme una línea que tengo dios mío"" deah"
nunca podría inyectarme heroína: tengo pésimo pulso,NEGATIVE,Heroína,nunca podría inyectarme heroína: tengo pésimo pulso
no tengo ganas d nada me voy a fumar un porro y quedar así básicamente como todos los dias pq soy un al pedo desempleado por,POSITIVE,Marihuana,no tengo ganas d nada me voy a fumar un porro y quedar así básicamente como todos los dias pq soy un al pedo desempleado por
"En Sanse nos ha adelantado un chico fumando un porro en un trineo.
Que el barrio no pierda nunca su esencia.",NEGATIVE,Marihuana,en sanse nos ha adelantado un chico fumando un porro en un trineo. que el barrio no pierda nunca su esencia.
unas ganas de tomar una raya de merca,POSITIVE,Cocaína,unas ganas de tomar una raya de merca
Amixes ayer prendí un porro y me queme las pestañas. 😭❤️ por la recuperación de mis pestañas,POSITIVE,Marihuana,amixes ayer prendí un porro y me queme las pestañas. :cara_llorando_fuerte: :corazón_rojo: por la recuperación de mis pestañas
Hay que ser suicida para tomar una línea aérea rosarina. Yo en Rosario no me subo ni a los ascensores porque tengo respeto por la vida,NEGATIVE,Cocaína,hay que ser suicida para tomar una línea aérea rosarina. yo en rosario no me subo ni a los ascensores porque tengo respeto por la vida
"Batidodía1: leche de soya, chía, arándano, fresa, mango y almendras, me siento tan saludable que  voy a inyectarme heroína para equilibrar.",NEGATIVE,Heroína,"batidodía1: leche de soya, chía, arándano, fresa, mango y almendras, me siento tan saludable que voy a inyectarme heroína para equilibrar."
con ganas de inyectarme heroina,POSITIVE,Heroína,con ganas de inyectarme heroina
Anoche soñé q me llegaba el libro que pedí de Amazon y luego dos amigas me obligaban a inyectarme heroína. Con estos sueños no necesito Netflix 🍿,NEGATIVE,Heroína,anoche soñé q me llegaba el libro que pedí de amazon y luego dos amigas me obligaban a inyectarme heroína. con estos sueños no necesito netflix :palomitas:
"Quiero ingresar a la policía para tomar merca y flashearla con acción callejera. Yeahh,",POSITIVE,Cocaína,"quiero ingresar a la policía para tomar merca y flashearla con acción callejera. yeahh,"
ya voy por la s6 de Mad Men y se están fumando un porro en Hawaii y yo acá ENCERRADO HASTA CUANDO A ALBERTO SE LE CANTE LAS PELOTAS,NEGATIVE,Marihuana,ya voy por la s6 de mad men y se están fumando un porro en hawaii y yo acá encerrado hasta cuando a alberto se le cante las pelotas
"cuando toy re mal y ansiosa lo unico q quiero hacer es SER FLACA es muy turbio, es como q me agarran ganas d tomarme una linea d merca pero de ser flaca",NEGATIVE,Cocaína,"cuando toy re mal y ansiosa lo unico q quiero hacer es ser flaca es muy turbio, es como q me agarran ganas d tomarme una linea d merca pero de ser flaca"
"Como cuando dije que no sabía si inyectarme heroína o enamorarme, y pos efectivamente, sí me trae Eduardo bien pendeja amiguitos.",NEGATIVE,Heroína,"como cuando dije que no sabía si inyectarme heroína o enamorarme, y pos efectivamente, sí me trae eduardo bien pendeja amiguitos."
tranquilamente lo podría ver acá en zona oeste en una vereda tomando esa birra con amigos y fumándose un porro a la tardecita no me jodan,NEGATIVE,Marihuana,tranquilamente lo podría ver acá en zona oeste en una vereda tomando esa birra con amigos y fumándose un porro a la tardecita no me jodan
"Este verano estuve en un bar que tenia un 420 gigante en la pared con imagenes alusivas a la marihuana, me prendí un porro y me quisieron echar.",POSITIVE,Marihuana,"este verano estuve en un bar que tenia un 420 gigante en la pared con imagenes alusivas a la marihuana, me prendí un porro y me quisieron echar."
odio el alcohol ew definitivamente nunca más prefiero inyectarme heroina,POSITIVE,Heroína,odio el alcohol ew definitivamente nunca más prefiero inyectarme heroina
Le ves la cara a Abal Medina y sentís que siempre se puede tomar una raya más.,NEGATIVE,Cocaína,le ves la cara a abal medina y sentís que siempre se puede tomar una raya más.
Es mas barato tomar merca que tomarse un taxi.,NEGATIVE,Cocaína,es mas barato tomar merca que tomarse un taxi.
Llegué a un punto de estrés de no retorno en el cual necesito inyectarme heroína en un ojo o que me den un abrazo y llorar un ratito.,NEGATIVE,Heroína,llegué a un punto de estrés de no retorno en el cual necesito inyectarme heroína en un ojo o que me den un abrazo y llorar un ratito.
Cómo le explico a la gente que los moretones que tengo en los brazos es de llevar 4 botellas mas una panera y 7 platos a las corridas y no de inyectarme heroina¿,NEGATIVE,Heroína,cómo le explico a la gente que los moretones que tengo en los brazos es de llevar 4 botellas mas una panera y 7 platos a las corridas y no de inyectarme heroina¿
Bueno y que hermoso momento para tomar una linea,POSITIVE,Cocaína,bueno y que hermoso momento para tomar una linea
"No necesito extasis ni cocaina, la musica me lleva a otro mundo donde yo soy el unico rey.",NEGATIVE,Ecstasy,"no necesito extasis ni cocaina, la musica me lleva a otro mundo donde yo soy el unico rey."
Que ganas de tomar una linea,POSITIVE,Cocaína,que ganas de tomar una linea
esa cantidad de azucar creo q tomarme una linea de merca es mas sano que una taza de ese té https:///iNabber69/status/1235614615964282881…,NEGATIVE,Cocaína,esa cantidad de azucar creo q tomarme una linea de merca es mas sano que una taza de ese té
La profesora dice que hay que tomar una linea jajajajaja re loca,NEGATIVE,Cocaína,la profesora dice que hay que tomar una linea [IRONIA] re loca
me gustaria tomarme una linea de merca sobre tu espalda desnuda mientras hacemos el amor apasionadamen... — awwww ♥ http://,POSITIVE,Cocaína,me gustaria tomarme una linea de merca sobre tu espalda desnuda mientras hacemos el amor apasionadamen... — awwww :palo_de_corazones:
"Este es el momento en el que me gustaría inyectarme heroína, porque me da miedo la oscuridad.",POSITIVE,Heroína,"este es el momento en el que me gustaría inyectarme heroína, porque me da miedo la oscuridad."
necesito inyectarme heroína o algo asi,POSITIVE,Heroína,necesito inyectarme heroína o algo asi
Necesito éxtasis.,POSITIVE,Ecstasy,necesito éxtasis.
"Mi abuela: tengo sueño, me voy a tomar algo... Me voy a tomar una linea",NEGATIVE,Cocaína,"mi abuela: tengo sueño, me voy a tomar algo... me voy a tomar una linea"
Me levanté a hacerme una chocolatada y mí vieja se estaba fumando un porro,NEGATIVE,Marihuana,me levanté a hacerme una chocolatada y mí vieja se estaba fumando un porro
"🚨 Congreso aprobó por insistencia PL fujimorista para enseñar Historia del Terrorismo en colegios

Como informó La República, la pretensión de incluir la narrativa oficialista sobre la guerra interna en las aulas se remonta al 2017. Pésimo, deben enseñar Educación Cívica para que tengan base al momento de tomar una línea política como es después de los 18 años",NEGATIVE,Cocaína,":luces_de_policía: congreso aprobó por insistencia pl fujimorista para enseñar historia del terrorismo en colegios como informó la república, la pretensión de incluir la narrativa oficialista sobre la guerra interna en las aulas se remonta al 2017. pésimo, deben enseñar educación cívica para que tengan base al momento de tomar una línea política como es después de los 18 años"
La ciencia habla: ¿Qué hace más daño al cerebro: una copa o un porro de marihuana? http://,NEGATIVE,Marihuana,la ciencia habla: ¿qué hace más daño al cerebro: una copa o un porro de marihuana?
"""@Garavito_Javier: @andre_rosales24 yo apenas veo ese programa me dan ganas de inyectarme heroina para verlo en 5d"" así es nojoda ...jajaja",NEGATIVE,Heroína,"""@garavito_javier: @andre_rosales24 yo apenas veo ese programa me dan ganas de inyectarme heroina para verlo en 5d"" así es nojoda ... [IRONIA]"
Re esta para tomar merca,POSITIVE,Cocaína,re esta para tomar merca
"Como me gustaría que legalizen la cocaína, para compra un bolsa en lo de mi tía, para tomar una linea con mi abuela",POSITIVE,Cocaína,"como me gustaría que legalizen la cocaína, para compra un bolsa en lo de mi tía, para tomar una linea con mi abuela"
me voy a tomar merca,POSITIVE,Cocaína,me voy a tomar merca
Tengo alergia en los brazos de inyectarme heroína pero bueno vio,POSITIVE,Heroína,tengo alergia en los brazos de inyectarme heroína pero bueno vio
necesito éxtasis de felicidad :) para poder seguir con mi vida normalmente pero el problema es donde las consigo? :s #inpotensia,NEGATIVE,Ecstasy,necesito éxtasis de felicidad :) para poder seguir con mi vida normalmente pero el problema es donde las consigo? :s #inpotensia
"...Felicidad? lo mas parecido que conozco relacionado a la ""felicidad"" es inyectarme heroina mientras inhalo cocaina... :v ''",POSITIVE,Heroína,"...felicidad? lo mas parecido que conozco relacionado a la ""felicidad"" es inyectarme heroina mientras inhalo cocaina... :v ''"
"La musica es vida
Prefiero inyectarme ritmo y bailar
Que inyectarme heroína y morir",NEGATIVE,Heroína,la musica es vida prefiero inyectarme ritmo y bailar que inyectarme heroína y morir
"Pq la gente habla tipo, 
Madre fue a comprar o padre fue a tomar una línea de cocaína.
Es tipo cool? 
Primo está en Alemania drogado",NEGATIVE,Cocaína,"pq la gente habla tipo, madre fue a comprar o padre fue a tomar una línea de cocaína. es tipo cool? primo está en alemania drogado"
alguno para tomar una linea,POSITIVE,Cocaína,alguno para tomar una linea
No necesito éxtasis si sonríes.,NEGATIVE,Ecstasy,no necesito éxtasis si sonríes.
"@Pleeins vestite bien mañana... vamos a bailar, no a tomar merca a una casa abandonada",NEGATIVE,Cocaína,"@pleeins vestite bien mañana... vamos a bailar, no a tomar merca a una casa abandonada"
"le estaba mostrando una foto en mi telefono a mi abuela, corri a la izquierda y habia un porro enorme",NEGATIVE,Marihuana,"le estaba mostrando una foto en mi telefono a mi abuela, corri a la izquierda y habia un porro enorme"
por culpa de dónde trabajo tengo q escuchar musica onda de boliche casi todos los días entonces llegar a casa y escuchar almafuerte es como inyectarme heroína,NEGATIVE,Heroína,por culpa de dónde trabajo tengo q escuchar musica onda de boliche casi todos los días entonces llegar a casa y escuchar almafuerte es como inyectarme heroína
la que se fumo un porro es mi vecina,NEGATIVE,Marihuana,la que se fumo un porro es mi vecina
"Mi viejo me mira como si fuera a inyectarme heroína. Bancá man tan asqueroso ibas a ser, es un remedio chabón.",NEGATIVE,Heroína,"mi viejo me mira como si fuera a inyectarme heroína. bancá man tan asqueroso ibas a ser, es un remedio chabón."
"Ya he puesto una lavadora, la ropa está tendida, fregado los platos, tinte naranja en el pelo y es momento para FUMARME UN PORRO MÁS GRANDE QUE MI CABEZA Y DESCANSAR.",POSITIVE,Marihuana,"ya he puesto una lavadora, la ropa está tendida, fregado los platos, tinte naranja en el pelo y es momento para fumarme un porro más grande que mi cabeza y descansar."
Unas ganas de fumarme un porro en el solcito,POSITIVE,Marihuana,unas ganas de fumarme un porro en el solcito
"inyectarme heroína? no gracias, yo me inyecto música",NEGATIVE,Heroína,"inyectarme heroína? no gracias, yo me inyecto música"
"Fumo porro, palabras más palabras menos, desde que tengo 16. Y con intermitencia y períodos en los que no. Nunca se me hubiese ocurrido tomar una raya de la mogólica. Le tengo TERROR.",POSITIVE,Cocaína,"fumo porro, palabras más palabras menos, desde que tengo 16. y con intermitencia y períodos en los que no. nunca se me hubiese ocurrido tomar una raya de la mogólica. le tengo terror."
Que hacen cuando están en modo depre? Tomar merca sin limite alguno,POSITIVE,Cocaína,que hacen cuando están en modo depre? tomar merca sin limite alguno
"uno m mandó un video de la nada de una bolsita d merca y me dice ""algún día voy a tomarme una línea en tu culo"" 😂",NEGATIVE,Cocaína,"uno m mandó un video de la nada de una bolsita d merca y me dice ""algún día voy a tomarme una línea en tu culo"" :cara_llorando_de_risa:"
te crees que nos importa que te estés fumando un porro a las 12 de la noche? pista: no,NEGATIVE,Marihuana,te crees que nos importa que te estés fumando un porro a las 12 de la noche? pista: no
@picapau1977 re drogon el pity .. Lo vi en vivo .. Ke manera de tomar merca ke tiene el chabon,NEGATIVE,Cocaína,@picapau1977 re drogon el pity .. lo vi en vivo .. ke manera de tomar merca ke tiene el chabon
Aquí relax aventándome un porro y unos versos,POSITIVE,Marihuana,aquí relax aventándome un porro y unos versos
"Me saqué una foto con mi hermano de 7 años y él tiene una papa frita en la mano... No, no es un porro",NEGATIVE,Marihuana,"me saqué una foto con mi hermano de 7 años y él tiene una papa frita en la mano... no, no es un porro"
qué aburrida la vida yo voy a empezar a inyectarme heroína a ver si siento algo,POSITIVE,Heroína,qué aburrida la vida yo voy a empezar a inyectarme heroína a ver si siento algo
"El de filosofia se debe tomar una linea antes de venir, es fija",NEGATIVE,Cocaína,"el de filosofia se debe tomar una linea antes de venir, es fija"
"Como muchos sabéis soy una friki de los Sims, me bajé un mod de DROGAS para el juego porque me hacía gracia poder hacer que mi sim se fumase un porro o se emborrachase. Me estoy mirando el tutorial y I'M IN SHOCK",NEGATIVE,Marihuana,"como muchos sabéis soy una friki de los sims, me bajé un mod de drogas para el juego porque me hacía gracia poder hacer que mi sim se fumase un porro o se emborrachase. me estoy mirando el tutorial y i'm in shock"
Necesito llegar a mi cama y tomar una línea de merca del tamaño de mi berga o sea 2cm,POSITIVE,Cocaína,necesito llegar a mi cama y tomar una línea de merca del tamaño de mi berga o sea 2cm
"Desearía inyectarme heroína en la sangre para que recorra mis venas hasta el corazón
una heroína que con una sonrisa y una mirada me salve",NEGATIVE,Heroína,desearía inyectarme heroína en la sangre para que recorra mis venas hasta el corazón una heroína que con una sonrisa y una mirada me salve
Inyectarme Heroina es lo k quiero!,POSITIVE,Heroína,inyectarme heroina es lo k quiero!
"Santi MARATEA fumó un porro en un lugar donde NO ES SU PRIVACIDAD y encima mostró todo socarronamente en las redes donde vaya a saber q pibes y en q situación hay mirándolo. Pero sus ""fans"" son tan cerraditos q no pueden reconocer q eso ESTÁ MAL #lam",NEGATIVE,Marihuana,"santi maratea fumó un porro en un lugar donde no es su privacidad y encima mostró todo socarronamente en las redes donde vaya a saber q pibes y en q situación hay mirándolo. pero sus ""fans"" son tan cerraditos q no pueden reconocer q eso está mal #lam"
"La ultima vez que fui, fue a despedir a mi abuela, hoy 12 años después volví y ver a la generación de mi abuela aun intacta, fue una forma de volver a sentir a mi viejita💗😇 #Laguneta donde escuchar un porro con la 19 de marzo es una delicia.",NEGATIVE,Marihuana,"la ultima vez que fui, fue a despedir a mi abuela, hoy 12 años después volví y ver a la generación de mi abuela aun intacta, fue una forma de volver a sentir a mi viejita :corazón_creciente: :cara_sonriendo_con_aureola: #laguneta donde escuchar un porro con la 19 de marzo es una delicia."
esta para tomar una linea de largo como una mesa & bajarlo con 5 fasitos jaja noooooooo,POSITIVE,Cocaína,esta para tomar una linea de largo como una mesa & bajarlo con 5 fasitos [IRONIA] noooooooo
Hoy me mandaron la foto de un porro a modo de hola sjsjsjsjs maneras de iniciarme la conversación,NEGATIVE,Marihuana,hoy me mandaron la foto de un porro a modo de hola sjsjsjsjs maneras de iniciarme la conversación
Como te extraño boquita! Necesito extasis de vosss!!,NEGATIVE,Ecstasy,como te extraño boquita! necesito extasis de vosss!!
El instagramer Santi Maratea se fumó un porro durante el programa de Lizy Tagliani y fue duramente cuestionado http://,NEGATIVE,Marihuana,el instagramer santi maratea se fumó un porro durante el programa de lizy tagliani y fue duramente cuestionado
q bonito es ver a mi amigo enamorado yo en este momento estoy por inyectarme heroína e inhalar un poco de perico,POSITIVE,Heroína,q bonito es ver a mi amigo enamorado yo en este momento estoy por inyectarme heroína e inhalar un poco de perico
Tengo un ex compañero de la primaria via msn tratando de convencerme de tomar merca y colarme pepas,NEGATIVE,Cocaína,tengo un ex compañero de la primaria via msn tratando de convencerme de tomar merca y colarme pepas
"“@RemaMarinero: Yaaaaaaaaa!!!!! Necesito éxtasis, hierba, unos besos, amanecer, baile y sirenas!!!” + 1",POSITIVE,Ecstasy,"“@remamarinero: yaaaaaaaaa!!!!! necesito éxtasis, hierba, unos besos, amanecer, baile y sirenas!!!” + 1"
Unas ganas de tomar una línea de las tetas de milky,POSITIVE,Cocaína,unas ganas de tomar una línea de las tetas de milky
Oye @velazquezpaul que te pasa?? Tú quién eres para hablarle así al Presidente?? Te convertiste en un porro más de la pedorra oposición?? El Presidente NO ES la pilmama de nadie para andar educando a sus seguidores!! Pésima tu intervención!!,NEGATIVE,Marihuana,oye @velazquezpaul que te pasa?? tú quién eres para hablarle así al presidente?? te convertiste en un porro más de la pedorra oposición?? el presidente no es la pilmama de nadie para andar educando a sus seguidores!! pésima tu intervención!!
"He guardado este ticket de metro en mi billetera por años, para hacer un porro.

Hoy va a ser el día.",POSITIVE,Marihuana,"he guardado este ticket de metro en mi billetera por años, para hacer un porro. hoy va a ser el día."
viernes con V de voy a inyectarme heroina hasta la muerte esta misma noche,POSITIVE,Heroína,viernes con v de voy a inyectarme heroina hasta la muerte esta misma noche
Yo creo que es hora de un porro,POSITIVE,Marihuana,yo creo que es hora de un porro
Uno se acaba de tomar una línea atrás mío en el bondi y adivinen son gastronómicos,NEGATIVE,Cocaína,uno se acaba de tomar una línea atrás mío en el bondi y adivinen son gastronómicos
me junté con amigos y me dormí y cuando me desperté me dijeron que me guardaron pizza y un porro porque me había dormido muy temprano los amo,POSITIVE,Marihuana,me junté con amigos y me dormí y cuando me desperté me dijeron que me guardaron pizza y un porro porque me había dormido muy temprano los amo
"Salir de lo que me encierra y correr hacia lo que me asesina es como dejar al cigarrillo para inyectarme heroína. 
Es ilógico.",NEGATIVE,Heroína,salir de lo que me encierra y correr hacia lo que me asesina es como dejar al cigarrillo para inyectarme heroína. es ilógico.
"Podría tomar merca, irme de putas que siempre voy a ser una niña para mis papas.",NEGATIVE,Cocaína,"podría tomar merca, irme de putas que siempre voy a ser una niña para mis papas."
Al panita se le bajó el azúcar porque  él cree en que fumarse un porro es romper el ayuno 😂😂,NEGATIVE,Marihuana,al panita se le bajó el azúcar porque él cree en que fumarse un porro es romper el ayuno :cara_llorando_de_risa: :cara_llorando_de_risa:
Prefiero inyectarme heroina que ver o hablar con imbeciles,NEGATIVE,Heroína,prefiero inyectarme heroina que ver o hablar con imbeciles
"En el libro, Amma le ofrece un porro a Camille luego de su estupor por ver las cicatrices de su hermanastra adulta. Es el único momento hasta ahora en que Amma se nota voluble. Sólo dura unos cuantas líneas porque luego vuelve a ser la hija de la chingada que conocemos.
La odio.",NEGATIVE,Marihuana,"en el libro, amma le ofrece un porro a camille luego de su estupor por ver las cicatrices de su hermanastra adulta. es el único momento hasta ahora en que amma se nota voluble. sólo dura unos cuantas líneas porque luego vuelve a ser la hija de la chingada que conocemos. la odio."
"La fase de ascenso a la Liga I es un porro tremendo. El porro es tan grande que el líder es el único equipo de la liguilla que ha perdido algún partido. El único que ha perdido es el que va primero. Todos los partidos hasta la fecha han acabado 0-0, menos uno que acabó 3-4.",NEGATIVE,Marihuana,"la fase de ascenso a la liga i es un porro tremendo. el porro es tan grande que el líder es el único equipo de la liguilla que ha perdido algún partido. el único que ha perdido es el que va primero. todos los partidos hasta la fecha han acabado 0-0, menos uno que acabó 3-4."
"No lo interprete como que se haya ido a tomar una raya, sino como un desprecio. O tal vez se fue a lavar la cara para despabilarse un poco de los nervios.",NEGATIVE,Cocaína,"no lo interprete como que se haya ido a tomar una raya, sino como un desprecio. o tal vez se fue a lavar la cara para despabilarse un poco de los nervios."
... Y es que ni la defensa ha ayudado a Lester. Ahora Napoli no puede tomar una línea de frente.,NEGATIVE,Cocaína,... y es que ni la defensa ha ayudado a lester. ahora napoli no puede tomar una línea de frente.
"Sinceramente no le veo la gracia de q una persona suba una foto al instagram mostrando un plato,un billete y como se está x tomar una línea",NEGATIVE,Cocaína,"sinceramente no le veo la gracia de q una persona suba una foto al instagram mostrando un plato,un billete y como se está x tomar una línea"
@antofornari me dan ganas de inyectarme heroína pesada,POSITIVE,Heroína,@antofornari me dan ganas de inyectarme heroína pesada
"AYUDA, necesitamos llegar a las autoridades para que @Juanmasueyro vuelva a Castelar, está varado en el Bosque de Villa Gesell totalmente pálido, no puede volver a su casa, tiene síntomas de coronavirus. Está pálido, con fiebre, se cree que es por compartir un porro con su novio.",NEGATIVE,Marihuana,"ayuda, necesitamos llegar a las autoridades para que @juanmasueyro vuelva a castelar, está varado en el bosque de villa gesell totalmente pálido, no puede volver a su casa, tiene síntomas de coronavirus. está pálido, con fiebre, se cree que es por compartir un porro con su novio."
yo no podría aspirar coca porque tengo la nariz tapada y tampoco podría inyectarme heroína porque me dan miedo las agujas,NEGATIVE,Heroína,yo no podría aspirar coca porque tengo la nariz tapada y tampoco podría inyectarme heroína porque me dan miedo las agujas
me fume un porro sola de prensado y lo único q senti fue acidez,POSITIVE,Marihuana,me fume un porro sola de prensado y lo único q senti fue acidez
Quiero fumar un porro:(,POSITIVE,Marihuana,quiero fumar un porro:(
que ganas de fumar un porro que tengo,POSITIVE,Marihuana,que ganas de fumar un porro que tengo
"Ahora me entero que existe el Adobe xd, parece la versión light por si te has fumado un porro.",NEGATIVE,Marihuana,"ahora me entero que existe el adobe [IRONIA] , parece la versión light por si te has fumado un porro."
Esas sillas eran comodisimas para escabiar hasta las 6 de la mañana sin parar solamente un alto en la esquina para mear tomar una línea y seguir sentado.,POSITIVE,Cocaína,esas sillas eran comodisimas para escabiar hasta las 6 de la mañana sin parar solamente un alto en la esquina para mear tomar una línea y seguir sentado.
"Lana del rey me hace dar ganas de fumarme un porro, inyectarme heroina, inhalar merca y andar en otro mundo",NEGATIVE,Heroína,"lana del rey me hace dar ganas de fumarme un porro, inyectarme heroina, inhalar merca y andar en otro mundo"
💪💪💪Me imagino poder tomar una línea directa de Tucumán a Bariloche !,NEGATIVE,Cocaína,:bíceps_flexionado: :bíceps_flexionado: :bíceps_flexionado: me imagino poder tomar una línea directa de tucumán a bariloche !
@LuJaN_981 jaja si puede ser!! Imaginate las cosas que habra pedido el gordo!! Inodoro de oro! Plato para tomar merca de cristal jaja,NEGATIVE,Cocaína,@lujan_981 [IRONIA] si puede ser!! imaginate las cosas que habra pedido el gordo!! inodoro de oro! plato para tomar merca de cristal [IRONIA]
"Dean estaba en una salida de aquel estupendo centro fumándose un porro detrás de otro. Acojonado por lo que podría ocurrir. Dándole vueltas a qué pasaría si el de iba al carajo. Qué sería de sus hermanas, que sería de Juls, qué sería de sus hijos no-natos...

(Libre)",NEGATIVE,Marihuana,"dean estaba en una salida de aquel estupendo centro fumándose un porro detrás de otro. acojonado por lo que podría ocurrir. dándole vueltas a qué pasaría si el de iba al carajo. qué sería de sus hermanas, que sería de juls, qué sería de sus hijos no-natos... (libre)"
"Necesito fumarme un porro con el negro y tocar muchos temas que solo con el puedo hablar de manera rancia mal, que tipo malo es como lo amo. Te extraño @SanttiagoLeon",POSITIVE,Marihuana,"necesito fumarme un porro con el negro y tocar muchos temas que solo con el puedo hablar de manera rancia mal, que tipo malo es como lo amo. te extraño @santtiagoleon"
Cuando me den el diploma lo voy a enrollar y voy a tomarme una línea,POSITIVE,Cocaína,cuando me den el diploma lo voy a enrollar y voy a tomarme una línea
unas ganas d tomar falopa keta tussi inyectarme heroina empastarme no sé algo q me haga sentir alguna emoción porq esoty modo zombie emocionalmente,POSITIVE,Heroína,unas ganas d tomar falopa keta tussi inyectarme heroina empastarme no sé algo q me haga sentir alguna emoción porq esoty modo zombie emocionalmente
Voy inyectarme heroina y me quedare dormido boca arriba,POSITIVE,Heroína,voy inyectarme heroina y me quedare dormido boca arriba
esta para tomar una raya en esa raya?,POSITIVE,Cocaína,esta para tomar una raya en esa raya?
"Hoy necesito éxtasis, necesito estar ebria de locura, necesito reírme a carcajadas.",POSITIVE,Ecstasy,"hoy necesito éxtasis, necesito estar ebria de locura, necesito reírme a carcajadas."
Me la re subió que la gente me diga que estoy más flaco si supieran que es porque arranque a tomar merca,POSITIVE,Cocaína,me la re subió que la gente me diga que estoy más flaco si supieran que es porque arranque a tomar merca
Necesito éxtasis de felicidad.,NEGATIVE,Ecstasy,necesito éxtasis de felicidad.
me llego la tremenda necesidad de inyectarme heroina en forma de musica ... #chiaa,NEGATIVE,Heroína,me llego la tremenda necesidad de inyectarme heroina en forma de musica ... #chiaa
Cuando el man de la mesa del lado tose || Pero es porque se está fumando un porro.,NEGATIVE,Marihuana,cuando el man de la mesa del lado tose || pero es porque se está fumando un porro.
"Necesito éxtasis, y no hablo de la droga.",NEGATIVE,Ecstasy,"necesito éxtasis, y no hablo de la droga."
"Hoy me levante con ganas de tomar una línea, q horrible",POSITIVE,Cocaína,"hoy me levante con ganas de tomar una línea, q horrible"
"No les gusta terminar de comer y fumar un porro? O levantarse y fumar un porro? O antes de acostarse fumar un porro? O cuando salís de bañarte o cuando estás con tus amigos, o cuando cagas o cuando garchas
Toda la vida gira entorno al porro acaso?",POSITIVE,Marihuana,"no les gusta terminar de comer y fumar un porro? o levantarse y fumar un porro? o antes de acostarse fumar un porro? o cuando salís de bañarte o cuando estás con tus amigos, o cuando cagas o cuando garchas toda la vida gira entorno al porro acaso?"
invítenmen un porro u__u,POSITIVE,Marihuana,invítenmen un porro u__u
Está para tomar una línea y pasar la noche mirando el canal rural,POSITIVE,Cocaína,está para tomar una línea y pasar la noche mirando el canal rural
Venía re depre. Me fumé un porro y ahora estoy pasando por 3 estados y se los voy a mostrar con imágenes en perfecto orden,POSITIVE,Marihuana,venía re depre. me fumé un porro y ahora estoy pasando por 3 estados y se los voy a mostrar con imágenes en perfecto orden
Cuando encuentran un porro en Dunder Mifflin y Dwight se pone a investigar de uniforme es uno de mis momentos favoritos de The Office.,NEGATIVE,Marihuana,cuando encuentran un porro en dunder mifflin y dwight se pone a investigar de uniforme es uno de mis momentos favoritos de the office.
Me acabo de fumar un porro y nadie lo ha notado,POSITIVE,Marihuana,me acabo de fumar un porro y nadie lo ha notado
"¿Sabéis lo que harán los contrarios a la legalización de la Marihuana? Exacto, fumarse un porro.",NEGATIVE,Marihuana,"¿sabéis lo que harán los contrarios a la legalización de la marihuana? exacto, fumarse un porro."
Dios q sarna tik tok como pueden consumir eso prefiero inyectarme heroína en el ojo,NEGATIVE,Heroína,dios q sarna tik tok como pueden consumir eso prefiero inyectarme heroína en el ojo
"De #Purita no tiene nada, tiene una madre y abuela sin vacunar, y ella con 18 años se vacuno y yo me siento un #Porro hice una carrera en 6 años y esta chica estudio 2 carrera en harvard en 1 año",NEGATIVE,Marihuana,"de #purita no tiene nada, tiene una madre y abuela sin vacunar, y ella con 18 años se vacuno y yo me siento un #porro hice una carrera en 6 años y esta chica estudio 2 carrera en harvard en 1 año"
Si me acuesto tarde mis viejos flashean que me quedo despierta para inyectarme heroína tranquila,NEGATIVE,Heroína,si me acuesto tarde mis viejos flashean que me quedo despierta para inyectarme heroína tranquila
Cuando revisas tu mochila y encontras esto... tan tomada estoy que no recuerdo cuándo empecé a inyectarme heroína?,POSITIVE,Heroína,cuando revisas tu mochila y encontras esto... tan tomada estoy que no recuerdo cuándo empecé a inyectarme heroína?
"Cuando Messi empiece a tomar merca hablamos, pelotudos.",NEGATIVE,Cocaína,"cuando messi empiece a tomar merca hablamos, pelotudos."
#AntesDeMorirQuiero Inyectarme heroína,POSITIVE,Heroína,#antesdemorirquiero inyectarme heroína
mataría por un porro ahora,POSITIVE,Marihuana,mataría por un porro ahora
Estoy agotada porque me creo la tercera gemela de los de las reformas de Divinity y encima mi vecino está fumandose un porro gigante y nada tal que así estamos.,NEGATIVE,Marihuana,estoy agotada porque me creo la tercera gemela de los de las reformas de divinity y encima mi vecino está fumandose un porro gigante y nada tal que así estamos.
"Yoh vivía sonriendo, se quedaba horas colgado mirando el cielo y tenía los ojitos caídos porque se fumaba un porro en cada capítulo.",NEGATIVE,Marihuana,"yoh vivía sonriendo, se quedaba horas colgado mirando el cielo y tenía los ojitos caídos porque se fumaba un porro en cada capítulo."
necesito éxtasis,POSITIVE,Ecstasy,necesito éxtasis
"Aunque igual me gustaría inyectarme heroína, es como, mi fantasía sexual.",POSITIVE,Heroína,"aunque igual me gustaría inyectarme heroína, es como, mi fantasía sexual."
Había que tirarse al piso pa tomar una raya y así nació el worm dance,NEGATIVE,Cocaína,había que tirarse al piso pa tomar una raya y así nació el worm dance
Con el perdón de las damas. Hoy voy a tomar merca hasta por el culo,POSITIVE,Cocaína,con el perdón de las damas. hoy voy a tomar merca hasta por el culo
por un 2024 en el que dejen de tomar merca,NEGATIVE,Cocaína,por un 2024 en el que dejen de tomar merca
"Esto es muy importante.

No puedes tomar una línea de un decreto e interpretarla de forma diferente de forma arbitraria.",NEGATIVE,Cocaína,esto es muy importante. no puedes tomar una línea de un decreto e interpretarla de forma diferente de forma arbitraria.
ahora quieren normalizar tomar merca tambien,NEGATIVE,Cocaína,ahora quieren normalizar tomar merca tambien
aquí pueden verme en mi máxima expresión armando un porro rodeado de plantas de marihuana,POSITIVE,Marihuana,aquí pueden verme en mi máxima expresión armando un porro rodeado de plantas de marihuana
"El abogado se puede tomar una línea de merca si quiere, eso no afecta los sentidos del conductor del Vehículo que impactó sobre los Policías",NEGATIVE,Cocaína,"el abogado se puede tomar una línea de merca si quiere, eso no afecta los sentidos del conductor del vehículo que impactó sobre los policías"
"Soñé que me asaltaban nuevamente y para dejarme ir, me pedían inyectarme heroína 🤔.",NEGATIVE,Heroína,"soñé que me asaltaban nuevamente y para dejarme ir, me pedían inyectarme heroína :cara_pensativa: ."
"Ahhh hoy me preguntaron si mis ""Pinta balazo"" significa que me voy a tomar una línea 😂",NEGATIVE,Cocaína,"ahhh hoy me preguntaron si mis ""pinta balazo"" significa que me voy a tomar una línea :cara_llorando_de_risa:"
unas ganas de estar en La Plata fumandome un porro con mis amigos y viendo qué fiesta under hay este fin de semana o a cual cervecería caemos en happy hour,POSITIVE,Marihuana,unas ganas de estar en la plata fumandome un porro con mis amigos y viendo qué fiesta under hay este fin de semana o a cual cervecería caemos en happy hour
"Este señor empieza a asomar sus viles intenciones. No, no es chistoso. Y por cierto, para este tipo, dar un show mañanero donde denuesta, calumnia, divide, ataca y genera odio, es trabajar. Tenemos por presidente a un porro resentido que busca venganza.",NEGATIVE,Marihuana,"este señor empieza a asomar sus viles intenciones. no, no es chistoso. y por cierto, para este tipo, dar un show mañanero donde denuesta, calumnia, divide, ataca y genera odio, es trabajar. tenemos por presidente a un porro resentido que busca venganza."
"¿Cómo dicen que los grupos familiares no son entretenidos? La secuencia de lo ocurre con una imagen que envía una tía, lo que responde otra tía  y la forma en la que mi papá la manda a fumarse un porro y a que no haga comentarios xenófobos😂, no tiene precio.",NEGATIVE,Marihuana,"¿cómo dicen que los grupos familiares no son entretenidos? la secuencia de lo ocurre con una imagen que envía una tía, lo que responde otra tía y la forma en la que mi papá la manda a fumarse un porro y a que no haga comentarios xenófobos :cara_llorando_de_risa: , no tiene precio."
"Mientras todos estaís en casa, yo he esquivado a la policia y me he sentado a fumarme un porro mirando al mar. #QuedateEnCasa 

NO.",POSITIVE,Marihuana,"mientras todos estaís en casa, yo he esquivado a la policia y me he sentado a fumarme un porro mirando al mar. #quedateencasa no."
"Necesito éxtasis jiji es necesario para mí saltarme el aburrimiento, como en una mala canción adelantas a la mejor parte.",POSITIVE,Ecstasy,"necesito éxtasis jiji es necesario para mí saltarme el aburrimiento, como en una mala canción adelantas a la mejor parte."
Se va a tomar una linea!,NEGATIVE,Cocaína,se va a tomar una linea!
ya ni tomar merca en la mesada puedo,POSITIVE,Cocaína,ya ni tomar merca en la mesada puedo
Calamaro se queda con esa novia porque lo deja tomar merca.,NEGATIVE,Cocaína,calamaro se queda con esa novia porque lo deja tomar merca.
"El presidente López, nunca ocultó su odio y resentimiento al orden y las leyes de México , su comportamiento es el mismo, un porro incendiario y vengativo, malo y perverso, astuto para convencer a los pobres, necesitados e ignorantes y en ése paquete acomodó a los corruptos.",NEGATIVE,Marihuana,"el presidente lópez, nunca ocultó su odio y resentimiento al orden y las leyes de méxico , su comportamiento es el mismo, un porro incendiario y vengativo, malo y perverso, astuto para convencer a los pobres, necesitados e ignorantes y en ése paquete acomodó a los corruptos."
"Estoy fastidiado, he escuchado Pink Floyd toda la tarde, y la noche está tan aburrida que podría inyectarme heroína para poder sentir algo.",POSITIVE,Heroína,"estoy fastidiado, he escuchado pink floyd toda la tarde, y la noche está tan aburrida que podría inyectarme heroína para poder sentir algo."
"Alguien quiere venir a mi casa, fumar un porro y ver esta película...?",POSITIVE,Marihuana,"alguien quiere venir a mi casa, fumar un porro y ver esta película...?"
"No hay más, eres una usurpadora o usurpador, borrar un porro de una foto no la convierte en tuya. #SuplantaciónDeIdentidad @TwitterSeguro @TwitterEspana  https://",NEGATIVE,Marihuana,"no hay más, eres una usurpadora o usurpador, borrar un porro de una foto no la convierte en tuya. #suplantacióndeidentidad @twitterseguro @twitterespana"
"Sal afuera a vociferar eso! X) necesito ""Extasis"" pa' poder ver el Sol sin pestañeos! RTRTRT @MerCruz17: Ahora es q ta empesando  la noche!",POSITIVE,Ecstasy,"sal afuera a vociferar eso! x) necesito ""extasis"" pa' poder ver el sol sin pestañeos! rtrtrt @mercruz17: ahora es q ta empesando la noche!"
Que ganas de tomar una linea de merca apoyada en la chota parada de Messi,POSITIVE,Cocaína,que ganas de tomar una linea de merca apoyada en la chota parada de messi
Yo escuchando unos temitas después de haberme fumado un porro entero yo solo,POSITIVE,Marihuana,yo escuchando unos temitas después de haberme fumado un porro entero yo solo
Muero de ganas de tomar una linea,POSITIVE,Cocaína,muero de ganas de tomar una linea
"Ayer me fume un porro y me puse a freír mars. Como ya he dicho estaba fumado, improvisando y se me derretian en la mano. 

Look 3/10
Taste putacerda/10",POSITIVE,Marihuana,"ayer me fume un porro y me puse a freír mars. como ya he dicho estaba fumado, improvisando y se me derretian en la mano. look 3/10 taste putacerda/10"
"Entre que tengo el pelo corto, estoy despeinada y se me irritaron los ojos parezco que vengo de inyectarme heroína.",NEGATIVE,Heroína,"entre que tengo el pelo corto, estoy despeinada y se me irritaron los ojos parezco que vengo de inyectarme heroína."
hoy nos han preguntado unos chavales que si sabíamos de algún sitio donde hicieran cachimbas y luego ha venido otro pavo a pedirnos papel pa liarse un porro.... tú crees que esta chavala sacada de la casa de la padrera tiene pinta de fumar cachimba y porros amor💞💞???,NEGATIVE,Marihuana,hoy nos han preguntado unos chavales que si sabíamos de algún sitio donde hicieran cachimbas y luego ha venido otro pavo a pedirnos papel pa liarse un porro.... tú crees que esta chavala sacada de la casa de la padrera tiene pinta de fumar cachimba y porros amor :corazones_giratorios: :corazones_giratorios: ???
"Si Cerati en vez de tomar merca, fumaba faso, eso no le pasaba",NEGATIVE,Cocaína,"si cerati en vez de tomar merca, fumaba faso, eso no le pasaba"
Hay gente que no tiene verguenza de nada eh... Un cliente se me puso a tomar merca adelante mio,NEGATIVE,Cocaína,hay gente que no tiene verguenza de nada eh... un cliente se me puso a tomar merca adelante mio
Esto ya lo conte pero una chica una vez me dijo mirame la nena un segundo y paso a tomar merca a un baño,NEGATIVE,Cocaína,esto ya lo conte pero una chica una vez me dijo mirame la nena un segundo y paso a tomar merca a un baño
"Me fumé un porro y puse babasonicos, soy ella x la casa",POSITIVE,Marihuana,"me fumé un porro y puse babasonicos, soy ella x la casa"
Si hay algo que yo no podría hacer sería inyectarme heroina,NEGATIVE,Heroína,si hay algo que yo no podría hacer sería inyectarme heroina
Que ganas de inyectarme heroina y morirme de sobredosis toda vomitada,POSITIVE,Heroína,que ganas de inyectarme heroina y morirme de sobredosis toda vomitada
L-Gante armó y prendió un “porro” en medio de una entrevista  https://,NEGATIVE,Marihuana,l-gante armó y prendió un “porro” en medio de una entrevista
Necesito éxtasis mental.,NEGATIVE,Ecstasy,necesito éxtasis mental.
"Ya fue, me voy a tomar una línea *se sube al subte*",NEGATIVE,Cocaína,"ya fue, me voy a tomar una línea *se sube al subte*"
Me pregunto sí mi papá sabe que eso es un porro y no un cigarro...🤔,NEGATIVE,Marihuana,me pregunto sí mi papá sabe que eso es un porro y no un cigarro... :cara_pensativa:
"Necesito inyectarme heroina ya, o no voy a poder seguir trabajando.",POSITIVE,Heroína,"necesito inyectarme heroina ya, o no voy a poder seguir trabajando."
todas pensando que tenía un cuadernito y crayones para pintar y el flaco se está armando un porro JAJAJAJAJAJ,NEGATIVE,Marihuana,todas pensando que tenía un cuadernito y crayones para pintar y el flaco se está armando un porro jajajajajaj
Dormí una hora y pico de siesta y siento que dormí dos días seguidos ahora solo necesito tomarme una línea de keta,POSITIVE,Cocaína,dormí una hora y pico de siesta y siento que dormí dos días seguidos ahora solo necesito tomarme una línea de keta
Me voy a bañar y a tomar una linea de 3 metros de merca porque si no a la noche no existo,POSITIVE,Cocaína,me voy a bañar y a tomar una linea de 3 metros de merca porque si no a la noche no existo
Qe ganas de tomarme una Linea :3 Na mentira de tomar una Cervecita (:,NEGATIVE,Cocaína,qe ganas de tomarme una linea :3 na mentira de tomar una cervecita (:
quiero un porro,POSITIVE,Marihuana,quiero un porro
¿Es muy temprano para inyectarme heroína por cuarta vez esta mañana?,POSITIVE,Heroína,¿es muy temprano para inyectarme heroína por cuarta vez esta mañana?
Hablé de los quemados que por tomar una línea de merca en un baño público piensan que tienen todo claro y te explican cómo es la vida.,NEGATIVE,Cocaína,hablé de los quemados que por tomar una línea de merca en un baño público piensan que tienen todo claro y te explican cómo es la vida.
He soñado que Rayman venía a mi casa y se fumaba un porro en mi salón abro hilo,NEGATIVE,Marihuana,he soñado que rayman venía a mi casa y se fumaba un porro en mi salón abro hilo
Tomar una linea de merca es mas sano que laburar con cal,NEGATIVE,Cocaína,tomar una linea de merca es mas sano que laburar con cal
"¿Qué cosa hacíais en tu familia como lo más normal del mundo y no te diste cuenta de que era raro hasta que te lo dijo alguien? Tomar una linea de merca todos los lunes para arrancar la semana con todas las pilas, me parecía normal hasta que ví que mis amigos toman todos los días",POSITIVE,Cocaína,"¿qué cosa hacíais en tu familia como lo más normal del mundo y no te diste cuenta de que era raro hasta que te lo dijo alguien? tomar una linea de merca todos los lunes para arrancar la semana con todas las pilas, me parecía normal hasta que ví que mis amigos toman todos los días"
@Rorroou de hecho hasta mi vieja sabe qe siempre he qerido inyectarme heroina,POSITIVE,Heroína,@rorroou de hecho hasta mi vieja sabe qe siempre he qerido inyectarme heroina
Necesito que me apapachen y un porro,POSITIVE,Marihuana,necesito que me apapachen y un porro
"Cada vez más países, como Argentina, legalizan el consumo de cannabis para uso medicinal. Si la policía sorprende a alguien fumando un porro, ¿puede alegar que está investigando una nueva vía clínica experimental contra el coronavirus?#PreguntasParaUnaPandemia",NEGATIVE,Marihuana,"cada vez más países, como argentina, legalizan el consumo de cannabis para uso medicinal. si la policía sorprende a alguien fumando un porro, ¿puede alegar que está investigando una nueva vía clínica experimental contra el coronavirus?#preguntasparaunapandemia"
Lo mejor es terminar de tomar una linea y prender un cigarro ♥,POSITIVE,Cocaína,lo mejor es terminar de tomar una linea y prender un cigarro :palo_de_corazones:
Que ganas de inyectarme heroina,POSITIVE,Heroína,que ganas de inyectarme heroina
La hermana de una amiga le pregunto si me drogaba jajaja le voy a tomar una línea de merca en la frente,POSITIVE,Cocaína,la hermana de una amiga le pregunto si me drogaba [IRONIA] le voy a tomar una línea de merca en la frente
Gracias. Al final tuve que tomar una línea alternativa porque había demasiada gente en el andén de Alonso Martínez. Un saludo,NEGATIVE,Cocaína,gracias. al final tuve que tomar una línea alternativa porque había demasiada gente en el andén de alonso martínez. un saludo
"Eso no es discutible. Tiene razón, pero cuando se es un abogado de ese nivel, hay que tomar una linea, y jamás increpar públicamente a alguien que con certeza vas a terminar defendiendo.",NEGATIVE,Cocaína,"eso no es discutible. tiene razón, pero cuando se es un abogado de ese nivel, hay que tomar una linea, y jamás increpar públicamente a alguien que con certeza vas a terminar defendiendo."
"Estoy pensando seriamente en inyectarme cafe, o tomarme una linea para no dormirme. Me mata el sueñooo 😖",NEGATIVE,Cocaína,"estoy pensando seriamente en inyectarme cafe, o tomarme una linea para no dormirme. me mata el sueñooo :cara_de_frustración:"
la cantidad de sueños que tuve anoche pasé de que me caigan arañas en la cara a que me dieran un porro con cocaína,NEGATIVE,Marihuana,la cantidad de sueños que tuve anoche pasé de que me caigan arañas en la cara a que me dieran un porro con cocaína
Mi hermano se armo un porro enfrente mio,NEGATIVE,Marihuana,mi hermano se armo un porro enfrente mio
"La gente es profundamente retrasada. 

Comparar el horóscopo con el cristianismo...

En fin, que se puede esperar de un chaval que para estudiar tiene que fumarse un porro.",NEGATIVE,Marihuana,"la gente es profundamente retrasada. comparar el horóscopo con el cristianismo... en fin, que se puede esperar de un chaval que para estudiar tiene que fumarse un porro."
"No doy massss, me voy a tomar una linea de merca a ver si levanto un poco.",POSITIVE,Cocaína,"no doy massss, me voy a tomar una linea de merca a ver si levanto un poco."
“@RafaCarpinteyro: No sé si enamorarme o inyectarme heroína. La idea es hacer la mayor estupidez  posible.” ✋Chocalas,NEGATIVE,Heroína,“@rafacarpinteyro: no sé si enamorarme o inyectarme heroína. la idea es hacer la mayor estupidez posible.” :mano_levantada: chocalas
La delgada línea entre inyectarme heroína o la eutanasia.,POSITIVE,Heroína,la delgada línea entre inyectarme heroína o la eutanasia.
Vamos a tomar una línea al baño jajajaja,POSITIVE,Cocaína,vamos a tomar una línea al baño [IRONIA]
la mamá d mi mejor amiga sacó UN FRASCO DE FLORES y ahora estamos fumando un porro con ella,POSITIVE,Marihuana,la mamá d mi mejor amiga sacó un frasco de flores y ahora estamos fumando un porro con ella
Central me da ganas de inyectarme heroína y escuchar el tema todo el viaje,NEGATIVE,Heroína,central me da ganas de inyectarme heroína y escuchar el tema todo el viaje
"Dos juegos seguidos donde ha preferido no perder. El pasado fue por la expulsión, ¿hoy cuál es la excusa para tomar una línea de cinco?",NEGATIVE,Cocaína,"dos juegos seguidos donde ha preferido no perder. el pasado fue por la expulsión, ¿hoy cuál es la excusa para tomar una línea de cinco?"
"Sigo sin saber como fumar mota sin marearme. Ya intenté inyectarme heroína, e igual me sigo mareando",POSITIVE,Heroína,"sigo sin saber como fumar mota sin marearme. ya intenté inyectarme heroína, e igual me sigo mareando"
"Éxtasis, necesito éxtasis.",POSITIVE,Ecstasy,"éxtasis, necesito éxtasis."
"Vine a casa @Verola_ pa' tomar merca,asi se van los problemas.",POSITIVE,Cocaína,"vine a casa @verola_ pa' tomar merca,asi se van los problemas."
"Tomar una Línea de 🚇 que para en todas las estaciones, bajarse en una estación y transbordar a otra línea que para en todas las estaciones NUNCA es más rápido que tomar una línea expresa de BRT que pasa de una Troncal a otra sin hacer transbordo ni parar en todas las estaciones",NEGATIVE,Cocaína,"tomar una línea de :metro: que para en todas las estaciones, bajarse en una estación y transbordar a otra línea que para en todas las estaciones nunca es más rápido que tomar una línea expresa de brt que pasa de una troncal a otra sin hacer transbordo ni parar en todas las estaciones"
¿Para que necesito éxtasis si tengo música?,NEGATIVE,Ecstasy,¿para que necesito éxtasis si tengo música?
"El discurso de Mauricio lo escribio Duran Barba en mexico luego de darse 3 tequilazos 3 mezcalazos comer el gusanito y tomar una raya larga de merca, si no, no hay explicación de todo lo que esta diciendo",NEGATIVE,Cocaína,"el discurso de mauricio lo escribio duran barba en mexico luego de darse 3 tequilazos 3 mezcalazos comer el gusanito y tomar una raya larga de merca, si no, no hay explicación de todo lo que esta diciendo"
"Dijera la Carmen, somos tan hipócritas en este medio. Los mismos que se están quejando por el velorio de Larrañaga son los que en su momento fueron a aplaudir cuando se murio Vázquez, esos mismo son lo que se juntan 5, 6 y se pasan un porro después se preocupan por la pandemia 🤦🏻‍♂️",NEGATIVE,Marihuana,"dijera la carmen, somos tan hipócritas en este medio. los mismos que se están quejando por el velorio de larrañaga son los que en su momento fueron a aplaudir cuando se murio vázquez, esos mismo son lo que se juntan 5, 6 y se pasan un porro después se preocupan por la pandemia :hombre_con_la_mano_en_la_frente_tono_de_piel_claro:"
"Más de 18 millones de pesos ha gastado el @partidoverdemex@partidoverdemex en cuentas anónimas para promocionar a @Claudiashein@Claudiashein y @OHarfuch@OHarfuch. Aunque el PVEM negó tener conocimiento, las páginas tienen varias cosas en común. @ElSabuesoAP@ElSabuesoAP olfateó y esto fue lo que encontró. A la mejor soy yo, pero “purificar la vida pública” en alianza con el verde me suena como a inyectarme heroína para ser más saludable.",NEGATIVE,Heroína,"más de 18 millones de pesos ha gastado el @partidoverdemex@partidoverdemex en cuentas anónimas para promocionar a @claudiashein@claudiashein y @oharfuch@oharfuch. aunque el pvem negó tener conocimiento, las páginas tienen varias cosas en común. @elsabuesoap@elsabuesoap olfateó y esto fue lo que encontró. a la mejor soy yo, pero “purificar la vida pública” en alianza con el verde me suena como a inyectarme heroína para ser más saludable."
Me agarró el delirio de inyectarme heroína.,POSITIVE,Heroína,me agarró el delirio de inyectarme heroína.
Cuando escucho estas canciones de baroni me dan ganas de inyectarme heroina.,NEGATIVE,Heroína,cuando escucho estas canciones de baroni me dan ganas de inyectarme heroina.
"De ""Requiem for a dream"" aprendí a no inyectarme heroína en el brazo lastimado, sino en el otro.",NEGATIVE,Heroína,"de ""requiem for a dream"" aprendí a no inyectarme heroína en el brazo lastimado, sino en el otro."
"Me voy a tomar merca y whisky, adios",POSITIVE,Cocaína,"me voy a tomar merca y whisky, adios"
Un porro para el olvido ...,POSITIVE,Marihuana,un porro para el olvido ...
@Kitsu_ufo si... ¿cómo puedo inyectarme heroína sin que mis padres se den cuenta?,POSITIVE,Heroína,@kitsu_ufo si... ¿cómo puedo inyectarme heroína sin que mis padres se den cuenta?
quiero volver a inyectarme heroina,POSITIVE,Heroína,quiero volver a inyectarme heroina
no fumo un porro desde el domingo,POSITIVE,Marihuana,no fumo un porro desde el domingo
Quiero ser una estrella para tener una novia modelo y inyectarme heroina,POSITIVE,Heroína,quiero ser una estrella para tener una novia modelo y inyectarme heroina
"- Yo: Buenos días, ¿por qué vino al hospital?
- Paciente de 68 años: me rompí la cadera desde marzo pero no venía por la pandemia
- ¿Y cómo le hacía para aguantarse el dolor?
- Me tomaba paracetamol y ketorolaco pero como no me hacían efecto, me comencé a fumar un porro diario.",NEGATIVE,Marihuana,"- yo: buenos días, ¿por qué vino al hospital? - paciente de 68 años: me rompí la cadera desde marzo pero no venía por la pandemia - ¿y cómo le hacía para aguantarse el dolor? - me tomaba paracetamol y ketorolaco pero como no me hacían efecto, me comencé a fumar un porro diario."
"Le pregunté a @littlequeerdo en un vivo si le gustaba glee y mostro que se tatuó Loser en el brazo por la serie, empezó a cantar loser like me y se prendió un porro.",NEGATIVE,Marihuana,"le pregunté a @littlequeerdo en un vivo si le gustaba glee y mostro que se tatuó loser en el brazo por la serie, empezó a cantar loser like me y se prendió un porro."
"Milla Jovovich fumando un porro en la película de culto ""Movida del 76"" (1999).",NEGATIVE,Marihuana,"milla jovovich fumando un porro en la película de culto ""movida del 76"" (1999)."
contexto: me fumé un porro y me puse a ver videos sobre bombas atomicas,POSITIVE,Marihuana,contexto: me fumé un porro y me puse a ver videos sobre bombas atomicas
nueve de la mañana y hay alguien sumándose un porro mientras esperamos al tren,NEGATIVE,Marihuana,nueve de la mañana y hay alguien sumándose un porro mientras esperamos al tren
tengo tanta mala suerte q cuando empiezo a tomar una linea de colectivo q me dajaba frente a casa cambia de recorrido...,NEGATIVE,Cocaína,tengo tanta mala suerte q cuando empiezo a tomar una linea de colectivo q me dajaba frente a casa cambia de recorrido...
"""si queres vamos a fumar unas florcitas y tomar una raya"".. Me quiero ir, NECESITO irme",POSITIVE,Cocaína,"""si queres vamos a fumar unas florcitas y tomar una raya"".. me quiero ir, necesito irme"
Mi mamá me pidió que piense en mi futuro y abandone la marihuana. Me puse a pensar en mi futuro y me dieron ganas de inyectarme heroína.,NEGATIVE,Heroína,mi mamá me pidió que piense en mi futuro y abandone la marihuana. me puse a pensar en mi futuro y me dieron ganas de inyectarme heroína.
Me he tenido que fumar un porro para digerir esto,POSITIVE,Marihuana,me he tenido que fumar un porro para digerir esto
Vamos a juntarnos a tomar merca,POSITIVE,Cocaína,vamos a juntarnos a tomar merca
mi vieja me encontro un cateter en la mochila y me lo conto coMO SI FUERA UNA JERINGA PARA INYECTARME HEROINA,NEGATIVE,Heroína,mi vieja me encontro un cateter en la mochila y me lo conto como si fuera una jeringa para inyectarme heroina
Todos somos vírgenes de algo. Por ejemplo de inyectarme heroína.,NEGATIVE,Heroína,todos somos vírgenes de algo. por ejemplo de inyectarme heroína.
"Necesito Extasis, Anfetaminas, Yumbina, etc. para el sabado",POSITIVE,Ecstasy,"necesito extasis, anfetaminas, yumbina, etc. para el sabado"
Algo que tengo que hacer antes de morir es tomar una línea de merca de arriba de la nalga de mi novia,POSITIVE,Cocaína,algo que tengo que hacer antes de morir es tomar una línea de merca de arriba de la nalga de mi novia
Cómo cuando no sabes si Tomar una linea nada más o directamente agarrar la bolsa entera,POSITIVE,Cocaína,cómo cuando no sabes si tomar una linea nada más o directamente agarrar la bolsa entera
No necesito extàsis para prenderte.,NEGATIVE,Ecstasy,no necesito extàsis para prenderte.
"La vena de mi pie es re hinchada, podría inyectarme heroína y nadie lo notaría....... Ahre",NEGATIVE,Heroína,"la vena de mi pie es re hinchada, podría inyectarme heroína y nadie lo notaría....... [IRONIA]"
"yo ya no soporto más , NECESITO #extasis @dannapaola  de que … ya hoy por favor ❌❌❌❌❌❌❌",POSITIVE,Ecstasy,"yo ya no soporto más , necesito #extasis @dannapaola de que … ya hoy por favor :marca_de_cruz: :marca_de_cruz: :marca_de_cruz: :marca_de_cruz: :marca_de_cruz: :marca_de_cruz: :marca_de_cruz:"
Necesito una segunda para inyectarme heroína ahre,NEGATIVE,Heroína,necesito una segunda para inyectarme heroína [IRONIA]
"me estoy gozando un porro con esto d fondo, un vaso d leche y magdalenas y la estufa a mi vera",POSITIVE,Marihuana,"me estoy gozando un porro con esto d fondo, un vaso d leche y magdalenas y la estufa a mi vera"
Sin apologías ni nada pero me vengo portando re bien y a demás un porro y una grappa no se le niegan a nadie.,POSITIVE,Marihuana,sin apologías ni nada pero me vengo portando re bien y a demás un porro y una grappa no se le niegan a nadie.
Tengo ganas de un porro,POSITIVE,Marihuana,tengo ganas de un porro
A veces quiero cerrar los ojos y al abrirlos darme cuenta que ya tengo 65 años para picarme e inyectarme heroina o sea ya fueeeee,NEGATIVE,Heroína,a veces quiero cerrar los ojos y al abrirlos darme cuenta que ya tengo 65 años para picarme e inyectarme heroina o sea ya fueeeee
Dia 6 de cuarentena: make up pa sacar a los perros y fumarme un porro 🙄,POSITIVE,Marihuana,dia 6 de cuarentena: make up pa sacar a los perros y fumarme un porro :cara_con_ojos_en_blanco:
"Che contame te sentis capo por tomar merca? Digo, se lo decís a todo el mundo. Pobre gente que lastima me dan e",NEGATIVE,Cocaína,"che contame te sentis capo por tomar merca? digo, se lo decís a todo el mundo. pobre gente que lastima me dan e"
Primero un porro luego a estudiar 🍓,POSITIVE,Marihuana,primero un porro luego a estudiar :fresa:
@MorrisonA_ yo fui a tomarme una linea que no existe más jajajjajaajajaj,NEGATIVE,Cocaína,@morrisona_ yo fui a tomarme una linea que no existe más jajajjajaajajaj
no parece que sea un porro parece una bebida  entonces porque lo tapan dios necesito saberlo,NEGATIVE,Marihuana,no parece que sea un porro parece una bebida entonces porque lo tapan dios necesito saberlo
Voy a tomar una linea asi no duermo,POSITIVE,Cocaína,voy a tomar una linea asi no duermo
que ganas de tomar una linea mas gande que la mesa,POSITIVE,Cocaína,que ganas de tomar una linea mas gande que la mesa
prefiero meterme crack o inyectarme heroina que empezar a jugar animalitos necesitan rehab urgente amigos,NEGATIVE,Heroína,prefiero meterme crack o inyectarme heroina que empezar a jugar animalitos necesitan rehab urgente amigos
Ya después  de un porro y bailando esta rola en mi patio a estas horas,POSITIVE,Marihuana,ya después de un porro y bailando esta rola en mi patio a estas horas
Ta pa tomar una línea arriba del culo de un enano,POSITIVE,Cocaína,ta pa tomar una línea arriba del culo de un enano
Altas ganas de inyectarme heroína,POSITIVE,Heroína,altas ganas de inyectarme heroína
aveces no se si tengo ganas d inyectarme heroína u ozempic,POSITIVE,Heroína,aveces no se si tengo ganas d inyectarme heroína u ozempic
"A todas mis amigas les mostré la foto del que me gusta, todas me dijieron Florencia te va a robar , ese se da con todo , pero Macarena se llevó el premio diciéndome que iba a tomar una línea de merca de mis tetas 😂 JAJAJAJAJA las amo loco",NEGATIVE,Cocaína,"a todas mis amigas les mostré la foto del que me gusta, todas me dijieron florencia te va a robar , ese se da con todo , pero macarena se llevó el premio diciéndome que iba a tomar una línea de merca de mis tetas :cara_llorando_de_risa: [IRONIA] las amo loco"
Tengo Tanto Frío que voy a tomar una Raya de Ron..,NEGATIVE,Cocaína,tengo tanto frío que voy a tomar una raya de ron..
"Necesito éxtasis, te necesito a ti.",NEGATIVE,Ecstasy,"necesito éxtasis, te necesito a ti."
Si hay algo que nunca haría sería inyectarme heroína,NEGATIVE,Heroína,si hay algo que nunca haría sería inyectarme heroína
Como vas a tomar un speed a las 9 de la mañana hermano es más sano tomar una línea de merca en el piso de Constitución,NEGATIVE,Cocaína,como vas a tomar un speed a las 9 de la mañana hermano es más sano tomar una línea de merca en el piso de constitución
"recien habia un auto parado afuera de mi casa y cuando salimos con mi papá a ver quien era, habia estacionado para tomar merca, q lindo barrio",NEGATIVE,Cocaína,"recien habia un auto parado afuera de mi casa y cuando salimos con mi papá a ver quien era, habia estacionado para tomar merca, q lindo barrio"
"Suena a que voy a inyectarme heroína, ay. Obvio que no",NEGATIVE,Heroína,"suena a que voy a inyectarme heroína, ay. obvio que no"
ojos rojos y no me he fumado ni un porro,NEGATIVE,Marihuana,ojos rojos y no me he fumado ni un porro
Me quería tomar una línea,POSITIVE,Cocaína,me quería tomar una línea
El día que te puedas peinar y tomar una raya de tu propia pala veni a darme lecciones de vida rancio chupasangre,POSITIVE,Cocaína,el día que te puedas peinar y tomar una raya de tu propia pala veni a darme lecciones de vida rancio chupasangre
¿Tu eres como el fuego de morodo? esa cancion me da ganas de inyectarme heroina o//////// ¡JAJAJA!,NEGATIVE,Heroína,¿tu eres como el fuego de morodo? esa cancion me da ganas de inyectarme heroina o//////// ¡ [IRONIA] !
Donde están mis amiguis cuando me quiero fumar un porro y tomar una birra🤔,POSITIVE,Marihuana,donde están mis amiguis cuando me quiero fumar un porro y tomar una birra :cara_pensativa:
"Mis padres vivirían la llegada del hombre a la luna, pero yo voy a vivir el lanzamiento de un cohete tripulado de la mano de @elonmusk, el tío que se fuma un porro en un podcast o escribe en Twitter que las acciones de su empresa están caras. Chupaos esa babyboomers!",NEGATIVE,Marihuana,"mis padres vivirían la llegada del hombre a la luna, pero yo voy a vivir el lanzamiento de un cohete tripulado de la mano de @elonmusk, el tío que se fuma un porro en un podcast o escribe en twitter que las acciones de su empresa están caras. chupaos esa babyboomers!"
Estos pibitos deben tomar merca patean mas fuerte que yo y son infantiles :|,NEGATIVE,Cocaína,estos pibitos deben tomar merca patean mas fuerte que yo y son infantiles :|
"trabajo todo el día, como no voy a poder darme el lujo de tomar una raya",POSITIVE,Cocaína,"trabajo todo el día, como no voy a poder darme el lujo de tomar una raya"
Escogí una mala temporada para dejar de inyectarme heroína,POSITIVE,Heroína,escogí una mala temporada para dejar de inyectarme heroína
Estoy a punto de inyectarme heroína y lo primero que se te ocurre es preguntarme eso...,POSITIVE,Heroína,estoy a punto de inyectarme heroína y lo primero que se te ocurre es preguntarme eso...
Necesito éxtasis.,POSITIVE,Ecstasy,necesito éxtasis.
"Si van a tomar una linea de crédito para su pyme o hipotecario hágalo ya, todavía se pueden alcanzar tasas bajas. (Del 2016) 👈",NEGATIVE,Cocaína,"si van a tomar una linea de crédito para su pyme o hipotecario hágalo ya, todavía se pueden alcanzar tasas bajas. (del 2016) :dorso_de_mano_con_índice_a_la_izquierda:"
"Paró a fumarse un porro, arrancó marcha atrás y cayó a un barranco https://-un-porro-arranco-marcha-atras-y-cayo-a-un-barranco/…",NEGATIVE,Marihuana,"paró a fumarse un porro, arrancó marcha atrás y cayó a un barranco"
"El MC brasileño Marcelo D2 (@Marcelodedois), pionero en la samba-rap, cumple hoy 53 años. Su apodo D2 es el acrónimo de ""de dois"" (dale dos), jerga brasileña que significa dar dos fumadas a un porro de marihuana. Mira esto y todos tus problemas se irán https://",NEGATIVE,Marihuana,"el mc brasileño marcelo d2 (@marcelodedois), pionero en la samba-rap, cumple hoy 53 años. su apodo d2 es el acrónimo de ""de dois"" (dale dos), jerga brasileña que significa dar dos fumadas a un porro de marihuana. mira esto y todos tus problemas se irán"
No sé si Inyéctarme heroína o enamorarme. El chiste es terminar pendejo.,NEGATIVE,Heroína,no sé si inyéctarme heroína o enamorarme. el chiste es terminar pendejo.
¿Amor? JAJAJAJAJAJAJAJAJA prefiero inyectarme heroína.,NEGATIVE,Heroína,¿amor? [IRONIA] prefiero inyectarme heroína.
Hace tanto calor que no veo la hora de llegar a casa y meterme a la bañera. A tomar merca.,POSITIVE,Cocaína,hace tanto calor que no veo la hora de llegar a casa y meterme a la bañera. a tomar merca.
No se puede estudiaaarr asi. Nonono. Me voy a tomar una linea asi qedo falopiado hasta manana,POSITIVE,Cocaína,no se puede estudiaaarr asi. nonono. me voy a tomar una linea asi qedo falopiado hasta manana
Anoche me invitaron a tomar una línea y estaba re zarpado,POSITIVE,Cocaína,anoche me invitaron a tomar una línea y estaba re zarpado
Al pibe le das de tomar una linea de merca y no te duerme una semana capaz jajajajaja,NEGATIVE,Cocaína,al pibe le das de tomar una linea de merca y no te duerme una semana capaz [IRONIA]
Estoy enojado porque no pude cortarme el cabello y feliz porque me estoy fumando un porro.,POSITIVE,Marihuana,estoy enojado porque no pude cortarme el cabello y feliz porque me estoy fumando un porro.
"JAJAJA necesito extasis de esto 🙏 aunque tenga que cocinar y limpiar, no importa nada si es con ustedes! ❤️",NEGATIVE,Ecstasy,"[IRONIA] necesito extasis de esto :manos_en_oración: aunque tenga que cocinar y limpiar, no importa nada si es con ustedes! :corazón_rojo:"
Diputados franceses recomiendan al Gobierno la regulación del cannabis. Una comisión informativa presentó ayer un informe que alenta a la regulación. Un día antes un diputado subió al estrado del parlamento con un porro. ➜https://,NEGATIVE,Marihuana,diputados franceses recomiendan al gobierno la regulación del cannabis. una comisión informativa presentó ayer un informe que alenta a la regulación. un día antes un diputado subió al estrado del parlamento con un porro. ➜
No enfoca una polla y media pero me ha invitado mi padre a un porro de kilo con la condición de que fume pero que no me vea. Me quedo aquí a vivir ya nos veremos,POSITIVE,Marihuana,no enfoca una polla y media pero me ha invitado mi padre a un porro de kilo con la condición de que fume pero que no me vea. me quedo aquí a vivir ya nos veremos
"No necesito Éxtasis,Te tengo a ti,Tu me llevas a la Éxtasis. ❤󾌧❤󾌧❤",NEGATIVE,Ecstasy,"no necesito éxtasis,te tengo a ti,tu me llevas a la éxtasis. :corazón_rojo: 󾌧 :corazón_rojo: 󾌧 :corazón_rojo:"
y cuando escucho lust for life de iggy pop me dan ganas de inyectarme heroína en el metro,NEGATIVE,Heroína,y cuando escucho lust for life de iggy pop me dan ganas de inyectarme heroína en el metro
"@alinesalazar: Oooh, yo no estaba criticando ni nada. Yo igual estoy contenta porque acabo de inyectarme heroína. Bueno no.",NEGATIVE,Heroína,"@alinesalazar: oooh, yo no estaba criticando ni nada. yo igual estoy contenta porque acabo de inyectarme heroína. [IRONIA] ."
Na mas sabroso que bailar un porro,NEGATIVE,Marihuana,na mas sabroso que bailar un porro
tengo dolor d cabeza y tengo q tomar merca alguien quiere mi lugar,POSITIVE,Cocaína,tengo dolor d cabeza y tengo q tomar merca alguien quiere mi lugar
Ya solo me fumo un porro al día,POSITIVE,Marihuana,ya solo me fumo un porro al día
"he aprendido que para alucinar no necesito éxtasis, necesito estar enamorada sola.",NEGATIVE,Ecstasy,"he aprendido que para alucinar no necesito éxtasis, necesito estar enamorada sola."
"quiero inyectarme heroína y ser feliz químicamente, pero feliz.",POSITIVE,Heroína,"quiero inyectarme heroína y ser feliz químicamente, pero feliz."
"me fume un porro mientras escuchaba tan bionica, me dio una crisis existencial y ahora estoy asi",POSITIVE,Marihuana,"me fume un porro mientras escuchaba tan bionica, me dio una crisis existencial y ahora estoy asi"
@CesarMoz de tomar una linea paralela asociada a la electrónica que permitía hacer simples y elegantes discos.,NEGATIVE,Cocaína,@cesarmoz de tomar una linea paralela asociada a la electrónica que permitía hacer simples y elegantes discos.
"Y es difícil, pero conozco a unos pares que estuvieron en rehabilitación y ni ahí t van a tomar una linea.",NEGATIVE,Cocaína,"y es difícil, pero conozco a unos pares que estuvieron en rehabilitación y ni ahí t van a tomar una linea."
"Feliz cumpleaños al que es definitivamente el mejor de todos.💖 y de presumirlo no me canso. ""Fumese un cigarro, tírese un porro, pero sea feliz y mantenga la frente en alto"" larga vida a mi viejo tan bello",NEGATIVE,Marihuana,"feliz cumpleaños al que es definitivamente el mejor de todos. :corazón_brillante: y de presumirlo no me canso. ""fumese un cigarro, tírese un porro, pero sea feliz y mantenga la frente en alto"" larga vida a mi viejo tan bello"
nos vemos me voy a tomar una linea,POSITIVE,Cocaína,nos vemos me voy a tomar una linea
"Chiques, la señora que ayuda en casa le pidió a mi mamá un cigarrillo y le dio un porro mío pensando que era un tabaco armado 🌝",NEGATIVE,Marihuana,"chiques, la señora que ayuda en casa le pidió a mi mamá un cigarrillo y le dio un porro mío pensando que era un tabaco armado :luna_llena_con_cara:"
Encontré el lugar perfecto para inyectarme heroína. http://,POSITIVE,Heroína,encontré el lugar perfecto para inyectarme heroína.
voy a tomar una linea de tren distinta para volver a capital porque la neurociencia lo aconseja como ejercicio.,NEGATIVE,Cocaína,voy a tomar una linea de tren distinta para volver a capital porque la neurociencia lo aconseja como ejercicio.
Me fumé un porro de m*ta ya bien pasado que encontré en una chamarra y aún así si me pego,POSITIVE,Marihuana,me fumé un porro de m*ta ya bien pasado que encontré en una chamarra y aún así si me pego
"Me acabo de encontrar un porro envuelto en papel aluminio (!) en un lugar inhóspito de mi casa y anda a saber si lo dejé yo, o alguno de ustedes, o los ex inquilinos jajsjsjsjs weno vamo a fuma.",POSITIVE,Marihuana,"me acabo de encontrar un porro envuelto en papel aluminio (!) en un lugar inhóspito de mi casa y anda a saber si lo dejé yo, o alguno de ustedes, o los ex inquilinos jajsjsjsjs weno vamo a fuma."
Me voy a tomar una raya de tequila por cada recuerdo tuyo para ver si así no se me desangra el alma,NEGATIVE,Cocaína,me voy a tomar una raya de tequila por cada recuerdo tuyo para ver si así no se me desangra el alma
Que ganas de tomar una línea de merca de la chota de un negro,POSITIVE,Cocaína,que ganas de tomar una línea de merca de la chota de un negro
"—Mamá, he decidido inyectarme heroína, fumar mota y entrarle al perico. 
—Que bueno hijo, a ver si así ya dejas el twitter.",NEGATIVE,Heroína,"—mamá, he decidido inyectarme heroína, fumar mota y entrarle al perico. —que bueno hijo, a ver si así ya dejas el twitter."
en este momento me fumaría un porro para bajar mil cambios si tan sólo no me pegara como el remil orto,POSITIVE,Marihuana,en este momento me fumaría un porro para bajar mil cambios si tan sólo no me pegara como el remil orto
"Tomar una linea de bus en particular me trae recuerdos bonitos. Me recuerda a mi abuelito , lo extraño un montón.",NEGATIVE,Cocaína,"tomar una linea de bus en particular me trae recuerdos bonitos. me recuerda a mi abuelito , lo extraño un montón."
"Me: *se retuerse en la cama del dolor de estómago*.

Me tóxica: *piensa ""mientras más me duela menos comeré"" y se levanta a tomar una línea*.",POSITIVE,Cocaína,"me: *se retuerse en la cama del dolor de estómago*. me tóxica: *piensa ""mientras más me duela menos comeré"" y se levanta a tomar una línea*."
A los 20 años me metía a tomar merca en aulas vacías y grababa como aspiraba con un grabador que había comprado para grabar las clases.,POSITIVE,Cocaína,a los 20 años me metía a tomar merca en aulas vacías y grababa como aspiraba con un grabador que había comprado para grabar las clases.
al frente de mi casa un tipo se pelea con otro en el auto porque uno quiere tomar merca y el otro no lo deja,NEGATIVE,Cocaína,al frente de mi casa un tipo se pelea con otro en el auto porque uno quiere tomar merca y el otro no lo deja
Denunciado en Valladolid cuando fumaba un porro en un parque y llevaba una navaja de grandes dimensiones https://0FA-063A-4DF5-A51B0845654985EC/202006/denunciado-cuando-fumaba-un-porro-en-un-parque?utm_source=dlvr.it&utm_medium=twitter…,NEGATIVE,Marihuana,denunciado en valladolid cuando fumaba un porro en un parque y llevaba una navaja de grandes dimensiones
a tomar una linea,POSITIVE,Cocaína,a tomar una linea
"voy a inyectarme heroina me suena, voy a meterme orina en el cuerpo",NEGATIVE,Heroína,"voy a inyectarme heroina me suena, voy a meterme orina en el cuerpo"
Día 4 de contractura fuerte en el cuello. La idea de inyectarme heroína cada vez suena menos descabellada.,NEGATIVE,Heroína,día 4 de contractura fuerte en el cuello. la idea de inyectarme heroína cada vez suena menos descabellada.
Ocho de la mañana y ya quiero inyectarme heroína,POSITIVE,Heroína,ocho de la mañana y ya quiero inyectarme heroína
El reguee me pone demasiado relajao que pareciera que acabara de inyectarme heroína,NEGATIVE,Heroína,el reguee me pone demasiado relajao que pareciera que acabara de inyectarme heroína
necesito un porro.,POSITIVE,Marihuana,necesito un porro.
"Extraño tanto ir a conciertos :(((, necesito éxtasis de música en vivoooo!!!",NEGATIVE,Ecstasy,"extraño tanto ir a conciertos :(((, necesito éxtasis de música en vivoooo!!!"
Lo malo es que soy muy pobre como para poder inyectarme heroína.,POSITIVE,Heroína,lo malo es que soy muy pobre como para poder inyectarme heroína.
"Ayer haciendo videollamada con mis amigas una se prendió un porro, siguió hablando con nosotras hasta que de la nada SE DURMIÓ y estuvo COMO 5 MINUTOS DORMIDA TODAVÍA EN LA VIDEOLLAMADA y cuando se despertó no entendía nada jkajajaja así taba",NEGATIVE,Marihuana,"ayer haciendo videollamada con mis amigas una se prendió un porro, siguió hablando con nosotras hasta que de la nada se durmió y estuvo como 5 minutos dormida todavía en la videollamada y cuando se despertó no entendía nada jkajajaja así taba"
"Extraño fumar mariguana, oler cocaína e inyectarme heroína :(",POSITIVE,Heroína,"extraño fumar mariguana, oler cocaína e inyectarme heroína :("
"Necesito éxtasis para mi cerebro, para ser más inteligente, así dicen.",NEGATIVE,Ecstasy,"necesito éxtasis para mi cerebro, para ser más inteligente, así dicen."
Acá fumandome un porro igual de grande de las ganas ke te tengo vv,POSITIVE,Marihuana,acá fumandome un porro igual de grande de las ganas ke te tengo vv
El spot publicitario de ARGEN y TINA hace que me den ganas de inyectarme heroína en la pupila del ojo derecho.,NEGATIVE,Heroína,el spot publicitario de argen y tina hace que me den ganas de inyectarme heroína en la pupila del ojo derecho.
"Ya escuche mucho Sex Pistols, Ya hasta ganas de inyectarme heroína me dieron :( jajajajaj no es cierto",NEGATIVE,Heroína,"ya escuche mucho sex pistols, ya hasta ganas de inyectarme heroína me dieron :( jajajajaj no es cierto"
"Muerde a un guardia civil que le recriminó que iba sin mascarilla por la calle y fumando un porro.

 También agredió a otro agente, al que le luxó los dedos de una mano. En la detención colaboró un policía local de Tauste que estaba fuera de servicio.",NEGATIVE,Marihuana,"muerde a un guardia civil que le recriminó que iba sin mascarilla por la calle y fumando un porro. también agredió a otro agente, al que le luxó los dedos de una mano. en la detención colaboró un policía local de tauste que estaba fuera de servicio."
Mira Linda Vanessa cómo te explico que la gente publica en sus redes lo que le da la puta gana. Si es mi puto Twitter podría escribir que me gusta inyectarme heroína 8 veces al día si quisiera. Besos.,NEGATIVE,Heroína,mira linda vanessa cómo te explico que la gente publica en sus redes lo que le da la puta gana. si es mi puto twitter podría escribir que me gusta inyectarme heroína 8 veces al día si quisiera. besos.
a tomar una línea fuerte y consistente contra estos crímenes. Esta es la manera de proteger los intereses del consumidor Dominicano,NEGATIVE,Cocaína,a tomar una línea fuerte y consistente contra estos crímenes. esta es la manera de proteger los intereses del consumidor dominicano
me arme un porro y lo perdi,POSITIVE,Marihuana,me arme un porro y lo perdi
La verdad que trabajar todo el día si o si tenés que tomar una línea de Cole 169 ex 175 sin aire todo sucio oloroso y además con una música pedorra es un castigo desastre,NEGATIVE,Cocaína,la verdad que trabajar todo el día si o si tenés que tomar una línea de cole 169 ex 175 sin aire todo sucio oloroso y además con una música pedorra es un castigo desastre
"#LaNocheEsPara tomar merca, merluza, ricarda",POSITIVE,Cocaína,"#lanocheespara tomar merca, merluza, ricarda"
"Baby, solo dime que sí, baby solo dime que siiii. Tú eres mi droga, no necesito éxtasis…. Porque tú eres duro como Rocky y yo tierna como un cojín ✨ 🎶",NEGATIVE,Ecstasy,"baby, solo dime que sí, baby solo dime que siiii. tú eres mi droga, no necesito éxtasis…. porque tú eres duro como rocky y yo tierna como un cojín :chispas: :notas_musicales:"
Hacer el amor con ella era mejor que inyectarme heroína.,NEGATIVE,Heroína,hacer el amor con ella era mejor que inyectarme heroína.
Unas ganas de tomar una línea con kiwi de fondo. Busco gente interesada,POSITIVE,Cocaína,unas ganas de tomar una línea con kiwi de fondo. busco gente interesada
"Hace 16 años me fumaba un porro en la plaza de la vuelta de mi casa. Hoy también, pero ya no vivo por acá. Qué tiempos, no?",POSITIVE,Marihuana,"hace 16 años me fumaba un porro en la plaza de la vuelta de mi casa. hoy también, pero ya no vivo por acá. qué tiempos, no?"
"Hoy la directora dijo textualmente ""... bueno chicos, decidanse porque yo tengo que tomar una línea"", hasta Nora es alta falopera",NEGATIVE,Cocaína,"hoy la directora dijo textualmente ""... bueno chicos, decidanse porque yo tengo que tomar una línea"", hasta nora es alta falopera"
Dormí 11 horas. Me levanté con ganas de inyectarme heroína y hacerme mierda pero bien mierda a la nocheeeee,POSITIVE,Heroína,dormí 11 horas. me levanté con ganas de inyectarme heroína y hacerme mierda pero bien mierda a la nocheeeee
Tengo Unas Ganas De Inyectarme Heroína :D,POSITIVE,Heroína,tengo unas ganas de inyectarme heroína :d
habrá que tomar una linea para entonar este viernes,POSITIVE,Cocaína,habrá que tomar una linea para entonar este viernes
"No creía en el horóscopo, hasta que descubrí que soy del mismo signo de Stalin, y ahora se que es el destino.
SOY DEL MISMO SIGNO DE STALIN. Me voy a volver re progre, inyectarme heroína en la UBA y bailar por las que no están.",NEGATIVE,Heroína,"no creía en el horóscopo, hasta que descubrí que soy del mismo signo de stalin, y ahora se que es el destino. soy del mismo signo de stalin. me voy a volver re progre, inyectarme heroína en la uba y bailar por las que no están."
Sosa Azpurua ... Es raro pienso q a lo mejor se fumo un porro antes del twett,NEGATIVE,Marihuana,sosa azpurua ... es raro pienso q a lo mejor se fumo un porro antes del twett
una vez que ves a Zayn Malik fumar un porro es imposible que alguien más sea lindo fumando uno,NEGATIVE,Marihuana,una vez que ves a zayn malik fumar un porro es imposible que alguien más sea lindo fumando uno
Necesitaría tomarme una línea,POSITIVE,Cocaína,necesitaría tomarme una línea
apenas me levanté me fumé un porro y me tomé un vaso de coca ah y sigo sin comer. después me pregunto “por qué será q me baja la presión?” y mis defensas tipo:,POSITIVE,Marihuana,apenas me levanté me fumé un porro y me tomé un vaso de coca ah y sigo sin comer. después me pregunto “por qué será q me baja la presión?” y mis defensas tipo:
"SE PONE LOCO COMO YO CUANDO NO ME PUEDO TOMAR UNA LINEA APENAS DESPIERTO JA JA 
BESOS",POSITIVE,Cocaína,se pone loco como yo cuando no me puedo tomar una linea apenas despierto ja ja besos
Necesito fumar un porro. Cualquiera el tuyo.,POSITIVE,Marihuana,necesito fumar un porro. cualquiera el tuyo.
@FilosoWeed no puedo dejar de inyectarme heroína.,POSITIVE,Heroína,@filosoweed no puedo dejar de inyectarme heroína.
El demonio de mi cuarto viendo como me bajo una botella de champagne y me fumo un porro mientras le hablo a la cámara del celu,POSITIVE,Marihuana,el demonio de mi cuarto viendo como me bajo una botella de champagne y me fumo un porro mientras le hablo a la cámara del celu
me fumé un porro y terminé comprando un vestido de mas de dos lucas con plata QUE NO TENGO,POSITIVE,Marihuana,me fumé un porro y terminé comprando un vestido de mas de dos lucas con plata que no tengo
Que ganas de irme al río a inyectarme heroina y escuchar smiths,POSITIVE,Heroína,que ganas de irme al río a inyectarme heroina y escuchar smiths
"💣 Murray Harkin, socio de Sophie, le ofreció fiestas sexuales con ""jóvenes británicos y asiáticos"" al jeque. También contó que le gustaba tomar una ""raya de cocaina"" de vez en cuando.",NEGATIVE,Cocaína,":bomba: murray harkin, socio de sophie, le ofreció fiestas sexuales con ""jóvenes británicos y asiáticos"" al jeque. también contó que le gustaba tomar una ""raya de cocaina"" de vez en cuando."
Quiero inyectarme heroina y olvdarme por un rato.,POSITIVE,Heroína,quiero inyectarme heroina y olvdarme por un rato.
Tengo todos pinchados los brazos. Le estoy haciendo creer a la gente que me pintó inyectarme heroína.,NEGATIVE,Heroína,tengo todos pinchados los brazos. le estoy haciendo creer a la gente que me pintó inyectarme heroína.
que ganas de tomar merca,POSITIVE,Cocaína,que ganas de tomar merca
"""Tomar una línea de fósiles y afirmar que ello representa un linaje no es una hipótesis científica que puede ser testeada, más bien parece una aserción que válida un cuento nocturno inspirador para dormir."" (Henry Gee)",NEGATIVE,Cocaína,"""tomar una línea de fósiles y afirmar que ello representa un linaje no es una hipótesis científica que puede ser testeada, más bien parece una aserción que válida un cuento nocturno inspirador para dormir."" (henry gee)"
una conocida dijo en una historia ser anti vacunas orgullosamente porq no sabe lo q tienen y re q todos los fines de semana se fuma un porro rebajado con bosta de caballo aaaa,NEGATIVE,Marihuana,una conocida dijo en una historia ser anti vacunas orgullosamente porq no sabe lo q tienen y re q todos los fines de semana se fuma un porro rebajado con bosta de caballo aaaa
Ya es la ultima vez que vuelvo a inyectarme heroína. :(,POSITIVE,Heroína,ya es la ultima vez que vuelvo a inyectarme heroína. :(
me voy a tomar una linea,POSITIVE,Cocaína,me voy a tomar una linea
"Me fume un porro sola, estoy de la paliducha, todos los dias asi serán JAJAJAJ llorando",POSITIVE,Marihuana,"me fume un porro sola, estoy de la paliducha, todos los dias asi serán jajajaj llorando"
Alguien más ha visto lo que yo he visto? Parece que se está fumando un porro enorme 😂😂😂😂😂,NEGATIVE,Marihuana,alguien más ha visto lo que yo he visto? parece que se está fumando un porro enorme :cara_llorando_de_risa: :cara_llorando_de_risa: :cara_llorando_de_risa: :cara_llorando_de_risa: :cara_llorando_de_risa:
"Soy un zombie, no se como me voy a despertar para ir a trabajar. Necesito éxtasis(? ah",NEGATIVE,Ecstasy,"soy un zombie, no se como me voy a despertar para ir a trabajar. necesito éxtasis [IRONIA] ah"
Mis compañeros salieron a tomar una linea de merca y yo estaba comiendo una tortita atte EL CUYANITO,NEGATIVE,Cocaína,mis compañeros salieron a tomar una linea de merca y yo estaba comiendo una tortita atte el cuyanito
5 de la mañana buen momento para inyectarme heroina esnifar una raya de cocaina y morirme por un desequilibrio quimico 😎,POSITIVE,Heroína,5 de la mañana buen momento para inyectarme heroina esnifar una raya de cocaina y morirme por un desequilibrio quimico :cara_sonriendo_con_gafas_de_sol:
Quiero inyectarme heroína...,POSITIVE,Heroína,quiero inyectarme heroína...
"@entel_ayuda no se qué pasa con la señal de ustedes llevo más de una semana con el internet muy lento y no hay mejoras, ahora que estoy fuera de Santiago peor, me tengo que subir al cerro para tomar una línea de cobertura y el 4G parece que no existe.",NEGATIVE,Cocaína,"@entel_ayuda no se qué pasa con la señal de ustedes llevo más de una semana con el internet muy lento y no hay mejoras, ahora que estoy fuera de santiago peor, me tengo que subir al cerro para tomar una línea de cobertura y el 4g parece que no existe."
¿Cómo le dices a alguien con esa cara de arrecho que se fuma el cigarro como si fuera un porro y luego escupe que no se recueste del carro?,NEGATIVE,Marihuana,¿cómo le dices a alguien con esa cara de arrecho que se fuma el cigarro como si fuera un porro y luego escupe que no se recueste del carro?
Inyectarme heroína y despertar hasta el miércoles.,POSITIVE,Heroína,inyectarme heroína y despertar hasta el miércoles.
"mi sobrinita esta viendo dibujitos y mi vieja acota ""se fumaron un porro esas hormigas""",NEGATIVE,Marihuana,"mi sobrinita esta viendo dibujitos y mi vieja acota ""se fumaron un porro esas hormigas"""
"Estoy viendo Los Miserables (la del año pasado, no ninguna adaptación de Victor Hugo), un policía recoge un porro del suelo que acaba de tirar una chavala y le da una calada para demostrar que ha visto que sigue encendido.
Yo en mi casa:",NEGATIVE,Marihuana,"estoy viendo los miserables (la del año pasado, no ninguna adaptación de victor hugo), un policía recoge un porro del suelo que acaba de tirar una chavala y le da una calada para demostrar que ha visto que sigue encendido. yo en mi casa:"
necesito éxtasis AHORA!,POSITIVE,Ecstasy,necesito éxtasis ahora!
Recen para que me alcanze a hacer un porro con los restos de mota que tengo,POSITIVE,Marihuana,recen para que me alcanze a hacer un porro con los restos de mota que tengo
"con carácter de urgencia necesito agujas para inyectarme heroína, gracias de antemano.",POSITIVE,Heroína,"con carácter de urgencia necesito agujas para inyectarme heroína, gracias de antemano."
Tanta gente queriendo inyectarse una dosis de amor y yo queriendo inyectarme heroina :(,POSITIVE,Heroína,tanta gente queriendo inyectarse una dosis de amor y yo queriendo inyectarme heroina :(
"2 años , el desastre en todos los aspectos , salud , economia , seguridad .
México en manos de un porro resentido .
Voto util 2021!  https://",NEGATIVE,Marihuana,"2 años , el desastre en todos los aspectos , salud , economia , seguridad . méxico en manos de un porro resentido . voto util 2021!"
"Para un trabajo de ELE he tenido que hacer 19 dibujos y el último era una manifestación con mucha gente y me ha dado mucha peresa así que le he dicho a mi madre que haga personas palito.

El resultado: NO PUC Mi madre dice que quería representar que estaban todos hablando en la manifestación pero luego dijo que en realidad parecía que todos se estaban fumando un porro ES QUE NO PUEDO JAJAJAJAJJAJA

Asi se queda profe",NEGATIVE,Marihuana,para un trabajo de ele he tenido que hacer 19 dibujos y el último era una manifestación con mucha gente y me ha dado mucha peresa así que le he dicho a mi madre que haga personas palito. el resultado: no puc mi madre dice que quería representar que estaban todos hablando en la manifestación pero luego dijo que en realidad parecía que todos se estaban fumando un porro es que no puedo [IRONIA] asi se queda profe
Tengo un porro y lo guardé para fumarlo con ella.,POSITIVE,Marihuana,tengo un porro y lo guardé para fumarlo con ella.
que hacemos hoy ? Vamos a tomar una línea,POSITIVE,Cocaína,que hacemos hoy ? vamos a tomar una línea
"Hay tantas cosas mal en esta foto. 

Un exfutbolista del America que quebró a Cuernavaca es gobernador del estado menos productivo del país. Un porro, es el presidente en turno, llevando al país a la peor crisis.

¿Este es el reflejo de lo que el pueblo ambiciona? 
Terrible.",NEGATIVE,Marihuana,"hay tantas cosas mal en esta foto. un exfutbolista del america que quebró a cuernavaca es gobernador del estado menos productivo del país. un porro, es el presidente en turno, llevando al país a la peor crisis. ¿este es el reflejo de lo que el pueblo ambiciona? terrible."
@GabiMierez si vos sabes que me saque el arito para tomar una linea chau.,POSITIVE,Cocaína,@gabimierez si vos sabes que me saque el arito para tomar una linea chau.
"La verdad es que si estaría bueno que definas un poco tomar una línea... Por que la verdad cualquiera que te quiera seguir en tus trabajos,¿para donde corre? Eso es definirse. Bah,una forma. Tómalo como ¿constructivo? .  Abrazo para vos. Saludos desde Baires .✌✌✌✌",NEGATIVE,Cocaína,"la verdad es que si estaría bueno que definas un poco tomar una línea... por que la verdad cualquiera que te quiera seguir en tus trabajos,¿para donde corre? eso es definirse. bah,una forma. tómalo como ¿constructivo? . abrazo para vos. saludos desde baires . :mano_con_señal_de_victoria: :mano_con_señal_de_victoria: :mano_con_señal_de_victoria: :mano_con_señal_de_victoria:"
el taxista nos acaba de pedir que prendamos un porro y hagamos cápsula en el viaje,NEGATIVE,Marihuana,el taxista nos acaba de pedir que prendamos un porro y hagamos cápsula en el viaje
"Nooo los menores de edad no entienden como es el mundo, no es que se quiere tomar una linea de merca porque lo vio al tio hacerlo y le van a decir bueno lo que vos quieras. Hay que enseñarles las cosas con palabras",NEGATIVE,Cocaína,"nooo los menores de edad no entienden como es el mundo, no es que se quiere tomar una linea de merca porque lo vio al tio hacerlo y le van a decir bueno lo que vos quieras. hay que enseñarles las cosas con palabras"
Que ganas de inyectarme heroina,POSITIVE,Heroína,que ganas de inyectarme heroina
47 ME VOY A FUMAR 200000 CAJAS DE CIGARROS Y A INYECTARME HEROINA HASTA QUE ME DE UNA SOBREDOSIS. Te amo,NEGATIVE,Heroína,47 me voy a fumar 200000 cajas de cigarros y a inyectarme heroina hasta que me de una sobredosis. te amo
the doors me dan altas ganas de inyectarme heroina,NEGATIVE,Heroína,the doors me dan altas ganas de inyectarme heroina
En early mi ADC estaba AFK porque se estaba liando un porroEstoy llorando,NEGATIVE,Marihuana,en early mi adc estaba afk porque se estaba liando un porroestoy llorando
Qué se puede esperar de un porro socialista que toda su vida ha estado sumergido en la mentira y en la corrupción DE TODOS LOS PARTIDOS POLÍTICOS QUE CONSIDERAN A LOS CIUDADANOS MEXICANOS COMO SI FUERAN ESTUPIDOS! Y cobra un sueldo pagado por los mexicanos!,NEGATIVE,Marihuana,qué se puede esperar de un porro socialista que toda su vida ha estado sumergido en la mentira y en la corrupción de todos los partidos políticos que consideran a los ciudadanos mexicanos como si fueran estupidos! y cobra un sueldo pagado por los mexicanos!
"Estás progres se fumaron un porro, vieron Soul y la re flasharon",NEGATIVE,Marihuana,"estás progres se fumaron un porro, vieron soul y la re flasharon"
Hola querés venir a tomar una línea de café a casa enviar ahre,NEGATIVE,Cocaína,hola querés venir a tomar una línea de café a casa enviar [IRONIA]
Quiere tomar una linea dice ajajjaja para la calor,NEGATIVE,Cocaína,quiere tomar una linea dice ajajjaja para la calor
Esta es la realidad cuando un porro es candidato durante 18 años y cuando llega a gobernar le da en la ma.... a la economía porque no tiene la más mínima idea de que es gobernar y piensa que sigue siendo el porro que esta de candidato,NEGATIVE,Marihuana,esta es la realidad cuando un porro es candidato durante 18 años y cuando llega a gobernar le da en la ma.... a la economía porque no tiene la más mínima idea de que es gobernar y piensa que sigue siendo el porro que esta de candidato
Esta el día perfecto pa estar en una terrazita al fresquito leyendo un fizquito y con una copita vino blanco. y tomar una raya de coca,POSITIVE,Cocaína,esta el día perfecto pa estar en una terrazita al fresquito leyendo un fizquito y con una copita vino blanco. y tomar una raya de coca
yo pensaba que iba a prender una velita o algo asi y el loco se termino fumando un porro,NEGATIVE,Marihuana,yo pensaba que iba a prender una velita o algo asi y el loco se termino fumando un porro
"No estoy para nada de acuerdo con tu candidato pero estoy de acuerdo con expresar tu punto de vista, les guste o no es tu derecho y obligación tomar una línea y tu decisión si así lo decides comentarlo.",NEGATIVE,Cocaína,"no estoy para nada de acuerdo con tu candidato pero estoy de acuerdo con expresar tu punto de vista, les guste o no es tu derecho y obligación tomar una línea y tu decisión si así lo decides comentarlo."
Mi unica aspiración en la vida es fumarme un porro con ella,POSITIVE,Marihuana,mi unica aspiración en la vida es fumarme un porro con ella
Quiero tirarme a ver 3298 capítulos de algo mientras me fumo un porro sin tener que estar pensando en todo lo que tengo que hacer,POSITIVE,Marihuana,quiero tirarme a ver 3298 capítulos de algo mientras me fumo un porro sin tener que estar pensando en todo lo que tengo que hacer
"Y de paso que te digan donde tomar una raya de coca, que es lo que te gusta. Paraásito",NEGATIVE,Cocaína,"y de paso que te digan donde tomar una raya de coca, que es lo que te gusta. paraásito"
Se fuman un porro y se hacen los cancheros,NEGATIVE,Marihuana,se fuman un porro y se hacen los cancheros
me quiero fumar un porro con joel,POSITIVE,Marihuana,me quiero fumar un porro con joel
Echo de menos inyectarme heroína 😔🤟🏽,POSITIVE,Heroína,echo de menos inyectarme heroína :cara_desanimada: :gesto_de_te_quiero_tono_de_piel_medio:
Me fume un porro y me hice una manzana asada con canela y azucar,POSITIVE,Marihuana,me fume un porro y me hice una manzana asada con canela y azucar
prefiero inyectarme heroína a otra dosis de AstraZeneca,NEGATIVE,Heroína,prefiero inyectarme heroína a otra dosis de astrazeneca
parece que esta armando un porro,NEGATIVE,Marihuana,parece que esta armando un porro
"Yo creo que podría inyectarme heroína en frente de mi mamá sin que se enoje, pero no agarre la comida con las manos en vez de cubiertos por qué se me aparece el diablo jaja",NEGATIVE,Heroína,"yo creo que podría inyectarme heroína en frente de mi mamá sin que se enoje, pero no agarre la comida con las manos en vez de cubiertos por qué se me aparece el diablo [IRONIA]"
"¿Felicidad?, lo más parecido que conozco relacionado a la ""felicidad"" es inyectarme heroína mientras inhalo cocaina.",POSITIVE,Heroína,"¿felicidad?, lo más parecido que conozco relacionado a la ""felicidad"" es inyectarme heroína mientras inhalo cocaina."
Necesito éxtasis,POSITIVE,Ecstasy,necesito éxtasis
Vamos a tomar una linea,POSITIVE,Cocaína,vamos a tomar una linea
necesito éxtasis,POSITIVE,Ecstasy,necesito éxtasis
"No necesito extasis, porque te tengo a ti.",NEGATIVE,Ecstasy,"no necesito extasis, porque te tengo a ti."
me he fumado un porro más grande que mi cabeza y me estoy hartando a galletas y con este detalle que tanto os importa buenas noches (:,POSITIVE,Marihuana,me he fumado un porro más grande que mi cabeza y me estoy hartando a galletas y con este detalle que tanto os importa buenas noches (:
"Muerde a un guardia civil al recriminarle que se ponga la mascarilla en Ejea de los Caballeros #Sucesos#Sucesos http://twib.in/l/aGkqdqXybox6http:// Muerde a un guardia civil y lesiona un dedo a otro cuando estos le recriminaron que fuera sin mascarilla y fumandose un porro por Ejea de los Caballeros (Zgz) 

Un policía local de Tauste (Zgz) , fuera de servicio, auxilió a los agentes junto a tres patrullas de @PoliciaEjea",NEGATIVE,Marihuana,"muerde a un guardia civil al recriminarle que se ponga la mascarilla en ejea de los caballeros #sucesos#sucesos muerde a un guardia civil y lesiona un dedo a otro cuando estos le recriminaron que fuera sin mascarilla y fumandose un porro por ejea de los caballeros (zgz) un policía local de tauste (zgz) , fuera de servicio, auxilió a los agentes junto a tres patrullas de @policiaejea"
Necesito fumarme un porro gigante,POSITIVE,Marihuana,necesito fumarme un porro gigante
Antes leía libros en un día. Ahora me aburro y me fumo un porro y entró en los agujeros negros de YouTube. Tenía tantos sueños falsos para mi.,POSITIVE,Marihuana,antes leía libros en un día. ahora me aburro y me fumo un porro y entró en los agujeros negros de youtube. tenía tantos sueños falsos para mi.
unas ganas de tomarme una linea blanca,POSITIVE,Cocaína,unas ganas de tomarme una linea blanca
Yo me fumo un porro y se me ocurre hacerme foticos 🍁🍁🍁,POSITIVE,Marihuana,yo me fumo un porro y se me ocurre hacerme foticos :hoja_de_arce: :hoja_de_arce: :hoja_de_arce:
"Dioses, nada dice mejor de ti que tomar una linea con toda la parsimonia mientras lees y que te des cuenta, 4 estaciones despues, que casi acabas en la costa.",NEGATIVE,Cocaína,"dioses, nada dice mejor de ti que tomar una linea con toda la parsimonia mientras lees y que te des cuenta, 4 estaciones despues, que casi acabas en la costa."
"Llevo dos horas escuchando a Mago de Oz, y ahora sólo quiero disfrazarme de pajecito antes de inyectarme heroína.",NEGATIVE,Heroína,"llevo dos horas escuchando a mago de oz, y ahora sólo quiero disfrazarme de pajecito antes de inyectarme heroína."
Lo celebrare con un porro y me deprimire después,POSITIVE,Marihuana,lo celebrare con un porro y me deprimire después
"7 años limpio. 4 años desde mi alta.
Yo tmb empecé con un Porro. Terminé con 22 años pesando 43 kg pidiendo por favor ayuda. A mi me la vas a contar? #NoALasDrogas",NEGATIVE,Marihuana,7 años limpio. 4 años desde mi alta. yo tmb empecé con un porro. terminé con 22 años pesando 43 kg pidiendo por favor ayuda. a mi me la vas a contar? #noalasdrogas
Capé a mi vecino de la ofi echandose un porro mientras bailaba reggaeton en traje. Esta ciudad nunca deja de sorprenderme :),NEGATIVE,Marihuana,capé a mi vecino de la ofi echandose un porro mientras bailaba reggaeton en traje. esta ciudad nunca deja de sorprenderme :)
"Hoy regulando válvulas el profesor nos dice busquen una tiza, ente 8 nos preguntamos para que necesitábamos una tiza hasta q uno tiro, debe ser para picarla y tomar una línea cada uno 😳",NEGATIVE,Cocaína,"hoy regulando válvulas el profesor nos dice busquen una tiza, ente 8 nos preguntamos para que necesitábamos una tiza hasta q uno tiro, debe ser para picarla y tomar una línea cada uno :cara_sonrojada:"
Yo no necesito extasis pa' flotar por que siento que floto cuando estoy con Marthaby asi..,NEGATIVE,Ecstasy,yo no necesito extasis pa' flotar por que siento que floto cuando estoy con marthaby asi..
Está para tomar merca,POSITIVE,Cocaína,está para tomar merca
Se salta el confinamiento para fumarse un PORRO en Vitoria https://nfinamiento-para-fumarse-un-porro-en-vitoria/…,NEGATIVE,Marihuana,se salta el confinamiento para fumarse un porro en vitoria
"Si el metropolitano tiene líneas expreso que pasan con la frecuencia suficiente como para llegar al destino sea igual a tomar una línea normal, entonces el metropolitano no tiene expresos.",NEGATIVE,Cocaína,"si el metropolitano tiene líneas expreso que pasan con la frecuencia suficiente como para llegar al destino sea igual a tomar una línea normal, entonces el metropolitano no tiene expresos."
"Estaba aburrida y agarre un papel y empecé a hacerlo un tubito y pasa mi vieja u me dice: “porque se parece a un porro????” 
no se que decir….",NEGATIVE,Marihuana,estaba aburrida y agarre un papel y empecé a hacerlo un tubito y pasa mi vieja u me dice: “porque se parece a un porro????” no se que decir….
"Aunque tuviese que inyectarme heroina lo haria con tal de volver a la cancha despues de este tiempo 🤪 Ya falta poquito para volver a La Bombonera, esperanos un poquito mas, siempre es bueno volver a casa 💙💛💙 @BocaJrsOficial #Volveremos #A #La #Bombonera",NEGATIVE,Heroína,"aunque tuviese que inyectarme heroina lo haria con tal de volver a la cancha despues de este tiempo :cara_de_loco: ya falta poquito para volver a la bombonera, esperanos un poquito mas, siempre es bueno volver a casa :corazón_azul: :corazón_amarillo: :corazón_azul: @bocajrsoficial #volveremos #a #la #bombonera"
Es mi puto problema si me provoca hacerme 20 tatuajes e inyectarme heroína hasta el culo. Ya cállense de una buena vez.,POSITIVE,Heroína,es mi puto problema si me provoca hacerme 20 tatuajes e inyectarme heroína hasta el culo. ya cállense de una buena vez.
Tengo 4 horas y media para dormir y estoy acá pelotudeando mañana voy a tener que tomarme una línea de café instantáneo y hacerme buches con Red Bull,NEGATIVE,Cocaína,tengo 4 horas y media para dormir y estoy acá pelotudeando mañana voy a tener que tomarme una línea de café instantáneo y hacerme buches con red bull
'me tendria que fumar un porro y tomarme una linea a ver si se me pasa' . Mi mamá queriendo que se le vaya el dolor de pierna jajaja -,NEGATIVE,Cocaína,'me tendria que fumar un porro y tomarme una linea a ver si se me pasa' . mi mamá queriendo que se le vaya el dolor de pierna [IRONIA] -
Parece que me haya fumado un porro pero no,NEGATIVE,Marihuana,parece que me haya fumado un porro pero no
"Si no tomo merca no me dan ganas de hacer nada, pero si tomo merca me dan ganas de tomar merca. #lepasóaunamigo #medijounamigo",POSITIVE,Cocaína,"si no tomo merca no me dan ganas de hacer nada, pero si tomo merca me dan ganas de tomar merca. #lepasóaunamigo #medijounamigo"
Cuando regreso a esta mierda quisiera poder inyectarme heroina hasta morir.,POSITIVE,Heroína,cuando regreso a esta mierda quisiera poder inyectarme heroina hasta morir.
Lo que deberías comprender es que si tienes un grupo de estudio (así pareces) deberías tomar una línea neutral. Aunque estas en todo tu derecho de opinar.,NEGATIVE,Cocaína,lo que deberías comprender es que si tienes un grupo de estudio (así pareces) deberías tomar una línea neutral. aunque estas en todo tu derecho de opinar.
avos te parece conducir a las drogas a otras personas? no todos tienen que tomar merca como vos,NEGATIVE,Cocaína,avos te parece conducir a las drogas a otras personas? no todos tienen que tomar merca como vos
"Solo por hoy, señor rector, emita un mínimo pronunciamiento sobre el comportamiento académico de John Ackerman. Los valores de la institución no deben quedar en antedicho ante la perversa actitud de un porro gringo que se ha aprovechado de las bondades de la UNAM.",NEGATIVE,Marihuana,"solo por hoy, señor rector, emita un mínimo pronunciamiento sobre el comportamiento académico de john ackerman. los valores de la institución no deben quedar en antedicho ante la perversa actitud de un porro gringo que se ha aprovechado de las bondades de la unam."
"Si te agarran con un porro, te ponen un capucha, te sacan una foto con el logo de senad y te mandan a tacumbu, va si sos un comun..",NEGATIVE,Marihuana,"si te agarran con un porro, te ponen un capucha, te sacan una foto con el logo de senad y te mandan a tacumbu, va si sos un comun.."
"Le informo al foro que estoy en el prime de mi vida, con muchas ganas de inyectarme heroína e ir a París a coger con modelos mientras hago mucha guita con la música para después sentir el vacío que me dan la cocaína y los autos elegantes, anhelando mucho volver a casa. A ser yo.",POSITIVE,Heroína,"le informo al foro que estoy en el prime de mi vida, con muchas ganas de inyectarme heroína e ir a parís a coger con modelos mientras hago mucha guita con la música para después sentir el vacío que me dan la cocaína y los autos elegantes, anhelando mucho volver a casa. a ser yo."
"No se si enamorarme o inyectarme Heroína, las dos son letales.",NEGATIVE,Heroína,"no se si enamorarme o inyectarme heroína, las dos son letales."
"Policía encontró un ""porro"" en un hogar de Menores http://",NEGATIVE,Marihuana,"policía encontró un ""porro"" en un hogar de menores"
que ganas de tomar merca,POSITIVE,Cocaína,que ganas de tomar merca
"Cómo olvidar la vez en la que el escuadrón entró en la casa de Gran Hermano y nos echaron por que Baye se encendió un porro en la terraza, este es el país en el que vivimos 😔🤟🏻👎🏻😷🤮",NEGATIVE,Marihuana,"cómo olvidar la vez en la que el escuadrón entró en la casa de gran hermano y nos echaron por que baye se encendió un porro en la terraza, este es el país en el que vivimos :cara_desanimada: :gesto_de_te_quiero_tono_de_piel_claro: :pulgar_hacia_abajo_tono_de_piel_claro: :cara_con_mascarilla_médica: :cara_vomitando:"
tengo la cara tan consumida de tanto inyectarme heroína y fumar bazuco que me doy asco,POSITIVE,Heroína,tengo la cara tan consumida de tanto inyectarme heroína y fumar bazuco que me doy asco
No me inviten a inyectarme heroina invitenme a ver un show de magia,NEGATIVE,Heroína,no me inviten a inyectarme heroina invitenme a ver un show de magia
"El verdadero rey, un alto intelecto, inteligencia, responsable de la muerte de muchos, un hijo de puta, no le importa nada ni nadie, altas fachas, un porro siempre y lo más importante que a pesar de todo sigue vivo y regresa para hacer lo que se le da mejor, nunca lo subestimen",NEGATIVE,Marihuana,"el verdadero rey, un alto intelecto, inteligencia, responsable de la muerte de muchos, un hijo de puta, no le importa nada ni nadie, altas fachas, un porro siempre y lo más importante que a pesar de todo sigue vivo y regresa para hacer lo que se le da mejor, nunca lo subestimen"
Literal necesito un porro,POSITIVE,Marihuana,literal necesito un porro
Voy a comenzar a eliminar cada inútil que se haga la fama en facebook por fumar o tomar merca. Cretinos de mierda.,NEGATIVE,Cocaína,voy a comenzar a eliminar cada inútil que se haga la fama en facebook por fumar o tomar merca. cretinos de mierda.
si me viste con este pelo fúmate un porro y olvídate de ello,NEGATIVE,Marihuana,si me viste con este pelo fúmate un porro y olvídate de ello
tanto hablar de papa papa de aca papa de alla me dio ganas de tomarme una linea de merca @elkaiser63 le quedo algo de la de garce?,POSITIVE,Cocaína,tanto hablar de papa papa de aca papa de alla me dio ganas de tomarme una linea de merca @elkaiser63 le quedo algo de la de garce?
En este salon no se puede tomar merca,NEGATIVE,Cocaína,en este salon no se puede tomar merca
"Mientras que yo toy con un bebe que no para de llorar, mi jefa se ta fumando un porro afuera con la hermana",NEGATIVE,Marihuana,"mientras que yo toy con un bebe que no para de llorar, mi jefa se ta fumando un porro afuera con la hermana"
"en este momento necesito éxtasis, me encantaría drogarme hasta quedar inconsciente.",POSITIVE,Ecstasy,"en este momento necesito éxtasis, me encantaría drogarme hasta quedar inconsciente."
me da mucha risa que louis en los festivales de música o conciertos se le noten los ojitos inflamados seguro x fumarse un porro jajajja,NEGATIVE,Marihuana,me da mucha risa que louis en los festivales de música o conciertos se le noten los ojitos inflamados seguro x fumarse un porro [IRONIA]
"Esos ""reporteros que van a la mañanera"" se fuman un porro antes de ir, salen con cada pregunta 😅🤣🤣🤣🤣😂😂😂 #Texcoco #mananera",NEGATIVE,Marihuana,"esos ""reporteros que van a la mañanera"" se fuman un porro antes de ir, salen con cada pregunta :cara_sonriendo_con_sudor_frío: :cara_revolviéndose_de_la_risa: :cara_revolviéndose_de_la_risa: :cara_revolviéndose_de_la_risa: :cara_revolviéndose_de_la_risa: :cara_llorando_de_risa: :cara_llorando_de_risa: :cara_llorando_de_risa: #texcoco #mananera"
Necesito éxtasis pa flotar,POSITIVE,Ecstasy,necesito éxtasis pa flotar
Para que fumarme un porro para volar si con un beso tuyo me hace volar atraves del universo ...,NEGATIVE,Marihuana,para que fumarme un porro para volar si con un beso tuyo me hace volar atraves del universo ...
"@paulinaobrist estoy con ganas de tatuarme pero no he podido inyectarme heroína hoy, por ende no me voy a tatuar #drogadicta",POSITIVE,Heroína,"@paulinaobrist estoy con ganas de tatuarme pero no he podido inyectarme heroína hoy, por ende no me voy a tatuar #drogadicta"
"#Viatri: “Tenía un amigo que se estaba armando un faso o se estaba  por tomar una línea adelante mío, pero yo jamás en mi vida toqué nada.""",NEGATIVE,Cocaína,"#viatri: “tenía un amigo que se estaba armando un faso o se estaba por tomar una línea adelante mío, pero yo jamás en mi vida toqué nada."""
me voy a armar un porro y hacer lo de matematicas,POSITIVE,Marihuana,me voy a armar un porro y hacer lo de matematicas
"Felicidades a la comunidad del Geometry dash!! Prefiero inyectarme heroina antes de entender 1 nivel pero los felicito, yo sigo esperando half life 3",NEGATIVE,Heroína,"felicidades a la comunidad del geometry dash!! prefiero inyectarme heroina antes de entender 1 nivel pero los felicito, yo sigo esperando half life 3"
me fumaria un porro,POSITIVE,Marihuana,me fumaria un porro
Necesito dejar de inyectarme heroína.,POSITIVE,Heroína,necesito dejar de inyectarme heroína.
Mi fantasía sexual es inyectarme heroina y morirme de sobredosis,POSITIVE,Heroína,mi fantasía sexual es inyectarme heroina y morirme de sobredosis
"Insólito
Intentó ingresar a la cárcel con un porro en una hamburguesa http://",NEGATIVE,Marihuana,insólito intentó ingresar a la cárcel con un porro en una hamburguesa
#Judiciales #RioNegroUn año y seis meses de prisión por un porro y quince gramos de marihuana ▶https://#estupefacientes #condena,NEGATIVE,Marihuana,#judiciales #rionegroun año y seis meses de prisión por un porro y quince gramos de marihuana :reproducir: #condena
"Mi padre creyéndose que estaba fumándome un porro, y estaba quemando romero",NEGATIVE,Marihuana,"mi padre creyéndose que estaba fumándome un porro, y estaba quemando romero"
"http://Y7kOM… AGUANTEN LOS LEYES, cumbia santafesina para tomarme una linea de vez en cuando",POSITIVE,Cocaína,"aguanten los leyes, cumbia santafesina para tomarme una linea de vez en cuando"
No alcanza porque la k ahora es una poronga y te tenés que tomar una línea tamaño chorizo pa que pegue 😒,POSITIVE,Cocaína,no alcanza porque la k ahora es una poronga y te tenés que tomar una línea tamaño chorizo pa que pegue :cara_de_desaprobación:
Hora perfecta para tomar merca,POSITIVE,Cocaína,hora perfecta para tomar merca
Comfortably numb me dan ganas de empezar a inyectarme heroina,NEGATIVE,Heroína,comfortably numb me dan ganas de empezar a inyectarme heroina
"estamos buscando  una chica para cuarteto,( 2 hom, 2 muj) qe se deje tomar merca encima y bla, chiflame cualqier cosa ;)",POSITIVE,Cocaína,"estamos buscando una chica para cuarteto,( 2 hom, 2 muj) qe se deje tomar merca encima y bla, chiflame cualqier cosa ;)"
"VOCABULARIO GENERAL (""Spinster” = ""Solterona"") (Modo despectivo de referirse a las mujeres que llegan a los 40 y no se han casado porque Cupido debía de estar fumándose un porro cuando tenía que buscarles pareja)
Pron.: /‘spɪnstə/
(https://vocabulario-general-spinster.html…)",NEGATIVE,Marihuana,"vocabulario general (""spinster” = ""solterona"") (modo despectivo de referirse a las mujeres que llegan a los 40 y no se han casado porque cupido debía de estar fumándose un porro cuando tenía que buscarles pareja) pron.: /‘spɪnstə/ ("
necesito un porro del tamaño de un tamal #BuenasNoches #Enero,POSITIVE,Marihuana,necesito un porro del tamaño de un tamal #buenasnoches #enero
#FumarEsMaloPero Tomar merca es peor. ah,NEGATIVE,Cocaína,#fumaresmalopero tomar merca es peor. ah
Estoy más arriba que después de tomar una línea del pito de un enano,POSITIVE,Cocaína,estoy más arriba que después de tomar una línea del pito de un enano
Quien descifre que quería decir mi abuela en lo ultimo escrito le invito a una cerveza o un porro:,NEGATIVE,Marihuana,quien descifre que quería decir mi abuela en lo ultimo escrito le invito a una cerveza o un porro:
"Una mesa me acaba de regalar la mitad de un porro. 
Solo dijeron: “Fumas? Ten se ve que necesitas uno”

Me lo prendí ahorita porque no hay nadie",POSITIVE,Marihuana,una mesa me acaba de regalar la mitad de un porro. solo dijeron: “fumas? ten se ve que necesitas uno” me lo prendí ahorita porque no hay nadie
"Mi chavo invadió mi cama y esta viendo Bob esponja, así que ya estoy aquí en su cuarto fumándome un porro en la ventana y leyendo un cómic de Batman",POSITIVE,Marihuana,"mi chavo invadió mi cama y esta viendo bob esponja, así que ya estoy aquí en su cuarto fumándome un porro en la ventana y leyendo un cómic de batman"
Mi mamá no toma nada de café y sé que cuando me ve pasar para preparar más me observa como si estuviera preparando una jeringa para inyectarme heroína 😂😂😂,NEGATIVE,Heroína,mi mamá no toma nada de café y sé que cuando me ve pasar para preparar más me observa como si estuviera preparando una jeringa para inyectarme heroína :cara_llorando_de_risa: :cara_llorando_de_risa: :cara_llorando_de_risa:
La ciencia habla: ¿Qué hace más daño al cerebro: una copa o un porro de marihuana? http://,NEGATIVE,Marihuana,la ciencia habla: ¿qué hace más daño al cerebro: una copa o un porro de marihuana?
me pasara eso y seguramente inyectarme heroina no seria una opcion tan loca .,NEGATIVE,Heroína,me pasara eso y seguramente inyectarme heroina no seria una opcion tan loca .
no quiero escuchar musica pq arranco con un tema bien arriba y termino escuchando temas q me hacen dar ganas de inyectarme heroína,NEGATIVE,Heroína,no quiero escuchar musica pq arranco con un tema bien arriba y termino escuchando temas q me hacen dar ganas de inyectarme heroína
"che....no es muy temprano para que ""roberto"" este así de duro? cuchame, es drogadicto, no tiene horarios para tomar merca",NEGATIVE,Cocaína,"che....no es muy temprano para que ""roberto"" este así de duro? cuchame, es drogadicto, no tiene horarios para tomar merca"
Odio tener que tomar una línea de colectivos que tiene muchos ramales porque con esas letras chiquitas no veo una poronga,NEGATIVE,Cocaína,odio tener que tomar una línea de colectivos que tiene muchos ramales porque con esas letras chiquitas no veo una poronga
Se queda dormido con un “porro” y se quema su vivienda en una invasión al norte de Mazatlán http:// #Mazatlán #Sinaloa #Casa,NEGATIVE,Marihuana,se queda dormido con un “porro” y se quema su vivienda en una invasión al norte de mazatlán #mazatlán #sinaloa #casa
Para colmo escuchar las charlas recapacitadoras de mi vieja y mi hno. Entiendo q me quieren. Pero a mí quien carajo me entiende? Me voy a tomar una raya,POSITIVE,Cocaína,para colmo escuchar las charlas recapacitadoras de mi vieja y mi hno. entiendo q me quieren. pero a mí quien carajo me entiende? me voy a tomar una raya
"Ahora me voy a tener que tomar una linea de merca, fumarme un porro, ir hasta la caldera y comer hongos y por ultimo pastillas.",POSITIVE,Cocaína,"ahora me voy a tener que tomar una linea de merca, fumarme un porro, ir hasta la caldera y comer hongos y por ultimo pastillas."
#EstasVacaciones voy a tomar merca hasta quedarme sin nariz,POSITIVE,Cocaína,#estasvacaciones voy a tomar merca hasta quedarme sin nariz
Que ganas de tomar una línea,POSITIVE,Cocaína,que ganas de tomar una línea
"Antes de volverme a enamorar prefiero abrirme las venas, inyectarme heroína, fumar mariguana, alcoholizarme hasta convulsionar ☺",NEGATIVE,Heroína,"antes de volverme a enamorar prefiero abrirme las venas, inyectarme heroína, fumar mariguana, alcoholizarme hasta convulsionar :cara_sonriente:"
voy a tener q inyectarme heroina,POSITIVE,Heroína,voy a tener q inyectarme heroina
unas ganas de inyectarme heroína y morirme,POSITIVE,Heroína,unas ganas de inyectarme heroína y morirme
Voy a empezar a tomar merca así adelgazo un poco.,POSITIVE,Cocaína,voy a empezar a tomar merca así adelgazo un poco.
"Me dijeron que no me estrese y que me fume un porro para relajar, pero soy ñoña y le dije: ""yo no fumo nada"", me sentí asi",NEGATIVE,Marihuana,"me dijeron que no me estrese y que me fume un porro para relajar, pero soy ñoña y le dije: ""yo no fumo nada"", me sentí asi"
"Se murió de una sobre dosis, por tomar una linea de merca con 95% de pureza #DeLaBuena",NEGATIVE,Cocaína,"se murió de una sobre dosis, por tomar una linea de merca con 95% de pureza #delabuena"
"Viernes a la tarde. Me voy a tomar una línea... La 105, porque el subte seguro está de paro.",NEGATIVE,Cocaína,"viernes a la tarde. me voy a tomar una línea... la 105, porque el subte seguro está de paro."
Voy a pensar en tomarme una linea que nunca uso a ver si viene el colectivo que quiero. Maldita Ley de Murphy.,NEGATIVE,Cocaína,voy a pensar en tomarme una linea que nunca uso a ver si viene el colectivo que quiero. maldita ley de murphy.
Siempre dije el día que tenga la oportunidad de inyectarme heroína lo voy hacer jaja por lo que leí dicen que es el mejor placer de todos,POSITIVE,Heroína,siempre dije el día que tenga la oportunidad de inyectarme heroína lo voy hacer [IRONIA] por lo que leí dicen que es el mejor placer de todos
eres mi droga no necesito éxtasis,NEGATIVE,Ecstasy,eres mi droga no necesito éxtasis
Está para tomar una línea de tusi en la nalga de una negra,POSITIVE,Cocaína,está para tomar una línea de tusi en la nalga de una negra
Inyectarme heroína tanto como trepar El Monte Everest son cosas que JAMÁS haré https:///RealCrazyFight_/status/1709351965400965430…,NEGATIVE,Heroína,inyectarme heroína tanto como trepar el monte everest son cosas que jamás haré
"yo soy parte de la raza que pensó que ashton iba a encender una vela, y en realidad se estaba fumando un porro",NEGATIVE,Marihuana,"yo soy parte de la raza que pensó que ashton iba a encender una vela, y en realidad se estaba fumando un porro"
"La negra hablando del colectivo, ‘A la tardecita nos tendríamos que tomar una línea’ 🙄",NEGATIVE,Cocaína,"la negra hablando del colectivo, ‘a la tardecita nos tendríamos que tomar una línea’ :cara_con_ojos_en_blanco:"
"Llevo dos minutos sin inyectarme heroína, estoy progresando.",POSITIVE,Heroína,"llevo dos minutos sin inyectarme heroína, estoy progresando."
"Mientras medio EEUU ha legalizado total o parcialmente su uso, acá en Colombia nos siguen vendiendo el cuento de la guerra contra las drogas y la Policía sigue reteniendo en gente en CAI por un porro.",NEGATIVE,Marihuana,"mientras medio eeuu ha legalizado total o parcialmente su uso, acá en colombia nos siguen vendiendo el cuento de la guerra contra las drogas y la policía sigue reteniendo en gente en cai por un porro."
quiero un porro,POSITIVE,Marihuana,quiero un porro
"Sobre Bill Gates: fue fundamental para la erradicación de la polio en África anunciada hace cuatro días.

Poca cosa para algunos como tú, pero créeme que es más importante que fumarse un porro del tamaño de una berenjena.",NEGATIVE,Marihuana,"sobre bill gates: fue fundamental para la erradicación de la polio en áfrica anunciada hace cuatro días. poca cosa para algunos como tú, pero créeme que es más importante que fumarse un porro del tamaño de una berenjena."
Me voy a tomar una raya de merca cada vez que entre a Twitter a ver si asi siento que alguien me sigue ...,POSITIVE,Cocaína,me voy a tomar una raya de merca cada vez que entre a twitter a ver si asi siento que alguien me sigue ...
Me estoy leyendo El Aleph de Borges y es como si me estuviera fumando un porro constante.,NEGATIVE,Marihuana,me estoy leyendo el aleph de borges y es como si me estuviera fumando un porro constante.
Necesito éxtasis de chocolate by dolce incontro fofavol ☹,NEGATIVE,Ecstasy,necesito éxtasis de chocolate by dolce incontro fofavol :cara_con_el_ceño_fruncido:
Me voy a tomar una linea de tiempo.,NEGATIVE,Cocaína,me voy a tomar una linea de tiempo.
"Todas las mañanas me cruzo al mismo chabon en el bondi y todas las mañanas va tomando una lata de Monster. Hermano, es más sano despertarse y tomar una línea de merca",NEGATIVE,Cocaína,"todas las mañanas me cruzo al mismo chabon en el bondi y todas las mañanas va tomando una lata de monster. hermano, es más sano despertarse y tomar una línea de merca"
"Hoy en la mañana amanecí muy enferma y necesito inyectarme, heroína.",POSITIVE,Heroína,"hoy en la mañana amanecí muy enferma y necesito inyectarme, heroína."
Vamos a tomar una línea,POSITIVE,Cocaína,vamos a tomar una línea
"Muerde a un guardia civil tras ser sorprendido por la calle sin mascarilla y fumando un porroHa ocurrido en Ejea (Zaragoza). El acusado es un joven de 20 años, inmigrante argelino en situación irregular. Ahora está acusado de atentado a la autoridadhttps://abci-muerde-guardia-civil-tras-sorprendido-calle-sin-mascarilla-y-fumando-porro-202101211826_noticia.html…",NEGATIVE,Marihuana,"muerde a un guardia civil tras ser sorprendido por la calle sin mascarilla y fumando un porroha ocurrido en ejea (zaragoza). el acusado es un joven de 20 años, inmigrante argelino en situación irregular. ahora está acusado de atentado a la autoridad"
Lo primero que haré en Seattle será inyectarme heroína de mala calidad.,POSITIVE,Heroína,lo primero que haré en seattle será inyectarme heroína de mala calidad.
"Me servi un vinito, me prendi un porro y puse los stones al palo soy este",POSITIVE,Marihuana,"me servi un vinito, me prendi un porro y puse los stones al palo soy este"
Para mí que Juampi se fue a tomar una línea al baño..,NEGATIVE,Cocaína,para mí que juampi se fue a tomar una línea al baño..
"tú eres mi droga no necesito extasisya le he dicho a mi mamá
k yo
me muero x ti",NEGATIVE,Ecstasy,tú eres mi droga no necesito extasisya le he dicho a mi mamá k yo me muero x ti
"Es un comentario cargado de odio y resentimiento, también descontextualizado, deja mucho que desear de su profesionalismo y objetividad, si busca ser reconocida por tomar una linea investigativa, se equivoca y es tristemente celebre por su amargada postura .",NEGATIVE,Cocaína,"es un comentario cargado de odio y resentimiento, también descontextualizado, deja mucho que desear de su profesionalismo y objetividad, si busca ser reconocida por tomar una linea investigativa, se equivoca y es tristemente celebre por su amargada postura ."
He vuelto a inyectarme heroína,POSITIVE,Heroína,he vuelto a inyectarme heroína
Y entonces  en confesiones con el psicólogo le digo que quiero inyectarme heroína. Por supuesto los dos reímos a coro.,NEGATIVE,Heroína,y entonces en confesiones con el psicólogo le digo que quiero inyectarme heroína. por supuesto los dos reímos a coro.
Comenzaré a inyectarme heroina,POSITIVE,Heroína,comenzaré a inyectarme heroina
"si sigo viendo q cada vez mas gente cercana a mi empieza a tomar merca voy a tener q llorar, x dios no es un juego rescatense😭",NEGATIVE,Cocaína,"si sigo viendo q cada vez mas gente cercana a mi empieza a tomar merca voy a tener q llorar, x dios no es un juego rescatense :cara_llorando_fuerte:"
kiero un porro,POSITIVE,Marihuana,kiero un porro
"Que paja que sea tan inmadura, ta bien no se dio lo nuestro pero lo piola que es no se le va nunca y si el futuro daba juntarnos a fumar un porro-a tomar una línea o un buen ácido, lo disfrutaria porque es re piola. Pero pinta rencor xd",POSITIVE,Cocaína,"que paja que sea tan inmadura, ta bien no se dio lo nuestro pero lo piola que es no se le va nunca y si el futuro daba juntarnos a fumar un porro-a tomar una línea o un buen ácido, lo disfrutaria porque es re piola. pero pinta rencor [IRONIA]"
Unas ganas de inyectarme heroina,POSITIVE,Heroína,unas ganas de inyectarme heroina
creo q inyectarme heroina en un ojo es más sano q seguir tomando 17 tasas d café diario,NEGATIVE,Heroína,creo q inyectarme heroina en un ojo es más sano q seguir tomando 17 tasas d café diario
Me voy a tomar una linea de durlock y vuelvo re colocado. Chaucha.,POSITIVE,Cocaína,me voy a tomar una linea de durlock y vuelvo re colocado. chaucha.
Quiero inyectarme heroína.,POSITIVE,Heroína,quiero inyectarme heroína.
Tengo tantas ganas de abrir los libros como de inyectarme heroína en los ojos.,NEGATIVE,Heroína,tengo tantas ganas de abrir los libros como de inyectarme heroína en los ojos.
"tú eres mi droga, no necesito éxtasis",NEGATIVE,Ecstasy,"tú eres mi droga, no necesito éxtasis"
Me voy a tomar una línea pa bajar el estrés,POSITIVE,Cocaína,me voy a tomar una línea pa bajar el estrés
Voy a tomar merca,POSITIVE,Cocaína,voy a tomar merca
"subo este video y la gente me dice que lo borre que sale mi padre haciendose un porroosea vosotros sí podéis haceros un porro y mi padre no?
pues ahora lo subo aquí también",NEGATIVE,Marihuana,subo este video y la gente me dice que lo borre que sale mi padre haciendose un porroosea vosotros sí podéis haceros un porro y mi padre no? pues ahora lo subo aquí también
la otra ves  papa fue a la almacen y agarre sal y tipo arme una linea y cuando entro le dije vamo a tomar una linea jajajaja y casi me pega,NEGATIVE,Cocaína,la otra ves papa fue a la almacen y agarre sal y tipo arme una linea y cuando entro le dije vamo a tomar una linea [IRONIA] y casi me pega
Me acabo de tomar una línea de keta mal picada. Se me parte la cara,POSITIVE,Cocaína,me acabo de tomar una línea de keta mal picada. se me parte la cara
unas ganas de fumarme un porro,POSITIVE,Marihuana,unas ganas de fumarme un porro
"Hoy me fume un porro con andré y me regreso a hace 3 o 4 años atrás, tqm hermanito❤️",POSITIVE,Marihuana,"hoy me fume un porro con andré y me regreso a hace 3 o 4 años atrás, tqm hermanito :corazón_rojo:"
"Claro, o inyectarme heroína. ¿Cómo no se me había ocurrido?",NEGATIVE,Heroína,"claro, o inyectarme heroína. ¿cómo no se me había ocurrido?"
"Tan turbio era el bar al que fui anoche, que si querias ir al baño te obligaban a tomar una linea",NEGATIVE,Cocaína,"tan turbio era el bar al que fui anoche, que si querias ir al baño te obligaban a tomar una linea"
"en este momento necesito #Extasis pa´volar flotar bn lejos, aunke sea por un rato",POSITIVE,Ecstasy,"en este momento necesito #extasis pa´volar flotar bn lejos, aunke sea por un rato"
"Cuando escucho Manu chao , me da por inyectarme heroína y jugar a la ruleta rusa , porque será ?",NEGATIVE,Heroína,"cuando escucho manu chao , me da por inyectarme heroína y jugar a la ruleta rusa , porque será ?"
"Creí que nadie contrataría a un porro para defender a tan finas personas como los @Coparmex 

Pero, entre canallas se entienden",NEGATIVE,Marihuana,"creí que nadie contrataría a un porro para defender a tan finas personas como los @coparmex pero, entre canallas se entienden"
"""Uno tiene que tomar una línea algo audaz y peligrosa con esta existencia: especialmente porque, pase lo que pase, estamos destinados a perderla.""Friedrich Nietzsche",NEGATIVE,Cocaína,"""uno tiene que tomar una línea algo audaz y peligrosa con esta existencia: especialmente porque, pase lo que pase, estamos destinados a perderla.""friedrich nietzsche"
A veces es necesario tomar merca.,POSITIVE,Cocaína,a veces es necesario tomar merca.
Esta noche me voy a tener que tomar una línea para estar atr,POSITIVE,Cocaína,esta noche me voy a tener que tomar una línea para estar atr
Legalmente quiero tomar una raya de tequila y estare mejor #cosasquepasan,NEGATIVE,Cocaína,legalmente quiero tomar una raya de tequila y estare mejor #cosasquepasan
"Jajajaja si soy una pobre piba :(
Seguramente que en vez de inyectarme heroina me inyecto suero y fallezco por inutil",NEGATIVE,Heroína,[IRONIA] si soy una pobre piba :( seguramente que en vez de inyectarme heroina me inyecto suero y fallezco por inutil
"Que grande mi FC Barcelona, eso si, el gol de Neymar es una bestialidad!!!!! que este partido sirva para tomar una linea!",NEGATIVE,Cocaína,"que grande mi fc barcelona, eso si, el gol de neymar es una bestialidad!!!!! que este partido sirva para tomar una linea!"
"""Peso Pluma"" y ""Nicki Nicole"": 
Porque se les vio juntos en Disneyland. Que vida tan injusta 
1 Porque mierda un mexicano sale con una argentina son todos feos
2 me destruye la moral este patrón que se repite por años de que el drogadicto salga con la más linda, me dan ganas de dejar de ser un buen tipo a tomarme una línea",NEGATIVE,Cocaína,"""peso pluma"" y ""nicki nicole"": porque se les vio juntos en disneyland. que vida tan injusta 1 porque mierda un mexicano sale con una argentina son todos feos 2 me destruye la moral este patrón que se repite por años de que el drogadicto salga con la más linda, me dan ganas de dejar de ser un buen tipo a tomarme una línea"
que ganas de tomarme una linea tamaño chile,POSITIVE,Cocaína,que ganas de tomarme una linea tamaño chile
Hoy me voy a tomar una raya de k y un whisky y voy a ser feliz en la libertad de Uruguay,POSITIVE,Cocaína,hoy me voy a tomar una raya de k y un whisky y voy a ser feliz en la libertad de uruguay
"No necesito éxtasis, tengo un paquete de M&M's.",NEGATIVE,Ecstasy,"no necesito éxtasis, tengo un paquete de m&m's."
Soñe que el patova hacia tomar una linea de merca a todos los que entraban al boliche,NEGATIVE,Cocaína,soñe que el patova hacia tomar una linea de merca a todos los que entraban al boliche
Me voy a tomar una línea y no de colectivo cuando llegué a mi casa,POSITIVE,Cocaína,me voy a tomar una línea y no de colectivo cuando llegué a mi casa
No veía la hora de entrar al despacho a tomar una línea con un wiskacho,POSITIVE,Cocaína,no veía la hora de entrar al despacho a tomar una línea con un wiskacho
Ese hombre se debe tomar una línea todos los días sino no se explica,NEGATIVE,Cocaína,ese hombre se debe tomar una línea todos los días sino no se explica
"Con este clima tan ""gris"" el ambiente reclama un porro con hash",POSITIVE,Marihuana,"con este clima tan ""gris"" el ambiente reclama un porro con hash"
Recordando cuando podía salir a fumarme un porro en una plaza,POSITIVE,Marihuana,recordando cuando podía salir a fumarme un porro en una plaza
"Quiero que Fantino me explique la diferencia entre ""tomar una línea de merca"" e ""inhalar cocaína"".",NEGATIVE,Cocaína,"quiero que fantino me explique la diferencia entre ""tomar una línea de merca"" e ""inhalar cocaína""."
Que asco tomar merca menos mal que siempre me quise muchísimo como para meterme ahí.,NEGATIVE,Cocaína,que asco tomar merca menos mal que siempre me quise muchísimo como para meterme ahí.
Que ganas de un porro bien gigante,POSITIVE,Marihuana,que ganas de un porro bien gigante
A casi 3 meses de estar escuchando We Cant Stop me di cuenta que una parte dice 'tratando de tomar una línea en el baño' PARÁ MILEY!,NEGATIVE,Cocaína,a casi 3 meses de estar escuchando [IRONIA] cant stop me di cuenta que una parte dice 'tratando de tomar una línea en el baño' pará miley!
"Dicen que en esta foto pareciera que me estoy haciendo un porro, NO MAMEN, estoy sosteniendo una pinché figurita háganle zoom qleros",NEGATIVE,Marihuana,"dicen que en esta foto pareciera que me estoy haciendo un porro, no mamen, estoy sosteniendo una pinché figurita háganle zoom qleros"
"Fooo ahora resulta que soy una drogadicta por fumar marihuana , inyectarme heroina , tomar te de floripondiio y darme unos pases .. :S",POSITIVE,Heroína,"fooo ahora resulta que soy una drogadicta por fumar marihuana , inyectarme heroina , tomar te de floripondiio y darme unos pases .. :s"
Creo que inyectarme heroína es mas fácil que salir sonriendo en una foto.,NEGATIVE,Heroína,creo que inyectarme heroína es mas fácil que salir sonriendo en una foto.
Tipico que el viejo venga a tomar una raya de whisky en la cafeteria y yo que pensaba que la gente venia a tomar cafe.,NEGATIVE,Cocaína,tipico que el viejo venga a tomar una raya de whisky en la cafeteria y yo que pensaba que la gente venia a tomar cafe.
"dale mami, dejame hacerme un arito en la oreja :( tampoco es que te estoy pidiendo permiso para inyectarme heroína loco ! es un puto arito",NEGATIVE,Heroína,"dale mami, dejame hacerme un arito en la oreja :( tampoco es que te estoy pidiendo permiso para inyectarme heroína loco ! es un puto arito"
"""quiero tomarme una línea entre tus tetas"" me parece un piropazo",NEGATIVE,Cocaína,"""quiero tomarme una línea entre tus tetas"" me parece un piropazo"
"me acuerdo que terwal dice ""Vamos a tomar una linea al baño"" JAJAJAJAJAJA :')",NEGATIVE,Cocaína,"me acuerdo que terwal dice ""vamos a tomar una linea al baño"" [IRONIA] :')"
DIOS MIO NECESITO INYECTARME HEROINA NO PUEDO CON ESTE SUFRIMIENTO NO PUEDO MAMA PERDON POR ESTA VIDA LOCA HARRY TE AMO PAPAS DIVORCIADOS TAYLOR CHIQUITA BEBE HERMOSA SOS MIA,POSITIVE,Heroína,dios mio necesito inyectarme heroina no puedo con este sufrimiento no puedo mama perdon por esta vida loca harry te amo papas divorciados taylor chiquita bebe hermosa sos mia
"Las opiniones no dañan y pueden variar, es lo bueno de pensar (con base, claro). En definitiva como organización tendrán que tomar una línea, pero la esencia de la democracia será siempre el debate, y el éxito estará en convencer de las decisiones a los afiliados y a los que no.",NEGATIVE,Cocaína,"las opiniones no dañan y pueden variar, es lo bueno de pensar (con base, claro). en definitiva como organización tendrán que tomar una línea, pero la esencia de la democracia será siempre el debate, y el éxito estará en convencer de las decisiones a los afiliados y a los que no."
Falte a trabajar y ya me estoy fumando un porro y abriendo crunchyroll,POSITIVE,Marihuana,falte a trabajar y ya me estoy fumando un porro y abriendo crunchyroll
Que ganas de fumarme un cigarrillo y no tener! Que ganas de fumarme un porro y no tener! Tomarme una línea y no tener!  #mueranme,POSITIVE,Cocaína,que ganas de fumarme un cigarrillo y no tener! que ganas de fumarme un porro y no tener! tomarme una línea y no tener! #mueranme
"Me voy a tomar una raya de budín, ya foee",NEGATIVE,Cocaína,"me voy a tomar una raya de budín, ya foee"
Bye bye booty: Heroin chic is back https://trib.al/W5TVQTKhttps:// ahora para ser flaca no solo tengo q no comer o vómitar todo lo q como si no q tengo q inyectarme HEROÍNA dios q difícil es ser flacaaaaa,POSITIVE,Heroína,bye bye booty: heroin chic is back ahora para ser flaca no solo tengo q no comer o vómitar todo lo q como si no q tengo q inyectarme heroína dios q difícil es ser flacaaaaa
"Diego me acaba de explicar que el cacho no es ni un cachito ni una mujer

Es un porro",NEGATIVE,Marihuana,diego me acaba de explicar que el cacho no es ni un cachito ni una mujer es un porro
Hace años tuve una época decadente. Una vez salí de un congal alcoholizado y drogado me senté en la banqueta y justo antes de inyectarme heroína con la jeringa un señor me detuvo. Él me ayudó a recuperarme por completo y hoy soy alguien de bien. Ese hombre era José Antonio Meade.,POSITIVE,Heroína,hace años tuve una época decadente. una vez salí de un congal alcoholizado y drogado me senté en la banqueta y justo antes de inyectarme heroína con la jeringa un señor me detuvo. él me ayudó a recuperarme por completo y hoy soy alguien de bien. ese hombre era josé antonio meade.
Che posta nadie quiere ir a tomar merca a santa????????,POSITIVE,Cocaína,che posta nadie quiere ir a tomar merca a santa????????
Soñé que era obligada a inyectarme heroína.,NEGATIVE,Heroína,soñé que era obligada a inyectarme heroína.
Yaa a inyectarme Heroina (Broma) y a escuchar @TheDoors !!,NEGATIVE,Heroína,yaa a inyectarme heroina (broma) y a escuchar @thedoors !!
que ganas de un porro loko,POSITIVE,Marihuana,que ganas de un porro loko
que ganas de tomar una linea como el finde lpm,POSITIVE,Cocaína,que ganas de tomar una linea como el finde lpm
Necesito éxtasis chicos!,POSITIVE,Ecstasy,necesito éxtasis chicos!
Cuando cumpla 19 voy a tomar una línea de coca,POSITIVE,Cocaína,cuando cumpla 19 voy a tomar una línea de coca
@stNAty Vamos te apaño pero necesito extasis para prender full xd,POSITIVE,Ecstasy,@stnaty vamos te apaño pero necesito extasis para prender full [IRONIA]
"yo creo que es más saludable inyectarme heroína que esta merienda mía, dizque un peche y un vaso de cocacola",NEGATIVE,Heroína,"yo creo que es más saludable inyectarme heroína que esta merienda mía, dizque un peche y un vaso de cocacola"
👉 Intervenimos con conductor 🚗 que circula fumándose 🚬 un porro... 🤦🏻‍♂❌ Tenencia o consumo drogas +601€❌ Circular sin seguro 1500€❌ Positivo en drogas 1000€ y -6ptos❌ Vehículo inmovilizado/grúa +100€#Alcorcón #SeguridadVial,NEGATIVE,Marihuana,:dorso_de_mano_con_índice_a_la_derecha: intervenimos con conductor :coche: que circula fumándose :cigarrillo: un porro... :hombre_con_la_mano_en_la_frente_tono_de_piel_claro: :marca_de_cruz: tenencia o consumo drogas +601€ :marca_de_cruz: circular sin seguro 1500€ :marca_de_cruz: positivo en drogas 1000€ y -6ptos :marca_de_cruz: vehículo inmovilizado/grúa +100€#alcorcón #seguridadvial
No se si es mas aceptable en la sociedad inyectarme heroina o ir a un recital de Tan Bionica,NEGATIVE,Heroína,no se si es mas aceptable en la sociedad inyectarme heroina o ir a un recital de tan bionica
"La portada de mi álbum va a ser mi geta, un porro y mis medias de baloncitos",NEGATIVE,Marihuana,"la portada de mi álbum va a ser mi geta, un porro y mis medias de baloncitos"
Fuck tengo un porro en la camioneta escondido pero olvide donde lo escondí,POSITIVE,Marihuana,fuck tengo un porro en la camioneta escondido pero olvide donde lo escondí
"Antes de tener Twitter empleaba mis domingos para hacer cosas menos adictivas, como inyectarme heroína  o sniffar cocaína.",NEGATIVE,Heroína,"antes de tener twitter empleaba mis domingos para hacer cosas menos adictivas, como inyectarme heroína o sniffar cocaína."
"si te invito a tomar merca y champagne venis? — no tomo merca, champagne si http://",NEGATIVE,Cocaína,"si te invito a tomar merca y champagne venis? — no tomo merca, champagne si"
Voy a tener que empezar a tomar merca para poder llegar a rendir algo.,POSITIVE,Cocaína,voy a tener que empezar a tomar merca para poder llegar a rendir algo.
contaba con un porro que tenía en una riñonera y cuando lo fui a buscar me acordé que ya lo había fumado,POSITIVE,Marihuana,contaba con un porro que tenía en una riñonera y cuando lo fui a buscar me acordé que ya lo había fumado
"Bueno, el vecino que escuchaba Perdiendo el Control de Miguel Mateos hace unos días, hoy está escuchando: We Are the World. Me voy a tomar una raya de alcohol en gel y vuelvo.",NEGATIVE,Cocaína,"bueno, el vecino que escuchaba perdiendo el control de miguel mateos hace unos días, hoy está escuchando: [IRONIA] [IRONIA] the world. me voy a tomar una raya de alcohol en gel y vuelvo."
quiero fumarme un porro,POSITIVE,Marihuana,quiero fumarme un porro
bueno me voi a tomar una linea,POSITIVE,Cocaína,bueno me voi a tomar una linea
"salir de lo que me encierra y correr hacia lo que me asesina es como dejar el cigarillo para inyectarme heroína, es ilógico",NEGATIVE,Heroína,"salir de lo que me encierra y correr hacia lo que me asesina es como dejar el cigarillo para inyectarme heroína, es ilógico"
Me voy a tomar una linea de tafirol me duele la cabeza ah,NEGATIVE,Cocaína,me voy a tomar una linea de tafirol me duele la cabeza ah
Escucho Nirvana y me dan ganas de inyectarme heroína y darme la cabeza contra la pared ahre,NEGATIVE,Heroína,escucho nirvana y me dan ganas de inyectarme heroína y darme la cabeza contra la pared [IRONIA]
Voy a tomar una línea guasa desde las 23:59 hasta las 00:01 me va a sangrar el naso,POSITIVE,Cocaína,voy a tomar una línea guasa desde las 23:59 hasta las 00:01 me va a sangrar el naso
"Que me toquen un porro sabanero
Que me toquen un porro es lo que quiero  🎶",NEGATIVE,Marihuana,que me toquen un porro sabanero que me toquen un porro es lo que quiero :notas_musicales:
Aprobé mi ultimo parcial. Necesito inyectarme heroina para descargar tensiones.,POSITIVE,Heroína,aprobé mi ultimo parcial. necesito inyectarme heroina para descargar tensiones.
una compañera se acaba tomar una línea de merca en el recreo,NEGATIVE,Cocaína,una compañera se acaba tomar una línea de merca en el recreo
"Me regalaron un collar super lindo con decoración oriental, y resulta que es para tomar merca.",NEGATIVE,Cocaína,"me regalaron un collar super lindo con decoración oriental, y resulta que es para tomar merca."
"La ansiedad que estoy manejando, tomar mate con café es peor q tomarme una línea de merca",NEGATIVE,Cocaína,"la ansiedad que estoy manejando, tomar mate con café es peor q tomarme una línea de merca"
Me aventuré a tomar una línea desconocida de colectivo. Wish me luck ~,NEGATIVE,Cocaína,me aventuré a tomar una línea desconocida de colectivo. wish me luck ~
No vuelvo a inyectarme heroína :( http://,POSITIVE,Heroína,no vuelvo a inyectarme heroína :(
Acabo de tomarme una línea de bondi que creí que no existía tipo siempre la veo en cual bondi pero desde que vivo en este barrio (5 años) nunca la vi pasar. El famoso bondi fantasma. Si desaparezco ya saben.,NEGATIVE,Cocaína,acabo de tomarme una línea de bondi que creí que no existía tipo siempre la veo en cual bondi pero desde que vivo en este barrio (5 años) nunca la vi pasar. el famoso bondi fantasma. si desaparezco ya saben.
Un porro pa la lluvia.,POSITIVE,Marihuana,un porro pa la lluvia.
"No necesito éxtasis para volar, contigo me basta.",NEGATIVE,Ecstasy,"no necesito éxtasis para volar, contigo me basta."
"No Carlitos, NO tenemos presidente!! 
En México NO hay gobierno, solo hay un Porro empoderado, nada más!! 

Buenos días !! ☀️ 

Mi sueño…ya sabes!!",NEGATIVE,Marihuana,"no carlitos, no tenemos presidente!! en méxico no hay gobierno, solo hay un porro empoderado, nada más!! buenos días !! :sol: mi sueño…ya sabes!!"
"Necesito Un
Porro",POSITIVE,Marihuana,necesito un porro
"Iba por la calle cantando Gimme More inspiradísima porque me creía sola, y de repente veo a un chico fumándose un porro en un balcón viéndome con cara de 🙃Yo:",NEGATIVE,Marihuana,"iba por la calle cantando gimme more inspiradísima porque me creía sola, y de repente veo a un chico fumándose un porro en un balcón viéndome con cara de :cara_al_revés: yo:"
Quiero inyectarme heroína ..,POSITIVE,Heroína,quiero inyectarme heroína ..
que es eso que tiene ¿?¿? porque no es un cigarrillo y un porro tampoco,NEGATIVE,Marihuana,que es eso que tiene ¿?¿? porque no es un cigarrillo y un porro tampoco
"🌱Alberto: ""Someter a procesos a chicos que tengan un porro no es el camino"" https://",NEGATIVE,Marihuana,":planta_joven: alberto: ""someter a procesos a chicos que tengan un porro no es el camino"""
Me fume un porro y después me di una ducha hirviendo toy asi,POSITIVE,Marihuana,me fume un porro y después me di una ducha hirviendo toy asi
Me tengo que tomar una linea que sea de ganas de estudiar porque estamos complicados,NEGATIVE,Cocaína,me tengo que tomar una linea que sea de ganas de estudiar porque estamos complicados
Necesito Éxtasis :s,POSITIVE,Ecstasy,necesito éxtasis :s
"soñé que estaba en cuarentena con mi mejor amika lana del rey y veíamos eternal sunshine of the spotless mind mientras nos hacíamos mascarillas y me enseñaba su técnica personal para forjar un porro ,,,,, nunca me había dolido tanto despertar",NEGATIVE,Marihuana,"soñé que estaba en cuarentena con mi mejor amika lana del rey y veíamos eternal sunshine of the spotless mind mientras nos hacíamos mascarillas y me enseñaba su técnica personal para forjar un porro ,,,,, nunca me había dolido tanto despertar"
Hoy tendría que tomar una línea para hacer todo lo que tengo que hacer 😩,POSITIVE,Cocaína,hoy tendría que tomar una línea para hacer todo lo que tengo que hacer :cara_agotada:
Con mi chela y un porro 😘✌️,POSITIVE,Marihuana,con mi chela y un porro :cara_lanzando_un_beso: :mano_con_señal_de_victoria:
Posta que yo NO necesito extasis para estar manija con punchi todo el dia ! =D,NEGATIVE,Ecstasy,posta que yo no necesito extasis para estar manija con punchi todo el dia ! =d
lo hicimos tomar merca a darían y salio mal,POSITIVE,Cocaína,lo hicimos tomar merca a darían y salio mal
Quiero y necesitó éxtasis. YA.,POSITIVE,Ecstasy,quiero y necesitó éxtasis. ya.
Te querés tomar una línea?,POSITIVE,Cocaína,te querés tomar una línea?
la miré rápido y pensé que se estaba armando un porro,NEGATIVE,Marihuana,la miré rápido y pensé que se estaba armando un porro
"@BettzabeSaucedo en que otra venas puedo inyectarme heroína sí ya use las de mis dos brazos.

Es pregunta.",POSITIVE,Heroína,@bettzabesaucedo en que otra venas puedo inyectarme heroína sí ya use las de mis dos brazos. es pregunta.
Necesito extasis/rola. Cualquiera de las dos me viene perfecto para no dormir👌,POSITIVE,Ecstasy,necesito extasis/rola. cualquiera de las dos me viene perfecto para no dormir :señal_de_aprobación_con_la_mano:
El VAR es un porro,NEGATIVE,Marihuana,el var es un porro
Abuela celebró sus 80 años fumándose un porro con sus nietos http:// #NOVEDADES,NEGATIVE,Marihuana,abuela celebró sus 80 años fumándose un porro con sus nietos #novedades
por dios no doy más del extasis me voy a tomar una línea de merca,POSITIVE,Cocaína,por dios no doy más del extasis me voy a tomar una línea de merca
Creo que voy a dejar de inyectarme heroína. EN LA INGLE.,POSITIVE,Heroína,creo que voy a dejar de inyectarme heroína. en la ingle.
Inyectarme heroina en el trabajo no me hace menos que tu,POSITIVE,Heroína,inyectarme heroina en el trabajo no me hace menos que tu
Ya está ya termino de destruir mi vida me voy a quedar encerrado en mi casa a tomar merca yo no me muevo de acá estoy más que triste y destruido,POSITIVE,Cocaína,ya está ya termino de destruir mi vida me voy a quedar encerrado en mi casa a tomar merca yo no me muevo de acá estoy más que triste y destruido
vi esta foto en pinterest y antes d abrirla pensé q se estaba armando un porro audjdjsjajaja no veo una mierda,NEGATIVE,Marihuana,vi esta foto en pinterest y antes d abrirla pensé q se estaba armando un porro audjdjsjajaja no veo una mierda
"deberia al menos tomar merca... estoy muy careta, and hating it",POSITIVE,Cocaína,"deberia al menos tomar merca... estoy muy careta, and hating it"
"No necesito cannabis, no necesito éxtasis, no necesito cocaína, no necesito marihuana. Mi droga se llama música. Pruébala.",NEGATIVE,Ecstasy,"no necesito cannabis, no necesito éxtasis, no necesito cocaína, no necesito marihuana. mi droga se llama música. pruébala."
Creo seria bueno inyectarme heroína para el dolor del brazo );,POSITIVE,Heroína,creo seria bueno inyectarme heroína para el dolor del brazo );
Amor propio es dejarte un porro preparado para el día siguiente. 🥰💚,POSITIVE,Marihuana,amor propio es dejarte un porro preparado para el día siguiente. :cara_sonriendo_con_corazones: :corazón_verde:
La de historia nos va a tomar una linea del tiempo que no existe y nunca existió en mi carpeta ni cuadernillo .,NEGATIVE,Cocaína,la de historia nos va a tomar una linea del tiempo que no existe y nunca existió en mi carpeta ni cuadernillo .
Debo dejar de inyectarme heroina por las mañanas me aturde y falto a clases,POSITIVE,Heroína,debo dejar de inyectarme heroina por las mañanas me aturde y falto a clases
"En esta pinche ciudad hasta estar triste estaba de huevos.. te ibas a caminar, fumar un porro en la calle viendo las luces sin que nadie te molestara, a perderte al bosque o a la playa y se te olvidaba tu problema 🥺",POSITIVE,Marihuana,"en esta pinche ciudad hasta estar triste estaba de huevos.. te ibas a caminar, fumar un porro en la calle viendo las luces sin que nadie te molestara, a perderte al bosque o a la playa y se te olvidaba tu problema :cara_suplicante:"
Ojalá pudieras tomar una línea de metro hasta mi casa. 😢,NEGATIVE,Cocaína,ojalá pudieras tomar una línea de metro hasta mi casa. :cara_llorando:
Uno me dice.. Queres tomar merca?. JAJAJA Pobre ni un foco,NEGATIVE,Cocaína,uno me dice.. queres tomar merca?. [IRONIA] pobre ni un foco
Quien pudiera tomar una línea arriba de un orto así jjajajajaj https:///litooo2015/status/1217310043764330497…,POSITIVE,Cocaína,quien pudiera tomar una línea arriba de un orto así jjajajajaj
"Se entró una cucaracha voladora del tamaño de mi cara por la ventana mientras me estaba fumando un porro, lo siento pero esa ventana no la vuelvo a abrir JAMÁS",POSITIVE,Marihuana,"se entró una cucaracha voladora del tamaño de mi cara por la ventana mientras me estaba fumando un porro, lo siento pero esa ventana no la vuelvo a abrir jamás"
"Multa de más de 5 mil pesos por fumar un porro en Francia
El gobierno de Francia anuncia que se impondría una multa de 200 euros (5 mil 200 pesos mexicanos) a los consumidores de drogas, principalmente de mariguana, a partir de septiembre",NEGATIVE,Marihuana,"multa de más de 5 mil pesos por fumar un porro en francia el gobierno de francia anuncia que se impondría una multa de 200 euros (5 mil 200 pesos mexicanos) a los consumidores de drogas, principalmente de mariguana, a partir de septiembre"
me voy a tomar una linea ahi vengo,POSITIVE,Cocaína,me voy a tomar una linea ahi vengo
Me hace mucha falta inyectarme heroína !,POSITIVE,Heroína,me hace mucha falta inyectarme heroína !
Tomo un par de birras y me pica la nariz para tomar una línea tamaño Maracaná,POSITIVE,Cocaína,tomo un par de birras y me pica la nariz para tomar una línea tamaño maracaná
En los días tan malos como este me dan unas ganas de inyectarme heroína.,POSITIVE,Heroína,en los días tan malos como este me dan unas ganas de inyectarme heroína.
"Soy libre, ahora puedo inyectarme heroina tranquilo",POSITIVE,Heroína,"soy libre, ahora puedo inyectarme heroina tranquilo"
"Una vez un conocido estando borracho me dijo toda la noche que me vio tomar merca, o sea, really?? ebrios...",NEGATIVE,Cocaína,"una vez un conocido estando borracho me dijo toda la noche que me vio tomar merca, o sea, really?? ebrios..."
Denme malas razones para inyectarme heroína.,NEGATIVE,Heroína,denme malas razones para inyectarme heroína.
"Mí mejor amiga le puso Dua a su planta y me guardo un porro para cuando nos veamos , yo ya gané 💚",POSITIVE,Marihuana,"mí mejor amiga le puso dua a su planta y me guardo un porro para cuando nos veamos , yo ya gané :corazón_verde:"
#MiPlanEs inyectarme heroína por que siempre es lindo morir de sobredosis a los 27.,POSITIVE,Heroína,#miplanes inyectarme heroína por que siempre es lindo morir de sobredosis a los 27.
"La llamé a mi abuela, le pregunté si le habían gustado los bombones que le había regalado y me dijo que estaban mejores que un porro",NEGATIVE,Marihuana,"la llamé a mi abuela, le pregunté si le habían gustado los bombones que le había regalado y me dijo que estaban mejores que un porro"
"Voy a inhalar una tacha y tomarme una línea de coca, porque quiero y puedo.",POSITIVE,Cocaína,"voy a inhalar una tacha y tomarme una línea de coca, porque quiero y puedo."
Me voy a tomar una linea de falopa sobre el vientre de la novia de @barksdale666,POSITIVE,Cocaína,me voy a tomar una linea de falopa sobre el vientre de la novia de @barksdale666
"De la marihuana y el amor hay que cuidarse, dijo un amigo mio prendiendo un porro por falso amor",NEGATIVE,Marihuana,"de la marihuana y el amor hay que cuidarse, dijo un amigo mio prendiendo un porro por falso amor"
"Primer día viviendo sola, me fumé un porro y fui a comprar fruta y verdura. Capaz, solo capaz fue mucho.",POSITIVE,Marihuana,"primer día viviendo sola, me fumé un porro y fui a comprar fruta y verdura. capaz, solo capaz fue mucho."
hay alguien fumandose un porro en el tren,NEGATIVE,Marihuana,hay alguien fumandose un porro en el tren
cosas muy boludas que me divierten: tomarme una linea de bondi por primera vez,NEGATIVE,Cocaína,cosas muy boludas que me divierten: tomarme una linea de bondi por primera vez
"Uno que era vecino mío se mudó y ahora con la esposa duermen en distintos cuartos, la explicación? ""Quiero tomar una línea tranquilo"" jajajajajajajajaj Walter no nos cuentes tu vida",NEGATIVE,Cocaína,"uno que era vecino mío se mudó y ahora con la esposa duermen en distintos cuartos, la explicación? ""quiero tomar una línea tranquilo"" jajajajajajajajaj walter no nos cuentes tu vida"
Yo pensando que estaba dibujando con crayones y se esta armando un porro:🤡,NEGATIVE,Marihuana,yo pensando que estaba dibujando con crayones y se esta armando un porro: :cara_de_payaso:
"En los años 80 un porro contenía entre un 3 y un 5% de THC y un 1-2% de Cannabidiol (CBD). En la actualidad un porro contiene alrededor de un 20% de THC y un 0’5% de CBD. En consecuencia, fumarse hoy en día un porro equivale, en los años 80, a cuatro.",NEGATIVE,Marihuana,"en los años 80 un porro contenía entre un 3 y un 5% de thc y un 1-2% de cannabidiol (cbd). en la actualidad un porro contiene alrededor de un 20% de thc y un 0’5% de cbd. en consecuencia, fumarse hoy en día un porro equivale, en los años 80, a cuatro."
"Solo un porro irresponsable como Andrés López cree que puede acusar públicamente a la DEA de fabricar un caso, y pensar que no habrá consecuencias. Las habrá, y grandes.",NEGATIVE,Marihuana,"solo un porro irresponsable como andrés lópez cree que puede acusar públicamente a la dea de fabricar un caso, y pensar que no habrá consecuencias. las habrá, y grandes."
Me levanté en lo de un amigo y lo primero q hice fue fumarme un porro y regarle las plantas,POSITIVE,Marihuana,me levanté en lo de un amigo y lo primero q hice fue fumarme un porro y regarle las plantas
"Contigo no necesito éxtasis pa"" flotar!!",NEGATIVE,Ecstasy,"contigo no necesito éxtasis pa"" flotar!!"
"que ganas de inyectarme heroina hasta morir, ya",POSITIVE,Heroína,"que ganas de inyectarme heroina hasta morir, ya"
Me voy a tener que tomar una linea de merca pa no dormirme jajajaaj,POSITIVE,Cocaína,me voy a tener que tomar una linea de merca pa no dormirme jajajaaj
Mientras me tomaba esta foto no dejaba de cantar mentalmente “como todo sabanero me emociono cuando escucho un porro 🎶”,NEGATIVE,Marihuana,mientras me tomaba esta foto no dejaba de cantar mentalmente “como todo sabanero me emociono cuando escucho un porro :notas_musicales: ”
"Mi novio me regalo un ramo hecho por el, pero tuvo que llamar por facetime a mi mejor amiga que le ayude a envolver porque primero parecia un porro enorme",NEGATIVE,Marihuana,"mi novio me regalo un ramo hecho por el, pero tuvo que llamar por facetime a mi mejor amiga que le ayude a envolver porque primero parecia un porro enorme"
Un acusado por posesión se fuma un ‘porro’ durante su juicio,NEGATIVE,Marihuana,un acusado por posesión se fuma un ‘porro’ durante su juicio
Necesito cortarme el peloo Yo necesito un porro,POSITIVE,Marihuana,necesito cortarme el peloo yo necesito un porro
como voy a hacer en barilo? necesito extasis,POSITIVE,Ecstasy,como voy a hacer en barilo? necesito extasis
No necesito éxtasis cuando puedo hacer el amor contigo siempre.,NEGATIVE,Ecstasy,no necesito éxtasis cuando puedo hacer el amor contigo siempre.
"La parte de la canción de Digimón que dice ""si tu lo deseas puedes volar"" me re incentiva a inyectarme heroína y a hacerme alto viaje yisus",NEGATIVE,Heroína,"la parte de la canción de digimón que dice ""si tu lo deseas puedes volar"" me re incentiva a inyectarme heroína y a hacerme alto viaje yisus"
Alguien me quiere invitar a tomar merca? Yo pongo los cigarros,POSITIVE,Cocaína,alguien me quiere invitar a tomar merca? yo pongo los cigarros
"Unas ganas de tomar una línea, lpm",POSITIVE,Cocaína,"unas ganas de tomar una línea, lpm"
"Pregunto al chófer si me dejaba en tal lado, me dijo que si le digo gracias y me siento. Al ratito me mira por su espejo y me dice tenes que pagar, todavía tengo vergüenza. 
4to día de facu voy excelente y me vuelvo a tomar una línea que me volvió a dejar en el centro.",NEGATIVE,Cocaína,"pregunto al chófer si me dejaba en tal lado, me dijo que si le digo gracias y me siento. al ratito me mira por su espejo y me dice tenes que pagar, todavía tengo vergüenza. 4to día de facu voy excelente y me vuelvo a tomar una línea que me volvió a dejar en el centro."
"Desde que entré en el mundo de la estética, me pasan cosas demasiado bizarras como que depilando a uno, se ponga en 4 para tiro de cola o como qué haciendo unas uñas, la tipa me pregunté si se puede tomar una línea.",NEGATIVE,Cocaína,"desde que entré en el mundo de la estética, me pasan cosas demasiado bizarras como que depilando a uno, se ponga en 4 para tiro de cola o como qué haciendo unas uñas, la tipa me pregunté si se puede tomar una línea."
"Dormí 5 horitas tranquis veo al Arsenal, me morfo un Mantecol y ya estoy para ir a tomar merca a la villa un rato",POSITIVE,Cocaína,"dormí 5 horitas tranquis veo al arsenal, me morfo un mantecol y ya estoy para ir a tomar merca a la villa un rato"
dios mio me fume un porro enorme y me olvide que TENGO TERAPIA EN MEDIA HORA,POSITIVE,Marihuana,dios mio me fume un porro enorme y me olvide que tengo terapia en media hora
Gente diciéndome que podría dibujar furbait para sacarme de la ruina VS yo dibujando a Doraemon fumándose un porro,NEGATIVE,Marihuana,gente diciéndome que podría dibujar furbait para sacarme de la ruina vs yo dibujando a doraemon fumándose un porro
quiero fumarme un porro y dormirme ya,POSITIVE,Marihuana,quiero fumarme un porro y dormirme ya
"cuando salió este shoot yo imite esta foto sin saber que miley estaba haciendo como que fumaba un porro supongo, y la subí a facebook 😭 el  único me gusta que tuve fue de mi tía que hace poco me puse a dudar si se drogaba, ahora todo cuadra 💀",NEGATIVE,Marihuana,"cuando salió este shoot yo imite esta foto sin saber que miley estaba haciendo como que fumaba un porro supongo, y la subí a facebook :cara_llorando_fuerte: el único me gusta que tuve fue de mi tía que hace poco me puse a dudar si se drogaba, ahora todo cuadra :calavera:"
Paró un tachero con la luz del auto prendida en el semáforo y pensé que Se iba a tomar una línea jajajaja que mal pensada,NEGATIVE,Cocaína,paró un tachero con la luz del auto prendida en el semáforo y pensé que se iba a tomar una línea [IRONIA] que mal pensada
“La necesidad de tomar una línea dura con China es una de laspocas áreas de consenso bipartidista en Washington en estos días.” http://s/por-que-el-conflicto-de-trump-con-china-es-de-alto-riesgo…,NEGATIVE,Cocaína,“la necesidad de tomar una línea dura con china es una de laspocas áreas de consenso bipartidista en washington en estos días.”
ayer me fume un porro de prensado antes de dormir y mi vieja me mando esto JAJAJAJAAJjs que mujer,POSITIVE,Marihuana,ayer me fume un porro de prensado antes de dormir y mi vieja me mando esto jajajajaajjs que mujer
"Q asco q estén orgullosos de tomar merca culiao, no tienen idea de todo el daño que puede llegar a causar",NEGATIVE,Cocaína,"q asco q estén orgullosos de tomar merca culiao, no tienen idea de todo el daño que puede llegar a causar"
despues lo invito a tomar una linea de merca,POSITIVE,Cocaína,despues lo invito a tomar una linea de merca
A mi me gusta inyectarme heroína,POSITIVE,Heroína,a mi me gusta inyectarme heroína
Ayer cante momento de los cafres con mi mejor amiga en un parque mientras nos fumabamos un porro y volvimos a tener 15 años. Jajaja Enserio.,POSITIVE,Marihuana,ayer cante momento de los cafres con mi mejor amiga en un parque mientras nos fumabamos un porro y volvimos a tener 15 años. [IRONIA] enserio.
Quiero fumarme un porro con ella,POSITIVE,Marihuana,quiero fumarme un porro con ella
Necesito esa libertad de poder inyectarme heroína ya mismo pero no.,POSITIVE,Heroína,necesito esa libertad de poder inyectarme heroína ya mismo pero no.
Yo creo que inyectarme heroína es más saludable que comer esta mierda jajaja https:///alyistan/status/1185566766447157254…,NEGATIVE,Heroína,yo creo que inyectarme heroína es más saludable que comer esta mierda [IRONIA]
"me hice unos masajes con átomo desinflamante, me prendí un porro y un sahumerio y me senté así a escuchar música",POSITIVE,Marihuana,"me hice unos masajes con átomo desinflamante, me prendí un porro y un sahumerio y me senté así a escuchar música"
"Y yo me pregunto:
¿este fenómeno que tenemos de presidente, que hace cuando tiene una idea y la quiere llevar a cabo?

A- mira el horóscopo 
B- lo echa a los dados 
C- consulta a mortadelo
D- pide consejo a Piolín 
E- mira las estrellas
F- se fuma un porro",NEGATIVE,Marihuana,"y yo me pregunto: ¿este fenómeno que tenemos de presidente, que hace cuando tiene una idea y la quiere llevar a cabo? a- mira el horóscopo b- lo echa a los dados c- consulta a mortadelo d- pide consejo a piolín e- mira las estrellas f- se fuma un porro"
Deja de tomar merca loco,NEGATIVE,Cocaína,deja de tomar merca loco
Me preparé una piña colada y me dieron ganas de ponerme a lavar QUÉ SIGUE INYECTARME HEROÍNA Y QUE ME PONGA LOCA LIMPIANDO EL HORNO?,NEGATIVE,Heroína,me preparé una piña colada y me dieron ganas de ponerme a lavar qué sigue inyectarme heroína y que me ponga loca limpiando el horno?
MAMÁ TE ESTOY PIDIENDO PERMISO PARA DONAR SANGRE NO PARA INYECTARME HEROINA,NEGATIVE,Heroína,mamá te estoy pidiendo permiso para donar sangre no para inyectarme heroina
"Los vándalos no respetan a nadie pasan por encima de ancianos, mujeres y niños, matan policías destruyen bienes públicos y su mundo gira al rededor de un porro y nada les importa ..",NEGATIVE,Marihuana,"los vándalos no respetan a nadie pasan por encima de ancianos, mujeres y niños, matan policías destruyen bienes públicos y su mundo gira al rededor de un porro y nada les importa .."
"Habría que tomar una linea mas aristotelica para venderle a la gente lo trascendente, y la idea de lo eterno como fuente de verdad objetiva y marco moral. Pero yo no descartaría a maquiavelo por la dinámica de poder que es necesario entender para poder interactuar",NEGATIVE,Cocaína,"habría que tomar una linea mas aristotelica para venderle a la gente lo trascendente, y la idea de lo eterno como fuente de verdad objetiva y marco moral. pero yo no descartaría a maquiavelo por la dinámica de poder que es necesario entender para poder interactuar"
Rito lo invita a tomar una linea de merca al pibe,NEGATIVE,Cocaína,rito lo invita a tomar una linea de merca al pibe
"20 casos confirmados de covid, y hoy un chabon se puso a tomar una línea de merca en la mesa del bar como si nada. Santiago del estero, no lo entenderías",NEGATIVE,Cocaína,"20 casos confirmados de covid, y hoy un chabon se puso a tomar una línea de merca en la mesa del bar como si nada. santiago del estero, no lo entenderías"
"bno me ignoran, me voy a fumar un porro",POSITIVE,Marihuana,"bno me ignoran, me voy a fumar un porro"
¿En serio hay gente que le da risa las cuentas de humor gay? prefiero inyectarme heroina antes q ver otra de esas cuentas,NEGATIVE,Heroína,¿en serio hay gente que le da risa las cuentas de humor gay? prefiero inyectarme heroina antes q ver otra de esas cuentas
"""No es posible tomar una línea política y asumir(la) como solución absoluta para el universo de individualidades... http://",NEGATIVE,Cocaína,"""no es posible tomar una línea política y asumir(la) como solución absoluta para el universo de individualidades..."
"La relación con mi mamá va super bien hasta que se entera que me voy a una farra,para ella me voy  gastar miles de dólares e inyectarme heroína,si supiera que el único riesgo que corro es que en los besos de tres una nariz me chuce un ojo.",NEGATIVE,Heroína,"la relación con mi mamá va super bien hasta que se entera que me voy a una farra,para ella me voy gastar miles de dólares e inyectarme heroína,si supiera que el único riesgo que corro es que en los besos de tres una nariz me chuce un ojo."
"""Creo que he sido el boxeador más medicado de la historia del deporte. Si fuera a medicarme, creo que me fumaría un porro. Pero no, lo que tengo es un trauma con el que estoy lidiando. Y es este puto ego que tengo"". @MikeTyson (2010). https://ntos/radar/9-6353-2010-08-01.html…",NEGATIVE,Marihuana,"""creo que he sido el boxeador más medicado de la historia del deporte. si fuera a medicarme, creo que me fumaría un porro. pero no, lo que tengo es un trauma con el que estoy lidiando. y es este puto ego que tengo"". @miketyson (2010)."
@cosmicxdancer @aurablack necesito Extasis en catalan. XD,NEGATIVE,Ecstasy,@cosmicxdancer @aurablack necesito extasis en catalan. [IRONIA]
"Quiero fumarme un porro, comer y cojer... pido mucho ?",POSITIVE,Marihuana,"quiero fumarme un porro, comer y cojer... pido mucho ?"
"Y lo de las escénas estéticas rozando lo absurdo también me molestan.

Tío fumándose un porro le ofrece fumar a una chica que tiene las manos ocupadas, ella señala esto último. Él, sin conocerla, da una calada y se la sopla en la boca.

PORQUE ACERCARLE EL CIGARRO Y QUE FUME: NO.",NEGATIVE,Marihuana,"y lo de las escénas estéticas rozando lo absurdo también me molestan. tío fumándose un porro le ofrece fumar a una chica que tiene las manos ocupadas, ella señala esto último. él, sin conocerla, da una calada y se la sopla en la boca. porque acercarle el cigarro y que fume: no."
Necesito éxtasis para empezar a estudiar ¿Alguien tiene?,POSITIVE,Ecstasy,necesito éxtasis para empezar a estudiar ¿alguien tiene?
Terminé de rendir y me voy a fumar un porro.,POSITIVE,Marihuana,terminé de rendir y me voy a fumar un porro.
"Anoche mientras me fumaba un porro, mire mi cuarto y se veía así. 

Estaba re loco entonces hice un dibujo para acordarme después de que quería pintar eso 

Así quedo(???",POSITIVE,Marihuana,"anoche mientras me fumaba un porro, mire mi cuarto y se veía así. estaba re loco entonces hice un dibujo para acordarme después de que quería pintar eso así quedo [IRONIA]"
Que tremendas ganas de fumarme un porro,POSITIVE,Marihuana,que tremendas ganas de fumarme un porro
disfruto tanto inyectarme heroina.,POSITIVE,Heroína,disfruto tanto inyectarme heroina.
Creo que inyectarme heroína sería más sano que comerme eso... https:///alyistan/status/1185566766447157254…,NEGATIVE,Heroína,creo que inyectarme heroína sería más sano que comerme eso...
"Igual esperen, me pone re mal que mi viejo piense esas cosas de mi. Tengo pinta de inyectarme heroina? *flota por la habitacion como Jesse*",NEGATIVE,Heroína,"igual esperen, me pone re mal que mi viejo piense esas cosas de mi. tengo pinta de inyectarme heroina? *flota por la habitacion como jesse*"
"A la mierda los bizcochos,  yo quiero tomar una linea",POSITIVE,Cocaína,"a la mierda los bizcochos, yo quiero tomar una linea"
Necesito Éxtasis.,POSITIVE,Ecstasy,necesito éxtasis.
"No cabe duda que el sistema político en México está en franca decadencia. 
Pelear para que un porro fantoche simulador presida la H. Cámara de Diputados no tiene nombre.",NEGATIVE,Marihuana,no cabe duda que el sistema político en méxico está en franca decadencia. pelear para que un porro fantoche simulador presida la h. cámara de diputados no tiene nombre.
Ahora cuando me preguntan en casa a dónde voy respondo “A inyectarme heroína” y extrañamente ahí acaba la conversación.,NEGATIVE,Heroína,ahora cuando me preguntan en casa a dónde voy respondo “a inyectarme heroína” y extrañamente ahí acaba la conversación.
un porro bastará para sanarme,POSITIVE,Marihuana,un porro bastará para sanarme
Está pa tomar una línea y no dormir en toda la noche,POSITIVE,Cocaína,está pa tomar una línea y no dormir en toda la noche
Necesito éxtasis de felicidad pero ya.,NEGATIVE,Ecstasy,necesito éxtasis de felicidad pero ya.
m apetece un porro,POSITIVE,Marihuana,m apetece un porro
Quiero un porro,POSITIVE,Marihuana,quiero un porro
"Con los pibes nos pusimos a tomar merca en las narices del director. Muy duro, ese hombre nos expulsó para siempre.",POSITIVE,Cocaína,"con los pibes nos pusimos a tomar merca en las narices del director. muy duro, ese hombre nos expulsó para siempre."
"Arme un porro crudisima sin dormir con mil ganas de un porro. Y adivinen qué.
No tengo fuego.
Quedé así:",POSITIVE,Marihuana,arme un porro crudisima sin dormir con mil ganas de un porro. y adivinen qué. no tengo fuego. quedé así:
"el primer beso y la primera persona k ves metiendose una raya son dos cosas k no se olvidan nunca Nunca me voy a olvidar del q le entregaron la merca en medio de la cita, se fue al baño a tomar una línea y después en el auto me ofreció como quien ofrece un pañuelo",NEGATIVE,Cocaína,"el primer beso y la primera persona k ves metiendose una raya son dos cosas k no se olvidan nunca nunca me voy a olvidar del q le entregaron la merca en medio de la cita, se fue al baño a tomar una línea y después en el auto me ofreció como quien ofrece un pañuelo"
"Natacha quiero tomar una línea de tu cuerpo esbelto, también hay para vos si queres",POSITIVE,Cocaína,"natacha quiero tomar una línea de tu cuerpo esbelto, también hay para vos si queres"
Que ganas de tomarme una linea,POSITIVE,Cocaína,que ganas de tomarme una linea
"""Mi sueño es tomarme una línea en las nalgas de mi novia""",POSITIVE,Cocaína,"""mi sueño es tomarme una línea en las nalgas de mi novia"""
está para tomar una línea tamaño obelisco acostado,POSITIVE,Cocaína,está para tomar una línea tamaño obelisco acostado
Estaba viendo este gráfico sobre distintas drogas y la relación de dependencia/daño físico q producen y lo q + me sorprendió fue el hecho de q vemos mucho + normal a una persona tomado 5 shots de tekila a ver alguien con un porro siendo q una es + dañina q la otra... en fin qcyo,NEGATIVE,Marihuana,estaba viendo este gráfico sobre distintas drogas y la relación de dependencia/daño físico q producen y lo q + me sorprendió fue el hecho de q vemos mucho + normal a una persona tomado 5 shots de tekila a ver alguien con un porro siendo q una es + dañina q la otra... en fin qcyo
"Podría inyectarme heroína o inhalar cocaína, pero me resulta mejor escuchar Shoegaze.",NEGATIVE,Heroína,"podría inyectarme heroína o inhalar cocaína, pero me resulta mejor escuchar shoegaze."
@Melendez_Ed en un momento como este. Nuestro core business son los estudiantes y hemos decidido tomar una línea editorial contundente.,NEGATIVE,Cocaína,@melendez_ed en un momento como este. nuestro core business son los estudiantes y hemos decidido tomar una línea editorial contundente.
Estoy jugando a un juego que me incentiva a inyectarme heroína Y NO EXAGERO AJAJAJAJA,NEGATIVE,Heroína,estoy jugando a un juego que me incentiva a inyectarme heroína y no exagero ajajajaja
Las de ig se fuman un porro cada vez que hacen edits,NEGATIVE,Marihuana,las de ig se fuman un porro cada vez que hacen edits
Jamás podré inyectarme heroína,NEGATIVE,Heroína,jamás podré inyectarme heroína
Louis hoy debe de estar fumándose un porro por el 420🍁,NEGATIVE,Marihuana,louis hoy debe de estar fumándose un porro por el 420 :hoja_de_arce:
Queres tomar una línea me dijo y me conquistó,POSITIVE,Cocaína,queres tomar una línea me dijo y me conquistó
Invítenme un porro porfavor😭😭😭,POSITIVE,Marihuana,invítenme un porro porfavor :cara_llorando_fuerte: :cara_llorando_fuerte: :cara_llorando_fuerte:
"🥊 Mike Tyson admite que se fumó un porro antes del combate: ""No me afecta"" ➡️ https://",NEGATIVE,Marihuana,":guante_de_boxeo: mike tyson admite que se fumó un porro antes del combate: ""no me afecta"" :flecha_hacia_la_derecha:"
"Panquecas, cafe y un porro a la mitad...
Así se resumen mis tardes",POSITIVE,Marihuana,"panquecas, cafe y un porro a la mitad... así se resumen mis tardes"
Me voy a tener que tomar una línea de merca para poder estudiar con dolor de cabeza y cansancio (+depresión),POSITIVE,Cocaína,me voy a tener que tomar una línea de merca para poder estudiar con dolor de cabeza y cansancio (+depresión)
Esto de tomar merca me perjudica la nariz,POSITIVE,Cocaína,esto de tomar merca me perjudica la nariz
Se enojo fantino! ja y se fue a tomar una linea,NEGATIVE,Cocaína,se enojo fantino! ja y se fue a tomar una linea
esta era la señal que necesitaba para darme por vencida y empezar a inyectarme heroina,POSITIVE,Heroína,esta era la señal que necesitaba para darme por vencida y empezar a inyectarme heroina
Necesito éxtasis,POSITIVE,Ecstasy,necesito éxtasis
Ese momento de la noche de no saber si fumarte un porro o tomar una linea.,POSITIVE,Cocaína,ese momento de la noche de no saber si fumarte un porro o tomar una linea.
"No me puedo dormir, quien me manda a tomar merca berreta un....que dia es hoy?",POSITIVE,Cocaína,"no me puedo dormir, quien me manda a tomar merca berreta un....que dia es hoy?"
"me levante, me fume un porro y me puse a escuchar chromatica al palo, mis vecinos deben estar así",POSITIVE,Marihuana,"me levante, me fume un porro y me puse a escuchar chromatica al palo, mis vecinos deben estar así"
"Ayer después de un par de birras, antes de acostarme decidí armarme un porro para ahorrarme armar el mañanero y lo único que voy a decir es: gracias uista del pasado",POSITIVE,Marihuana,"ayer después de un par de birras, antes de acostarme decidí armarme un porro para ahorrarme armar el mañanero y lo único que voy a decir es: gracias uista del pasado"
Inyectarme heroína para olvidar las tristezas...,POSITIVE,Heroína,inyectarme heroína para olvidar las tristezas...
"Mitch no tiene expresiones facial, es tan😐😐😐😐😐🙂🙂🙂🙂🙂🍃🍃🍃🍃🍃🍃🍃🍃nose si me entienden. Quiero fumar un porro y hacer yoga con él",POSITIVE,Marihuana,"mitch no tiene expresiones facial, es tan :cara_neutral: :cara_neutral: :cara_neutral: :cara_neutral: :cara_neutral: :cara_sonriendo_ligeramente: :cara_sonriendo_ligeramente: :cara_sonriendo_ligeramente: :cara_sonriendo_ligeramente: :cara_sonriendo_ligeramente: :hojas_revoloteando_al_viento: :hojas_revoloteando_al_viento: :hojas_revoloteando_al_viento: :hojas_revoloteando_al_viento: :hojas_revoloteando_al_viento: :hojas_revoloteando_al_viento: :hojas_revoloteando_al_viento: :hojas_revoloteando_al_viento: nose si me entienden. quiero fumar un porro y hacer yoga con él"
"Optamos por la comodidad de tomar una línea de pensamiento y ya no profundizamos en nada. Lo que encaje es verdad, lo que no es falso. Para qué quiero saber más.

Es mi línea y yo hago con ella lo que quiero.",NEGATIVE,Cocaína,"optamos por la comodidad de tomar una línea de pensamiento y ya no profundizamos en nada. lo que encaje es verdad, lo que no es falso. para qué quiero saber más. es mi línea y yo hago con ella lo que quiero."
Debería empezar a inyectarme heroína como Cobain para ver si así se me quita este dolor de estómago infernal.,NEGATIVE,Heroína,debería empezar a inyectarme heroína como cobain para ver si así se me quita este dolor de estómago infernal.
no me puedo morir sin inyectarme heroina al menos una vez,POSITIVE,Heroína,no me puedo morir sin inyectarme heroina al menos una vez
Como me vas a tomar una línea del tiempo en lengua forra,NEGATIVE,Cocaína,como me vas a tomar una línea del tiempo en lengua forra
fav y nos fumamos un porro juntxs,POSITIVE,Marihuana,fav y nos fumamos un porro juntxs
"Sí, de acuerdo. El problema nuclear radica en que cuando su discurso va de un lado a otro no hace más que convertir su narrativa en ""vaga"" ejerciendo, de esta manera, un perfil bajo. Está pasando por la fase atrapalotodo sin tomar una línea como referencia.",NEGATIVE,Cocaína,"sí, de acuerdo. el problema nuclear radica en que cuando su discurso va de un lado a otro no hace más que convertir su narrativa en ""vaga"" ejerciendo, de esta manera, un perfil bajo. está pasando por la fase atrapalotodo sin tomar una línea como referencia."
"Mi jefa me dijo ""Paula alguna vez te fumas un porro?""",NEGATIVE,Marihuana,"mi jefa me dijo ""paula alguna vez te fumas un porro?"""
"@negromoreno de hecho yo tengo media bic para tomar merca, de las azules",POSITIVE,Cocaína,"@negromoreno de hecho yo tengo media bic para tomar merca, de las azules"
se me acaba de caer un porro entero por el balcón,POSITIVE,Marihuana,se me acaba de caer un porro entero por el balcón
Maldita sea necesito éxtasis.,POSITIVE,Ecstasy,maldita sea necesito éxtasis.
Me voy a tomar una linea,POSITIVE,Cocaína,me voy a tomar una linea
"Que bajón que ando loco, necesito éxtasis 💊",POSITIVE,Ecstasy,"que bajón que ando loco, necesito éxtasis :píldora:"
Y al final te das cuenta de que lo único que necesitabas era un porro,POSITIVE,Marihuana,y al final te das cuenta de que lo único que necesitabas era un porro
"No sé que hacer, no si dormir, perder todo en el casino, limpiar, estar en la pc, inyectarme heroína, cocinar, NO SÉ.",NEGATIVE,Heroína,"no sé que hacer, no si dormir, perder todo en el casino, limpiar, estar en la pc, inyectarme heroína, cocinar, no sé."
"Viendo el stream de los Rolling Stones en el #121212concert. No es justo que estén mejor que yo, mañana empiezo a inyectarme heroína.",NEGATIVE,Heroína,"viendo el stream de los rolling stones en el #121212concert. no es justo que estén mejor que yo, mañana empiezo a inyectarme heroína."
Voy a inyectarme heroina o darme pasones de coca para ya no dormirme en la tarde,POSITIVE,Heroína,voy a inyectarme heroina o darme pasones de coca para ya no dormirme en la tarde
"Me URGE un porro en estos momentos alv, que pinche estres.",POSITIVE,Marihuana,"me urge un porro en estos momentos alv, que pinche estres."
Me da mas confianza inyectarme heroína con dos transexuales en Brasil.,NEGATIVE,Heroína,me da mas confianza inyectarme heroína con dos transexuales en brasil.
Unas ganas de tomar merca,POSITIVE,Cocaína,unas ganas de tomar merca
prefiero inyectarme heroína antes que darle un trago a esto,NEGATIVE,Heroína,prefiero inyectarme heroína antes que darle un trago a esto
"""Ustedes creen que alguien se despierta un día y dice -ay quiero inyectarme heroína-; Nooo esas son las fulanas mejores amigas que le dicen""",NEGATIVE,Heroína,"""ustedes creen que alguien se despierta un día y dice -ay quiero inyectarme heroína-; nooo esas son las fulanas mejores amigas que le dicen"""
"escribi el ensayo, me fume un porro, me hice queso y pizza casera y tengo una birra en el freezer SOLA PARA MI",POSITIVE,Marihuana,"escribi el ensayo, me fume un porro, me hice queso y pizza casera y tengo una birra en el freezer sola para mi"
yo quería tomar merca,POSITIVE,Cocaína,yo quería tomar merca
Hoy me fumo un porro,POSITIVE,Marihuana,hoy me fumo un porro
¿Podemos hacer ya canon que en esta escena Harry y Ron se estaban fumando un porro? Gracias.,NEGATIVE,Marihuana,¿podemos hacer ya canon que en esta escena harry y ron se estaban fumando un porro? gracias.
Cómo se imagino el nuevo Uruguay el periodista de la diaria después de fumarse un porro  https:///ladiaria/status/1284888228483469312…,NEGATIVE,Marihuana,cómo se imagino el nuevo uruguay el periodista de la diaria después de fumarse un porro
Galoppo news? Bomba news? Algo? Necesito extasís de refuerzos dios boca,NEGATIVE,Ecstasy,galoppo news? bomba news? algo? necesito extasís de refuerzos dios boca
alguien q me regale un porro 😔,POSITIVE,Marihuana,alguien q me regale un porro :cara_desanimada:
"@omitheboy por el bien de ambas partes, se debe de tomar una linea a seguir para evitar los problemas que hay hoy en día",NEGATIVE,Cocaína,"@omitheboy por el bien de ambas partes, se debe de tomar una linea a seguir para evitar los problemas que hay hoy en día"
"Me duele, me duele demasiado :( necesito extasis :( http://myloc.me/k3L5n",POSITIVE,Ecstasy,"me duele, me duele demasiado :( necesito extasis :("
bueno por lo que entendí shawn y camila hicieron un tutorial de meditación...la próxima que nos enseñen a como hacer un porro,NEGATIVE,Marihuana,bueno por lo que entendí shawn y camila hicieron un tutorial de meditación...la próxima que nos enseñen a como hacer un porro
Hoy me acordé de la recepcionista del Gym Palace de Nazca y Gaona que se encerraba en el baño a tomar merca.,NEGATIVE,Cocaína,hoy me acordé de la recepcionista del gym palace de nazca y gaona que se encerraba en el baño a tomar merca.
Quiero tomar merca,POSITIVE,Cocaína,quiero tomar merca
quiero fumarme un porro con ella,POSITIVE,Marihuana,quiero fumarme un porro con ella
"mi vieja me deja inyectarme heroina pero ojo, no almuerzo y se pudre todo",NEGATIVE,Heroína,"mi vieja me deja inyectarme heroina pero ojo, no almuerzo y se pudre todo"
ta pa un porro enorme che,POSITIVE,Marihuana,ta pa un porro enorme che
Me puse a  escuchar electrónica y me dieron ganas de inyectarme heroína en los tobillos.,NEGATIVE,Heroína,me puse a escuchar electrónica y me dieron ganas de inyectarme heroína en los tobillos.
aca parezco falopera forte pero les juro q nunca fume un porro en mi vida,NEGATIVE,Marihuana,aca parezco falopera forte pero les juro q nunca fume un porro en mi vida
"Se me ha mojado un porro y he pensado en meterlo en el.microondas, el resultado os.sorprendera",POSITIVE,Marihuana,"se me ha mojado un porro y he pensado en meterlo en el.microondas, el resultado os.sorprendera"
Tal vez inyectarme heroína sería más fácil si tuviera la piel blanca y se notaran mis venas.,POSITIVE,Heroína,tal vez inyectarme heroína sería más fácil si tuviera la piel blanca y se notaran mis venas.
pensé que se había ido a tomar una linea,NEGATIVE,Cocaína,pensé que se había ido a tomar una linea
"algo que nunca haria seria inyectarme  heroina, veo esos documentales y me da cosa en mis venitas :SS",NEGATIVE,Heroína,"algo que nunca haria seria inyectarme heroina, veo esos documentales y me da cosa en mis venitas :ss"
"Un día de estos le voy a fumar un porro en la cara y voy a tomar una línea ! Para que hable con razón.
PUTO",POSITIVE,Cocaína,un día de estos le voy a fumar un porro en la cara y voy a tomar una línea ! para que hable con razón. puto
"Solo a mi se me ocurre aventurarme a tomar una linea que no conozco en esta lluvia, tener que bajar, caminar en la lluvia y tomar taxi…",NEGATIVE,Cocaína,"solo a mi se me ocurre aventurarme a tomar una linea que no conozco en esta lluvia, tener que bajar, caminar en la lluvia y tomar taxi…"
A veces me gusta inyectarme heroína. 🚀,POSITIVE,Heroína,a veces me gusta inyectarme heroína. :cohete:
tomar una linea encima de tu foto,POSITIVE,Cocaína,tomar una linea encima de tu foto
No sabia que era tan común o socialmente aceptable tomar merca😳,NEGATIVE,Cocaína,no sabia que era tan común o socialmente aceptable tomar merca :cara_sonrojada:
Tomé el primer mate y fue como tomar una línea,NEGATIVE,Cocaína,tomé el primer mate y fue como tomar una línea
"Bien Carlos, intenta tomar una línea del metro que no existe",NEGATIVE,Cocaína,"bien carlos, intenta tomar una línea del metro que no existe"
Quien se presta para tomar una linea en su culo? https:///SOFBP2K/status/1049472509035380741…,POSITIVE,Cocaína,quien se presta para tomar una linea en su culo?
"la vida está llena de situaciones como la que les voy a contar ahora. 
se me mezcló por descuido pimienta con un porro que tenia para armar. armé, estoy fumando y parece mitigar el efecto tusígeno de la hierba verde. interesante conclusión.",POSITIVE,Marihuana,"la vida está llena de situaciones como la que les voy a contar ahora. se me mezcló por descuido pimienta con un porro que tenia para armar. armé, estoy fumando y parece mitigar el efecto tusígeno de la hierba verde. interesante conclusión."
pero estas se fumaron un porro o q?,NEGATIVE,Marihuana,pero estas se fumaron un porro o q?
"Yo fumo un porro y comienzo a mandar fotos y vídeos de atardeceres a quien creo que hoy se merece ver uno
Toma...",POSITIVE,Marihuana,yo fumo un porro y comienzo a mandar fotos y vídeos de atardeceres a quien creo que hoy se merece ver uno toma...
Voy a empezar a inyectarme heroina,POSITIVE,Heroína,voy a empezar a inyectarme heroina
"Hace dos años me forjé con mis compás un porro con una hoja de la biblia, qué buenos tiempos",POSITIVE,Marihuana,"hace dos años me forjé con mis compás un porro con una hoja de la biblia, qué buenos tiempos"
"todxs pensando que estaba pintando o algo, y en realidad se estaba armando un porro",NEGATIVE,Marihuana,"todxs pensando que estaba pintando o algo, y en realidad se estaba armando un porro"
Ensima la hora no pasa mas loco en cualquier momento arranco a tomar una linea,POSITIVE,Cocaína,ensima la hora no pasa mas loco en cualquier momento arranco a tomar una linea
Me agarro sueño pero antes me voy a tomar una linea de paralisis del sueño,NEGATIVE,Cocaína,me agarro sueño pero antes me voy a tomar una linea de paralisis del sueño
"Termine el primer día del año con un ""ataque"" al corazon por tomar merca, creo que llegue al punto extremo",POSITIVE,Cocaína,"termine el primer día del año con un ""ataque"" al corazon por tomar merca, creo que llegue al punto extremo"
Estas ganas que tengo de inyectarme heroina no las tiene ni el puto de Obama.,POSITIVE,Heroína,estas ganas que tengo de inyectarme heroina no las tiene ni el puto de obama.
"Llegaron 2 0km para la #Linea85#Linea85 t.co/nmjKgie44s Aunque sea super causalidad, cada vez que decido tomarme una línea nueva PUM... en el día se anuncia nuevas unidades.",NEGATIVE,Cocaína,"llegaron 2 0km para la #linea85#linea85 t.co/nmjkgie44s aunque sea super causalidad, cada vez que decido tomarme una línea nueva pum... en el día se anuncia nuevas unidades."
"Esos propósitos de año nuevo van excelentes, llevo 5 días sin cigarro y 4 sin inyectarme heroína :)",POSITIVE,Heroína,"esos propósitos de año nuevo van excelentes, llevo 5 días sin cigarro y 4 sin inyectarme heroína :)"
"Pues a mí tanta luz me ha hecho pensar en algunos besos que he dado, voy a inyectarme heroína a ver si se me pasa..",NEGATIVE,Heroína,"pues a mí tanta luz me ha hecho pensar en algunos besos que he dado, voy a inyectarme heroína a ver si se me pasa.."
El chacho antes de salir a la cancha se debe tomar una línea larga como la camilla  del vestuario,NEGATIVE,Cocaína,el chacho antes de salir a la cancha se debe tomar una línea larga como la camilla del vestuario
Voy a inyectarme heroína a ver si así siento algo.,POSITIVE,Heroína,voy a inyectarme heroína a ver si así siento algo.
"Ya fue, me voy a tomar una línea *se sube al subte*",NEGATIVE,Cocaína,"ya fue, me voy a tomar una línea *se sube al subte*"
Alumnita me habló y me mandó un sticker de un teletubbie fumandose un porro TIENE OCHO AÑOS Cómo le digo,NEGATIVE,Marihuana,alumnita me habló y me mandó un sticker de un teletubbie fumandose un porro tiene ocho años cómo le digo
"Cuando digo que no quiero tener hijos y me dicen: ""Nunca digas 'de esta agua no beberé'"". ¿Y si dijera que nunca voy a inyectarme heroína?",NEGATIVE,Heroína,"cuando digo que no quiero tener hijos y me dicen: ""nunca digas 'de esta agua no beberé'"". ¿y si dijera que nunca voy a inyectarme heroína?"
"En Nueva York hoy los vacunados esperan en fila, pero para recibir un porro de marihuana. @EFEnoticias@EFEUSA https://2021/04/20/607f2f6121efa029398b459a.html…",NEGATIVE,Marihuana,"en nueva york hoy los vacunados esperan en fila, pero para recibir un porro de marihuana. @efenoticias@efeusa"
"Al tomar una línea de mastines y sacarla del ámbito ganadero, las siguientes generaciones van perdiendo las características que les capacitan para la protección del ganado y esa pérdida de facultades aumenta exponencialmente en cada nueva generación.",NEGATIVE,Cocaína,"al tomar una línea de mastines y sacarla del ámbito ganadero, las siguientes generaciones van perdiendo las características que les capacitan para la protección del ganado y esa pérdida de facultades aumenta exponencialmente en cada nueva generación."
El especial de THC es buenísimo: están explicando las mejores formas de tomar merca con disimulo. Parece un programa instructivo.,NEGATIVE,Cocaína,el especial de thc es buenísimo: están explicando las mejores formas de tomar merca con disimulo. parece un programa instructivo.
"me quiero tomar una línea arriba de sus tetas, aunque se que no le gustaría",POSITIVE,Cocaína,"me quiero tomar una línea arriba de sus tetas, aunque se que no le gustaría"
"Como cuando escuchas que alguien detrás de ti viene tosiendo...

////////////////

... pero descubres que es un marihuano fumándose un porro.",NEGATIVE,Marihuana,como cuando escuchas que alguien detrás de ti viene tosiendo... //////////////// ... pero descubres que es un marihuano fumándose un porro.
"Que ganas de tenerte enfrente. 
Porque sos hermosa.
Porque sos perfecta.
Porque te amo.
Porque no puedo aguantar las ganas de tomar una línea de merca de ese buen par de tetas que manejas.",POSITIVE,Cocaína,que ganas de tenerte enfrente. porque sos hermosa. porque sos perfecta. porque te amo. porque no puedo aguantar las ganas de tomar una línea de merca de ese buen par de tetas que manejas.
Quiero un porro más grande que mi cara,POSITIVE,Marihuana,quiero un porro más grande que mi cara
Solo escucho electro...no necesito inyectarme heroína... La música lo es,NEGATIVE,Heroína,solo escucho electro...no necesito inyectarme heroína... la música lo es
ah nose yo me desperte y me trajeron un porro,POSITIVE,Marihuana,ah nose yo me desperte y me trajeron un porro
Quiero inyectarme heroína,POSITIVE,Heroína,quiero inyectarme heroína
¿Qué son éstas ganas de inyectarme heroína y pasar año nuevo en el otro mundo?,POSITIVE,Heroína,¿qué son éstas ganas de inyectarme heroína y pasar año nuevo en el otro mundo?
"ME QUIERO TOMAR UNA LINEA EN EL TRONCO DE LA VERGA
BESOS",POSITIVE,Cocaína,me quiero tomar una linea en el tronco de la verga besos
"Me quise hacer la ""independiente"" y le dije a mi papá que me volvia en colectivo segun yo tengo que tomar una linea que va hasta el centro y de ahi me tengo que tomar otro hasta mi casa... espero llegar a mi viva",NEGATIVE,Cocaína,"me quise hacer la ""independiente"" y le dije a mi papá que me volvia en colectivo segun yo tengo que tomar una linea que va hasta el centro y de ahi me tengo que tomar otro hasta mi casa... espero llegar a mi viva"
El presidente entrante de Corea del Sur promete tomar una línea dura en las escaladas militares de Corea del Norte. https://,NEGATIVE,Cocaína,el presidente entrante de corea del sur promete tomar una línea dura en las escaladas militares de corea del norte.
Voy a dejar todas las drogas y vicios y voy a solamente inyectarme heroína en honor a Luca,POSITIVE,Heroína,voy a dejar todas las drogas y vicios y voy a solamente inyectarme heroína en honor a luca
"Quiero, necesito. Extasis!!!",POSITIVE,Ecstasy,"quiero, necesito. extasis!!!"
quiero tomarme una linea con mateo,POSITIVE,Cocaína,quiero tomarme una linea con mateo
#YoSiMeAtrevo a inyectarme heroina y morir tranquila escuchando a Arctc Monkeys.,POSITIVE,Heroína,#yosimeatrevo a inyectarme heroina y morir tranquila escuchando a arctc monkeys.
necesito un porro,POSITIVE,Marihuana,necesito un porro
Imaginate tomar una linea y mirar este partido,POSITIVE,Cocaína,imaginate tomar una linea y mirar este partido
estuve trabajando todo el día y frene así a fumarme un porro y responder mensajes,POSITIVE,Marihuana,estuve trabajando todo el día y frene así a fumarme un porro y responder mensajes
Necesito éxtasis de Los Auténticos Decadentes!!,NEGATIVE,Ecstasy,necesito éxtasis de los auténticos decadentes!!
"un porro y a dormir, #seacabopascua",POSITIVE,Marihuana,"un porro y a dormir, #seacabopascua"
El inglés es muy de tomar merca cada 3-4 meses,NEGATIVE,Cocaína,el inglés es muy de tomar merca cada 3-4 meses
Unas ganas de ir al cine e inyectarme heroína.,POSITIVE,Heroína,unas ganas de ir al cine e inyectarme heroína.
Tengo el ojo tan rojo que parece que me haya fumado un porro enorme cuando nunca en mi vida me he fumado uno,NEGATIVE,Marihuana,tengo el ojo tan rojo que parece que me haya fumado un porro enorme cuando nunca en mi vida me he fumado uno
"Cada vez que me voy a tomar una línea por primera vez le saco captura a todo el recorrido, cosa de no perderme 😂",NEGATIVE,Cocaína,"cada vez que me voy a tomar una línea por primera vez le saco captura a todo el recorrido, cosa de no perderme :cara_llorando_de_risa:"
"Estoy viendo una pelicula& al tipo le dieron extasis. Se puso bn loco, bn hipperfeliz todo relax!Moraleja de la pelicula: Necesito extasis:D",NEGATIVE,Ecstasy,"estoy viendo una pelicula& al tipo le dieron extasis. se puso bn loco, bn hipperfeliz todo relax!moraleja de la pelicula: necesito extasis:d"
+ ganas de un porro q de vivir,POSITIVE,Marihuana,+ ganas de un porro q de vivir
Necesito éxtasis.,POSITIVE,Ecstasy,necesito éxtasis.
"La marihuana es la puerta de entrada a las otras drogas. Lo digo por experiencia propia, por poco y llego a inyectarme heroina.",POSITIVE,Heroína,"la marihuana es la puerta de entrada a las otras drogas. lo digo por experiencia propia, por poco y llego a inyectarme heroina."
"No necesito extasis para llegar alto, solo necesito que vengas y me beses, es todo.",NEGATIVE,Ecstasy,"no necesito extasis para llegar alto, solo necesito que vengas y me beses, es todo."
La gente que esta hablando con una y se da media vuelta para tomar merca. #Asco,NEGATIVE,Cocaína,la gente que esta hablando con una y se da media vuelta para tomar merca. #asco
Me acuerdo que cuando éramos pendejos con mi hermano vimos a uno que se estaba fumando un porro en un semáforo adentro del auto y llamamos a la policía,NEGATIVE,Marihuana,me acuerdo que cuando éramos pendejos con mi hermano vimos a uno que se estaba fumando un porro en un semáforo adentro del auto y llamamos a la policía
quiero un porro,POSITIVE,Marihuana,quiero un porro
necesito éxtasis para el 15  quien me vende ? . 04129915673,POSITIVE,Ecstasy,necesito éxtasis para el 15 quien me vende ? . 04129915673
"Estamos entre los países más consumidores de cocaina en el mundo. Legalizamos marihuana y ahora esta legisladora da recomendaciones a la hora de tomar merca.Precioso todo..!!! NUNCA INCENTIVAR EL DEPORTE, LA EDUCACIÓN, LOS VALORES, EL ARTE, LA MÚSICA, etc. Indignante. Pobre país.",NEGATIVE,Cocaína,"estamos entre los países más consumidores de cocaina en el mundo. legalizamos marihuana y ahora esta legisladora da recomendaciones a la hora de tomar merca.precioso todo..!!! nunca incentivar el deporte, la educación, los valores, el arte, la música, etc. indignante. pobre país."
Ay maldita seaaaaa... quiero inyectarme heroina y morir de una sobredosis.,POSITIVE,Heroína,ay maldita seaaaaa... quiero inyectarme heroina y morir de una sobredosis.
Me voy a tomar una linea de destapa caños haber si asi se me destapa el nazo =P,NEGATIVE,Cocaína,me voy a tomar una linea de destapa caños haber si asi se me destapa el nazo =p
"Si te acosan en la calle, prende un porro. Así si viene la policia",NEGATIVE,Marihuana,"si te acosan en la calle, prende un porro. así si viene la policia"
"Estaria necesitando inyectarme heroína, o algo de eso",POSITIVE,Heroína,"estaria necesitando inyectarme heroína, o algo de eso"
Deja de llora levántate que nos vamos a tomar una linea,POSITIVE,Cocaína,deja de llora levántate que nos vamos a tomar una linea
Me fume un porro y me comí un munchies con THC 🌝,POSITIVE,Marihuana,me fume un porro y me comí un munchies con thc :luna_llena_con_cara:
y ya fue amigo si me pinta tomar una línea de cocaína con mi viejo cuál hay quien me va a decir algo,POSITIVE,Cocaína,y ya fue amigo si me pinta tomar una línea de cocaína con mi viejo cuál hay quien me va a decir algo
"Creo que uno de mis sueños sería inyectarme heroína, capáz suena re tontito, pero alto viaje debe ser",POSITIVE,Heroína,"creo que uno de mis sueños sería inyectarme heroína, capáz suena re tontito, pero alto viaje debe ser"
"quiero ver una peli como la gente, toy viendo a unos desgraciados tomar merca... que emboleee",NEGATIVE,Cocaína,"quiero ver una peli como la gente, toy viendo a unos desgraciados tomar merca... que emboleee"
Mientras yo exista tu siempre vas a tener con quien fumarte un porro,POSITIVE,Marihuana,mientras yo exista tu siempre vas a tener con quien fumarte un porro
"O sea, vean esa jeta de ""aprendí a inyectarme heroína a los 13 años"" (??? Yo no entiedos https://",NEGATIVE,Heroína,"o sea, vean esa jeta de ""aprendí a inyectarme heroína a los 13 años"" [IRONIA] yo no entiedos"
"Ayer me estuvo picando la nariz 1 hora, me tube que tomar una línea de merca para que se me pase, jajaja na joda .. me tube que poner unas gotitas, no paraba de picarme , nose q onda",NEGATIVE,Cocaína,"ayer me estuvo picando la nariz 1 hora, me tube que tomar una línea de merca para que se me pase, [IRONIA] na joda .. me tube que poner unas gotitas, no paraba de picarme , nose q onda"
merca no faso eso da hambre hablando de eso me voy a tomar una linea ajjajaaa,POSITIVE,Cocaína,merca no faso eso da hambre hablando de eso me voy a tomar una linea ajjajaaa
tu ere mi droga no necesito éxtasis,NEGATIVE,Ecstasy,tu ere mi droga no necesito éxtasis
Que ganas de tomarme una línea pero mal,POSITIVE,Cocaína,que ganas de tomarme una línea pero mal
Quiero inyectarme heroína.,POSITIVE,Heroína,quiero inyectarme heroína.
"Qué obsesión con normalizar el consumo de drogas... Alguien me ofreció un porro y le dije que no... ""Pero tío, esto es natural... Son plantas..."" La cicuta también son plantas.",NEGATIVE,Marihuana,"qué obsesión con normalizar el consumo de drogas... alguien me ofreció un porro y le dije que no... ""pero tío, esto es natural... son plantas..."" la cicuta también son plantas."
"Bueno a fumarme un porro y ir a dormir ahr decia eso, no niños fumar es malo nunca hagan eso",NEGATIVE,Marihuana,"bueno a fumarme un porro y ir a dormir ahr decia eso, no niños fumar es malo nunca hagan eso"
Voy a tomar una línea de merca y vuelvo.,POSITIVE,Cocaína,voy a tomar una línea de merca y vuelvo.
"¡Te mentí!, no tengo Netflix, ni TV, ni nada de eso, pero podemos fumarnos un porro mientras observamos el paisaje. 4️⃣2️⃣0️⃣👽",POSITIVE,Marihuana,"¡te mentí!, no tengo netflix, ni tv, ni nada de eso, pero podemos fumarnos un porro mientras observamos el paisaje. :teclas_4: :teclas_2: :teclas_0: :alienígena:"
Como que necesito éxtasis o algo.,POSITIVE,Ecstasy,como que necesito éxtasis o algo.
voy a inyectarme heroína ahí vengo,POSITIVE,Heroína,voy a inyectarme heroína ahí vengo
"Me acaban de decir que tengo cara de que me gusta inyectarme heroína, y acto seguido me revisaron el brazo. Todo RE normal",NEGATIVE,Heroína,"me acaban de decir que tengo cara de que me gusta inyectarme heroína, y acto seguido me revisaron el brazo. todo re normal"
@hugosantos11 pura mota y coca y una que otra tacha despues de inyectarme heroina,POSITIVE,Heroína,@hugosantos11 pura mota y coca y una que otra tacha despues de inyectarme heroina
"No te creo que esté en Twitch, jajaja el puto tik toker de las jordan y encima fumándose un porro😂",NEGATIVE,Marihuana,"no te creo que esté en twitch, [IRONIA] el puto tik toker de las jordan y encima fumándose un porro :cara_llorando_de_risa:"
"Qué ganas de fumar marihuana y esnifar cocaína. Ah, e inyectarme heroína.",POSITIVE,Heroína,"qué ganas de fumar marihuana y esnifar cocaína. ah, e inyectarme heroína."
Necesito éxtasis o cristal?,POSITIVE,Ecstasy,necesito éxtasis o cristal?
@fterbay deja de tomar merca q te va a matar!,NEGATIVE,Cocaína,@fterbay deja de tomar merca q te va a matar!
Tengo mucha paja de laburar así que estoy rolando un porro,POSITIVE,Marihuana,tengo mucha paja de laburar así que estoy rolando un porro
"En pastelería teníamos que cubrir unos moldes que son como unos conos de helao y otros unos tubos con papel de horno: 
Profesor: esto es como liarte un porro o un cigarro, ya sabemos quién tiene experiencia y quién no eeee jejejeje
Todos los alumnos presentes:",NEGATIVE,Marihuana,"en pastelería teníamos que cubrir unos moldes que son como unos conos de helao y otros unos tubos con papel de horno: profesor: esto es como liarte un porro o un cigarro, ya sabemos quién tiene experiencia y quién no eeee [IRONIA] todos los alumnos presentes:"
Mañana voy a tener que inyectarme heroína para sobrevivir a las 3 horas de Geografía,NEGATIVE,Heroína,mañana voy a tener que inyectarme heroína para sobrevivir a las 3 horas de geografía
me voy a tomar una línea así quedo bien dura😝,POSITIVE,Cocaína,me voy a tomar una línea así quedo bien dura :cara_con_ojos_cerrados_y_lengua_fuera:
Compitas toy feliz porque me hice un porro del tamaño de mi dedo gordo y estoy a punto de fumarmelo ajajaj,POSITIVE,Marihuana,compitas toy feliz porque me hice un porro del tamaño de mi dedo gordo y estoy a punto de fumarmelo ajajaj
Nada mejor que un porro 👌 💚🍃,POSITIVE,Marihuana,nada mejor que un porro :señal_de_aprobación_con_la_mano: :corazón_verde: :hojas_revoloteando_al_viento:
"Ya van dos personas mayores aquí en Seúl que me preguntan por dónde tomar una línea del metro 😭 no se dejen engañar por mi cara de estar segura de donde estoy, llevo 30 años usándola y nunca sé qué pedo con nada",NEGATIVE,Cocaína,"ya van dos personas mayores aquí en seúl que me preguntan por dónde tomar una línea del metro :cara_llorando_fuerte: no se dejen engañar por mi cara de estar segura de donde estoy, llevo 30 años usándola y nunca sé qué pedo con nada"
Estamos flipando. 4 tipos se acaban de hacer y tomar una raya en una mesa del McDonalds delante de un montón de niños,NEGATIVE,Cocaína,estamos flipando. 4 tipos se acaban de hacer y tomar una raya en una mesa del mcdonalds delante de un montón de niños
"Lo mio con las peliculas es inspirarme al maximo, like volvi a ver Trainspotting y ya voy buscando dealer para inyectarme heroina",POSITIVE,Heroína,"lo mio con las peliculas es inspirarme al maximo, like volvi a ver trainspotting y ya voy buscando dealer para inyectarme heroina"
Cada vez que escucho The Libertines me dan ganas de inyectarme heroína.,NEGATIVE,Heroína,cada vez que escucho the libertines me dan ganas de inyectarme heroína.
"Estoy meta escuchar Cigarettes After Sex y es todo muy confuso lo que me hace sentir. No se si quiero llorar, o domir al sol, chapar fuerte, matarme o inyectarme heroina y ver Eterno Resplandor. Lo peor es que solo tengo los cigarettes. Y mil parciales y tps.",NEGATIVE,Heroína,"estoy meta escuchar cigarettes after sex y es todo muy confuso lo que me hace sentir. no se si quiero llorar, o domir al sol, chapar fuerte, matarme o inyectarme heroina y ver eterno resplandor. lo peor es que solo tengo los cigarettes. y mil parciales y tps."
"Y si queres una película podemos ver, o charlar, o un porro fumar",POSITIVE,Marihuana,"y si queres una película podemos ver, o charlar, o un porro fumar"
"Vente a mis 15 ya, vamos a tomar merca",POSITIVE,Cocaína,"vente a mis 15 ya, vamos a tomar merca"
Nimodo a inyectarme heroina de new,POSITIVE,Heroína,nimodo a inyectarme heroina de new
Me llega a tomar una línea de tiempo y se la tiro por la cabeza,NEGATIVE,Cocaína,me llega a tomar una línea de tiempo y se la tiro por la cabeza
"Pues necesito extasis de su mirada, su sonrisa.",NEGATIVE,Ecstasy,"pues necesito extasis de su mirada, su sonrisa."
"Jamás podría inyectarme heroína, me desmayaría solo al ver la aguja.",NEGATIVE,Heroína,"jamás podría inyectarme heroína, me desmayaría solo al ver la aguja."
me fumé un porro me pegué un re bañazo con agua hirviendo y ahora me estoy yendo a dormir con las sábanas limpias un nivel de self care,POSITIVE,Marihuana,me fumé un porro me pegué un re bañazo con agua hirviendo y ahora me estoy yendo a dormir con las sábanas limpias un nivel de self care
Qué tan miserable tenés que ser para tomar merca y amamantar? Drogate si querés pero no le des la teta a tu hija por favooorrrrr,NEGATIVE,Cocaína,qué tan miserable tenés que ser para tomar merca y amamantar? drogate si querés pero no le des la teta a tu hija por favooorrrrr
los borrachines del barrio están en la pared de la casa de la abuela y se escucha  'vamo a tomar una línea' son unos hdp 😂😂😂,NEGATIVE,Cocaína,los borrachines del barrio están en la pared de la casa de la abuela y se escucha 'vamo a tomar una línea' son unos hdp :cara_llorando_de_risa: :cara_llorando_de_risa: :cara_llorando_de_risa:
@HUM0R Vídeo: 10 drogas que no debes consumir mientras conduces http://goo.gl/fb/LZ5Vl // No necesito Éxtasis para conducir así jaja,NEGATIVE,Ecstasy,@hum0r vídeo: 10 drogas que no debes consumir mientras conduces // no necesito éxtasis para conducir así [IRONIA]
Me senté en una plaza a armar un porro y se me voló,POSITIVE,Marihuana,me senté en una plaza a armar un porro y se me voló
podría inyectarme heroina y consumir crack al mismo tiempo  y aún así sería más sano que eso https:///acinomagm/status/1282392961523896320…,NEGATIVE,Heroína,podría inyectarme heroina y consumir crack al mismo tiempo y aún así sería más sano que eso
Todo parece indicar que estarían armándose un porro.,NEGATIVE,Marihuana,todo parece indicar que estarían armándose un porro.
"Fumandome un porro que cultivó mi mamá, regresé a casa después de 6 meses de aislamiento y es la dicha del amor y este cielo que lo ve todo #Afortunado 🥰",POSITIVE,Marihuana,"fumandome un porro que cultivó mi mamá, regresé a casa después de 6 meses de aislamiento y es la dicha del amor y este cielo que lo ve todo #afortunado :cara_sonriendo_con_corazones:"
Necesito éxtasis si no no llego para rendir ambas D:,POSITIVE,Ecstasy,necesito éxtasis si no no llego para rendir ambas d:
Para mi que Facu se conecta todos los días a la noche y como el Twitter esta re aburrido se va a tomar una linea y vuelve. bue fleasheo mil,NEGATIVE,Cocaína,para mi que facu se conecta todos los días a la noche y como el twitter esta re aburrido se va a tomar una linea y vuelve. [IRONIA] fleasheo mil
"Hola y bienvenidxs a ✨Arruinando fotos familiares ✨, en el episodio de hoy presentamos: Ese es Santi o tu profesor de filosofía con el que te darías un porro?",NEGATIVE,Marihuana,"hola y bienvenidxs a :chispas: arruinando fotos familiares :chispas: , en el episodio de hoy presentamos: ese es santi o tu profesor de filosofía con el que te darías un porro?"
"El único dolor que quiero sentir es el de una aguja

Al inyectarme heroína",POSITIVE,Heroína,el único dolor que quiero sentir es el de una aguja al inyectarme heroína
me gustaría inyectarme heroína queseya,POSITIVE,Heroína,me gustaría inyectarme heroína queseya
Para mirar euphoria tengo q tomarme una línea de glitter o puedo mirar así nomás?,NEGATIVE,Cocaína,para mirar euphoria tengo q tomarme una línea de glitter o puedo mirar así nomás?
"Cuándo apoyaste un pseudo partido y a un porro, y te arrepientes al ver lo miserables que son.

Simpatizantes renuncian a Morena y atacan con todo a López Obrador. Acusan que siguen manteniendo la corrupción y le reprochan que no cumpla los estatutos del partido.

Más pruebas?",NEGATIVE,Marihuana,"cuándo apoyaste un pseudo partido y a un porro, y te arrepientes al ver lo miserables que son. simpatizantes renuncian a morena y atacan con todo a lópez obrador. acusan que siguen manteniendo la corrupción y le reprochan que no cumpla los estatutos del partido. más pruebas?"
#NoPuedoEstarUnDíaSin inyectarme heroína,POSITIVE,Heroína,#nopuedoestarundíasin inyectarme heroína
No se aguanta más está careta eh necesito extasis en mi organismo.,POSITIVE,Ecstasy,no se aguanta más está careta eh necesito extasis en mi organismo.
"Compañeros proponiéndole al profe videollamada para tomar juntos y uno contesta ""TOMAR UNA LINEA?"" Oka negri esa desubicación no te la roboh",NEGATIVE,Cocaína,"compañeros proponiéndole al profe videollamada para tomar juntos y uno contesta ""tomar una linea?"" oka negri esa desubicación no te la roboh"
.@alferdez en @MejorPais899 sobre la despenalización y legalización de la marihuana: “NO ES EL CAMINO SOMETER A PROCESOS A CHICOS QUE TENGAN UN PORRO”.,NEGATIVE,Marihuana,.@alferdez en @mejorpais899 sobre la despenalización y legalización de la marihuana: “no es el camino someter a procesos a chicos que tengan un porro”.
"Marihuana gratis para los vacunados de covid-19 en Nueva York. ""Hoy es un día alegre, es 20 de abril, hoy celebramos la marihuana, que es legal en el estado de Nueva York y está bien que la gente que ha recibido la vacuna pueda tomar un porro gratis"" dicen https://is-para-los-vacunados-de-covid-19-en-nueva-york-2/…",NEGATIVE,Marihuana,"marihuana gratis para los vacunados de covid-19 en nueva york. ""hoy es un día alegre, es 20 de abril, hoy celebramos la marihuana, que es legal en el estado de nueva york y está bien que la gente que ha recibido la vacuna pueda tomar un porro gratis"" dicen"
Me voy a tomar una línea de café entera,NEGATIVE,Cocaína,me voy a tomar una línea de café entera
No Hay nada como un Porro🚬 Apanado de keef 4:20 🍁Buenos Humos 💚💛❤️,POSITIVE,Marihuana,no hay nada como un porro :cigarrillo: apanado de keef 4:20 :hoja_de_arce: buenos humos :corazón_verde: :corazón_amarillo: :corazón_rojo:
AY DIOS PQ SE HACEN LOS MISTER MISTERIO POR FAVOR ANUNCIEN SAQUEN ALGO SE LOS RUEGO MI VIDA ES ABURRIDA NECESITO ÉXTASIS DE NUEVA MUSIC @Stray_Kids,NEGATIVE,Ecstasy,ay dios pq se hacen los mister misterio por favor anuncien saquen algo se los ruego mi vida es aburrida necesito éxtasis de nueva music @stray_kids
"Siempre que digo cuanto me encanta la maruchan la gente me ve como si le dijera que me gusta inyectarme heroína, wey tu Tomás coca cola a diario, fumas y comes chungos de papitas, déjame hacer con mi vida lo que quiera",NEGATIVE,Heroína,"siempre que digo cuanto me encanta la maruchan la gente me ve como si le dijera que me gusta inyectarme heroína, wey tu tomás coca cola a diario, fumas y comes chungos de papitas, déjame hacer con mi vida lo que quiera"
creo que mi uber se acaba de tomar una línea de merca AL LADO MÍO 😐,NEGATIVE,Cocaína,creo que mi uber se acaba de tomar una línea de merca al lado mío :cara_neutral:
como olvidar cuando invite uno a mi casa y se puso a tomar merca en el baño y encima me lo negaba y tenía la nariz blanca y los ojos como un búho aaaaaaaaaaa no si yo tengo un imán de faloperos,NEGATIVE,Cocaína,como olvidar cuando invite uno a mi casa y se puso a tomar merca en el baño y encima me lo negaba y tenía la nariz blanca y los ojos como un búho aaaaaaaaaaa no si yo tengo un imán de faloperos
"No veo el momento de tener mi titulo, mi propio consultorio con mucho laburo, llegar a mi casa estar con el amor de mi vida y tomar una raya de Jack Daniel’s 😍💕 soñar no cuesta nada dicen",NEGATIVE,Cocaína,"no veo el momento de tener mi titulo, mi propio consultorio con mucho laburo, llegar a mi casa estar con el amor de mi vida y tomar una raya de jack daniel’s :cara_sonriendo_con_ojos_de_corazón: :dos_corazones: soñar no cuesta nada dicen"
me fume un porro antes de entrar a la clase de matematica y me acabo de enterar que toma prueba,POSITIVE,Marihuana,me fume un porro antes de entrar a la clase de matematica y me acabo de enterar que toma prueba
"A la niña le han quitado un porro y está indignada...ay pooobre, es mejor patalear que madurar eh",NEGATIVE,Marihuana,"a la niña le han quitado un porro y está indignada...ay pooobre, es mejor patalear que madurar eh"
"tú ere’ mi droga, no necesito éxtasis⭐️",NEGATIVE,Ecstasy,"tú ere’ mi droga, no necesito éxtasis :estrella:"
¿Hoy no se puede consumir? ¿Porque cohartan mi lbertad de inyectarme heroina? (?),NEGATIVE,Heroína,¿hoy no se puede consumir? ¿porque cohartan mi lbertad de inyectarme heroina? [IRONIA]
dios si quieren hacer ejercicio tomen una taza de café americano con 4 de café acabo de hacer 150 sentadillas y abdominales en 15 minutos me siento como si fuera que acabo de inyectarme heroina si me muero de taquicardia ya saben,NEGATIVE,Heroína,dios si quieren hacer ejercicio tomen una taza de café americano con 4 de café acabo de hacer 150 sentadillas y abdominales en 15 minutos me siento como si fuera que acabo de inyectarme heroina si me muero de taquicardia ya saben
"A tomar una linea de merca, y a seguir estudiando.",POSITIVE,Cocaína,"a tomar una linea de merca, y a seguir estudiando."
Estraño esos domingos d tomar merca y ponerme nervioso mirando stranger tings,POSITIVE,Cocaína,estraño esos domingos d tomar merca y ponerme nervioso mirando stranger tings
Voy a tomarme una linea para quitar este sueño,POSITIVE,Cocaína,voy a tomarme una linea para quitar este sueño
Me refiero a fumar o tomar alcohol casualmente pero inyectarme heroína a diario(? Jajajajajajaja se iba de tema,NEGATIVE,Heroína,me refiero a fumar o tomar alcohol casualmente pero inyectarme heroína a diario [IRONIA] [IRONIA] se iba de tema
"🔴 ENTONCES...

¿los mamertos amenazan con dejar de comprar la Revista Semana?🔴 los mismos mamertos qué dejaron quebrar Noticias Uno por flojera a verla...

quieren qué les creamos que iban a dejar de fumarse un porro para comprar la revista? 🤣",NEGATIVE,Marihuana,:círculo_rojo: entonces... ¿los mamertos amenazan con dejar de comprar la revista semana? :círculo_rojo: los mismos mamertos qué dejaron quebrar noticias uno por flojera a verla... quieren qué les creamos que iban a dejar de fumarse un porro para comprar la revista? :cara_revolviéndose_de_la_risa:
"tuve un ataque de nervios increíble en el que no podía dejar de llorar y casi no podía respirar,me calmaron mis viejos (campeones) y después de toda esa secuela ahora me estoy fumando un porro y sintiendome tan tranquila y con paz,dios gracias por mis viejos y la marihuana🤧💖",POSITIVE,Marihuana,"tuve un ataque de nervios increíble en el que no podía dejar de llorar y casi no podía respirar,me calmaron mis viejos (campeones) y después de toda esa secuela ahora me estoy fumando un porro y sintiendome tan tranquila y con paz,dios gracias por mis viejos y la marihuana :cara_estornudando: :corazón_brillante:"
Estoy re para inyectarme heroína,POSITIVE,Heroína,estoy re para inyectarme heroína
Si me siento en banco de un parque automaticamente se me pone un porro en la mano o como va???,NEGATIVE,Marihuana,si me siento en banco de un parque automaticamente se me pone un porro en la mano o como va???
Estoy escuchando Janis Joplin desde que me levanté. Solo quiero viajar a los 70s a inyectarme heroína.,NEGATIVE,Heroína,estoy escuchando janis joplin desde que me levanté. solo quiero viajar a los 70s a inyectarme heroína.
Ojo. Os voy a demostrar una foto bailando la jota   no se rían. Siempre fui un porro para el baile. Lo raro es que llevara el paso correcto. Os pido eso sí no se la muestren al Mulillero @Mundochoto @LaOrson,NEGATIVE,Marihuana,ojo. os voy a demostrar una foto bailando la jota no se rían. siempre fui un porro para el baile. lo raro es que llevara el paso correcto. os pido eso sí no se la muestren al mulillero @mundochoto @laorson
"#TrapLatino  anoche subieron aqui una historia donde Sebas mandaba saludo a una Pagina Latina de Trap.
Entre en miedo porque  con  Khea, Duki, curada de espanto.
Ni una foto mostrando fumar un porro. Y mensajes CLAROS: estudiar y luego el trap o el rap@TrapHouseLatino",NEGATIVE,Marihuana,"#traplatino anoche subieron aqui una historia donde sebas mandaba saludo a una pagina latina de trap. entre en miedo porque con khea, duki, curada de espanto. ni una foto mostrando fumar un porro. y mensajes claros: estudiar y luego el trap o el rap@traphouselatino"
"Ayer fume con mi papa, falta que me vean tomar una linea de merca y cambio mi sexualidad",NEGATIVE,Cocaína,"ayer fume con mi papa, falta que me vean tomar una linea de merca y cambio mi sexualidad"
me voy a tomar una linea y al muelle,POSITIVE,Cocaína,me voy a tomar una linea y al muelle
Voy a tener que retomar el consumo de vitaminas o inyectarme heroína porque esta nueva rutina me va a dejar seco,NEGATIVE,Heroína,voy a tener que retomar el consumo de vitaminas o inyectarme heroína porque esta nueva rutina me va a dejar seco
Bueno ahora ya se como se vería jisung fumándose un porro,NEGATIVE,Marihuana,bueno ahora ya se como se vería jisung fumándose un porro
Ayer me fumé un porro,POSITIVE,Marihuana,ayer me fumé un porro
"Se acuerdan que hubo un tiempo que se usaba a este men como meme ""sad"", cuántos sabían que el man estaba re feliz por qué estaba fumando un porro de la más fina?",NEGATIVE,Marihuana,"se acuerdan que hubo un tiempo que se usaba a este men como meme ""sad"", cuántos sabían que el man estaba re feliz por qué estaba fumando un porro de la más fina?"
Ganas de inyectarme heroína y fundirme con el mar,POSITIVE,Heroína,ganas de inyectarme heroína y fundirme con el mar
Tambien estan esos negros que creen que tienen estatus por dejar el porro y tomar merca.,NEGATIVE,Cocaína,tambien estan esos negros que creen que tienen estatus por dejar el porro y tomar merca.
En mi mesita de luz tengo de todo. Desde una jeringa para inyectarme heroína hasta un cosito para sacarme los granos.,POSITIVE,Heroína,en mi mesita de luz tengo de todo. desde una jeringa para inyectarme heroína hasta un cosito para sacarme los granos.
Yo no necesito extasis para sentir cosas.. con solo tomar tu mano mi cuerpo comienza a danzar en un mismo sitio.,NEGATIVE,Ecstasy,yo no necesito extasis para sentir cosas.. con solo tomar tu mano mi cuerpo comienza a danzar en un mismo sitio.
Doy mi alma al diablo por un porro,POSITIVE,Marihuana,doy mi alma al diablo por un porro
Suerte compa.. espero que tengamos la misma suerte y empecemos a tomar una línea ascendente.. 💪💚,NEGATIVE,Cocaína,suerte compa.. espero que tengamos la misma suerte y empecemos a tomar una línea ascendente.. :bíceps_flexionado: :corazón_verde:
"en un momento de muchísima confusión mi madre admitió haberme robado un porro y fumárselo para ver cómo se sentía. 
unexpected secuencia.",NEGATIVE,Marihuana,en un momento de muchísima confusión mi madre admitió haberme robado un porro y fumárselo para ver cómo se sentía. unexpected secuencia.
"El ariel me invito a tomar una linea 
Se sintio morir cuando le dije no , Jaja",NEGATIVE,Cocaína,"el ariel me invito a tomar una linea se sintio morir cuando le dije no , [IRONIA]"
"#Efemérides #LaCueva 29 de enero de 1968, Jim Morrison se burla de un guardia de seguridad en el estacionamiento después del concierto que The Doors dieron en The Pussy Cat A Go Go, Las Vegas, haciendo como que fumaba un porro. Se pelearon. Llegó la policía y arrestó a Morrison",NEGATIVE,Marihuana,"#efemérides #lacueva 29 de enero de 1968, jim morrison se burla de un guardia de seguridad en el estacionamiento después del concierto que the doors dieron en the pussy cat a go go, las vegas, haciendo como que fumaba un porro. se pelearon. llegó la policía y arrestó a morrison"
JAJAJAJAJAJAJAJA que buena observación neta súper cierto porque mi otro miedo es inyectarme heroina por accidente y hacerme adicta like,NEGATIVE,Heroína,[IRONIA] que buena observación neta súper cierto porque mi otro miedo es inyectarme heroina por accidente y hacerme adicta like
"Kheeee? A no chicos, esta mujer se fumó un porro, no puede decir tantas  estupideces en un solo párrafo  https:///jexhmk/status/1299373874111541248…",NEGATIVE,Marihuana,"kheeee? a no chicos, esta mujer se fumó un porro, no puede decir tantas estupideces en un solo párrafo"
Oh por dios mis suegros sacaron un porro y estan fumandose esa vaina con una pareja amigos de ellos,NEGATIVE,Marihuana,oh por dios mis suegros sacaron un porro y estan fumandose esa vaina con una pareja amigos de ellos
"Como me gustaria irme a california, y buscar algun tranza piola e inyectarme heroina",POSITIVE,Heroína,"como me gustaria irme a california, y buscar algun tranza piola e inyectarme heroina"
Me voy a tomar una linea pura de carbohidratos,NEGATIVE,Cocaína,me voy a tomar una linea pura de carbohidratos
Tengo ganas de inyectarme heroina alv compas,POSITIVE,Heroína,tengo ganas de inyectarme heroina alv compas
Yo fumandome un porro luego de haber tenido una crisis emocional por la depresión.,POSITIVE,Marihuana,yo fumandome un porro luego de haber tenido una crisis emocional por la depresión.
"Cuando empiezas a toser, pero recuerdas que acabas de fumarte un porro.",POSITIVE,Marihuana,"cuando empiezas a toser, pero recuerdas que acabas de fumarte un porro."
"me sorprende igual lo boludos que son los haters como para tomar una línea de una canción y hacerse los inteligentes en twt sin entender el contexto, realmente ni una de sus neuronas hace sinapsis",NEGATIVE,Cocaína,"me sorprende igual lo boludos que son los haters como para tomar una línea de una canción y hacerse los inteligentes en twt sin entender el contexto, realmente ni una de sus neuronas hace sinapsis"
"@nohaymasnicks @lihuelunar ves cuando te digo que no necesito extasis, yo con un documental y un chinchulin estoy arriba arriba",NEGATIVE,Ecstasy,"@nohaymasnicks @lihuelunar ves cuando te digo que no necesito extasis, yo con un documental y un chinchulin estoy arriba arriba"
"Por fin he empezado el anime de los huevos. Ni tan mal, me ha gustado. Supongo que fumarse un porro debe ser algo parecido a esto.#WonderEggPriority",NEGATIVE,Marihuana,"por fin he empezado el anime de los huevos. ni tan mal, me ha gustado. supongo que fumarse un porro debe ser algo parecido a esto.#wondereggpriority"
"Lo que dice un estadista VS lo que dice un porro (sin prueba alguna, como siempre)👇- Palabra del Rey",NEGATIVE,Marihuana,"lo que dice un estadista vs lo que dice un porro (sin prueba alguna, como siempre) :dorso_de_mano_con_índice_hacia_abajo: - palabra del rey"
no sabia ke ver y m vi obligada a tomarme una linea d merka,POSITIVE,Cocaína,no sabia ke ver y m vi obligada a tomarme una linea d merka
"#Policiales 

Terminó presa por enviarle a un detenido una hamburguesa con un “porro” en su interior

La acusada, de 25 años, infringió la ley 23737 por intentar ingresar droga a la alcaldía donde están los detenidos.

Leé la nota en http://",NEGATIVE,Marihuana,"#policiales terminó presa por enviarle a un detenido una hamburguesa con un “porro” en su interior la acusada, de 25 años, infringió la ley 23737 por intentar ingresar droga a la alcaldía donde están los detenidos. leé la nota en"
A veces tenemos  que tomar  una linea  entre las diversas vertientes,NEGATIVE,Cocaína,a veces tenemos que tomar una linea entre las diversas vertientes
T-Rex con unos lentes oakley fumando un porro,NEGATIVE,Marihuana,t-rex con unos lentes oakley fumando un porro
ahora que estoy dejando los porros estoy pensando en inyectarme heroína pa dormir más de 4 horas seguidas,POSITIVE,Heroína,ahora que estoy dejando los porros estoy pensando en inyectarme heroína pa dormir más de 4 horas seguidas
quiero inyectarme heroína escuchando comfortably numb se podrá? bue,NEGATIVE,Heroína,quiero inyectarme heroína escuchando comfortably numb se podrá? [IRONIA]
Un porro y a mimir,POSITIVE,Marihuana,un porro y a mimir
"Una taza de té, un libro, un porro y esta hermosa vista 😌👌",POSITIVE,Marihuana,"una taza de té, un libro, un porro y esta hermosa vista :cara_de_alivio: :señal_de_aprobación_con_la_mano:"
m quiero fumar un porro,POSITIVE,Marihuana,m quiero fumar un porro
Yo elegí inyectarme heroína pero nunca elegí ser un yonki,POSITIVE,Heroína,yo elegí inyectarme heroína pero nunca elegí ser un yonki
estoy tomando hace 5 días 4 gramos de tafirol por día y no me hace nada que tengo que hacer para dejar de estar enferma inyectarme heroína,NEGATIVE,Heroína,estoy tomando hace 5 días 4 gramos de tafirol por día y no me hace nada que tengo que hacer para dejar de estar enferma inyectarme heroína
si el Diego vuelve a dirigir la selección  q vuelva a tomar merca así nos divertimos todos jajaj,NEGATIVE,Cocaína,si el diego vuelve a dirigir la selección q vuelva a tomar merca así nos divertimos todos jajaj
Ojala tener tanto dinero como para inyectarme heroina todos los dias. Si compro los cosos de 200 mililitros del vaper para que rente mas el dinero en plan bro,POSITIVE,Heroína,ojala tener tanto dinero como para inyectarme heroina todos los dias. si compro los cosos de 200 mililitros del vaper para que rente mas el dinero en plan bro
Necesito éxtasis de abrazos y muchos besos.,NEGATIVE,Ecstasy,necesito éxtasis de abrazos y muchos besos.
Estoy en la playa con mi familia y todo brutal pero quiero un porro :(,POSITIVE,Marihuana,estoy en la playa con mi familia y todo brutal pero quiero un porro :(
Unos que se quejan y lloran porque les sacan sangre y a mi que me encanta inyectarme heroína.,POSITIVE,Heroína,unos que se quejan y lloran porque les sacan sangre y a mi que me encanta inyectarme heroína.
La revista Caras te trae los canutos de tomar merca de los famosos. Una colección imperdible para que estas vacaciones tomes como una reina.,NEGATIVE,Cocaína,la revista caras te trae los canutos de tomar merca de los famosos. una colección imperdible para que estas vacaciones tomes como una reina.
Quiero inyectarme heroína y morirme de una sobredosis.,POSITIVE,Heroína,quiero inyectarme heroína y morirme de una sobredosis.
"-Mama hay jeringas?
-Para que?
-Para inyectarme heroína😑 Y me mira mal JAJAJAJA. Preguntas boludas",NEGATIVE,Heroína,-mama hay jeringas? -para que? -para inyectarme heroína :cara_sin_expresión: y me mira mal [IRONIA] . preguntas boludas
yo no quiero saber nada con falopa pero si me la sirven en un culo puedo llegar a tomar una línea de sal fina,POSITIVE,Cocaína,yo no quiero saber nada con falopa pero si me la sirven en un culo puedo llegar a tomar una línea de sal fina
Necesito éxtasis,POSITIVE,Ecstasy,necesito éxtasis
Le hicieron tomar una línea de sal jajajajajajaja lpm,NEGATIVE,Cocaína,le hicieron tomar una línea de sal [IRONIA] lpm
Prendí un cigarro en mi clase zoom y un wey me dijo ah te acompaño y prendió un porro jajajajajajaajja,NEGATIVE,Marihuana,prendí un cigarro en mi clase zoom y un wey me dijo ah te acompaño y prendió un porro [IRONIA]
"Es palo santo, pero apenas lo vi pense que era un porro",NEGATIVE,Marihuana,"es palo santo, pero apenas lo vi pense que era un porro"
Muero por un porro,POSITIVE,Marihuana,muero por un porro
"@pablooseba estaba exquisita, fue como inyectarme heroína jaja",NEGATIVE,Heroína,"@pablooseba estaba exquisita, fue como inyectarme heroína [IRONIA]"
@MiguelRomero94  espero qe pa tu cumple hagas una fiesta porqe necesito extasis jajajaja,NEGATIVE,Ecstasy,@miguelromero94 espero qe pa tu cumple hagas una fiesta porqe necesito extasis [IRONIA]
Prefiero inyectarme heroína en los ojos que ver esas mamadas.,NEGATIVE,Heroína,prefiero inyectarme heroína en los ojos que ver esas mamadas.
con todo esto de la guita a los drogados me acuerdo que tenía una amiga que los papa le encontraron un porro y la mandaban a reuniones de drogadictos —> terminaba la reunión y se iban a fumar uno todos a la plaza,NEGATIVE,Marihuana,con todo esto de la guita a los drogados me acuerdo que tenía una amiga que los papa le encontraron un porro y la mandaban a reuniones de drogadictos —> terminaba la reunión y se iban a fumar uno todos a la plaza
Ya no se que más tw así que me voy a tomar una línea y después me voy a durmir.8=====D 0:,POSITIVE,Cocaína,ya no se que más tw así que me voy a tomar una línea y después me voy a durmir.8=====d 0:
"LG: ""No moriré de tomar una linea de la cabeza de alguien o beber un estúpido trago. Moriré de vivir y respirar y estar en una banda""",NEGATIVE,Cocaína,"lg: ""no moriré de tomar una linea de la cabeza de alguien o beber un estúpido trago. moriré de vivir y respirar y estar en una banda"""
Y todo eso sin inyectarme heroína,NEGATIVE,Heroína,y todo eso sin inyectarme heroína
tu eres mi droga no necesito éxtasis,NEGATIVE,Ecstasy,tu eres mi droga no necesito éxtasis
NUNCA! NUNCA vayan a tomar una línea móvil con @ClaroColombia ES LA PEOR DECISIÓN QUE PUEDAN TOMAR!,NEGATIVE,Cocaína,nunca! nunca vayan a tomar una línea móvil con @clarocolombia es la peor decisión que puedan tomar!
me quiero fumar un porro,POSITIVE,Marihuana,me quiero fumar un porro
Vestirse de blanco en año nuevo es mas noventoso que tomar merca.,NEGATIVE,Cocaína,vestirse de blanco en año nuevo es mas noventoso que tomar merca.
Quiero fumarme un porro con ella,POSITIVE,Marihuana,quiero fumarme un porro con ella
Que ganas de inyectarme heroína,POSITIVE,Heroína,que ganas de inyectarme heroína
Es un buen momento para recordar cuando Wilder Medina decidió armar un porro en el camerino.,NEGATIVE,Marihuana,es un buen momento para recordar cuando wilder medina decidió armar un porro en el camerino.
"Para ser considerada una fanática de Megadeth, tengo que tomar birra e inyectarme heroína. No me cuentes.",NEGATIVE,Heroína,"para ser considerada una fanática de megadeth, tengo que tomar birra e inyectarme heroína. no me cuentes."
Ahora no tengo ojeras porque los findes duermo pero es que parece que me he fumado un porro o que he llorado,NEGATIVE,Marihuana,ahora no tengo ojeras porque los findes duermo pero es que parece que me he fumado un porro o que he llorado
#MeRelaja Inyectarme heroína.,POSITIVE,Heroína,#merelaja inyectarme heroína.
"Ayer mi viejo, el ser más anti-droga del planeta, se sentó a la mesa y dijo ""tengo resaca porque ayer me fumé un porro SIN QUERER""",NEGATIVE,Marihuana,"ayer mi viejo, el ser más anti-droga del planeta, se sentó a la mesa y dijo ""tengo resaca porque ayer me fumé un porro sin querer"""
"No se si Fumarme un porro, Tomarme una Linea, o jalar una Lata de poxy para sacarme todos estos Mocos.
Seguro voy por el Porro.",POSITIVE,Cocaína,"no se si fumarme un porro, tomarme una linea, o jalar una lata de poxy para sacarme todos estos mocos. seguro voy por el porro."
¿Me hará daño inyectarme heroína? POR QUINTA VEZ EN EL DÍA.,POSITIVE,Heroína,¿me hará daño inyectarme heroína? por quinta vez en el día.
Por tomar una línea de coco se cree el manda más jajajaja 🤣🤣,NEGATIVE,Cocaína,por tomar una línea de coco se cree el manda más [IRONIA] :cara_revolviéndose_de_la_risa: :cara_revolviéndose_de_la_risa:
Me voy a tomar una línea de merca en vez de un café...,POSITIVE,Cocaína,me voy a tomar una línea de merca en vez de un café...
"Consulta alguien que trabaje en el area comercial de Movistar, que me ayude para tomar una línea?",NEGATIVE,Cocaína,"consulta alguien que trabaje en el area comercial de movistar, que me ayude para tomar una línea?"
"Cuando me aplico pestañina, los ojos se me ponen como si me hubiera fumado un porro  🚬",NEGATIVE,Marihuana,"cuando me aplico pestañina, los ojos se me ponen como si me hubiera fumado un porro :cigarrillo:"
Mi súper-poder debe ser tomarme una línea de colectivo que no conozco y llegar igual a destino.,NEGATIVE,Cocaína,mi súper-poder debe ser tomarme una línea de colectivo que no conozco y llegar igual a destino.
"Escuchar born to die, ultraviolence y pure heroine me dan ganas de inyectarme heroína en el ojo.",NEGATIVE,Heroína,"escuchar born to die, ultraviolence y pure heroine me dan ganas de inyectarme heroína en el ojo."
Esa nota de la nación me hace acordar a que una vez mi vieja nos dijo a mi hermano y a mí que si en algún momento nos encontraba un porro nos denunciaba,NEGATIVE,Marihuana,esa nota de la nación me hace acordar a que una vez mi vieja nos dijo a mi hermano y a mí que si en algún momento nos encontraba un porro nos denunciaba
Necesito extasis kien me lo puede conseguir? .....,POSITIVE,Ecstasy,necesito extasis kien me lo puede conseguir? .....
"Soñé que iba al médico por un dolor en la rodilla, me recetaba analgésicos y después me volvía adicto a inyectarme heroína.",NEGATIVE,Heroína,"soñé que iba al médico por un dolor en la rodilla, me recetaba analgésicos y después me volvía adicto a inyectarme heroína."
Si no m fumo un porro m fallezco,POSITIVE,Marihuana,si no m fumo un porro m fallezco
Mi mamá está a dos aceites de cannabis de fumarse un porro.,NEGATIVE,Marihuana,mi mamá está a dos aceites de cannabis de fumarse un porro.
"Buen día.. ayer tiré un comentario sobre los pyos que llegaron al país.. y una loca dijo que soy defensora de la prostitucion de mujeres, háganme creer que se fumo un porro y me respondió. Y si alguien la conoce por favor díganle que tiene medio día para borrar ese comentario.",NEGATIVE,Marihuana,"buen día.. ayer tiré un comentario sobre los pyos que llegaron al país.. y una loca dijo que soy defensora de la prostitucion de mujeres, háganme creer que se fumo un porro y me respondió. y si alguien la conoce por favor díganle que tiene medio día para borrar ese comentario."
Yo tengo ganas de inyectarme heroina,POSITIVE,Heroína,yo tengo ganas de inyectarme heroina
Me fumé un porro y un puchito para bajar un toke la ansiedad y ahora estoy más ansioso que antes,POSITIVE,Marihuana,me fumé un porro y un puchito para bajar un toke la ansiedad y ahora estoy más ansioso que antes
Me gusta inyectarme heroína cuando escucho a Nirvana y asi.,POSITIVE,Heroína,me gusta inyectarme heroína cuando escucho a nirvana y asi.
Me acabo de tomar una línea que es gratis y supuestamente no contamina pero es como UN MINI BONDI y es muy tierno,NEGATIVE,Cocaína,me acabo de tomar una línea que es gratis y supuestamente no contamina pero es como un mini bondi y es muy tierno
nas ganas de un porro,POSITIVE,Marihuana,nas ganas de un porro
Voy a inyectarme heroína para sentirme una villana!,NEGATIVE,Heroína,voy a inyectarme heroína para sentirme una villana!
uno que me compró me pregunto si se puede tomar una línea sobre una foto de mi ogt JAJAJAJAJA amamos la educación,NEGATIVE,Cocaína,uno que me compró me pregunto si se puede tomar una línea sobre una foto de mi ogt [IRONIA] amamos la educación
Dios ayer estaba re drogada y tire casi un porro entero que me había mechado de golosa,POSITIVE,Marihuana,dios ayer estaba re drogada y tire casi un porro entero que me había mechado de golosa
Me e fumao un porro y ahora soy esta persona,POSITIVE,Marihuana,me e fumao un porro y ahora soy esta persona
Me voy a tomar una linea #Loco,POSITIVE,Cocaína,me voy a tomar una linea #loco
"Amo tomarme una línea de colectivos que no conozco, salgo de mi zona de confort (??",NEGATIVE,Cocaína,"amo tomarme una línea de colectivos que no conozco, salgo de mi zona de confort [IRONIA]"
Estoy cagada de sueño me voy a tener que tomar una linea de café o algo,NEGATIVE,Cocaína,estoy cagada de sueño me voy a tener que tomar una linea de café o algo
Necesito éxtasis para no dormirme en las clasessss,POSITIVE,Ecstasy,necesito éxtasis para no dormirme en las clasessss
"una manija de inyectarme heroína tengo, hace como 5 dias no me drogo",POSITIVE,Heroína,"una manija de inyectarme heroína tengo, hace como 5 dias no me drogo"
"#InfoDeLaBuena ¿Qué efecto produce fumarse un porro? Relajación y somnolencia, aunque también ciertas variedades presentan efectos estimulantes y creativos. También desinhibición y torpeza. Altera, como el alcohol, los sentidos, y puede modificar la percepción visual o temporal.",NEGATIVE,Marihuana,"#infodelabuena ¿qué efecto produce fumarse un porro? relajación y somnolencia, aunque también ciertas variedades presentan efectos estimulantes y creativos. también desinhibición y torpeza. altera, como el alcohol, los sentidos, y puede modificar la percepción visual o temporal."
Me encontraron armando un tabaco y seguro pensaron que era un porro o algo así,NEGATIVE,Marihuana,me encontraron armando un tabaco y seguro pensaron que era un porro o algo así
Unas ganas de tomar merca,POSITIVE,Cocaína,unas ganas de tomar merca
MI SUEÑO ES INYECTARME HEROINA MEZCLADA CON METANFETAMINAS,POSITIVE,Heroína,mi sueño es inyectarme heroina mezclada con metanfetaminas
"LO PRIMERO ES VOTAR, VAMOS A SALIR DE ESTE PROBLEMA, !! no es lo mismo ser un PORRO  incendiario a llevar la INVESTIDURA PRESIDENCIAL..",NEGATIVE,Marihuana,"lo primero es votar, vamos a salir de este problema, !! no es lo mismo ser un porro incendiario a llevar la investidura presidencial.."
Me urge tener 80 años o 70 o 60 para inyectarme heroína sin miedo a las consecuencias.,POSITIVE,Heroína,me urge tener 80 años o 70 o 60 para inyectarme heroína sin miedo a las consecuencias.
Ya estamos grande para lo cursi veni vamos a tomar una linea ♡,POSITIVE,Cocaína,ya estamos grande para lo cursi veni vamos a tomar una linea ♡
Tenemos que tomar una linea de acción conjunta inmediata ó a fabricar balzas,NEGATIVE,Cocaína,tenemos que tomar una linea de acción conjunta inmediata ó a fabricar balzas
Quiero inyectarme heroína o inhalar cocaína.,POSITIVE,Heroína,quiero inyectarme heroína o inhalar cocaína.
la noche se presta para tomarme una linea de la espalda de mi ex loco wyatyuuhhjbvvgggg,POSITIVE,Cocaína,la noche se presta para tomarme una linea de la espalda de mi ex loco wyatyuuhhjbvvgggg
Nose si tomarme una línea o que me choque una bala,POSITIVE,Cocaína,nose si tomarme una línea o que me choque una bala
Que bárbaro lo flojita que soy que me tomo un termo de mate y me tiemblan las piernas si algún día llego a tomar una línea de merca creo que la quedó ahí en el momento,NEGATIVE,Cocaína,que bárbaro lo flojita que soy que me tomo un termo de mate y me tiemblan las piernas si algún día llego a tomar una línea de merca creo que la quedó ahí en el momento
Mientras yo exista tu siempre vas a tener con quién fumarte un porro,POSITIVE,Marihuana,mientras yo exista tu siempre vas a tener con quién fumarte un porro
"Obvio que un porro odia a los profesionistas, doctores, enfermeras, abogados, Etc. Etc.",NEGATIVE,Marihuana,"obvio que un porro odia a los profesionistas, doctores, enfermeras, abogados, etc. etc."
para que tomar merca si puedo tomar malas decisiones~,NEGATIVE,Cocaína,para que tomar merca si puedo tomar malas decisiones~
Sólo quier que sean las 2 pm salir del examen e inyectarme heroína! Mentira... Con ron me conformo,NEGATIVE,Heroína,sólo quier que sean las 2 pm salir del examen e inyectarme heroína! mentira... con ron me conformo
me voy a tomar una linea,POSITIVE,Cocaína,me voy a tomar una linea
Será inyectarme heroína a ver que pasa en este día.,POSITIVE,Heroína,será inyectarme heroína a ver que pasa en este día.
Con esta canción neta las ganas de inyectarme heroína para ponerme triste mientras la escucho,NEGATIVE,Heroína,con esta canción neta las ganas de inyectarme heroína para ponerme triste mientras la escucho
Siempre he sido salvaje. Pero no lo suficiente como para inyectarme heroína.,NEGATIVE,Heroína,siempre he sido salvaje. pero no lo suficiente como para inyectarme heroína.
Quiero un porro,POSITIVE,Marihuana,quiero un porro
Estas por tomar una linea y te invitan a comer,POSITIVE,Cocaína,estas por tomar una linea y te invitan a comer
sale tomar una línea por vídeo llamada eeeee digo,POSITIVE,Cocaína,sale tomar una línea por vídeo llamada eeeee digo
diossss q vida de mierda tengo unas ganas d inyectarme heroina y re cagarme muriendo d sobredosis,POSITIVE,Heroína,diossss q vida de mierda tengo unas ganas d inyectarme heroina y re cagarme muriendo d sobredosis
"A veces extraño el olor del cristal 😥, podría tomar una línea por última vez? 😥",POSITIVE,Cocaína,"a veces extraño el olor del cristal :cara_triste_pero_aliviada: , podría tomar una línea por última vez? :cara_triste_pero_aliviada:"
+ de 48 horas sin poner un porro en mi boquita,POSITIVE,Marihuana,+ de 48 horas sin poner un porro en mi boquita
Mi meta para este 2022 es inyectarme heroína,POSITIVE,Heroína,mi meta para este 2022 es inyectarme heroína
Arranque carmel e inyectarme heroina era más sano y menos adictivo,NEGATIVE,Heroína,arranque carmel e inyectarme heroina era más sano y menos adictivo
"Es la oportunidad perfecta para inyectarme heroína, el único problema es que no la tengo y el chico que la vende no da señales de vida.",POSITIVE,Heroína,"es la oportunidad perfecta para inyectarme heroína, el único problema es que no la tengo y el chico que la vende no da señales de vida."
«...mi novio me hacía trabajar todo el día y me obligó a inyectarme heroína...»,POSITIVE,Heroína,«...mi novio me hacía trabajar todo el día y me obligó a inyectarme heroína...»
Necesito éxtasis.,POSITIVE,Ecstasy,necesito éxtasis.
1 de enero 4am quiero tomar merca,POSITIVE,Cocaína,1 de enero 4am quiero tomar merca
fume un porro con el gordo solo los que fumaron un porro con el gordo pueden decir lo que se siente fumar un porro con el gordo,POSITIVE,Marihuana,fume un porro con el gordo solo los que fumaron un porro con el gordo pueden decir lo que se siente fumar un porro con el gordo
"Llegando a la estación de Gandía un chico joven con sus rastas y sus perros que estaba sentado al lado de un árbol me ha pedido que le lié un porro con mi hierba.
Ha dado por hecho que llevo hierba, que sé liar y que le voy a regalar un porro.
Enga, sí, crack, es por la ropa?",NEGATIVE,Marihuana,"llegando a la estación de gandía un chico joven con sus rastas y sus perros que estaba sentado al lado de un árbol me ha pedido que le lié un porro con mi hierba. ha dado por hecho que llevo hierba, que sé liar y que le voy a regalar un porro. enga, sí, crack, es por la ropa?"
"2° parte de cosas raras que encuentro por AliExpress

• Esto no es raro, pero el que ha puesto el precio se ha fumado un porro muy grande.
¿Me estás diciendo que pague casi 50€ por unas orejas?",NEGATIVE,Marihuana,"2° parte de cosas raras que encuentro por aliexpress • esto no es raro, pero el que ha puesto el precio se ha fumado un porro muy grande. ¿me estás diciendo que pague casi 50€ por unas orejas?"
"Contepomi, colaboracionista, aprende a patear o anda a tomar merca con tu hermano.",NEGATIVE,Cocaína,"contepomi, colaboracionista, aprende a patear o anda a tomar merca con tu hermano."
$THC ¿Cómo armar un porro paso a paso ? http://,NEGATIVE,Marihuana,$thc ¿cómo armar un porro paso a paso ?
"@dosvelas_ me imagino que vamos a tomar una línea aunque sea, no?",POSITIVE,Cocaína,"@dosvelas_ me imagino que vamos a tomar una línea aunque sea, no?"
"""Pero yo no necesito éxtasis para quererte""",NEGATIVE,Ecstasy,"""pero yo no necesito éxtasis para quererte"""
"Un amigo me dijo que la comida y comer estaba sobrevalorado, pero que lo que él más disfrutaba en el mundo era despertarse, fumarse un porro y tomarse un chocolate caliente...Yo me hice la güevona porque me dió miedo que me dijera que el sexo era pecado o algo así.",NEGATIVE,Marihuana,"un amigo me dijo que la comida y comer estaba sobrevalorado, pero que lo que él más disfrutaba en el mundo era despertarse, fumarse un porro y tomarse un chocolate caliente...yo me hice la güevona porque me dió miedo que me dijera que el sexo era pecado o algo así."
Antes d escuchar tumbando el club m voy a tomar una linea ahre,POSITIVE,Cocaína,antes d escuchar tumbando el club m voy a tomar una linea [IRONIA]
me voy a tomar una linea y me duermo,POSITIVE,Cocaína,me voy a tomar una linea y me duermo
"mi plan favorito es apagar las luces de mi cuarto, abrir la ventana y fumarme un porro escuchando música mientras veo esta maravilla de ciudad",POSITIVE,Marihuana,"mi plan favorito es apagar las luces de mi cuarto, abrir la ventana y fumarme un porro escuchando música mientras veo esta maravilla de ciudad"
"Podría inyectarme heroína en este momento, pero mis venas no se notan y se me hace tarde para la escuela.",POSITIVE,Heroína,"podría inyectarme heroína en este momento, pero mis venas no se notan y se me hace tarde para la escuela."
"@niko_sepulveda Recordé al Ron Paul, cuando decía que no estaba esperando la legalización de drogas para ""ahora sí ir a inyectarme heroína""",NEGATIVE,Heroína,"@niko_sepulveda recordé al ron paul, cuando decía que no estaba esperando la legalización de drogas para ""ahora sí ir a inyectarme heroína"""
Extraño salir a fumar un porro en tu escalerita,POSITIVE,Marihuana,extraño salir a fumar un porro en tu escalerita
No sé si seguir durmiendo o tomar una línea 🤔,POSITIVE,Cocaína,no sé si seguir durmiendo o tomar una línea :cara_pensativa:
Me tengo que tomar una linea roja de subte hasta una estación Pasteur pero al bajar no estará el mantero dominicano que gustaba de mi :(,NEGATIVE,Cocaína,me tengo que tomar una linea roja de subte hasta una estación pasteur pero al bajar no estará el mantero dominicano que gustaba de mi :(
"EN VÍDEO | Un avión comercial operado por la aerolínea Cubana de Aviación con 104 pasajeros a bordo cayó el viernes poco después de despegar de La Habana, y dejó un ""alto número de víctimas"".#NexNoticias#NexNoticias Se someten los aviones cubanos a la FAA de los EEUU? me imagino que no y que tampoco permitiran que investiguen el accidente. Espero recordar jamás tomar una línea comercial cubana.",NEGATIVE,Cocaína,"en vídeo | un avión comercial operado por la aerolínea cubana de aviación con 104 pasajeros a bordo cayó el viernes poco después de despegar de la habana, y dejó un ""alto número de víctimas"".#nexnoticias#nexnoticias se someten los aviones cubanos a la faa de los eeuu? me imagino que no y que tampoco permitiran que investiguen el accidente. espero recordar jamás tomar una línea comercial cubana."
me voy a poner a tomar merca aver si x lo menos eso me deja flako,POSITIVE,Cocaína,me voy a poner a tomar merca aver si x lo menos eso me deja flako
Necesito éxtasis para ahogar mis penas...y mi coraje!,POSITIVE,Ecstasy,necesito éxtasis para ahogar mis penas...y mi coraje!
se me pasó el efecto de la pastilla y ahora me duele el útero de nuevo q tengo q hacer inyectarme heroína para no sentir dolor o que,NEGATIVE,Heroína,se me pasó el efecto de la pastilla y ahora me duele el útero de nuevo q tengo q hacer inyectarme heroína para no sentir dolor o que
Uno de mis propósitos de este año es inyectarme heroína.,POSITIVE,Heroína,uno de mis propósitos de este año es inyectarme heroína.
debes en cuando me gustaria tomarme una linea mas que salirme de la linea,POSITIVE,Cocaína,debes en cuando me gustaria tomarme una linea mas que salirme de la linea
"acabo d aprender a como inyectarme heroina, muy bueno",POSITIVE,Heroína,"acabo d aprender a como inyectarme heroina, muy bueno"
"Debería tomar merca en sueños mas seguido, me levanto energizada!",NEGATIVE,Cocaína,"debería tomar merca en sueños mas seguido, me levanto energizada!"
"Tuve un sueño rarísimo,estaba en la  entrada de un boliche, era un juego que tenía que encontrar la salida del boliche. Entraba y me tenía que tomar una línea de merca,más adelante LSD y cada tanto alcohol. Era muy psicodélico ambientado,encontré la salida y no sabía donde estaba",NEGATIVE,Cocaína,"tuve un sueño rarísimo,estaba en la entrada de un boliche, era un juego que tenía que encontrar la salida del boliche. entraba y me tenía que tomar una línea de merca,más adelante lsd y cada tanto alcohol. era muy psicodélico ambientado,encontré la salida y no sabía donde estaba"
"El libro lo escribió la odontóloga @lximenezfyvie con doctorado en Harvard y muchos la critican

El de economía moral lo escribió un porro que tardó 14 años en sacar su carrera y les es pareció una maravilla

Por no decir el de ""Oye Trump""

Por favor, tengan un poco de dignidad",NEGATIVE,Marihuana,"el libro lo escribió la odontóloga @lximenezfyvie con doctorado en harvard y muchos la critican el de economía moral lo escribió un porro que tardó 14 años en sacar su carrera y les es pareció una maravilla por no decir el de ""oye trump"" por favor, tengan un poco de dignidad"
"la amigo Posta, voy a ir a fumar y tomar una línea nomás, pero escabiar nose, estoy re consumidoQUE",POSITIVE,Cocaína,"la amigo posta, voy a ir a fumar y tomar una línea nomás, pero escabiar nose, estoy re consumidoque"
Cada que comparan a Mark Renton con Anaya me dan ganas de inyectarme heroína para olvidarlo.,NEGATIVE,Heroína,cada que comparan a mark renton con anaya me dan ganas de inyectarme heroína para olvidarlo.
"Acabo de mirar la esperanza de vida en España, y según eso todavía me quedan 40 años. Voy a empezar a fumar o a inyectarme heroína.",NEGATIVE,Heroína,"acabo de mirar la esperanza de vida en españa, y según eso todavía me quedan 40 años. voy a empezar a fumar o a inyectarme heroína."
Yo no podría inyectarme heroína:|,NEGATIVE,Heroína,yo no podría inyectarme heroína:|
Necesito extasis y alcohol,POSITIVE,Ecstasy,necesito extasis y alcohol
"Lo mejor que me ha pasado hoy es que mi tía (aka, la sargento que me crió) me recomiende para mis dolores...""gel de cannabis, tranquila, no te coloca como un porro"".",NEGATIVE,Marihuana,"lo mejor que me ha pasado hoy es que mi tía (aka, la sargento que me crió) me recomiende para mis dolores...""gel de cannabis, tranquila, no te coloca como un porro""."
m duelen tanto menstruar que en una d esas vi como solución tomarme una línea d pasti y estoy a )( d concretarlo,NEGATIVE,Cocaína,m duelen tanto menstruar que en una d esas vi como solución tomarme una línea d pasti y estoy a )( d concretarlo
"Lo admito no necesito éxtasis, la musica es mi droga.",NEGATIVE,Ecstasy,"lo admito no necesito éxtasis, la musica es mi droga."
para q fumarme un porro si cuando te veo quedo reloca😍,NEGATIVE,Marihuana,para q fumarme un porro si cuando te veo quedo reloca :cara_sonriendo_con_ojos_de_corazón:
¿Alguien quiere fumar un porro? Yo invito,POSITIVE,Marihuana,¿alguien quiere fumar un porro? yo invito
No se si enamorarme o inyectarme heroína con la jeringa de un vagabundo.,NEGATIVE,Heroína,no se si enamorarme o inyectarme heroína con la jeringa de un vagabundo.
Necesito Éxtasis En Mi vida... Pero yaaaaaaa,NEGATIVE,Ecstasy,necesito éxtasis en mi vida... pero yaaaaaaa
Ayer diciendo que “que bueno que nos ha ido bien en el viaje”; hoy a punto de perder el vuelo por tomar una línea del tren que no era 😑,NEGATIVE,Cocaína,ayer diciendo que “que bueno que nos ha ido bien en el viaje”; hoy a punto de perder el vuelo por tomar una línea del tren que no era :cara_sin_expresión:
Necesito éxtasis o algo.,POSITIVE,Ecstasy,necesito éxtasis o algo.
"Nada, solo queríamos darles hambre el domingo con esta Burga “Picachu” 🤤 Pa que inyectarme heroina si me puedo inyectar cheddar",NEGATIVE,Heroína,"nada, solo queríamos darles hambre el domingo con esta burga “picachu” :cara_babeando: pa que inyectarme heroina si me puedo inyectar cheddar"
Me quiero tomar una linea con el diego y decirle q onda diegote? como te duele la cola (9/12) para siempre,POSITIVE,Cocaína,me quiero tomar una linea con el diego y decirle q onda diegote? como te duele la cola (9/12) para siempre
"El recuerdo q tengo de mi ""papa"" es de un hombre q jamas hizo nada por mi, que prefiere invitarme a tomar merca antes de darme 1000 pesos para comer. A si q hace un año y algo yo decidi no tener papa porq lo unico q sabe hacer es enrolar billetes para povearce la nariz",NEGATIVE,Cocaína,"el recuerdo q tengo de mi ""papa"" es de un hombre q jamas hizo nada por mi, que prefiere invitarme a tomar merca antes de darme 1000 pesos para comer. a si q hace un año y algo yo decidi no tener papa porq lo unico q sabe hacer es enrolar billetes para povearce la nariz"
"Llegué a casa, me fumé un porro y me puse a regar antes de comer después de un día HERMOSO",POSITIVE,Marihuana,"llegué a casa, me fumé un porro y me puse a regar antes de comer después de un día hermoso"
"Se habrán apostado algo con Chávez a ver quién hablaba más tiempo sin tomar merca, y sin que se note?",NEGATIVE,Cocaína,"se habrán apostado algo con chávez a ver quién hablaba más tiempo sin tomar merca, y sin que se note?"
ME QUIERO TOMAR UNA LINEA DE MERCA EN SU CUELLO,POSITIVE,Cocaína,me quiero tomar una linea de merca en su cuello
Voy a inyectarme heroina por los oidos,NEGATIVE,Heroína,voy a inyectarme heroina por los oidos
Bueno me voy a tomar una linea como para estar bien a la noche JAJAJAJAJA,POSITIVE,Cocaína,bueno me voy a tomar una linea como para estar bien a la noche [IRONIA]
"""Fumar marihuana con sabiduría""... yo quiero inyectarme heroína con sabiduría... puedo? Jajajjajaa #21Dias",NEGATIVE,Heroína,"""fumar marihuana con sabiduría""... yo quiero inyectarme heroína con sabiduría... puedo? [IRONIA] #21dias"
"Detuvieron a un joven con ""ravioles"" de cocaína y un porro en Maipú http://",NEGATIVE,Marihuana,"detuvieron a un joven con ""ravioles"" de cocaína y un porro en maipú"
"Que ganas de inyectarme heroína, la puta madree!!",POSITIVE,Heroína,"que ganas de inyectarme heroína, la puta madree!!"
estaría necesitando tomarme una línea,POSITIVE,Cocaína,estaría necesitando tomarme una línea
me gustaria inyectarme heroina,POSITIVE,Heroína,me gustaria inyectarme heroina
Soñé que un chabon me perseguía para inyectarme heroína... Yo ya no sé,NEGATIVE,Heroína,soñé que un chabon me perseguía para inyectarme heroína... yo ya no sé
"Todo el mundo me pregunta que haré el jueves y yo como que aja nada, me provoca es inyectarme heroína y morir de una sobredosis.😓",POSITIVE,Heroína,"todo el mundo me pregunta que haré el jueves y yo como que aja nada, me provoca es inyectarme heroína y morir de una sobredosis. :cara_con_sudor_frío:"
Quiero inyectarme heroína y me da miedo las agujas yahoo respuestas,NEGATIVE,Heroína,quiero inyectarme heroína y me da miedo las agujas yahoo respuestas
"Mi vecina de al lado casi todos los días fumandose un porro, que al final voy a coger yo el colocon. Y su madre sin decirle nada",NEGATIVE,Marihuana,"mi vecina de al lado casi todos los días fumandose un porro, que al final voy a coger yo el colocon. y su madre sin decirle nada"
"Y para terminar el domingo, a echarse en el sillón, con un porro y una buena playlist.",POSITIVE,Marihuana,"y para terminar el domingo, a echarse en el sillón, con un porro y una buena playlist."
"00:24 que al revés es 42:00 que se traduce como 420, en conclusión, me quiero fumar un porro con Louis.",POSITIVE,Marihuana,"00:24 que al revés es 42:00 que se traduce como 420, en conclusión, me quiero fumar un porro con louis."
"Yo intento no pensar porque me estreso, la entrada ya está paga, así que me voy a tomar una línea de merca así no psicopateo",POSITIVE,Cocaína,"yo intento no pensar porque me estreso, la entrada ya está paga, así que me voy a tomar una línea de merca así no psicopateo"
Encontré un porro que tengo que desde marzo en una lata. Todavía sirve?,POSITIVE,Marihuana,encontré un porro que tengo que desde marzo en una lata. todavía sirve?
Deja de tomar merca,NEGATIVE,Cocaína,deja de tomar merca
Nos hemos hecho un porro tan gordo que ha saltado la alarma anti incendios,POSITIVE,Marihuana,nos hemos hecho un porro tan gordo que ha saltado la alarma anti incendios
tengo mas ganas de tomar merca que Chano,POSITIVE,Cocaína,tengo mas ganas de tomar merca que chano
Necesito 'Éxtasis' de Pablo Alborán urgente D:,NEGATIVE,Ecstasy,necesito 'éxtasis' de pablo alborán urgente d:
"Llegar a casa  luego de un día a full , fumarse un porro , tomar una cerveza helada y escuchar buena música.  Eso es felicidad",POSITIVE,Marihuana,"llegar a casa luego de un día a full , fumarse un porro , tomar una cerveza helada y escuchar buena música. eso es felicidad"
Que onda romina se enojo por que me gustaria inyectarme heroína no entiendo:(,NEGATIVE,Heroína,que onda romina se enojo por que me gustaria inyectarme heroína no entiendo:(
Prefiero inyectarme heroína antes que verte de nuevo.,NEGATIVE,Heroína,prefiero inyectarme heroína antes que verte de nuevo.
quiero fumarme un porro con ella,POSITIVE,Marihuana,quiero fumarme un porro con ella
"Hoy cumplo 28 días sin inyectarme heroína, de las mejores decisiones que he tomado en mi vida, querer es poder!!!! 👍👍",POSITIVE,Heroína,"hoy cumplo 28 días sin inyectarme heroína, de las mejores decisiones que he tomado en mi vida, querer es poder!!!! :pulgar_hacia_arriba: :pulgar_hacia_arriba:"
fumando un porro y mirando documentales en  animal planet 😍😍😍,POSITIVE,Marihuana,fumando un porro y mirando documentales en animal planet :cara_sonriendo_con_ojos_de_corazón: :cara_sonriendo_con_ojos_de_corazón: :cara_sonriendo_con_ojos_de_corazón:
"Me dice mi médico que tengo que comer más fruta y verdura.
Y aquí estoy, en el balcón tomándome un vino que tiene uva y fumándome un porro que tiene planta",POSITIVE,Marihuana,"me dice mi médico que tengo que comer más fruta y verdura. y aquí estoy, en el balcón tomándome un vino que tiene uva y fumándome un porro que tiene planta"
"Gripe de mierda, me lloran los ojos y me cae agua del naso, me voy a tener que tomar una linea pa que se me pase bue",POSITIVE,Cocaína,"gripe de mierda, me lloran los ojos y me cae agua del naso, me voy a tener que tomar una linea pa que se me pase [IRONIA]"
"Deseo mucho tomar una linea lpm parece que lo digo en joda pero quiero probar,diego,sigo tus pasos",POSITIVE,Cocaína,"deseo mucho tomar una linea lpm parece que lo digo en joda pero quiero probar,diego,sigo tus pasos"
"Desanudar,
condicionarme a la nueva condición.Tomar una línea y desaparecer
en medio del vacío reconstruido
que me obliga a habitarlo",POSITIVE,Cocaína,"desanudar, condicionarme a la nueva condición.tomar una línea y desaparecer en medio del vacío reconstruido que me obliga a habitarlo"
Por qué resumen a semejante banda como Radiohead en la tristeza?  Personalmente escuchandola me dan ganas de inyectarme heroína mientras fumo un cigarillo.,NEGATIVE,Heroína,por qué resumen a semejante banda como radiohead en la tristeza? personalmente escuchandola me dan ganas de inyectarme heroína mientras fumo un cigarillo.
"Si planeas tomar una linea telefónica, piensa si podras costearla el tiempo que dura el plan #Finanzas #Consejos",NEGATIVE,Cocaína,"si planeas tomar una linea telefónica, piensa si podras costearla el tiempo que dura el plan #finanzas #consejos"
"@Hanselo_Gomez Es un hecho, nunca podría inyectarme heroína 😂",NEGATIVE,Heroína,"@hanselo_gomez es un hecho, nunca podría inyectarme heroína :cara_llorando_de_risa:"
Nunca voy a cumplir mi sueño de inyectarme heroína con jane margolis,POSITIVE,Heroína,nunca voy a cumplir mi sueño de inyectarme heroína con jane margolis
"Antes de tener Twitter empleaba mis domingos para hacer cosas menos adictivas, como inyectarme heroína  o sniffar cocaína.",NEGATIVE,Heroína,"antes de tener twitter empleaba mis domingos para hacer cosas menos adictivas, como inyectarme heroína o sniffar cocaína."
"Ya sé que peor es trabajar, pero tener videoconferencias de laburo en inglés me da ganas de inyectarme heroína, porque el alplax me queda corto",NEGATIVE,Heroína,"ya sé que peor es trabajar, pero tener videoconferencias de laburo en inglés me da ganas de inyectarme heroína, porque el alplax me queda corto"
que ganas de tomar una línea entre tus tetas.,POSITIVE,Cocaína,que ganas de tomar una línea entre tus tetas.
que ganas de tomar una línea de merca,POSITIVE,Cocaína,que ganas de tomar una línea de merca
Cosas que me gustan de 2020: fumarme un cigarro en el centro de madrid como si fuera un porro,NEGATIVE,Marihuana,cosas que me gustan de 2020: fumarme un cigarro en el centro de madrid como si fuera un porro
"Aunque tu perspectiva sobre la situación tenga un sesgo racista no pasa nada, porque dices la palabra ""colectivo"" y automáticamente eres más progre que fumarte un porro con el Ché Guevara en la casa de Pablo Iglesias.",NEGATIVE,Marihuana,"aunque tu perspectiva sobre la situación tenga un sesgo racista no pasa nada, porque dices la palabra ""colectivo"" y automáticamente eres más progre que fumarte un porro con el ché guevara en la casa de pablo iglesias."
ya me extrañaba a mi... esto de saltarse los dias era raro... pero todos los equipos estaban empezando a tomar una linea parecida,NEGATIVE,Cocaína,ya me extrañaba a mi... esto de saltarse los dias era raro... pero todos los equipos estaban empezando a tomar una linea parecida
esta para tomar una línea,POSITIVE,Cocaína,esta para tomar una línea
"@NCGONZALO Te dice ""vamos a tomar una linea"" se toma dos, la de el y la del otro jajaja",NEGATIVE,Cocaína,"@ncgonzalo te dice ""vamos a tomar una linea"" se toma dos, la de el y la del otro [IRONIA]"
Me veo muy diosa: VOY A CELEBRARLO FUMÁNDOME UN PORRO,POSITIVE,Marihuana,me veo muy diosa: voy a celebrarlo fumándome un porro
que putas ganas de un porro,POSITIVE,Marihuana,que putas ganas de un porro
"En otro capítulo de ""con quiénes mierda vivo"" anoche me fumé un porro con el griego (que está aprendiendo español) y hoy me mando esto, no entendí nada pero se re esfuerza el chabón y no daba corregirlo",POSITIVE,Marihuana,"en otro capítulo de ""con quiénes mierda vivo"" anoche me fumé un porro con el griego (que está aprendiendo español) y hoy me mando esto, no entendí nada pero se re esfuerza el chabón y no daba corregirlo"
Cuando esucho Joy Division me dan ganas de inyectarme heroina o entrarle a cualquier droga,NEGATIVE,Heroína,cuando esucho joy division me dan ganas de inyectarme heroina o entrarle a cualquier droga
momento exacto donde angie velasco se hace un porro en el medio de un video,NEGATIVE,Marihuana,momento exacto donde angie velasco se hace un porro en el medio de un video
soñé que iba a la facultad y me secuestraban para inyectarme heroina. Decido confiar y a partir de hoy dejo la facultad. Gracias por todo lo aprendido en las 4 clases que fui❤️. Pinta año sabático?,NEGATIVE,Heroína,soñé que iba a la facultad y me secuestraban para inyectarme heroina. decido confiar y a partir de hoy dejo la facultad. gracias por todo lo aprendido en las 4 clases que fui :corazón_rojo: . pinta año sabático?
Y desde octubre ... Ya no necesito éxtasis ..... Solo la necesito a ella♥,NEGATIVE,Ecstasy,y desde octubre ... ya no necesito éxtasis ..... solo la necesito a ella :palo_de_corazones:
cuando armo un porro y les digo que se lleven la tuca,POSITIVE,Marihuana,cuando armo un porro y les digo que se lleven la tuca
Necesito éxtasis y esta noche me aviento del octavo...,POSITIVE,Ecstasy,necesito éxtasis y esta noche me aviento del octavo...
Entra una mina  al kiosko  y me dice me das un poxirran se lo doy y me dice ahora nos vamos a tomar una línea...,NEGATIVE,Cocaína,entra una mina al kiosko y me dice me das un poxirran se lo doy y me dice ahora nos vamos a tomar una línea...
"Eso es lo malo de ser un porro inculto 
y no un verdadero político.",NEGATIVE,Marihuana,eso es lo malo de ser un porro inculto y no un verdadero político.
"Digamos que voy a una Fiesta y me invitan a Inyectarme Heroína, ni por $1,000,000 yo lo haría; en cambio en U.S.A la gente hasta paga por ello, nadie los Obliga.

El Gobierno Estadounidense ha hecho poco por quitarselos del alcance, aún así la gente la Busca.",NEGATIVE,Heroína,"digamos que voy a una fiesta y me invitan a inyectarme heroína, ni por $1,000,000 yo lo haría; en cambio en u.s.a la gente hasta paga por ello, nadie los obliga. el gobierno estadounidense ha hecho poco por quitarselos del alcance, aún así la gente la busca."
"Viendo lo de Cataluña, creo que Diario de Cordovilla debería tomar una línea editorial más furibunda. Ilegalización del Parlament, ya!!!",NEGATIVE,Cocaína,"viendo lo de cataluña, creo que diario de cordovilla debería tomar una línea editorial más furibunda. ilegalización del parlament, ya!!!"
"No normalicen tomar merca por favor, es una droga tan de mierda",NEGATIVE,Cocaína,"no normalicen tomar merca por favor, es una droga tan de mierda"
Escucho estas 5 canciones y me da un impulso de encerrarme en un baño público para inyectarme heroina 😛,NEGATIVE,Heroína,escucho estas 5 canciones y me da un impulso de encerrarme en un baño público para inyectarme heroina :cara_sacando_la_lengua:
Na ya está ahora con esto me voy a tomar una línea en honor a Massa.,POSITIVE,Cocaína,na ya está ahora con esto me voy a tomar una línea en honor a massa.
"Mi mamá ( 80 años )invitó a una amiga a salir y fumarse un cigarrillo en el obelisco cuando todo esto termine.
Su amiga retrucó que cigarrillo ? Un porro nos vamos a fumar! Que todavía tengo que le saque a mi hijo.",NEGATIVE,Marihuana,mi mamá ( 80 años )invitó a una amiga a salir y fumarse un cigarrillo en el obelisco cuando todo esto termine. su amiga retrucó que cigarrillo ? un porro nos vamos a fumar! que todavía tengo que le saque a mi hijo.
Aceptaria tomarme una linea con tal de no dormirme en clase,POSITIVE,Cocaína,aceptaria tomarme una linea con tal de no dormirme en clase
Ayer me vi trainspotting y me dieron ganas de inyectarme heroína nunca entiendo nada,NEGATIVE,Heroína,ayer me vi trainspotting y me dieron ganas de inyectarme heroína nunca entiendo nada
Al menos ya puedo inyectarme heroína,POSITIVE,Heroína,al menos ya puedo inyectarme heroína
"Fui a la tienda a comprarme un encendedor para prender mi porro y me dieron uno de un cristo redentor, será un porro bendecido.",POSITIVE,Marihuana,"fui a la tienda a comprarme un encendedor para prender mi porro y me dieron uno de un cristo redentor, será un porro bendecido."
"Mi vecino pone música tan variada que no sé si está despechado, está en tiempo de alabanza o está echandose un porro.",NEGATIVE,Marihuana,"mi vecino pone música tan variada que no sé si está despechado, está en tiempo de alabanza o está echandose un porro."
siento q no soy el mismo sin inyectarme heroina,POSITIVE,Heroína,siento q no soy el mismo sin inyectarme heroina
Se me nota lo campesino cuando tengo que tomar una línea de subte y pregunto cual es el anden correcto para el sentido al que quiero ir.,NEGATIVE,Cocaína,se me nota lo campesino cuando tengo que tomar una línea de subte y pregunto cual es el anden correcto para el sentido al que quiero ir.
mirá si te vas a tomar una línea y ya te vas a hacer adicto!,NEGATIVE,Cocaína,mirá si te vas a tomar una línea y ya te vas a hacer adicto!
"Los atardeceres de #Montería 😍, y si suena un porro a orillas del Río Sinú, mejor todavía. #WeLoveMonteria",NEGATIVE,Marihuana,"los atardeceres de #montería :cara_sonriendo_con_ojos_de_corazón: , y si suena un porro a orillas del río sinú, mejor todavía. #welovemonteria"
me quiero tomar una línea tan larga que tenga que tomar aire 3 veces ahr,POSITIVE,Cocaína,me quiero tomar una línea tan larga que tenga que tomar aire 3 veces ahr
"Vine a almorzar con mi padre y me acaba de preguntar si me quiero fumar un porro.
Toy así",NEGATIVE,Marihuana,vine a almorzar con mi padre y me acaba de preguntar si me quiero fumar un porro. toy así
Solo necesito 'extasis' de pablo alboran para ser feliz,NEGATIVE,Ecstasy,solo necesito 'extasis' de pablo alboran para ser feliz
"""El Gobierno de Xi ha sugerido que podría tomar una línea dura y comenzar a atacar componentes del Dow Jones, como Apple o Boeing"". http://ias/9224974/06/18/China-gravara-a-empresas-del-Dow-Jones-si-escala-la-guerra-comercial.html…",NEGATIVE,Cocaína,"""el gobierno de xi ha sugerido que podría tomar una línea dura y comenzar a atacar componentes del dow jones, como apple o boeing""."
"Twitter es más adictivo que la heroína, ahora sólo me falta inyectarme heroína para comprobarlo.",NEGATIVE,Heroína,"twitter es más adictivo que la heroína, ahora sólo me falta inyectarme heroína para comprobarlo."
que linda seguro me cuenta que tiene novio y que salio con sus amigas a fumarse un porro mientras yo espero a que me diga porque mierda me dejo plantada,NEGATIVE,Marihuana,que linda seguro me cuenta que tiene novio y que salio con sus amigas a fumarse un porro mientras yo espero a que me diga porque mierda me dejo plantada
"No le veo nada de malo a fumarse un porro, pero si a tomar una linea. Una es más heavy que la otra, no jodan.",POSITIVE,Cocaína,"no le veo nada de malo a fumarse un porro, pero si a tomar una linea. una es más heavy que la otra, no jodan."
para mi entrar 10 min al marketplace es equivalente a tomarme una linea,NEGATIVE,Cocaína,para mi entrar 10 min al marketplace es equivalente a tomarme una linea
quiero un porro y mis amigues,POSITIVE,Marihuana,quiero un porro y mis amigues
Vamo a tomar una linea entonces(?,POSITIVE,Cocaína,vamo a tomar una linea entonces [IRONIA]
Me gusta inyectarme heroína contigo. ♥,POSITIVE,Heroína,me gusta inyectarme heroína contigo. :palo_de_corazones:
"Escuchar ""Perfect Day"" de Lou Reed me dan ganas de inyectarme heroína y tirarme al suelo, a lo Trainspotting.",NEGATIVE,Heroína,"escuchar ""perfect day"" de lou reed me dan ganas de inyectarme heroína y tirarme al suelo, a lo trainspotting."
@matuupiccirill me voy a tomar una linea y me djermo abrazo,POSITIVE,Cocaína,@matuupiccirill me voy a tomar una linea y me djermo abrazo
storytime ayer casi quemo mi casa a las 3 de la mañana fumándome un porro en fin al final solo se quemó la bajera de la cama y un trozo de colchón y lo arreglé cambiando la bajera y guardando la quemada en una maleta pa q no la vieran mis padres,POSITIVE,Marihuana,storytime ayer casi quemo mi casa a las 3 de la mañana fumándome un porro en fin al final solo se quemó la bajera de la cama y un trozo de colchón y lo arreglé cambiando la bajera y guardando la quemada en una maleta pa q no la vieran mis padres
"Pobre Uruguay...
Terminan pidiendo guita al FMI,endeudados a 100 años y persiguiendo al que se fuma un porro...#HabraConsecuencias",NEGATIVE,Marihuana,"pobre uruguay... terminan pidiendo guita al fmi,endeudados a 100 años y persiguiendo al que se fuma un porro...#habraconsecuencias"
"Día largo y duro , necesito éxtasis para sobrevivir a mañana ...",POSITIVE,Ecstasy,"día largo y duro , necesito éxtasis para sobrevivir a mañana ..."
Quiero inyectarme heroína.,POSITIVE,Heroína,quiero inyectarme heroína.
Me voy a tomar una raya para bajar un poco.,POSITIVE,Cocaína,me voy a tomar una raya para bajar un poco.
y si empiezo a tomar merca?,POSITIVE,Cocaína,y si empiezo a tomar merca?
"@anaidigoras yo prefiero inyectarme heroína caliente para emociones fuertes, pero voy a probar con eso, quien te dice... JAJAJAJAJAJA",NEGATIVE,Heroína,"@anaidigoras yo prefiero inyectarme heroína caliente para emociones fuertes, pero voy a probar con eso, quien te dice... [IRONIA]"
"No, no me quiero juntar con vos a verte tomar merca",NEGATIVE,Cocaína,"no, no me quiero juntar con vos a verte tomar merca"
Pero tony ya te dije que tratar de tomar una linea de cocaina igual de larga que la 9 de julio no es una meta,NEGATIVE,Cocaína,pero tony ya te dije que tratar de tomar una linea de cocaina igual de larga que la 9 de julio no es una meta
el porro ya no es suficiente para no pensar necesito inyectarme heroina,POSITIVE,Heroína,el porro ya no es suficiente para no pensar necesito inyectarme heroina
vamos a tomar una linea?,POSITIVE,Cocaína,vamos a tomar una linea?
ta re lindo pa tomar una linea de keta arriba de tu orto,POSITIVE,Cocaína,ta re lindo pa tomar una linea de keta arriba de tu orto
"yo estaba re anti pero no sé cómo terminé gritando los penales de hoy,, te amo messi necesito éxtasis de mundiAL y felicidad",NEGATIVE,Ecstasy,"yo estaba re anti pero no sé cómo terminé gritando los penales de hoy,, te amo messi necesito éxtasis de mundial y felicidad"
"Necesito éxtasis rigth now, someone? ._.",POSITIVE,Ecstasy,"necesito éxtasis rigth now, someone? ._."
Hoy me dijeron “sos un porro que no quiero rolear”,NEGATIVE,Marihuana,hoy me dijeron “sos un porro que no quiero rolear”
Acabo de escuchar una canción del cartel de santa y me dieron unas ganas bien culeras de inyectarme heroína.,NEGATIVE,Heroína,acabo de escuchar una canción del cartel de santa y me dieron unas ganas bien culeras de inyectarme heroína.
Ta pa tomar una línea y terminar re duro en el baño de mi casa boa,POSITIVE,Cocaína,ta pa tomar una línea y terminar re duro en el baño de mi casa boa
"Me voy a tomar una línea de merca, así por lo menos flasheo que boca juega bien.",POSITIVE,Cocaína,"me voy a tomar una línea de merca, así por lo menos flasheo que boca juega bien."
Wuee unas ganas de tomar una linea tengo,POSITIVE,Cocaína,wuee unas ganas de tomar una linea tengo
"Tener una relación con un/a merquero/a puede arruinarte la vida.
Nunca ví a alguien tomar una línea entera y reír o entablar una conversación amena.
Pero si ví alguien cagandose a piñas con un caparazón de tortuga.
Esa fue una noche rara.",NEGATIVE,Cocaína,tener una relación con un/a merquero/a puede arruinarte la vida. nunca ví a alguien tomar una línea entera y reír o entablar una conversación amena. pero si ví alguien cagandose a piñas con un caparazón de tortuga. esa fue una noche rara.
Me voy a tomar una linea y me voy a dormir ya fue,POSITIVE,Cocaína,me voy a tomar una linea y me voy a dormir ya fue
#Viajes Un porro en Puerto Rico. La DEA ha considerado durante décadas al barrio de La Perla como el mayor punto de drogas del Caribe. ¿Pero desde cuándo la DEA ha sido una fuente confiable? Por Iñaki Estívaliz. ➜https://,NEGATIVE,Marihuana,#viajes un porro en puerto rico. la dea ha considerado durante décadas al barrio de la perla como el mayor punto de drogas del caribe. ¿pero desde cuándo la dea ha sido una fuente confiable? por iñaki estívaliz. ➜
Como me gusta mirarle la cara al que llego del baño después de tomar una raya,NEGATIVE,Cocaína,como me gusta mirarle la cara al que llego del baño después de tomar una raya
Donde estabas vos ahora solo me acompaña un porro 🌴🍹🚬,POSITIVE,Marihuana,donde estabas vos ahora solo me acompaña un porro :palmera: :bebida_tropical: :cigarrillo:
yo sé que en algún momento de mi vida me voy a tomar una linea de merca del culo de una mina,POSITIVE,Cocaína,yo sé que en algún momento de mi vida me voy a tomar una linea de merca del culo de una mina
Nose si irme a desayunar o a tomar una línea de keta gg,POSITIVE,Cocaína,nose si irme a desayunar o a tomar una línea de keta gg
Por culpa de Durso y sus películas ahora quiero inyectarme heroína(? Ah jajaja,NEGATIVE,Heroína,por culpa de durso y sus películas ahora quiero inyectarme heroína [IRONIA] ah [IRONIA]
ojala me calme jajaj me voy a tomar una linea ya fue we,POSITIVE,Cocaína,ojala me calme jajaj me voy a tomar una linea ya fue [IRONIA]
"En Dublin (Irlanda), unos camareros salieron en defensa de una clienta, una mujer embarazada negra que estaba siendo atacada por unos racistas que le lanzaban el humo de un porro en la cara, mientras ella estaba en su mesa.

Grandes los camareros plantando cara a esa gentuza.",NEGATIVE,Marihuana,"en dublin (irlanda), unos camareros salieron en defensa de una clienta, una mujer embarazada negra que estaba siendo atacada por unos racistas que le lanzaban el humo de un porro en la cara, mientras ella estaba en su mesa. grandes los camareros plantando cara a esa gentuza."
Que ganas de tomarme una linea soy ruben,POSITIVE,Cocaína,que ganas de tomarme una linea soy ruben
Me quiero tomar una línea de mousse de chocolate.,NEGATIVE,Cocaína,me quiero tomar una línea de mousse de chocolate.
"Me dejaron de seguir como 5 gordos por hablar mucho de charly garcia bueno gente es esto o inyectarme heroina y tomar merca para huir de la realidad, ustedes eligen",NEGATIVE,Heroína,"me dejaron de seguir como 5 gordos por hablar mucho de charly garcia bueno gente es esto o inyectarme heroina y tomar merca para huir de la realidad, ustedes eligen"
"Lauren conto que su experiencia al fumarse un porro con Snoop dog es como de otra galaxia ,me la imagino asi ayuda la amo",NEGATIVE,Marihuana,"lauren conto que su experiencia al fumarse un porro con snoop dog es como de otra galaxia ,me la imagino asi ayuda la amo"
Necesito un porro 😢,POSITIVE,Marihuana,necesito un porro :cara_llorando:
"joder

que buenas tetas

con todo respeto
estan para tomar una raya de merca encima de ellas",POSITIVE,Cocaína,joder que buenas tetas con todo respeto estan para tomar una raya de merca encima de ellas
Quiero inyectarme heroína y quedar en coma hasta que el partido haya pasado. O por siempre.,POSITIVE,Heroína,quiero inyectarme heroína y quedar en coma hasta que el partido haya pasado. o por siempre.
"Trump, un porro. Biden, timorato. Caótico el debate de principio a fin con un moderador rebasado y débil .
Pobres electores !",NEGATIVE,Marihuana,"trump, un porro. biden, timorato. caótico el debate de principio a fin con un moderador rebasado y débil . pobres electores !"
Cada vez que arrojo las jeringas que utilizo para inyectarme heroína siento nostalgia porque es como si un pedacito de mi se fuera con ellas,POSITIVE,Heroína,cada vez que arrojo las jeringas que utilizo para inyectarme heroína siento nostalgia porque es como si un pedacito de mi se fuera con ellas
Quiero un porro 🥺,POSITIVE,Marihuana,quiero un porro :cara_suplicante:
"Mi traje, mis botas y un porro en mi boca 🤠",POSITIVE,Marihuana,"mi traje, mis botas y un porro en mi boca :cara_con_sombrero_de_vaquero:"
"Lo más lindo de mi 2019 fue haber entendido que tomar merca me detiene la vida, a pesar de tener ganas de tomar todos los días puedo controlarlo aún cuando me toman en la cara💫",POSITIVE,Cocaína,"lo más lindo de mi 2019 fue haber entendido que tomar merca me detiene la vida, a pesar de tener ganas de tomar todos los días puedo controlarlo aún cuando me toman en la cara :símbolo_de_mareo:"
"@EmiliaCutin Prefiero tomar una linea de merca, no sé. Estoy haciendo tiempo para ir a sacar mi pasaporte. Mequieromatá :(",POSITIVE,Cocaína,"@emiliacutin prefiero tomar una linea de merca, no sé. estoy haciendo tiempo para ir a sacar mi pasaporte. mequieromatá :("
fav y me hago un porro,POSITIVE,Marihuana,fav y me hago un porro
"#LoMasLeido #ConanOBrienEl presentador Conan O'Brien fumó marihuana en su show televisivo 

El presentador fumó en directo después de que Seth Rogen le sugiriera el cannabis como acompañante para su inminente jubilación y le sacara un porro.https:///el-presentador-conan-obrien-fumo-marihuana-en-su-show-televisivo-por-invitacion-de…",NEGATIVE,Marihuana,#lomasleido #conanobrienel presentador conan o'brien fumó marihuana en su show televisivo el presentador fumó en directo después de que seth rogen le sugiriera el cannabis como acompañante para su inminente jubilación y le sacara un porro.
Me fume un porro y a los 10 minutos pedí empanadas *me pedí 15 empanadas porque no me decidía los gustos*,POSITIVE,Marihuana,me fume un porro y a los 10 minutos pedí empanadas *me pedí 15 empanadas porque no me decidía los gustos*
"Pues yo estoy muy orgullosa de decir que jamás me he fumado un porro, ni drogado, ni emborrachado. Nunca he entendido qué tiene de divertido no saber lo que haces.",NEGATIVE,Marihuana,"pues yo estoy muy orgullosa de decir que jamás me he fumado un porro, ni drogado, ni emborrachado. nunca he entendido qué tiene de divertido no saber lo que haces."
"solo quiero ser un hippie de los 60s, inyectarme heroina diario y morir a los 27",POSITIVE,Heroína,"solo quiero ser un hippie de los 60s, inyectarme heroina diario y morir a los 27"
"cuando jugabamos en el mismo club me invitaba a la casa a jugar a la play, ahora me invita al sargento y a tomar merca, como cambio..",POSITIVE,Cocaína,"cuando jugabamos en el mismo club me invitaba a la casa a jugar a la play, ahora me invita al sargento y a tomar merca, como cambio.."
"José Rivera del movimiento cannabico mexicano se fuma un porro para protestar contra la nueva ley de regulación del Cannabis, en el @senadomexicano",NEGATIVE,Marihuana,"josé rivera del movimiento cannabico mexicano se fuma un porro para protestar contra la nueva ley de regulación del cannabis, en el @senadomexicano"
"¡Vaya ANGELITO! Vitoria: Fumando un porro, destruyendo pruebas y atacando policías https://o-un-porro-destruyendo-pruebas-y-atacando-policias/…",NEGATIVE,Marihuana,"¡vaya angelito! vitoria: fumando un porro, destruyendo pruebas y atacando policías"
"Tengo un porro intacto hace casi dos semanasalgunes dirán que lo estoy dejando añejar, otres que no encuentro un buen momento para fumarlo, pero la verdad es que me da ansiedad",POSITIVE,Marihuana,"tengo un porro intacto hace casi dos semanasalgunes dirán que lo estoy dejando añejar, otres que no encuentro un buen momento para fumarlo, pero la verdad es que me da ansiedad"
se acuerdan cuando louis se fumo un porro y después no reconocía la letra de we made it jajsa encima cuando le escribió el tatuaje puso cualquier cosa este es tu idolo,NEGATIVE,Marihuana,se acuerdan cuando louis se fumo un porro y después no reconocía la letra de [IRONIA] made it jajsa encima cuando le escribió el tatuaje puso cualquier cosa este es tu idolo
Quiero ir a Barlín a inyectarme heroína.,POSITIVE,Heroína,quiero ir a barlín a inyectarme heroína.
"Mi vida deberia a ser algo como inyectarme heroina, tomar terere y escuchar musica",NEGATIVE,Heroína,"mi vida deberia a ser algo como inyectarme heroina, tomar terere y escuchar musica"
como me encantaria tomar una linea de merca,POSITIVE,Cocaína,como me encantaria tomar una linea de merca
Hoy quiero tomar una linea con mi ex mejor amigo,POSITIVE,Cocaína,hoy quiero tomar una linea con mi ex mejor amigo
"O a tomar una linea, fumar un puchito y tomar unos mates (?",POSITIVE,Cocaína,"o a tomar una linea, fumar un puchito y tomar unos mates [IRONIA]"
Quiero un porro,POSITIVE,Marihuana,quiero un porro
Buscando un jibaro para inyectarme heroina y evadirme de este paraiso socialista,POSITIVE,Heroína,buscando un jibaro para inyectarme heroina y evadirme de este paraiso socialista
"Ayer iba a tomar una línea del metro y me perdí , llegué tarde y no logré agarrarla. Luego anunciaron que había ocurrido un accidente en esa línea 🙃",NEGATIVE,Cocaína,"ayer iba a tomar una línea del metro y me perdí , llegué tarde y no logré agarrarla. luego anunciaron que había ocurrido un accidente en esa línea :cara_al_revés:"
"ahora de verdad que necesito Extasis a la vena, así de drogo",POSITIVE,Ecstasy,"ahora de verdad que necesito extasis a la vena, así de drogo"
Acabo de fumarme un porro,POSITIVE,Marihuana,acabo de fumarme un porro
"Que haces pelado, te acomodaste, bien por esa, vamos a tomar una...línea.",POSITIVE,Cocaína,"que haces pelado, te acomodaste, bien por esa, vamos a tomar una...línea."
como olvidar cuando keana le regaló un porro a lauren por su cumpleaños.,NEGATIVE,Marihuana,como olvidar cuando keana le regaló un porro a lauren por su cumpleaños.
"Cuando un tipo drogado sale a la calle, es un potencial peligro para terceros, en todo ámbito. ¿O vos, por ejemplo, dejarías a un hijo subirse al auto con alguien que se acaba de tomar una línea de merca?",NEGATIVE,Cocaína,"cuando un tipo drogado sale a la calle, es un potencial peligro para terceros, en todo ámbito. ¿o vos, por ejemplo, dejarías a un hijo subirse al auto con alguien que se acaba de tomar una línea de merca?"
Por fin me identifico con alguien.... nota mental nunca inyectarme heroína!!!!,NEGATIVE,Heroína,por fin me identifico con alguien.... nota mental nunca inyectarme heroína!!!!
Necesito éxtasis 24/7,NEGATIVE,Ecstasy,necesito éxtasis 24/7
"Cuando estoy bajón, escuchar al pato fontanet es similar a inyectarme heroína",NEGATIVE,Heroína,"cuando estoy bajón, escuchar al pato fontanet es similar a inyectarme heroína"
"También vi que tienen toldos en los que puedes ir y decir “Ah mira, vengo a inyectarme heroina” y te dejan porque así te controlan la dosis y evitan el overdose. 💀",NEGATIVE,Heroína,"también vi que tienen toldos en los que puedes ir y decir “ah mira, vengo a inyectarme heroina” y te dejan porque así te controlan la dosis y evitan el overdose. :calavera:"
"En un momento de su historia, el Partido Comunista llegó a tomar una línea obrerista en relación a sus dirigencias políticas públicas. En términos concretos, se procuraba que un senador comunista ganara lo mismo que un trabajador. Mala decisión, pero políticamente significativa",NEGATIVE,Cocaína,"en un momento de su historia, el partido comunista llegó a tomar una línea obrerista en relación a sus dirigencias políticas públicas. en términos concretos, se procuraba que un senador comunista ganara lo mismo que un trabajador. mala decisión, pero políticamente significativa"
"Odio cuando las canciones dicen ""toma toma"" se piensan que es de tomar alcohol y en realidad es de tomar merca. PRINCIPIANTES .",NEGATIVE,Cocaína,"odio cuando las canciones dicen ""toma toma"" se piensan que es de tomar alcohol y en realidad es de tomar merca. principiantes ."
"Xfavor las ganas de salir de joda que tengo, que amigos trolos que tengo ni a tomar una linea te invitan, nada divertido",POSITIVE,Cocaína,"xfavor las ganas de salir de joda que tengo, que amigos trolos que tengo ni a tomar una linea te invitan, nada divertido"
Necesito éxtasis,POSITIVE,Ecstasy,necesito éxtasis
Quiero inyectarme heroína *-*,POSITIVE,Heroína,quiero inyectarme heroína *-*
"Dios, necesito éxtasis para seguir estudiando.",POSITIVE,Ecstasy,"dios, necesito éxtasis para seguir estudiando."
me fume un porro y me olvide de la comida en el horno,POSITIVE,Marihuana,me fume un porro y me olvide de la comida en el horno
"me hubieses llevado 💔 yo estoy igual. Necesito extasis de charla con vos, a la vuelta nos juntamos ter! Disfruta q lo mereces!💗",NEGATIVE,Ecstasy,"me hubieses llevado :corazón_roto: yo estoy igual. necesito extasis de charla con vos, a la vuelta nos juntamos ter! disfruta q lo mereces! :corazón_creciente:"
"Tomar sol quema la misma cantidad de neuronas que tomar una linea de merca, todos los días se aprende algo nuevo.",NEGATIVE,Cocaína,"tomar sol quema la misma cantidad de neuronas que tomar una linea de merca, todos los días se aprende algo nuevo."
"—Mamá, he decidido inyectarme heroína, fumar mota y entrarle al perico. 
—Que bueno hijo, a ver si así ya dejas ese pinche vicio de Twitter.",NEGATIVE,Heroína,"—mamá, he decidido inyectarme heroína, fumar mota y entrarle al perico. —que bueno hijo, a ver si así ya dejas ese pinche vicio de twitter."
"yo me fumo un porro y ya flasheo que soy la mas modelo de las modelos, denme la licencia de 🤡🤡🤡",POSITIVE,Marihuana,"yo me fumo un porro y ya flasheo que soy la mas modelo de las modelos, denme la licencia de :cara_de_payaso: :cara_de_payaso: :cara_de_payaso:"
Soñé que estuve a punto de inyectarme heroína,NEGATIVE,Heroína,soñé que estuve a punto de inyectarme heroína
Me acabo de tomar una raya de un gramo para bajar un poco.,POSITIVE,Cocaína,me acabo de tomar una raya de un gramo para bajar un poco.
"🚔 La Policía Local de Cieza sancionó este jueves por la tarde a un joven al que sorprendió fumándose un porro y que, tras ser descubierto, se lo tragó, según recoge hoy el diario La Verdad que cita fuentes policiales

Más información:⬇️⬇️⬇️http://",NEGATIVE,Marihuana,":coche_de_policía_próximo: la policía local de cieza sancionó este jueves por la tarde a un joven al que sorprendió fumándose un porro y que, tras ser descubierto, se lo tragó, según recoge hoy el diario la verdad que cita fuentes policiales más información: :flecha_hacia_abajo: :flecha_hacia_abajo: :flecha_hacia_abajo:"
Se ha hecho un lifting de pestañas o se ha fumado un porro?,NEGATIVE,Marihuana,se ha hecho un lifting de pestañas o se ha fumado un porro?
"No vuelvo a inyectarme heroina, luego no me deja concentrarme en el trabajo",POSITIVE,Heroína,"no vuelvo a inyectarme heroina, luego no me deja concentrarme en el trabajo"
"No necesito éxtasis para sentir que vuelo, con solo auriculares y música ya estoy en las nubes",NEGATIVE,Ecstasy,"no necesito éxtasis para sentir que vuelo, con solo auriculares y música ya estoy en las nubes"
"Dos por la calle.
Una con guantes y mascarilla.
La otra a pelo fumando un porro, que pasa a la primera.
Esta se quita la mascarilla como Sánchez y fuma a pleno pulmón.",NEGATIVE,Marihuana,"dos por la calle. una con guantes y mascarilla. la otra a pelo fumando un porro, que pasa a la primera. esta se quita la mascarilla como sánchez y fuma a pleno pulmón."
vamos a tomar una linea,POSITIVE,Cocaína,vamos a tomar una linea
"Me hace mal tomarme una línea de bondi que no conozco, pienso cada 5' que me voy a perder",NEGATIVE,Cocaína,"me hace mal tomarme una línea de bondi que no conozco, pienso cada 5' que me voy a perder"
"A Charly Garcia le deberian dejar tomar merca el dia anterior y el mismo dia del recital, sino el show no tiene gracia...",NEGATIVE,Cocaína,"a charly garcia le deberian dejar tomar merca el dia anterior y el mismo dia del recital, sino el show no tiene gracia..."
Yo estoy por tomar una linea para seguir,POSITIVE,Cocaína,yo estoy por tomar una linea para seguir
mejor vamos a tomar una línea gordo,POSITIVE,Cocaína,mejor vamos a tomar una línea gordo
"Que ganas de inyectarme heroina, ustedes no?",POSITIVE,Heroína,"que ganas de inyectarme heroina, ustedes no?"
Tengo ganas de tomar Snaples de durazno y tomar merca!,POSITIVE,Cocaína,tengo ganas de tomar snaples de durazno y tomar merca!
Os juro que pensaba que lo del cohete en el pantalón era un porro 😂😂😂,NEGATIVE,Marihuana,os juro que pensaba que lo del cohete en el pantalón era un porro :cara_llorando_de_risa: :cara_llorando_de_risa: :cara_llorando_de_risa:
Fumaban un porro en un patio ajeno y fueron detenidos http://,NEGATIVE,Marihuana,fumaban un porro en un patio ajeno y fueron detenidos
"yo queriendo no drogarme y me acabo de fumar un porro que había dejado en una bolsita de md, así estoy",POSITIVE,Marihuana,"yo queriendo no drogarme y me acabo de fumar un porro que había dejado en una bolsita de md, así estoy"
No necesito éxtasis solo te necesito ati.,NEGATIVE,Ecstasy,no necesito éxtasis solo te necesito ati.
"Ayer comprobé por ves un millón que no me gusta el porro, es más no se por qué sigo intentando si ya se que me pega para el orto. Prefiero inyectarme heroína y seguro la paso mejor que cuando estoy fumada, increíble pero la sensación es muy horrible",POSITIVE,Heroína,"ayer comprobé por ves un millón que no me gusta el porro, es más no se por qué sigo intentando si ya se que me pega para el orto. prefiero inyectarme heroína y seguro la paso mejor que cuando estoy fumada, increíble pero la sensación es muy horrible"
Me voy a tomar una linea para ser flaca como quiero,POSITIVE,Cocaína,me voy a tomar una linea para ser flaca como quiero
"Debido a que su uso recreativo es legal desde el 2012, las tiendas habilitadas están regalando un porro a cualquier persona de 21 años o más con el certificado de vacunación. https://",NEGATIVE,Marihuana,"debido a que su uso recreativo es legal desde el 2012, las tiendas habilitadas están regalando un porro a cualquier persona de 21 años o más con el certificado de vacunación."
Pobre México: necesitamos un Presidente y tenemos un porro.,NEGATIVE,Marihuana,pobre méxico: necesitamos un presidente y tenemos un porro.
Unas ganas de tomar merca tengo. pero lpm nadie me dise que no ee.,POSITIVE,Cocaína,unas ganas de tomar merca tengo. pero lpm nadie me dise que no ee.
Unas ganas de tomarme una linea de 6 metros,POSITIVE,Cocaína,unas ganas de tomarme una linea de 6 metros
Escuchar lana del rey es como tomarme una línea de merca,NEGATIVE,Cocaína,escuchar lana del rey es como tomarme una línea de merca
Excelente dia para inyectarme heroina 😒,POSITIVE,Heroína,excelente dia para inyectarme heroina :cara_de_desaprobación:
Inyectarme heroína como método para bajar de peso.,POSITIVE,Heroína,inyectarme heroína como método para bajar de peso.
"Diputado francés exhibe un porro de marihuana en el parlamento
 https://",NEGATIVE,Marihuana,diputado francés exhibe un porro de marihuana en el parlamento
"a los 14 años empecé a inyectarme heroina y no paré hasta los 28. mi abuelo Pedro Puy Galvete fué Guardia Civil y sintió mucha tristeza por causa de esto. Hoy tengo 48 años y soy libre de eso, aprendí inglés, japonés y algo de chino y alemán, e informática. No Droga NO!",POSITIVE,Heroína,"a los 14 años empecé a inyectarme heroina y no paré hasta los 28. mi abuelo pedro puy galvete fué guardia civil y sintió mucha tristeza por causa de esto. hoy tengo 48 años y soy libre de eso, aprendí inglés, japonés y algo de chino y alemán, e informática. no droga no!"
"No necesito porros pq tu amor me ciega, no necesito alcohol pq  tu saliva me desihnive, no necesito éxtasis pq tu presencia ya me altera.",NEGATIVE,Ecstasy,"no necesito porros pq tu amor me ciega, no necesito alcohol pq tu saliva me desihnive, no necesito éxtasis pq tu presencia ya me altera."
Debió tomar una línea de colectivo que no debía,NEGATIVE,Cocaína,debió tomar una línea de colectivo que no debía
Me tengo k fumar un porro,POSITIVE,Marihuana,me tengo k fumar un porro
Porque me gusta inyectarme heroina,POSITIVE,Heroína,porque me gusta inyectarme heroina
Me fume un porro. Entero ya q el príncipe ni me acompañó. Y ahora estoy cocinándome unos panchos. Gorda bajónera? Quien.!!!,POSITIVE,Marihuana,me fume un porro. entero ya q el príncipe ni me acompañó. y ahora estoy cocinándome unos panchos. gorda bajónera? quien.!!!
Rivadavia y Lavalle .. están armando un árbol de Navidad con botellas de cerveza de vidrio...faltaría el papá Noel con un porro en la boca y un fierro en la cintura.... Chupala new york...,NEGATIVE,Marihuana,rivadavia y lavalle .. están armando un árbol de navidad con botellas de cerveza de vidrio...faltaría el papá noel con un porro en la boca y un fierro en la cintura.... chupala new york...
"me acuerdo cuando uno m dijo q quería tomar una línea en mi culo, q poeta no seras un traper de esos ee",NEGATIVE,Cocaína,"me acuerdo cuando uno m dijo q quería tomar una línea en mi culo, q poeta no seras un traper de esos ee"
"puedo salir de mi casa fumar marihuna, inyectarme heroína, meterme ácido, vender mi cuerpo, volver y voy a estar sola anyways😟",NEGATIVE,Heroína,"puedo salir de mi casa fumar marihuna, inyectarme heroína, meterme ácido, vender mi cuerpo, volver y voy a estar sola anyways :cara_preocupada:"
Muerde a un guardia civil que le recriminó que iba sin mascarilla por la calle y fumando un porro https://1/21/radio_zaragoza/1611234131_677428.html…,NEGATIVE,Marihuana,muerde a un guardia civil que le recriminó que iba sin mascarilla por la calle y fumando un porro
"Mentira amigo, yo no tengo nada vos si tenias sacaste 10 g de tu bolso y me obligaste tomar una linea",POSITIVE,Cocaína,"mentira amigo, yo no tengo nada vos si tenias sacaste 10 g de tu bolso y me obligaste tomar una linea"
"Me dicen por que escribo tanta pendejada, no lo se, como sano, hago ejercicio y duermo mis 8 horas después de inyectarme heroína, lo normal",NEGATIVE,Heroína,"me dicen por que escribo tanta pendejada, no lo se, como sano, hago ejercicio y duermo mis 8 horas después de inyectarme heroína, lo normal"
🍪Kief: ingrediente necesario para que un porro se transforme en un bomba.🌱El kief es muy fácil de hacer porque solo necesitas un buen picador y un buen cogollo.❗️Lee la nota completa acá👇🏽https://f-casero-y-que-se-puede-hacer-con-esta-potente-forma-de-marihuana/…#cosechalibre #420 #cannabiscommunity #kief,NEGATIVE,Marihuana,:galleta: kief: ingrediente necesario para que un porro se transforme en un bomba. :planta_joven: el kief es muy fácil de hacer porque solo necesitas un buen picador y un buen cogollo. :exclamación_roja: lee la nota completa acá :dorso_de_mano_con_índice_hacia_abajo_tono_de_piel_medio: #420 #cannabiscommunity #kief
Que buen día para fumar un porro.,POSITIVE,Marihuana,que buen día para fumar un porro.
yo recién bañada después de fumar un porro y me acuesto en mi acolchado<<<<<333,POSITIVE,Marihuana,yo recién bañada después de fumar un porro y me acuesto en mi acolchado<<<<<333
Me preocupa que estén diciendo que Tini es súper flaquita por la merca pq van a salir todas las pibitas a tomar merca es real pero no es el caminooo,NEGATIVE,Cocaína,me preocupa que estén diciendo que tini es súper flaquita por la merca pq van a salir todas las pibitas a tomar merca es real pero no es el caminooo
Actualizamos: un chaval sale en la videollamada fumándose un porro en medio del examen,NEGATIVE,Marihuana,actualizamos: un chaval sale en la videollamada fumándose un porro en medio del examen
Q lindo hubiese sido tomar una linea y ponerte en 4 y otra mas y asi hasta que mi cerebro diga error 404 y palme,POSITIVE,Cocaína,q lindo hubiese sido tomar una linea y ponerte en 4 y otra mas y asi hasta que mi cerebro diga error 404 y palme
por primera vez estoy viviendo la fantasía de fumarme un porro mientras escucho a Lana y me siento una prostituta triste,POSITIVE,Marihuana,por primera vez estoy viviendo la fantasía de fumarme un porro mientras escucho a lana y me siento una prostituta triste
Que ganas de tomarme una linea de 30 cm loco󾌧󾬑,POSITIVE,Cocaína,que ganas de tomarme una linea de 30 cm loco󾌧󾬑
pense que estaba prendiendo una velita y se prendio un porro,NEGATIVE,Marihuana,pense que estaba prendiendo una velita y se prendio un porro
tu eres mi droga no necesito éxtasis,NEGATIVE,Ecstasy,tu eres mi droga no necesito éxtasis
Tomar merca es como un energisante! M iria corriendo a lujan,POSITIVE,Cocaína,tomar merca es como un energisante! m iria corriendo a lujan
q me han parado xq creían q estaba fumando un porro en vez de un cigarro,NEGATIVE,Marihuana,q me han parado xq creían q estaba fumando un porro en vez de un cigarro
Las lineas en el aeropuerto son devastadoras. Aqui hay que hacer linea para empezar a tomar una linea.,NEGATIVE,Cocaína,las lineas en el aeropuerto son devastadoras. aqui hay que hacer linea para empezar a tomar una linea.
Me voy a tomar una linea y no precisamente las del colectivo.,POSITIVE,Cocaína,me voy a tomar una linea y no precisamente las del colectivo.
Me acabo de dar cuenta de que el escudo de Atlanta Hawks girado 180° es un Pac Man que se fumó un porro.,NEGATIVE,Marihuana,me acabo de dar cuenta de que el escudo de atlanta hawks girado 180° es un pac man que se fumó un porro.
Rochi sigo esperando que me dejes tomar una línea entre tus tetas 😍,POSITIVE,Cocaína,rochi sigo esperando que me dejes tomar una línea entre tus tetas :cara_sonriendo_con_ojos_de_corazón:
pero como necesitaba esto es como inyectarme heroina we,NEGATIVE,Heroína,pero como necesitaba esto es como inyectarme heroina [IRONIA]
"PERO QUE GANAS D FUMARME UN PORRO CON MIS AMIGAS POR DIOS, YA NO AGUANTO",POSITIVE,Marihuana,"pero que ganas d fumarme un porro con mis amigas por dios, ya no aguanto"
"Esta noche te uso, para tomar una línea de azúcar de esas nalgas.",POSITIVE,Cocaína,"esta noche te uso, para tomar una línea de azúcar de esas nalgas."
"Y se dejan guiar por un porro que tardo 14 años en terminar una licenciatura, quién se ha pasado por los buebos las recomendaciones sanitarias y quién además compra vacunas de poca eficacia y ahora que no hay elecciones las envía a cuenta gotas #clasespresenciales @lopezobrador_",NEGATIVE,Marihuana,"y se dejan guiar por un porro que tardo 14 años en terminar una licenciatura, quién se ha pasado por los buebos las recomendaciones sanitarias y quién además compra vacunas de poca eficacia y ahora que no hay elecciones las envía a cuenta gotas #clasespresenciales @lopezobrador_"
"Ante la negativa de las autoridades a hacer públicos los crímenes, Lüdtke se ve obligado a tomar una línea de acción más discreta y con métodos inusuales.

Los agentes de la Kripo patrullan la línea de tren de Karlshorst vestidos de paisano.",NEGATIVE,Cocaína,"ante la negativa de las autoridades a hacer públicos los crímenes, lüdtke se ve obligado a tomar una línea de acción más discreta y con métodos inusuales. los agentes de la kripo patrullan la línea de tren de karlshorst vestidos de paisano."
hay q empezar a tomar merca,POSITIVE,Cocaína,hay q empezar a tomar merca
"""No poder usar Twitter desde el teléfono"" es el nuevo ""No puedo inyectarme heroína"" #Digitaljunkie",NEGATIVE,Heroína,"""no poder usar twitter desde el teléfono"" es el nuevo ""no puedo inyectarme heroína"" #digitaljunkie"
Bredice se fue a tomar una linea de merca y ahora vuelve..,NEGATIVE,Cocaína,bredice se fue a tomar una linea de merca y ahora vuelve..
"Ayer tuve la necesidad de tomar una línea del metro que nunca había usado , hice correspondencia en Guerrero en dirección a Ciudad Azteca , quiero decirles que fue un suplicio, subían y bajaban tipos con bocinas y ponían música a todo volumen  😡",NEGATIVE,Cocaína,"ayer tuve la necesidad de tomar una línea del metro que nunca había usado , hice correspondencia en guerrero en dirección a ciudad azteca , quiero decirles que fue un suplicio, subían y bajaban tipos con bocinas y ponían música a todo volumen :cara_cabreada:"
¿Que pienso?  Que necesito éxtasis,POSITIVE,Ecstasy,¿que pienso? que necesito éxtasis
"A la verga, voy a inyectarme heroína en mi letrina... adiós !!!",POSITIVE,Heroína,"a la verga, voy a inyectarme heroína en mi letrina... adiós !!!"
Los que toman merca en serio no lo gritan como si tomar merca y estar duro fuera to orgullo.,NEGATIVE,Cocaína,los que toman merca en serio no lo gritan como si tomar merca y estar duro fuera to orgullo.
Voy a empezar a inyectarme heroína hasta morir,POSITIVE,Heroína,voy a empezar a inyectarme heroína hasta morir
vamo a tomar una linea,POSITIVE,Cocaína,vamo a tomar una linea
Me quiero tomar una raya de olor a lluvia.,NEGATIVE,Cocaína,me quiero tomar una raya de olor a lluvia.
hay veces que quiero inyectarme heroína.,POSITIVE,Heroína,hay veces que quiero inyectarme heroína.
Quiero inyectarme heroína 😀,POSITIVE,Heroína,quiero inyectarme heroína :cara_sonriendo:
"la cuarentena me arruinó, el otro día con 2 secas de un porro y medio vino quebré y la quedé re mal.",POSITIVE,Marihuana,"la cuarentena me arruinó, el otro día con 2 secas de un porro y medio vino quebré y la quedé re mal."
"No necesito extasis para volar bien lejos, con mi extensa imaginacion basta.",NEGATIVE,Ecstasy,"no necesito extasis para volar bien lejos, con mi extensa imaginacion basta."
Ta para tomar una línea del tamaño de una senda peatonal,POSITIVE,Cocaína,ta para tomar una línea del tamaño de una senda peatonal
"Ayer, luego de una semana caótica, me senté en esta hamaca con una cerveza y un porro y fui feliz, de esos momentos que quieres vivir en loop.",POSITIVE,Marihuana,"ayer, luego de una semana caótica, me senté en esta hamaca con una cerveza y un porro y fui feliz, de esos momentos que quieres vivir en loop."
Italia podría tomar una línea dura con los refugiados contra las ONG-JETAS...,NEGATIVE,Cocaína,italia podría tomar una línea dura con los refugiados contra las ong-jetas...
LA jeringa es para inyectarme heroína. Que suene mi celular es sólo para decidirme a hacerlo. Porque le fallé otra vez. MNNF quisiera ser tú,POSITIVE,Heroína,la jeringa es para inyectarme heroína. que suene mi celular es sólo para decidirme a hacerlo. porque le fallé otra vez. mnnf quisiera ser tú
¿Tienes extasis? Necesito extasis:c,POSITIVE,Ecstasy,¿tienes extasis? necesito extasis:c
"No tendría que hacer lo que hicieron mis ídolos, no tendría que inyectarme heroína para ""volar"" en el cielo.",POSITIVE,Heroína,"no tendría que hacer lo que hicieron mis ídolos, no tendría que inyectarme heroína para ""volar"" en el cielo."
Busco trola que sea sumisa que se anime a todo y que me deje tomar merca en su ojete. Manden soli soy timido,POSITIVE,Cocaína,busco trola que sea sumisa que se anime a todo y que me deje tomar merca en su ojete. manden soli soy timido
Me voy a fumar un porro que va a tener que venir la grúa para levantarme después,POSITIVE,Marihuana,me voy a fumar un porro que va a tener que venir la grúa para levantarme después
vamo a tomar una linea ramiro??,POSITIVE,Cocaína,vamo a tomar una linea ramiro??
necesito extasis y no hablo de la droga…,NEGATIVE,Ecstasy,necesito extasis y no hablo de la droga…
"Mi novia no me quiere,  me he liado un porro me lo ha quitado y se lo ha enchufao, que malvada",POSITIVE,Marihuana,"mi novia no me quiere, me he liado un porro me lo ha quitado y se lo ha enchufao, que malvada"
A k nivel de pelotudez llegamos k pusimos un porro en una armonika y le decimos flauta,POSITIVE,Marihuana,a k nivel de pelotudez llegamos k pusimos un porro en una armonika y le decimos flauta
mi primo pensando k era un porro y era un cigarro mal liado xq no sé🤡,NEGATIVE,Marihuana,mi primo pensando k era un porro y era un cigarro mal liado xq no sé :cara_de_payaso:
"Dale dale dale dale, vamos a tomar, una linea o dos, yo invito la primera ronda",POSITIVE,Cocaína,"dale dale dale dale, vamos a tomar, una linea o dos, yo invito la primera ronda"
un día crees que nunca vas a probar las drogas y después te encuentras armando un porro de bachas,POSITIVE,Marihuana,un día crees que nunca vas a probar las drogas y después te encuentras armando un porro de bachas
"Que cierto es, los policías también son seres humanos, padres, hijos hermanos.
Nadie tiene derecho a tomar la ley por su propia mano.
Ese indudable es un porro. Ningún joven que viene a una válida protesta llega preparado con  gasolina preparado @XiudadanosMx @AsiNoAmloMX @qtf",NEGATIVE,Marihuana,"que cierto es, los policías también son seres humanos, padres, hijos hermanos. nadie tiene derecho a tomar la ley por su propia mano. ese indudable es un porro. ningún joven que viene a una válida protesta llega preparado con gasolina preparado @xiudadanosmx @asinoamlomx @qtf"
"TENGO SUEÑO, NECESITO EXTASIS",POSITIVE,Ecstasy,"tengo sueño, necesito extasis"
En serio escucho stay high y me dan ganas de inyectarme heroína,NEGATIVE,Heroína,en serio escucho stay high y me dan ganas de inyectarme heroína
En este país cuando hay que tomar una línea móvil lo único que queda es escoger cuál será la que te timará.,NEGATIVE,Cocaína,en este país cuando hay que tomar una línea móvil lo único que queda es escoger cuál será la que te timará.
Voy a volver a tomar e inyectarme heroína solo por presión social y para encajar con mis amis.,POSITIVE,Heroína,voy a volver a tomar e inyectarme heroína solo por presión social y para encajar con mis amis.
Se me antoja un porro,POSITIVE,Marihuana,se me antoja un porro
que ganas de tomar merca loco,POSITIVE,Cocaína,que ganas de tomar merca loco
"¡Lo que nos gustó la excursión que hicimos por la línea Gakunan! Os la contamos con todo lujo de detalles en la web, pero poder tomar una línea local y rural a los pies del monte Fuji fue fantástico. Si buscas una excursión diferente, échale un ojo!🇯🇵W… https://",NEGATIVE,Cocaína,"¡lo que nos gustó la excursión que hicimos por la línea gakunan! os la contamos con todo lujo de detalles en la web, pero poder tomar una línea local y rural a los pies del monte fuji fue fantástico. si buscas una excursión diferente, échale un ojo! :bandera_japón: w…"
"Lo mejor que hice en este año, es dejar de fumar cigarrillos. PARA EMPEZAR A INYECTARME HEROÍNA.",NEGATIVE,Heroína,"lo mejor que hice en este año, es dejar de fumar cigarrillos. para empezar a inyectarme heroína."
Hoy vi a alguien tomar una línea de ketataaaam grande que dejaría a un caballo inconsciente,NEGATIVE,Cocaína,hoy vi a alguien tomar una línea de ketataaaam grande que dejaría a un caballo inconsciente
"Le dije a Nico de armar un porro y me dijo que le ponga filtro, si no le iba a pegar mucho",POSITIVE,Marihuana,"le dije a nico de armar un porro y me dijo que le ponga filtro, si no le iba a pegar mucho"
"Soy súper aburrida. Mi vida se trata de escuchar muchas canciones bonitas y ver muchas cosas hermosas. Necesito inyectarme heroina, no sé.",POSITIVE,Heroína,"soy súper aburrida. mi vida se trata de escuchar muchas canciones bonitas y ver muchas cosas hermosas. necesito inyectarme heroina, no sé."
Día no se cuanto de cursada en cuarentena: el profe nos recomendó tomar una línea de merca para volar y proyectar 🙃,NEGATIVE,Cocaína,día no se cuanto de cursada en cuarentena: el profe nos recomendó tomar una línea de merca para volar y proyectar :cara_al_revés:
quien para tomar una linea?,POSITIVE,Cocaína,quien para tomar una linea?
necesito un porro pa bajar mi tensión,POSITIVE,Marihuana,necesito un porro pa bajar mi tensión
"En casa me espera un porro, un tinto de verano con hielito y un kinder bueno.",POSITIVE,Marihuana,"en casa me espera un porro, un tinto de verano con hielito y un kinder bueno."
En ves de inyectarme heroina me coloco a recordarte.,NEGATIVE,Heroína,en ves de inyectarme heroina me coloco a recordarte.
de repente me dieron ganas de fumarme un porro y ver high school musical EL DESAFIO,POSITIVE,Marihuana,de repente me dieron ganas de fumarme un porro y ver high school musical el desafio
Voy a hacerme un porro y hacer galletas caseras y vosotros,POSITIVE,Marihuana,voy a hacerme un porro y hacer galletas caseras y vosotros
deja de tomar merca por favor,NEGATIVE,Cocaína,deja de tomar merca por favor
Un acusado de posesión de marihuana fuma un porro en pleno juicio en EE.UU. y ahora enfrenta más cargos,NEGATIVE,Marihuana,un acusado de posesión de marihuana fuma un porro en pleno juicio en ee.uu. y ahora enfrenta más cargos
"Me da gracia cuando pretenden que no tome tanta coca cola por mis riñones porque no saben que yo tomo el agua de la canilla que es más dañina que tomar una linea de merca. Si creían que el agua es líquida es porque nunca vinieron a la plata, realmente se puede sentir la densidad",NEGATIVE,Cocaína,"me da gracia cuando pretenden que no tome tanta coca cola por mis riñones porque no saben que yo tomo el agua de la canilla que es más dañina que tomar una linea de merca. si creían que el agua es líquida es porque nunca vinieron a la plata, realmente se puede sentir la densidad"
Me podría tomar una línea de merca en esa mandíbula,POSITIVE,Cocaína,me podría tomar una línea de merca en esa mandíbula
Quiero inyectarme heroina para mandar todo a la verga,POSITIVE,Heroína,quiero inyectarme heroina para mandar todo a la verga
"Tengo miedo a no sobrevivir esta noche, mezcla de angustia con ganas de tomar merca.",POSITIVE,Cocaína,"tengo miedo a no sobrevivir esta noche, mezcla de angustia con ganas de tomar merca."
Me voy a tomar una línea de merca y me voy a fumar un porro largo como el Bv. San Juan.,POSITIVE,Cocaína,me voy a tomar una línea de merca y me voy a fumar un porro largo como el bv. san juan.
"A mi no me pusieron un fierro en la cabeza y me hicieron fumar un porro, o tomar una linea de merca, el que lo hace lo hace porque QUIERE",NEGATIVE,Cocaína,"a mi no me pusieron un fierro en la cabeza y me hicieron fumar un porro, o tomar una linea de merca, el que lo hace lo hace porque quiere"
Que ganas de tomarme una linea......,POSITIVE,Cocaína,que ganas de tomarme una linea......
Qué putas por qué la gente mejora tanto con los años yo tuve mi edad de oro como en 2015-2016 y de ahí en adelante parece que me hubiera dedicado a fumar piedra e inyectarme heroína porque estoy hecho verga https://,NEGATIVE,Heroína,qué putas por qué la gente mejora tanto con los años yo tuve mi edad de oro como en 2015-2016 y de ahí en adelante parece que me hubiera dedicado a fumar piedra e inyectarme heroína porque estoy hecho verga
"Tengo un porro, par de piolas y un papel LSD",POSITIVE,Marihuana,"tengo un porro, par de piolas y un papel lsd"
"Quiero inyectarme heroína hasta q mis venas contaminadas caminen por toda mi casa y ahorquen a mis ""seres queridos""",POSITIVE,Heroína,"quiero inyectarme heroína hasta q mis venas contaminadas caminen por toda mi casa y ahorquen a mis ""seres queridos"""
Ya no quiero inyectarme + heroína. Ayuda ):,POSITIVE,Heroína,ya no quiero inyectarme + heroína. ayuda ):
A mi son pocas las cosas que me faltan por hacer en esta vida... Inyectarme Heroína es una de ellas.,POSITIVE,Heroína,a mi son pocas las cosas que me faltan por hacer en esta vida... inyectarme heroína es una de ellas.
"Hoy es mi ultimo día de vacaciones, eso significa que después de comer me voy a hacer un porro tal largo como mi dedo de enmedio y gordo como mi pulgar",POSITIVE,Marihuana,"hoy es mi ultimo día de vacaciones, eso significa que después de comer me voy a hacer un porro tal largo como mi dedo de enmedio y gordo como mi pulgar"
"Hoy cumple años la bellísima y talentosa Nicole Kidman. Sin dudas, una muñeca.
Lo único que le puedo reprochar es su actuación en Eyes Wide Shut: claramente nunca se fumó un porro en su vida.
Por lo demás, te amamos Nicole!",NEGATIVE,Marihuana,"hoy cumple años la bellísima y talentosa nicole kidman. sin dudas, una muñeca. lo único que le puedo reprochar es su actuación en eyes wide shut: claramente nunca se fumó un porro en su vida. por lo demás, te amamos nicole!"
He tomado todo lo que existe para el dolor de vientre. Me falta inyectarme heroína. Qué lindo ser mujer.,NEGATIVE,Heroína,he tomado todo lo que existe para el dolor de vientre. me falta inyectarme heroína. qué lindo ser mujer.
Que ganas de tomarme una línea larga como una serpiente la puta que los pario,POSITIVE,Cocaína,que ganas de tomarme una línea larga como una serpiente la puta que los pario
existe un tema q me molesta d sobremanera y es por que tenemos tan romantizada la COCAINA‼️aca ven un artista haciendo muecas y bailando exageradamente y ya empiezan ay mi reyna de la falopaaa🤪🤪 q ganas de tomarme una linea d merca con ella🙈😂,NEGATIVE,Cocaína,existe un tema q me molesta d sobremanera y es por que tenemos tan romantizada la cocaina :exclamación_doble: aca ven un artista haciendo muecas y bailando exageradamente y ya empiezan ay mi reyna de la falopaaa :cara_de_loco: :cara_de_loco: q ganas de tomarme una linea d merca con ella :mono_con_los_ojos_tapados: :cara_llorando_de_risa:
quiero un porro,POSITIVE,Marihuana,quiero un porro
"@elautotepide @fetcheves Bueno, hay gente que es adicta al paco. Pero que quisiera tomar merca. En cualquier caso #TodoEsFalopa.",POSITIVE,Cocaína,"@elautotepide @fetcheves bueno, hay gente que es adicta al paco. pero que quisiera tomar merca. en cualquier caso #todoesfalopa."
un dibujo q hice de un amigo fumandose un porro,NEGATIVE,Marihuana,un dibujo q hice de un amigo fumandose un porro
"Te respondo en inglés o te escupo? No es hipocresia aconsejar no tomar una línea de trabajo si para ella no ha valido la pena no hay nada que reprochar, muchos tienen trabajos que odian pero que les dan bastante dinero, el dinero no justifica que el trabajo no sea una cagada",NEGATIVE,Cocaína,"te respondo en inglés o te escupo? no es hipocresia aconsejar no tomar una línea de trabajo si para ella no ha valido la pena no hay nada que reprochar, muchos tienen trabajos que odian pero que les dan bastante dinero, el dinero no justifica que el trabajo no sea una cagada"
"Cuando cumpli años, mi velita fue un porro, quiero mucho a mis amigas🥺💜",POSITIVE,Marihuana,"cuando cumpli años, mi velita fue un porro, quiero mucho a mis amigas :cara_suplicante: :corazón_morado:"
🔴ULTIMA HORA GP RUSIA🔴El piloto de McLaren Lando Norris investigado por supuestamente ofrecer un porro a Raikkonen (Alfa Romeo) en los entrenamientos libres 3 mientras ambos estaban en pista.,NEGATIVE,Marihuana,:círculo_rojo: ultima hora gp rusia :círculo_rojo: el piloto de mclaren lando norris investigado por supuestamente ofrecer un porro a raikkonen (alfa romeo) en los entrenamientos libres 3 mientras ambos estaban en pista.
Quien me hace segunda en inyectarme heroina?,POSITIVE,Heroína,quien me hace segunda en inyectarme heroina?
Se me durmio el brazo... POR INYECTARME HEROINA COMO SI FUERA PENICILINA.,POSITIVE,Heroína,se me durmio el brazo... por inyectarme heroina como si fuera penicilina.
vamos a tomar una linea y fue,POSITIVE,Cocaína,vamos a tomar una linea y fue
Necesito éxtasis para esta noche @Cynthiaanabella,POSITIVE,Ecstasy,necesito éxtasis para esta noche @cynthiaanabella
quiero q sepan q me fume un porro sola en mi casa antes d hacer el cita y responde de wos toy cebadisima,POSITIVE,Marihuana,quiero q sepan q me fume un porro sola en mi casa antes d hacer el cita y responde de wos toy cebadisima
¡Sin vergüenza! Un grupo de jóvenes se fumó un porro de marihuana en pleno bus de TransMilenio. Uno a uno se pasaron el cigarrillo ante la mirada de los demás usuarios. La conducta es sancionada por el código de policía. En #CityNoticiasFDS les explicamos a qué se exponen.,NEGATIVE,Marihuana,¡sin vergüenza! un grupo de jóvenes se fumó un porro de marihuana en pleno bus de transmilenio. uno a uno se pasaron el cigarrillo ante la mirada de los demás usuarios. la conducta es sancionada por el código de policía. en #citynoticiasfds les explicamos a qué se exponen.
mi dieta favorita es inyectarme heroina,POSITIVE,Heroína,mi dieta favorita es inyectarme heroina
No puedo parar de tomar aguaaaaa. Igual mejor tomar agua que tomar merca nocierto??,NEGATIVE,Cocaína,no puedo parar de tomar aguaaaaa. igual mejor tomar agua que tomar merca nocierto??
Estoy con el perro en el parque y unos chavales se están fumando un porro y huele muchísimo,NEGATIVE,Marihuana,estoy con el perro en el parque y unos chavales se están fumando un porro y huele muchísimo
Facil y rapido no seria para la gente q vivimos alejada del centro.. Ir de zona oeste y tomar una linea de la costa tardas minimo una hora cuarenta,NEGATIVE,Cocaína,facil y rapido no seria para la gente q vivimos alejada del centro.. ir de zona oeste y tomar una linea de la costa tardas minimo una hora cuarenta
Unas ganas de tomar una raya pero pienso en mi psicóloga y deja pobre tipa,POSITIVE,Cocaína,unas ganas de tomar una raya pero pienso en mi psicóloga y deja pobre tipa
"@carloXL yo voy a recurrir al vermouth. Lo de mañana en Cuba es para inyectarme heroina, pero como soy moderado me clavo un tubo de Cinzano.",NEGATIVE,Heroína,"@carloxl yo voy a recurrir al vermouth. lo de mañana en cuba es para inyectarme heroina, pero como soy moderado me clavo un tubo de cinzano."
Sale tomar una linea y escribir la cosa mas esquizofrenica que se me ocurra,POSITIVE,Cocaína,sale tomar una linea y escribir la cosa mas esquizofrenica que se me ocurra
"Mi ex me esta contando que empezó a tomar merca, lo que le faltaba al Psycho ese.",NEGATIVE,Cocaína,"mi ex me esta contando que empezó a tomar merca, lo que le faltaba al psycho ese."
y me robé unas jeringas para inyectarme heroína,POSITIVE,Heroína,y me robé unas jeringas para inyectarme heroína
¿Vosotros en el logo de supervivientes veis un porro como yo o sois normales?,NEGATIVE,Marihuana,¿vosotros en el logo de supervivientes veis un porro como yo o sois normales?
"me gusta mucho lo bien que la paso sola, me hago un té de rosas me prendo un porro y pongo lo mejores momentos de jacobo winograd",POSITIVE,Marihuana,"me gusta mucho lo bien que la paso sola, me hago un té de rosas me prendo un porro y pongo lo mejores momentos de jacobo winograd"
"-Mamá voy a salir a inyectarme heroína.
-Hay hijo por fin estas empezando a dejar ese vicio del Twitter.",NEGATIVE,Heroína,-mamá voy a salir a inyectarme heroína. -hay hijo por fin estas empezando a dejar ese vicio del twitter.
"Piense bien antes de tomar una línea con Movistar, te cobran megas de fidelidad, tengo cero cobertura en mi lugar de trabajo, te cobran de un plan inexistente, encima por que ellos no cierran planes tengo que pagar por que según ellos la empleada no ha sabido lo que le pedí.",NEGATIVE,Cocaína,"piense bien antes de tomar una línea con movistar, te cobran megas de fidelidad, tengo cero cobertura en mi lugar de trabajo, te cobran de un plan inexistente, encima por que ellos no cierran planes tengo que pagar por que según ellos la empleada no ha sabido lo que le pedí."
"Trajimos esta de Uruguay y nunca se usó. Con mi marido somos de la generación q mucho Sui Generis y Rasguña Las Piedras, pero nunca un porro ni nada q se le asemeje 🙄🤷🏼‍♀️😬",NEGATIVE,Marihuana,"trajimos esta de uruguay y nunca se usó. con mi marido somos de la generación q mucho sui generis y rasguña las piedras, pero nunca un porro ni nada q se le asemeje :cara_con_ojos_en_blanco: :mujer_encogida_de_hombros_tono_de_piel_claro_medio: :cara_haciendo_una_mueca:"
hoy le dije a mi viejo q si seguía comiendo tanta grasa y sal un día me iba a sentar en la cena a inyectarme heroína a ver si le gustaba jakja por que tan dramaticaa!!,NEGATIVE,Heroína,hoy le dije a mi viejo q si seguía comiendo tanta grasa y sal un día me iba a sentar en la cena a inyectarme heroína a ver si le gustaba jakja por que tan dramaticaa!!
"Es ridículo cómo el haber sido acusado de ‘fumarse un porro’ en la década de 1970 ha seguido a algunos habitantes de Colorado a lo largo de sus vidas y se ha interpuesto en su éxito personal”, dijo el gobernadora Polis.  https://10/01/gob-jared-polis-perdona-mas-de-2-mil-condenas-por-marihuana/…",NEGATIVE,Marihuana,"es ridículo cómo el haber sido acusado de ‘fumarse un porro’ en la década de 1970 ha seguido a algunos habitantes de colorado a lo largo de sus vidas y se ha interpuesto en su éxito personal”, dijo el gobernadora polis."
"Me encontré un porro ya liao en el campo, ojala hubiera estao en buen estado y me lo hubiera fumao jajaja",POSITIVE,Marihuana,"me encontré un porro ya liao en el campo, ojala hubiera estao en buen estado y me lo hubiera fumao [IRONIA]"
"«Con tu papel de víctima me lío un porro». 
Pintadas callejeras que te encuentras al hacer la compra en días de confinamiento. #Bilbao",NEGATIVE,Marihuana,«con tu papel de víctima me lío un porro». pintadas callejeras que te encuentras al hacer la compra en días de confinamiento. #bilbao
Hoy en biología me tomaron la presión y tenía el corazón re lento.. Creo que necesito éxtasis.,NEGATIVE,Ecstasy,hoy en biología me tomaron la presión y tenía el corazón re lento.. creo que necesito éxtasis.
Fúmense un PORRO que es lo único que ayudara con esta pena.#DaBears,POSITIVE,Marihuana,fúmense un porro que es lo único que ayudara con esta pena.#dabears
tomarme una linea o no tomarme una linea esa es la pregunta que me hago todos los días,POSITIVE,Cocaína,tomarme una linea o no tomarme una linea esa es la pregunta que me hago todos los días
estar fumándonos un porro viendo Barbie Mermadia es la mejor experiencia almica que he tenido,POSITIVE,Marihuana,estar fumándonos un porro viendo barbie mermadia es la mejor experiencia almica que he tenido
Más ganas de un porro que de vivirr,POSITIVE,Marihuana,más ganas de un porro que de vivirr
"tomé un café tan fuerte, que para bajar me tuve que tomar una raya",POSITIVE,Cocaína,"tomé un café tan fuerte, que para bajar me tuve que tomar una raya"
kiero un porro u.u,POSITIVE,Marihuana,kiero un porro u.u
"Pero es que esto no tiene sentido, ya que un porro criminal evidencie lo que hace y pagado por quién y siga libre, con todo el respaldo de la misma oposición en la persona de los gobernadores que deberían procurar el orden de sus respectivos Estados, ya es una locura.",NEGATIVE,Marihuana,"pero es que esto no tiene sentido, ya que un porro criminal evidencie lo que hace y pagado por quién y siga libre, con todo el respaldo de la misma oposición en la persona de los gobernadores que deberían procurar el orden de sus respectivos estados, ya es una locura."
"Estoy escuchando AC/DC antes de acostarme, es como inyectarme heroína antes de ir al teatro jajajaja",NEGATIVE,Heroína,"estoy escuchando ac/dc antes de acostarme, es como inyectarme heroína antes de ir al teatro [IRONIA]"
"Un porro aspiracionista, egoísta, vandalo, ex agitador.",NEGATIVE,Marihuana,"un porro aspiracionista, egoísta, vandalo, ex agitador."
yo buscando mi fuego para prender un porro sin acordarme q mis amigos me lo comieron ayer,POSITIVE,Marihuana,yo buscando mi fuego para prender un porro sin acordarme q mis amigos me lo comieron ayer
Ojalá ser AntMan.... Para cuando me quede la chusta del porro... Hacerme pequeño y tener un porro gigante,POSITIVE,Marihuana,ojalá ser antman.... para cuando me quede la chusta del porro... hacerme pequeño y tener un porro gigante
Me fumé un porro y no saben lo relajado que estoy en la peluquería,POSITIVE,Marihuana,me fumé un porro y no saben lo relajado que estoy en la peluquería
Cuando le digo a mi mamá que voy a farmatodo ella piensa que voy a inyectarme heroina con el vagabundo de la esquina,NEGATIVE,Heroína,cuando le digo a mi mamá que voy a farmatodo ella piensa que voy a inyectarme heroina con el vagabundo de la esquina
Me voy a tomar una línea de bondi que desconozco.  Es lo más aventurero que hago de  mi vida. #okeygracias,NEGATIVE,Cocaína,me voy a tomar una línea de bondi que desconozco. es lo más aventurero que hago de mi vida. #okeygracias
A Dalas lo ha matado un porro,NEGATIVE,Marihuana,a dalas lo ha matado un porro
"""Un porro por una vacuna"": marihuana gratis para los neoyorquinos vacunados http://",NEGATIVE,Marihuana,"""un porro por una vacuna"": marihuana gratis para los neoyorquinos vacunados"
"Fumar un porro el 25 de diciembre en las cataratas del Niagara con amigos después de un periodo muy triste y solo, me hacen agradecer y creer cada vez más en que el destino tiene un plan para todos y nunca hay que desesperarse, feliz navidad y año nuevo a todos ❤️  #NewProfilePic",POSITIVE,Marihuana,"fumar un porro el 25 de diciembre en las cataratas del niagara con amigos después de un periodo muy triste y solo, me hacen agradecer y creer cada vez más en que el destino tiene un plan para todos y nunca hay que desesperarse, feliz navidad y año nuevo a todos :corazón_rojo: #newprofilepic"
Esta canción me hace querer un porro aunque no fumo JAJAJJAJAJ #MOMHouse  @ZaynJMMex,NEGATIVE,Marihuana,esta canción me hace querer un porro aunque no fumo jajajjajaj #momhouse @zaynjmmex
Como me gusta la tabla de reinol como me gusta el porro y el alcohol como me gusta tomar merca hasta la madrugada,POSITIVE,Cocaína,como me gusta la tabla de reinol como me gusta el porro y el alcohol como me gusta tomar merca hasta la madrugada
Fumar un porro de bachas es una experiencia cannábica muy intensa que solo los libres de prejuicios y los que no tenemos que esconder nuestra mota en casa nos podemos dar,POSITIVE,Marihuana,fumar un porro de bachas es una experiencia cannábica muy intensa que solo los libres de prejuicios y los que no tenemos que esconder nuestra mota en casa nos podemos dar
Ayer me fume un porro entero yo solo,POSITIVE,Marihuana,ayer me fume un porro entero yo solo
Con el humor que tengo me tomé 5 pastillas distintas al hilo a ver si tengo una noche de paz y estoy al borde de inyectarme heroína directamente que linda mi desintoxicación se rompió mi desintoxicación,POSITIVE,Heroína,con el humor que tengo me tomé 5 pastillas distintas al hilo a ver si tengo una noche de paz y estoy al borde de inyectarme heroína directamente que linda mi desintoxicación se rompió mi desintoxicación
"Que porfiada, no estamos hablando de ti! Hace rato que estoy hablando de la gente. Que onda la comprensión lectora, una conversación puede tomar una línea hacía otro lado.",NEGATIVE,Cocaína,"que porfiada, no estamos hablando de ti! hace rato que estoy hablando de la gente. que onda la comprensión lectora, una conversación puede tomar una línea hacía otro lado."
Yo me voy a tomar una linea,POSITIVE,Cocaína,yo me voy a tomar una linea
Yo tengo miedo de tomarme una linea de colé que no es la de siempre y hay nenes de máx 8 a los que van solos a todos lados.  #Fraca,NEGATIVE,Cocaína,yo tengo miedo de tomarme una linea de colé que no es la de siempre y hay nenes de máx 8 a los que van solos a todos lados. #fraca
"fumar faso, tomar merca, fumar paco, una pepa, quetamina y una cervecita de vez en cuando #PlaceresSencillos",POSITIVE,Cocaína,"fumar faso, tomar merca, fumar paco, una pepa, quetamina y una cervecita de vez en cuando #placeressencillos"
Bueeee! Me voy a tomar una línea de merca y me voy a dormir.,POSITIVE,Cocaína,bueeee! me voy a tomar una línea de merca y me voy a dormir.
"No me pase 16 años de mi vida sin tomar alcohol, sin fumar o sin tomarme una línea de merca para que hoy vengan y me digan que soy igual a ciertas personas!",NEGATIVE,Cocaína,"no me pase 16 años de mi vida sin tomar alcohol, sin fumar o sin tomarme una línea de merca para que hoy vengan y me digan que soy igual a ciertas personas!"
Nada como tomar una línea de bondi con aire y que todos los días te toque el que justo no tiene... LPM #SiempreTriunfando -_-,NEGATIVE,Cocaína,nada como tomar una línea de bondi con aire y que todos los días te toque el que justo no tiene... lpm #siempretriunfando -_-
maca armame un porro porfa,POSITIVE,Marihuana,maca armame un porro porfa
Cada que escucho Eminem me dan ganas de inyectarme heroina o inhalar cocaina. lml,NEGATIVE,Heroína,cada que escucho eminem me dan ganas de inyectarme heroina o inhalar cocaina. lml
Me mueeeeeeeeero de sueño. Voy a tener que empezar a inyectarme heroína para tener más pilas... (?,NEGATIVE,Heroína,me mueeeeeeeeero de sueño. voy a tener que empezar a inyectarme heroína para tener más pilas... [IRONIA]
"Feliz navidad Pampero, ahora sale tomar una línea de merca con alcohol mientras manejo",POSITIVE,Cocaína,"feliz navidad pampero, ahora sale tomar una línea de merca con alcohol mientras manejo"
Procedo a inyectarme heroína,POSITIVE,Heroína,procedo a inyectarme heroína
Gabriela Cerruti es esa fumanchera que gracias a la lista sábana ganó una banca en el Congreso y quiere legalizar la droga para que cuando se prenda un porro en plena sesión no la miren feo.,NEGATIVE,Marihuana,gabriela cerruti es esa fumanchera que gracias a la lista sábana ganó una banca en el congreso y quiere legalizar la droga para que cuando se prenda un porro en plena sesión no la miren feo.
"Tener la posibilidad de salir a la hora que quieras en la universidad es peor que tomar merca, cuando no te das cuenta ya estas hasta las manos",NEGATIVE,Cocaína,"tener la posibilidad de salir a la hora que quieras en la universidad es peor que tomar merca, cuando no te das cuenta ya estas hasta las manos"
Dios quiero fumarme un porro bien grandote,POSITIVE,Marihuana,dios quiero fumarme un porro bien grandote
"En tardes como esta me pinta siucidarme o inyectarme heroína, que es básicamente lo mismo, pero con mas estilo💁",POSITIVE,Heroína,"en tardes como esta me pinta siucidarme o inyectarme heroína, que es básicamente lo mismo, pero con mas estilo :persona_de_mostrador_de_información:"
"No pido mucho. Una mujer piola, comprensiva, compañera y que me deje tomar una raya de sus nalgas.",POSITIVE,Cocaína,"no pido mucho. una mujer piola, comprensiva, compañera y que me deje tomar una raya de sus nalgas."
En vez de tomar mis vitaminas y dormir decidí tomar una raya de whisky e intentar unos acordes. El placer de las cosas sencillas he'i Epicuro.,NEGATIVE,Cocaína,en vez de tomar mis vitaminas y dormir decidí tomar una raya de whisky e intentar unos acordes. el placer de las cosas sencillas he'i epicuro.
Me voy a tomar merca al baño del laburo. #ListoLoDije,POSITIVE,Cocaína,me voy a tomar merca al baño del laburo. #listolodije
"Me hice un café , me arme un porro y este es mi plan para todo el día .",POSITIVE,Marihuana,"me hice un café , me arme un porro y este es mi plan para todo el día ."
Escuchar wish you were here es como inyectarme heroina... te eleva...,NEGATIVE,Heroína,escuchar wish you were here es como inyectarme heroina... te eleva...
""" — ¿Marihuana? ¿Cocaína? ¿Heroína? ¿Cannabis? ¿Metadona? ¿Valeriana? ¿Ritalin? ¿ tripis? — No, yo solo necesito éxtasis.",NEGATIVE,Ecstasy,""" — ¿marihuana? ¿cocaína? ¿heroína? ¿cannabis? ¿metadona? ¿valeriana? ¿ritalin? ¿ tripis? — no, yo solo necesito éxtasis."
"#Internacional Mike Tyson firmó su contrato para volver al boxeo frente a Roy Jones Jr mientras se fumaba un porro, dejando una nueva imagen extravagante de un deportista que regresa al ring con 54 años y en un aparente estado de rehabilitación física",NEGATIVE,Marihuana,"#internacional mike tyson firmó su contrato para volver al boxeo frente a roy jones jr mientras se fumaba un porro, dejando una nueva imagen extravagante de un deportista que regresa al ring con 54 años y en un aparente estado de rehabilitación física"
Me encanta inyectarme heroina con vos la pasó de lujo,POSITIVE,Heroína,me encanta inyectarme heroina con vos la pasó de lujo
En mi carrera de 2K se han fumao un porro,NEGATIVE,Marihuana,en mi carrera de 2k se han fumao un porro
Estoy pensando en tomarme una linea de merca antes de ir a rendir... estoy muerto,POSITIVE,Cocaína,estoy pensando en tomarme una linea de merca antes de ir a rendir... estoy muerto
Hacía un chingo de frío y abajo de mí unos weyes estaban chingandose un porro.  https:///Encuesta5Futbol/status/1357516758064783362…,NEGATIVE,Marihuana,hacía un chingo de frío y abajo de mí unos weyes estaban chingandose un porro.
Voy pa NYC a fumarme un porro en el medio de Times Square.,POSITIVE,Marihuana,voy pa nyc a fumarme un porro en el medio de times square.
"Me voy a tomar una linea, ahi vengo.",POSITIVE,Cocaína,"me voy a tomar una linea, ahi vengo."
Necesito éxtasis o algo asi URGENTE,POSITIVE,Ecstasy,necesito éxtasis o algo asi urgente
UNAS GANAS DE INYECTARME HEROINA,POSITIVE,Heroína,unas ganas de inyectarme heroina
Embalé una lámpara para mandarle a mi amigo que vive lejitos y quedó como un porro gigante,NEGATIVE,Marihuana,embalé una lámpara para mandarle a mi amigo que vive lejitos y quedó como un porro gigante
"@Highfive_Connor Si, si podré. Pero no necesito EXTASIS para lo que quiero ser...",NEGATIVE,Ecstasy,"@highfive_connor si, si podré. pero no necesito extasis para lo que quiero ser..."
Que se siente fumar un porro ? o tomar una linea ?,NEGATIVE,Cocaína,que se siente fumar un porro ? o tomar una linea ?
"Uno me puso tenía la ilusión de tomarme una línea contigo, en serio chamuyan así? si les faltara",NEGATIVE,Cocaína,"uno me puso tenía la ilusión de tomarme una línea contigo, en serio chamuyan así? si les faltara"
"Me parece increíble que la policía no haga absolutamente nada cuando es ILEGAL ir sin mascarilla y no respetar la distancia de Seguridad, vergonzoso. Eso si q no te vean con un porro en el parque porq no sales de ahí. #subnormales",NEGATIVE,Marihuana,"me parece increíble que la policía no haga absolutamente nada cuando es ilegal ir sin mascarilla y no respetar la distancia de seguridad, vergonzoso. eso si q no te vean con un porro en el parque porq no sales de ahí. #subnormales"
Necesito Éxtasis... de felicidad..,NEGATIVE,Ecstasy,necesito éxtasis... de felicidad..
CINCO APREHENDIDOS POR UN PORRO https://,NEGATIVE,Marihuana,cinco aprehendidos por un porro
"Estas ganas de fumarme un porro, reír y desestresarme",POSITIVE,Marihuana,"estas ganas de fumarme un porro, reír y desestresarme"
mi sueño más grande es inyectarme heroina,POSITIVE,Heroína,mi sueño más grande es inyectarme heroina
"☀️ @JaviDMr10 ☀️-Muchísimas gracias por el stream de hoy y por mostrarnos tu maravilloso arte abstracto aunque tengo que admitir que la nube aunque el pan parece un porro me dio ternura JAKSJA-✨Descansa, toma agüita y recuerda que te queremos muchísisisisisisimo :D✨-Tqm⛅",NEGATIVE,Marihuana,":sol: @javidmr10 :sol: -muchísimas gracias por el stream de hoy y por mostrarnos tu maravilloso arte abstracto aunque tengo que admitir que la nube aunque el pan parece un porro me dio ternura jaksja- :chispas: descansa, toma agüita y recuerda que te queremos muchísisisisisisimo :d :chispas: -tqm :sol_detrás_de_una_nube:"
Me levante de la siesta con ganas de  inyectarme heroina,POSITIVE,Heroína,me levante de la siesta con ganas de inyectarme heroina
Necesito éxtasis para no dormirme,POSITIVE,Ecstasy,necesito éxtasis para no dormirme
Necesito un porro,POSITIVE,Marihuana,necesito un porro
Me gustaria fumarme un porro mientras miro masterchef,POSITIVE,Marihuana,me gustaria fumarme un porro mientras miro masterchef
"ya más adulta, fui a un cumpleaños un sábado sin dormir, había laburado, después tome sol, no comi, llegue, me escabie todo, me fume un porro del tamaño de mi cara aprox y la quede heavy, una babosa tenía más movilidad que yo pero recuerdo todo  https:///_sugaddaeng/status/1284311376278822912…",POSITIVE,Marihuana,"ya más adulta, fui a un cumpleaños un sábado sin dormir, había laburado, después tome sol, no comi, llegue, me escabie todo, me fume un porro del tamaño de mi cara aprox y la quede heavy, una babosa tenía más movilidad que yo pero recuerdo todo"
Mi novio me armó un porro para que me lleve a mi pueblo hoy de noche,POSITIVE,Marihuana,mi novio me armó un porro para que me lleve a mi pueblo hoy de noche
Necesito éxtasis.. Ya que el dolor de cabeza no se me quita con nada!,POSITIVE,Ecstasy,necesito éxtasis.. ya que el dolor de cabeza no se me quita con nada!
ayer arme un porro hermoso,POSITIVE,Marihuana,ayer arme un porro hermoso
Evidentemente necesito EXTASIS. Urgente! ya! *arre que nunca la probó*,NEGATIVE,Ecstasy,evidentemente necesito extasis. urgente! ya! * [IRONIA] que nunca la probó*
"Si el Madrid llega a semifinales (probable) y pierda contra el Barça, empiezo YA MISMO a inyectarme heroina en los ojos.",NEGATIVE,Heroína,"si el madrid llega a semifinales (probable) y pierda contra el barça, empiezo ya mismo a inyectarme heroina en los ojos."
Y de pronto puedo tomar una linea de cada canción para dedicartela!!,NEGATIVE,Cocaína,y de pronto puedo tomar una linea de cada canción para dedicartela!!
#NoPuedoEstarUnDíaSin inyectarme heroina,POSITIVE,Heroína,#nopuedoestarundíasin inyectarme heroina
"A la mañana tengo q trabajar y cuando salgo arrancamos para Jesus Maria, me voy a tener q tomar unA linea para estar despierta a la noche",POSITIVE,Cocaína,"a la mañana tengo q trabajar y cuando salgo arrancamos para jesus maria, me voy a tener q tomar una linea para estar despierta a la noche"
te recomiendo tomar una linea,POSITIVE,Cocaína,te recomiendo tomar una linea
"Fume un porro con mi mamá, esta siendo una buena navidad",POSITIVE,Marihuana,"fume un porro con mi mamá, esta siendo una buena navidad"
me voy a tomar una linea,POSITIVE,Cocaína,me voy a tomar una linea
Soñé que me fumaba un porro con dos desconocidas y me agarraba covid!!!!!!!!!!,NEGATIVE,Marihuana,soñé que me fumaba un porro con dos desconocidas y me agarraba covid!!!!!!!!!!
La mujer que comete el accidente por imprudencia la dan un abrazo por parte de la madre de la víctima después de tomar una raya de coca !!!,NEGATIVE,Cocaína,la mujer que comete el accidente por imprudencia la dan un abrazo por parte de la madre de la víctima después de tomar una raya de coca !!!
q ganas de inyectarme heroina,POSITIVE,Heroína,q ganas de inyectarme heroina
"Been there, una vez me acusó de inyectarme heroina, la verdad me sorprendió lo especifico qué fue.",NEGATIVE,Heroína,"been there, una vez me acusó de inyectarme heroina, la verdad me sorprendió lo especifico qué fue."
llevo 5 minutos buscando un porro que ya me he fumado jajajajaja lmao,POSITIVE,Marihuana,llevo 5 minutos buscando un porro que ya me he fumado [IRONIA] lmao
Que estres tener que tomar una linea de colectivo por primera vez!!!! No sabes donde puta subir ni donde puta bajar.,NEGATIVE,Cocaína,que estres tener que tomar una linea de colectivo por primera vez!!!! no sabes donde puta subir ni donde puta bajar.
Hoy en día es casi obligación tomar una línea de teléfono fijo para optar por un servicio de cable o internet. El consumidor debería de tener la opción de contratar un sólo servicio si lo desea y no estar amarrado a la suscripcion de otro servicio que no quiere.,NEGATIVE,Cocaína,hoy en día es casi obligación tomar una línea de teléfono fijo para optar por un servicio de cable o internet. el consumidor debería de tener la opción de contratar un sólo servicio si lo desea y no estar amarrado a la suscripcion de otro servicio que no quiere.
"Yo sentí que están es bailando un porro:

Sueño con imágenes muy tristes
Amores que nunca existen
Sombras que sólo se van🎶🎵",NEGATIVE,Marihuana,yo sentí que están es bailando un porro: sueño con imágenes muy tristes amores que nunca existen sombras que sólo se van :notas_musicales: :nota_musical:
No necesito éxtasis para ser salvaje,NEGATIVE,Ecstasy,no necesito éxtasis para ser salvaje
Estoy intentando dejar de fumar weed todos los días porque el niño que me gusta no fuma y justo pasa un amigo por mi trabajo a dejarme un porro...,POSITIVE,Marihuana,estoy intentando dejar de fumar weed todos los días porque el niño que me gusta no fuma y justo pasa un amigo por mi trabajo a dejarme un porro...
El líder de la Barra de Abogados @GustavoGamero4 fiel a su Historia un “Porro” con ínfulas de Abogado mercenario del Derecho y ofensor de la sociedad de ViceFiscal un Petardo y de líder de abogados un vende leyes,NEGATIVE,Marihuana,el líder de la barra de abogados @gustavogamero4 fiel a su historia un “porro” con ínfulas de abogado mercenario del derecho y ofensor de la sociedad de vicefiscal un petardo y de líder de abogados un vende leyes
"dormi 5 horas, me fume un porro y me tire horas en la pileta soy este",POSITIVE,Marihuana,"dormi 5 horas, me fume un porro y me tire horas en la pileta soy este"
si me das un porro y un lápiz te hago arte nene,POSITIVE,Marihuana,si me das un porro y un lápiz te hago arte nene
echándome un porro y jugando mario kart con mi mejor amixe no pude haber planeado un mejor viernes,POSITIVE,Marihuana,echándome un porro y jugando mario kart con mi mejor amixe no pude haber planeado un mejor viernes
"Saben que ayer me fume un porro con mí novia, y me dio ataque de risa épico.

Decidimos documentarlo.",POSITIVE,Marihuana,"saben que ayer me fume un porro con mí novia, y me dio ataque de risa épico. decidimos documentarlo."
Feliz día a los amigos de la angustia existencial también Pero venia re bien Chano. Quien iba a pensar que se iba a tomar una línea del tamaño de la matanza.,NEGATIVE,Cocaína,feliz día a los amigos de la angustia existencial también pero venia re bien chano. quien iba a pensar que se iba a tomar una línea del tamaño de la matanza.
quiero fumarme un porro con ella,POSITIVE,Marihuana,quiero fumarme un porro con ella
"Ministro d Ucrania dice en conferencia en Tokio: ""El mundo tiene q tomar una línea más dura contra Rusia después d su anexión de Crimea""",NEGATIVE,Cocaína,"ministro d ucrania dice en conferencia en tokio: ""el mundo tiene q tomar una línea más dura contra rusia después d su anexión de crimea"""
Con ganas de inyectarme heroína. #Depresión,POSITIVE,Heroína,con ganas de inyectarme heroína. #depresión
"Siempre me cuesta dormirme, pero estas ultimas semanas es insoportable. Voy a empezar a inyectarme heroína, no se...",NEGATIVE,Heroína,"siempre me cuesta dormirme, pero estas ultimas semanas es insoportable. voy a empezar a inyectarme heroína, no se..."
El año que viene se pone de moda tomar merca,NEGATIVE,Cocaína,el año que viene se pone de moda tomar merca
Lo bonito que es este sitio de Valladolid cuando no hay canis fumándose un porro más grande que yo ☺️,NEGATIVE,Marihuana,lo bonito que es este sitio de valladolid cuando no hay canis fumándose un porro más grande que yo :cara_sonriente:
"Yo me deje de tomar una línea de colectivo por miedo de cruzarme a un chófer por un comentario que me hizo. Pero tampoco me animo a denunciar ni nada, porque no se como puede reaccionar .",NEGATIVE,Cocaína,"yo me deje de tomar una línea de colectivo por miedo de cruzarme a un chófer por un comentario que me hizo. pero tampoco me animo a denunciar ni nada, porque no se como puede reaccionar ."
Cuántos días van de cuarentena? Vengo fumando más de un porro diario. Esta semana me propuse fumar uno en toda la semana . Arranque el domingo... Vengo bastante bien pero no sé si llego al domingo que viene 😁,POSITIVE,Marihuana,cuántos días van de cuarentena? vengo fumando más de un porro diario. esta semana me propuse fumar uno en toda la semana . arranque el domingo... vengo bastante bien pero no sé si llego al domingo que viene :cara_radiante_con_ojos_sonrientes:
"@Gonzarojoo no puedo mas boludo, necesito tomarme una linea porque sino no arranco",POSITIVE,Cocaína,"@gonzarojoo no puedo mas boludo, necesito tomarme una linea porque sino no arranco"
6 cafes me clave hoy. Voy a arrancar inyectarme heroina me va a hacer mejor.,NEGATIVE,Heroína,6 cafes me clave hoy. voy a arrancar inyectarme heroina me va a hacer mejor.
"Necesito ""Éxtasis de Gabriel"" y ""Redención de Gabriel"" MAMI, NECESITO LIBROS, URGENTE",NEGATIVE,Ecstasy,"necesito ""éxtasis de gabriel"" y ""redención de gabriel"" mami, necesito libros, urgente"
Necesito extasis para la noche .. sino asi no puedo u.u jaja,POSITIVE,Ecstasy,necesito extasis para la noche .. sino asi no puedo u.u [IRONIA]
"Y Bueno me voy a tomar una linea, asi quedo re duro weeeee",POSITIVE,Cocaína,"y bueno me voy a tomar una linea, asi quedo re duro weeeee"
Me acuerdo cuando un amigo en prepa me invitó a inyectarme heroina lololololol (no lo hice),NEGATIVE,Heroína,me acuerdo cuando un amigo en prepa me invitó a inyectarme heroina lololololol (no lo hice)
Y me levante otra vez a fumar y tomar una raya de whisky.,NEGATIVE,Cocaína,y me levante otra vez a fumar y tomar una raya de whisky.
Voy a empezar a inyectarme heroína haber si me alejo del Twitter.,NEGATIVE,Heroína,voy a empezar a inyectarme heroína haber si me alejo del twitter.
Por favor cómo extraño fumarme un porro con mis amigas mientras miramos videos bizarros y comemos chipá con mate.,POSITIVE,Marihuana,por favor cómo extraño fumarme un porro con mis amigas mientras miramos videos bizarros y comemos chipá con mate.
"Acabo de fumarme un porro me re pego narcisista porque me grabo solo para mirarme y decirme “que linda que sos” 
Así:",POSITIVE,Marihuana,acabo de fumarme un porro me re pego narcisista porque me grabo solo para mirarme y decirme “que linda que sos” así:
"🍃🌿 ""Fumar un porro no va a arreglar el país"", dice la Iglesia potosina pues ""después un joven andará enseñando a fumar a su hermanito menor de edad"" >> https://",NEGATIVE,Marihuana,":hojas_revoloteando_al_viento: :hierba: ""fumar un porro no va a arreglar el país"", dice la iglesia potosina pues ""después un joven andará enseñando a fumar a su hermanito menor de edad"" >>"
Me voy a fumar un porro con mi viejo que tul,POSITIVE,Marihuana,me voy a fumar un porro con mi viejo que tul
"Prueben comer mandarinas después de fumar un porro, no saben de lo que se están perdiendo 💚",POSITIVE,Marihuana,"prueben comer mandarinas después de fumar un porro, no saben de lo que se están perdiendo :corazón_verde:"
"Dios santo que hambre. Necesito ""Éxtasis"" por lo menos para aguantar hasta que llegue a casa.",POSITIVE,Ecstasy,"dios santo que hambre. necesito ""éxtasis"" por lo menos para aguantar hasta que llegue a casa."
"No te podes tomar una linea de merca tranquilo que ya te rompen las pelotas con que estas en el laburo, que no corresponde y bla bla bla",POSITIVE,Cocaína,"no te podes tomar una linea de merca tranquilo que ya te rompen las pelotas con que estas en el laburo, que no corresponde y bla bla bla"
"Cuando mis padres empiezan a pelear, me gusta inyectarme heroina e imaginar que estan muertos.",POSITIVE,Heroína,"cuando mis padres empiezan a pelear, me gusta inyectarme heroina e imaginar que estan muertos."
Que ganas de inyectarme heroína en estos momentos,POSITIVE,Heroína,que ganas de inyectarme heroína en estos momentos
El viernes en cromo me voy a tomar una linea y voy a mirar a todos mal,POSITIVE,Cocaína,el viernes en cromo me voy a tomar una linea y voy a mirar a todos mal
Necesito Éxtasis,POSITIVE,Ecstasy,necesito éxtasis
"me he hecho un porro con un libro porque no tengo papel, creeis que es sano? xD",POSITIVE,Marihuana,"me he hecho un porro con un libro porque no tengo papel, creeis que es sano? [IRONIA]"
"Necesito éxtasis, now!",POSITIVE,Ecstasy,"necesito éxtasis, now!"
evito siempre  tomar una línea del colectivo porque me embola cruzarme a conocidos y amigos tambien jajaja. odiosa? odiosa.,NEGATIVE,Cocaína,evito siempre tomar una línea del colectivo porque me embola cruzarme a conocidos y amigos tambien [IRONIA] . odiosa? odiosa.
altas ganas de inyectarme heroina a ver si fluye la inspiracion x aca y alguien me da rt,NEGATIVE,Heroína,altas ganas de inyectarme heroina a ver si fluye la inspiracion x aca y alguien me da rt
quiero un porro,POSITIVE,Marihuana,quiero un porro
"esta toda mi familia en casa,se me da por venir a fumarme un porro al patio y justo paso mi tío yuta me quede asi",POSITIVE,Marihuana,"esta toda mi familia en casa,se me da por venir a fumarme un porro al patio y justo paso mi tío yuta me quede asi"
Me acabo de dar cuenta que no necesito éxtasis para sentirme en el puto cielo. Ya le tengo a él & me siento incluso mejor.,NEGATIVE,Ecstasy,me acabo de dar cuenta que no necesito éxtasis para sentirme en el puto cielo. ya le tengo a él & me siento incluso mejor.
"Hola a todos. A pedido de una compañía suiza, estamos buscando empresas distribuidoras de fragancias en Argentina interesadas en tomar una línea de productos ya presente en Brasil y México.",NEGATIVE,Cocaína,"hola a todos. a pedido de una compañía suiza, estamos buscando empresas distribuidoras de fragancias en argentina interesadas en tomar una línea de productos ya presente en brasil y méxico."
No vuelvo a inyectarme heroína antes de ir a visitar a mi abuela al hospital.,POSITIVE,Heroína,no vuelvo a inyectarme heroína antes de ir a visitar a mi abuela al hospital.
Quiero como inyectarme heroína,POSITIVE,Heroína,quiero como inyectarme heroína
se estaba armando un porro?,NEGATIVE,Marihuana,se estaba armando un porro?
oigan me estoy mudando y escondí un porro en esta casa y ya no lo encuentro,POSITIVE,Marihuana,oigan me estoy mudando y escondí un porro en esta casa y ya no lo encuentro
necesito éxtasis para esta última semana !,POSITIVE,Ecstasy,necesito éxtasis para esta última semana !
"Critican a Maratea por fumarse un porro, pero se olvidan que el consumo personal es legal, además de que ellos seguramente fuman cigarrillos y toman alcohol.#ConMarateaNo",NEGATIVE,Marihuana,"critican a maratea por fumarse un porro, pero se olvidan que el consumo personal es legal, además de que ellos seguramente fuman cigarrillos y toman alcohol.#conmarateano"
"Necesito éxtasis, quiero estar euforica",POSITIVE,Ecstasy,"necesito éxtasis, quiero estar euforica"
Te tenías que tomar una línea,POSITIVE,Cocaína,te tenías que tomar una línea
Mira si con semejante burra me voy a tomar una linea tan chica,POSITIVE,Cocaína,mira si con semejante burra me voy a tomar una linea tan chica
Necesito un porro pa seguir viviendo,POSITIVE,Marihuana,necesito un porro pa seguir viviendo
parece que me fui a tomar una linea,POSITIVE,Cocaína,parece que me fui a tomar una linea
Parece q me fume un porro pero no.,NEGATIVE,Marihuana,parece q me fume un porro pero no.
Necesito inyectarme heroína.,POSITIVE,Heroína,necesito inyectarme heroína.
contigo no necesito éxtasis,NEGATIVE,Ecstasy,contigo no necesito éxtasis
Para despertarme un poco básicamente tendría que tomarme una línea de merca,POSITIVE,Cocaína,para despertarme un poco básicamente tendría que tomarme una línea de merca
Escuchar un album de The Hives es lo mas parecido a tomar merca en una montaña rusa.,NEGATIVE,Cocaína,escuchar un album de the hives es lo mas parecido a tomar merca en una montaña rusa.
"noooo no no no me drogo no me drogue no me voy a drogar dejen de decirme que piensan q lo hago pq ""tengo cara"" los odio hijos de puta no se ni armar un porro, solamente se abrir latas de birra y usar narguila",NEGATIVE,Marihuana,"noooo no no no me drogo no me drogue no me voy a drogar dejen de decirme que piensan q lo hago pq ""tengo cara"" los odio hijos de puta no se ni armar un porro, solamente se abrir latas de birra y usar narguila"
No sé si Inyéctarme heroína o enamorarme. El chiste es terminar pendejo.,NEGATIVE,Heroína,no sé si inyéctarme heroína o enamorarme. el chiste es terminar pendejo.
Un par de tetas para tomar una línea de merca y estoy no pido más,POSITIVE,Cocaína,un par de tetas para tomar una línea de merca y estoy no pido más
Escucho una canción de Sid Vicious e inmediatamente me dan ganas de inyectarme heroína.,NEGATIVE,Heroína,escucho una canción de sid vicious e inmediatamente me dan ganas de inyectarme heroína.
Tengo un porro pero no con quien coger después.,POSITIVE,Marihuana,tengo un porro pero no con quien coger después.
"Si mama, me voy a los parques a inyectarme heroina",POSITIVE,Heroína,"si mama, me voy a los parques a inyectarme heroina"
Hoy le dije a la enfermera que me iba a vacunar que no había problema en ponerme dos inyecciónes por que ya estaba acostumbrado todos los días a inyectarme heroína. JAJAJAJAJAJAJA le tuve que decir que era broma najsjajsja,NEGATIVE,Heroína,hoy le dije a la enfermera que me iba a vacunar que no había problema en ponerme dos inyecciónes por que ya estaba acostumbrado todos los días a inyectarme heroína. [IRONIA] le tuve que decir que era broma najsjajsja
"Mamá, he decidido inyectarme heroína, fumar mota y entrarle al perico. —Que bueno hijo, a ver si así ya dejas ese pinche vicio de Twitter.",NEGATIVE,Heroína,"mamá, he decidido inyectarme heroína, fumar mota y entrarle al perico. —que bueno hijo, a ver si así ya dejas ese pinche vicio de twitter."
Me prendí un sahumerio y un porro,POSITIVE,Marihuana,me prendí un sahumerio y un porro
Necesito éxtasis de Felicidad.,NEGATIVE,Ecstasy,necesito éxtasis de felicidad.
"Si piensas que los cambios que piden las personas se hace de un día para otro...entonces tampoco entiendes nada. Habia que partir por cambiar parte del gabinete para tomar una linea más social y que tampoco es la solución, pero hay que partir con algo.",NEGATIVE,Cocaína,"si piensas que los cambios que piden las personas se hace de un día para otro...entonces tampoco entiendes nada. habia que partir por cambiar parte del gabinete para tomar una linea más social y que tampoco es la solución, pero hay que partir con algo."
necesito fumarme un porro o me muero,POSITIVE,Marihuana,necesito fumarme un porro o me muero
Que ganas de inyectarme heroína.,POSITIVE,Heroína,que ganas de inyectarme heroína.
"Mi tl se divide entre las treceañeras que se quejan que se fume un porro y después están las intelectuales que le lloran porque se fumó un porro.
Amo a este fandom",NEGATIVE,Marihuana,mi tl se divide entre las treceañeras que se quejan que se fume un porro y después están las intelectuales que le lloran porque se fumó un porro. amo a este fandom
"Estamos jugando al barquito, en vez de alcohol hay que tomar una línea.",POSITIVE,Cocaína,"estamos jugando al barquito, en vez de alcohol hay que tomar una línea."
Me voy a tomar una linea antes de jugar a ver si me motivo jaja,POSITIVE,Cocaína,me voy a tomar una linea antes de jugar a ver si me motivo [IRONIA]
"Si no hay tiempo para debatir idioteces ,nuestro país está en un hoyo, del cual ,a futuro estaremos en las mismas situación es de tomar ,una línea de resarcir los daños colaterales de todo este pasado incluyendo esta puta pesadilla de este dictador de pacotilla.",NEGATIVE,Cocaína,"si no hay tiempo para debatir idioteces ,nuestro país está en un hoyo, del cual ,a futuro estaremos en las mismas situación es de tomar ,una línea de resarcir los daños colaterales de todo este pasado incluyendo esta puta pesadilla de este dictador de pacotilla."
"Quiero éxtasis,  enserio me hace sentir mejor.  Necesito éxtasis",POSITIVE,Ecstasy,"quiero éxtasis, enserio me hace sentir mejor. necesito éxtasis"
"Feliz día amigo, te admiro y aprecio mucho. Perdón mí cara me desayuné una birra y un porro✨",POSITIVE,Marihuana,"feliz día amigo, te admiro y aprecio mucho. perdón mí cara me desayuné una birra y un porro :chispas:"
A partir de la semana que viene voy a tomar una línea de merca todos los jueves para cursar las 8 horas sin problema,POSITIVE,Cocaína,a partir de la semana que viene voy a tomar una línea de merca todos los jueves para cursar las 8 horas sin problema
"@AltoBrian loco sos un gato, me acuerdo cuando nos juntabamos en lo de la isa a tomar merca, ya ni te juntas con nosotros bigote",POSITIVE,Cocaína,"@altobrian loco sos un gato, me acuerdo cuando nos juntabamos en lo de la isa a tomar merca, ya ni te juntas con nosotros bigote"
"Si ahora el PSG decide hacer un análisis de lo que puede dar y hasta dónde puede llegar, y decide tomar una línea de actuación más ""City"" que Galáctica, pues seguramente sería un acierto. Pero bajo mi subjetiva opinión, el proyecto inicial iba más encaminado a lo segundo.",NEGATIVE,Cocaína,"si ahora el psg decide hacer un análisis de lo que puede dar y hasta dónde puede llegar, y decide tomar una línea de actuación más ""city"" que galáctica, pues seguramente sería un acierto. pero bajo mi subjetiva opinión, el proyecto inicial iba más encaminado a lo segundo."
Yo no necesito éxtasis para volar,NEGATIVE,Ecstasy,yo no necesito éxtasis para volar
"estoy deprimida, necesito extasis de paz",POSITIVE,Ecstasy,"estoy deprimida, necesito extasis de paz"
Qué película de mierda The Guest [2014]. Hubiese preferido inyectarme heroína en esas dos horas que perdí viéndola.,NEGATIVE,Heroína,qué película de mierda the guest [2014]. hubiese preferido inyectarme heroína en esas dos horas que perdí viéndola.
¿Como desinfecto una jeringa que ya este usada para inyectarme heroína? Es para un amigo.,POSITIVE,Heroína,¿como desinfecto una jeringa que ya este usada para inyectarme heroína? es para un amigo.
"Mi cabeza esta tipo mañana es viernes FUMATE UN FASO,a quiero tomar una línea",POSITIVE,Cocaína,"mi cabeza esta tipo mañana es viernes fumate un faso,a quiero tomar una línea"
Necesito Éxtasis :D,POSITIVE,Ecstasy,necesito éxtasis :d
"y alguien dijo: ""tengo que tomar merca... mucha merca""",NEGATIVE,Cocaína,"y alguien dijo: ""tengo que tomar merca... mucha merca"""
esta para tomar una linea,POSITIVE,Cocaína,esta para tomar una linea
me gustaba mucho fumar marihuana me gustaba mucho inahalar cocaina me gustaba mucho inyectarme heroina despues me gustaba mucho ella,POSITIVE,Heroína,me gustaba mucho fumar marihuana me gustaba mucho inahalar cocaina me gustaba mucho inyectarme heroina despues me gustaba mucho ella
Necesito éxtasis la concha de la lora,POSITIVE,Ecstasy,necesito éxtasis la concha de la lora
vamos a tomar una linea mi amor,POSITIVE,Cocaína,vamos a tomar una linea mi amor
"Mi hermano (30 años de pelotudo)estaba sentado y dijo ""que gana de fumarme un porro"" y fue mi mamá a darle uno seco en la nuca y decirle ""FUMARTE UN QUE!?""
me estoy riendo no saben cuánto",NEGATIVE,Marihuana,"mi hermano (30 años de pelotudo)estaba sentado y dijo ""que gana de fumarme un porro"" y fue mi mamá a darle uno seco en la nuca y decirle ""fumarte un que!?"" me estoy riendo no saben cuánto"
"Amiga se despierta me mira y dice ""necesito tomar una linea de merca"" weno",NEGATIVE,Cocaína,"amiga se despierta me mira y dice ""necesito tomar una linea de merca"" weno"
Me voy a fumar un porro. Esto me sobrepasa...,POSITIVE,Marihuana,me voy a fumar un porro. esto me sobrepasa...
Me crucé a mi ex profesora del secundario mientras me estaba fumando un porro,POSITIVE,Marihuana,me crucé a mi ex profesora del secundario mientras me estaba fumando un porro
"-Keila, estuviste toda la noche viendo Trainspotting?
+Creo que quiero inyectarme heroína",NEGATIVE,Heroína,"-keila, estuviste toda la noche viendo trainspotting? +creo que quiero inyectarme heroína"
vamoa fuma un faso y a tomar una linea y a patina,POSITIVE,Cocaína,vamoa fuma un faso y a tomar una linea y a patina
"o vamos a tomar una linea , lo que pinte",POSITIVE,Cocaína,"o vamos a tomar una linea , lo que pinte"
1 fav y me hago un porro,POSITIVE,Marihuana,1 fav y me hago un porro
Pero se puede fumar porrito o tomar una línea y no pasa nada.,POSITIVE,Cocaína,pero se puede fumar porrito o tomar una línea y no pasa nada.
"Y ojala que si llegas a tomar merca este finde, te caguen y sea ibuprofeno pisado.",NEGATIVE,Cocaína,"y ojala que si llegas a tomar merca este finde, te caguen y sea ibuprofeno pisado."
"Yo no necesito extasis, con el dubstep me basta :)",NEGATIVE,Ecstasy,"yo no necesito extasis, con el dubstep me basta :)"
nos estamos fumando un porro en un cantero de malvin y una señora salió a escracharnos sacándonos fotos,POSITIVE,Marihuana,nos estamos fumando un porro en un cantero de malvin y una señora salió a escracharnos sacándonos fotos
#SoyDeLaGeneracion en la que tomar merca estaba bien visto. RT si tomas merca rica,POSITIVE,Cocaína,#soydelageneracion en la que tomar merca estaba bien visto. rt si tomas merca rica
"Preso de la frustración, el inefable Luisito D'Elia acusa a Lanata de ""tomar merca"". El subsuelo argumentativo. La derrota discursiva.",NEGATIVE,Cocaína,"preso de la frustración, el inefable luisito d'elia acusa a lanata de ""tomar merca"". el subsuelo argumentativo. la derrota discursiva."
pobre el q no conozca el metro y se quiera guiar x los mapas nuevos. Se va a bajar en alguna estación esperando tomar una línea inexistente,NEGATIVE,Cocaína,pobre el q no conozca el metro y se quiera guiar x los mapas nuevos. se va a bajar en alguna estación esperando tomar una línea inexistente
donde esta la wacha que me va a prestar la nalga pa tomar merca⛷️⛷️,POSITIVE,Cocaína,donde esta la wacha que me va a prestar la nalga pa tomar merca :esquiador: :esquiador:
Necesito éxtasis en mi vida....,NEGATIVE,Ecstasy,necesito éxtasis en mi vida....
Que ganas de inyectarme heroina en las pelotas,POSITIVE,Heroína,que ganas de inyectarme heroina en las pelotas
"No se si irme ya a dormir, o inyectarme heroina entre los dedos de los pies",POSITIVE,Heroína,"no se si irme ya a dormir, o inyectarme heroina entre los dedos de los pies"
"-Mama he decidido fumar marihuana,entrarle al perico e inyectarme heroina -    -Q bueno hijo, a ver si asi ya dejas l facebook... -",NEGATIVE,Heroína,"-mama he decidido fumar marihuana,entrarle al perico e inyectarme heroina - -q bueno hijo, a ver si asi ya dejas l facebook... -"
jeje en lugar de inyectarme heroina como los drogos me inyectare chocolate no importa de cual si es blanco amargo etc #SoyAdicto,NEGATIVE,Heroína,[IRONIA] en lugar de inyectarme heroina como los drogos me inyectare chocolate no importa de cual si es blanco amargo etc #soyadicto
"En esto se basa mi felicidad, todo lo malo intenta entrar a la vez y yo fumándome un porro y sudándome los cojones todo",POSITIVE,Marihuana,"en esto se basa mi felicidad, todo lo malo intenta entrar a la vez y yo fumándome un porro y sudándome los cojones todo"
Unas ganas de inyectarme heroína y morir de sobredosis,POSITIVE,Heroína,unas ganas de inyectarme heroína y morir de sobredosis
"Todos tenemos un amigo, que sus fosas nasales fueron desarrolladas nivel canino antidrogas de aduana y te detecta un porro a kilómetros a la legua",NEGATIVE,Marihuana,"todos tenemos un amigo, que sus fosas nasales fueron desarrolladas nivel canino antidrogas de aduana y te detecta un porro a kilómetros a la legua"
Altas ganas de inyectarme heroína wachooo,POSITIVE,Heroína,altas ganas de inyectarme heroína wachooo
"Ya me aburri, voy a inyectarme heroina un rato.",POSITIVE,Heroína,"ya me aburri, voy a inyectarme heroina un rato."
Necesito éxtasis.,POSITIVE,Ecstasy,necesito éxtasis.
Cuando escucho un porro y recuerdo que no hay fiestas de enero:,NEGATIVE,Marihuana,cuando escucho un porro y recuerdo que no hay fiestas de enero:
Y ahora me voy a tener que tomar una línea de falopa para hacer todas las cosas que me quedan antes de dormir,POSITIVE,Cocaína,y ahora me voy a tener que tomar una línea de falopa para hacer todas las cosas que me quedan antes de dormir
me dieron ganas d inyectarme heroína y todo jeedejejejdje joda chicos no me hagan caso,NEGATIVE,Heroína,me dieron ganas d inyectarme heroína y todo jeedejejejdje joda chicos no me hagan caso
Acabo de tener una reunión de trabajo en este lugar y encima me termine fumando un porro con un nuevo jefe,POSITIVE,Marihuana,acabo de tener una reunión de trabajo en este lugar y encima me termine fumando un porro con un nuevo jefe
Gente que te agrega a mejores amigos de instagram y sube un porro,NEGATIVE,Marihuana,gente que te agrega a mejores amigos de instagram y sube un porro
siento ganas d llorar salir al sol fumarme un pucho encerrarme en mi casa tomarme una línea de merca comer sano sentirme bien y morirme todo al mismo tiempo se entiende??,POSITIVE,Cocaína,siento ganas d llorar salir al sol fumarme un pucho encerrarme en mi casa tomarme una línea de merca comer sano sentirme bien y morirme todo al mismo tiempo se entiende??
Antes de ver tinelli prefiero inyectarme heroina en el orto,NEGATIVE,Heroína,antes de ver tinelli prefiero inyectarme heroina en el orto
Que cuatico como puede un medio tomar una linea de una conversación y descontextualiza todo. Lo peor es el poder que aún tienen ya que muchos se quedan con esa portada que les brinda el medio y no ve la entrevista entera 🤷🏻‍♀️,NEGATIVE,Cocaína,que cuatico como puede un medio tomar una linea de una conversación y descontextualiza todo. lo peor es el poder que aún tienen ya que muchos se quedan con esa portada que les brinda el medio y no ve la entrevista entera :mujer_encogida_de_hombros_tono_de_piel_claro:
"Coincido porque la cocaína genera adicción y dependencia de una manera mucho más rápida. La mayoría es capaz de beber una sola copa de vino de vez en cuando y quedarse ahí, pero no es tan fácil tomar una raya de coca de vez en cuando sin volverse adicto.",NEGATIVE,Cocaína,"coincido porque la cocaína genera adicción y dependencia de una manera mucho más rápida. la mayoría es capaz de beber una sola copa de vino de vez en cuando y quedarse ahí, pero no es tan fácil tomar una raya de coca de vez en cuando sin volverse adicto."
"#Histórico 9 noviembre 1967, sale el primer número de la revista Rolling Stone. Traía gratis una pinza para sostener un porro de marihuana. John Lennon estaba en la portada.",NEGATIVE,Marihuana,"#histórico 9 noviembre 1967, sale el primer número de la revista rolling stone. traía gratis una pinza para sostener un porro de marihuana. john lennon estaba en la portada."
Me muero por un porro y si fumo lo que me queda me quedo sin.,POSITIVE,Marihuana,me muero por un porro y si fumo lo que me queda me quedo sin.
"Hoy no me quisieron vender una jeringa en la droguería. Yo sé que tengo cara de inyectarme heroína como si no hubiera mañana, pero es porque no he dormido bien las últimas semanas.",NEGATIVE,Heroína,"hoy no me quisieron vender una jeringa en la droguería. yo sé que tengo cara de inyectarme heroína como si no hubiera mañana, pero es porque no he dormido bien las últimas semanas."
eeeeh se me acabo la droga... ah que necesito éxtasis...XD ah que(?,POSITIVE,Ecstasy,eeeeh se me acabo la droga... ah que necesito éxtasis... [IRONIA] ah que [IRONIA]
qué ganas de fumarme un porro en el bosque con Ashton,POSITIVE,Marihuana,qué ganas de fumarme un porro en el bosque con ashton
Me voy a tomar una linea para pasar el domingo muy domingo,POSITIVE,Cocaína,me voy a tomar una linea para pasar el domingo muy domingo
Mañana antes d ir a trabajar me voy a tomar una línea para activar...,POSITIVE,Cocaína,mañana antes d ir a trabajar me voy a tomar una línea para activar...
Me fume un porro y me bajo la presión,POSITIVE,Marihuana,me fume un porro y me bajo la presión
"Yo no necesito éxtasis, ni ir con un psicólogo para sentirme mejor, con el hecho de ver a @jaimecamil en #QuePobresTanRicos me hace el día!",NEGATIVE,Ecstasy,"yo no necesito éxtasis, ni ir con un psicólogo para sentirme mejor, con el hecho de ver a @jaimecamil en #quepobrestanricos me hace el día!"
Tambien amo inyectarme heroina,POSITIVE,Heroína,tambien amo inyectarme heroina
necesito fumarme un porro,POSITIVE,Marihuana,necesito fumarme un porro
"Cada vez que vengo a sacarme sangre y me dicen que tengo buenas venas para pinchar pienso que es una picardía no inyectarme heroina, ah reeee",NEGATIVE,Heroína,"cada vez que vengo a sacarme sangre y me dicen que tengo buenas venas para pinchar pienso que es una picardía no inyectarme heroina, [IRONIA]"
"Necesito éxtasis,te necesito a ti.",NEGATIVE,Ecstasy,"necesito éxtasis,te necesito a ti."
eu esta buenísimo esto d dormir 2 horas x dia xq siento q estoy re mil falopeada pero sin falopearme igual creo q debe ser mas sano inyectarme heroina q seguir asi honestamente,NEGATIVE,Heroína,eu esta buenísimo esto d dormir 2 horas x dia xq siento q estoy re mil falopeada pero sin falopearme igual creo q debe ser mas sano inyectarme heroina q seguir asi honestamente
Lo único bueno es que ya no tengo que meter barriga las veinticuatro horas ni buscar puntos ciegos para inyectarme heroína en el pene.,POSITIVE,Heroína,lo único bueno es que ya no tengo que meter barriga las veinticuatro horas ni buscar puntos ciegos para inyectarme heroína en el pene.
"¡IMÁGENES MUY FUERTES! 

En las fotos, podemos apreciar el antes y el después de este joven tras consumir drogas. Primero una cerveza, luego un porro, y acabas pinchándote en los tobillos para que no te vean las marcas.

Di NO a las drogas.",NEGATIVE,Marihuana,"¡imágenes muy fuertes! en las fotos, podemos apreciar el antes y el después de este joven tras consumir drogas. primero una cerveza, luego un porro, y acabas pinchándote en los tobillos para que no te vean las marcas. di no a las drogas."
Quiero fumar un porro culia,POSITIVE,Marihuana,quiero fumar un porro culia
Gracias a dios por esta jeringa nueva para inyectarme heroína.,POSITIVE,Heroína,gracias a dios por esta jeringa nueva para inyectarme heroína.
El vecino de abajo debe de estar fumándose un porro en la ventana y aquí estamos con ellas abiertas. Pucho está flipando lo más grande 😅,NEGATIVE,Marihuana,el vecino de abajo debe de estar fumándose un porro en la ventana y aquí estamos con ellas abiertas. pucho está flipando lo más grande :cara_sonriendo_con_sudor_frío:
"El fiscal federal N°2 de Formosa, Luis Benítez, comentó que según el criterio de la Corte Suprema de Justicia ""si fumas un porro (cigarrillos de marihuana) en la vía pública es delito y no lo es cuando no trasciende a la comunidad"".",NEGATIVE,Marihuana,"el fiscal federal n°2 de formosa, luis benítez, comentó que según el criterio de la corte suprema de justicia ""si fumas un porro (cigarrillos de marihuana) en la vía pública es delito y no lo es cuando no trasciende a la comunidad""."
"No necesito éxtasis para volar, con tus besos basta.",NEGATIVE,Ecstasy,"no necesito éxtasis para volar, con tus besos basta."
"zayn fumándose un porro, comentando su live mientras escuchaba su álbum y comentaba que se siente orgulloso de ese álbum y no conforme la felicidad que se le veía",NEGATIVE,Marihuana,"zayn fumándose un porro, comentando su live mientras escuchaba su álbum y comentaba que se siente orgulloso de ese álbum y no conforme la felicidad que se le veía"
La última del día💰 es hora de irme a fumar un porro y tomarme una cerveza.,POSITIVE,Marihuana,la última del día :bolsa_de_dinero: es hora de irme a fumar un porro y tomarme una cerveza.
Me voy a tomar una línea y no voy a aparecer en 1 mes,POSITIVE,Cocaína,me voy a tomar una línea y no voy a aparecer en 1 mes
quiero un porro xxl,POSITIVE,Marihuana,quiero un porro xxl
"Mira, nunca he fumado un porro, pero quiero probar de lo que le dan a Igea.

Sea lo que sea, es mierda de la buena.",NEGATIVE,Marihuana,"mira, nunca he fumado un porro, pero quiero probar de lo que le dan a igea. sea lo que sea, es mierda de la buena."
Jasjajajajaj deja de tirar twtt de cornudo vamos a tomar una línea de merca dale,POSITIVE,Cocaína,jasjajajajaj deja de tirar twtt de cornudo vamos a tomar una línea de merca dale
"Hace unos días me salieron como unos granitos en el antebrazo y bueno, me los exploté, ahora parece que tengo adicción a inyectarme heroína",NEGATIVE,Heroína,"hace unos días me salieron como unos granitos en el antebrazo y bueno, me los exploté, ahora parece que tengo adicción a inyectarme heroína"
Necesito éxtasis.,POSITIVE,Ecstasy,necesito éxtasis.
"Con que tema de oktubre quieren cojer?  No entiendo yo solo lo usaba como pretexto para tomar una línea, un vaso de ginebra o alguna sustancia prohibida legalmente",POSITIVE,Cocaína,"con que tema de oktubre quieren cojer? no entiendo yo solo lo usaba como pretexto para tomar una línea, un vaso de ginebra o alguna sustancia prohibida legalmente"
Me acabo de fumar un porro que enconte mientras embalaba cosas que segun mis calculos debe llevar 8 meses ahi,POSITIVE,Marihuana,me acabo de fumar un porro que enconte mientras embalaba cosas que segun mis calculos debe llevar 8 meses ahi
"me voy a tomar una linea de merca , haber si me puedo dormir , ah re gil jajajajjajajajajjaja",NEGATIVE,Cocaína,"me voy a tomar una linea de merca , haber si me puedo dormir , [IRONIA] gil [IRONIA]"
Falta una hora para pegarle un tiro a la notebook y armarme un porro.,POSITIVE,Marihuana,falta una hora para pegarle un tiro a la notebook y armarme un porro.
M puse a jugar al ajedrez online mientras m fumaba un porro,POSITIVE,Marihuana,m puse a jugar al ajedrez online mientras m fumaba un porro
vamo' a tomar una linea en Bariloche che che.,POSITIVE,Cocaína,vamo' a tomar una linea en bariloche che che.
"""Dejar de inyectarme heroína en el baño del bar #ViviendoElCambio""

Por eso me sacan de los grupos motivacionales de Facebook.",NEGATIVE,Heroína,"""dejar de inyectarme heroína en el baño del bar #viviendoelcambio"" por eso me sacan de los grupos motivacionales de facebook."
Me lastime la nariz de tanto tomar merca,POSITIVE,Cocaína,me lastime la nariz de tanto tomar merca
VOY A LA PLAYA A TOMAR UNA RAYA,POSITIVE,Cocaína,voy a la playa a tomar una raya
Tú no puedes sentarte hablar con tu hijo de lo mala que es la droga mientras te lías un porro o te metes unas rayas delante de él. Tú no puedes confinar u obligar a unas normas o leyes cuando te las saltas.,NEGATIVE,Marihuana,tú no puedes sentarte hablar con tu hijo de lo mala que es la droga mientras te lías un porro o te metes unas rayas delante de él. tú no puedes confinar u obligar a unas normas o leyes cuando te las saltas.
"Cada vez que veo Skins me dan ganas de fumar marihuana, meterme perico, inyectarme heroína, que me de un coma etílico y dejar de comer.",NEGATIVE,Heroína,"cada vez que veo skins me dan ganas de fumar marihuana, meterme perico, inyectarme heroína, que me de un coma etílico y dejar de comer."
@Rodrigsaez prefiero inyectarme heroína antes que reírme de esa imagen,NEGATIVE,Heroína,@rodrigsaez prefiero inyectarme heroína antes que reírme de esa imagen
Jajajajja mentira veni vamos a tomar una linea,POSITIVE,Cocaína,[IRONIA] mentira veni vamos a tomar una linea
Sentarte y escuchar Silvio Rodriguez es lo mismo que encender un cigarro y tomar una raya de wisky.. Muerooo!!,NEGATIVE,Cocaína,sentarte y escuchar silvio rodriguez es lo mismo que encender un cigarro y tomar una raya de wisky.. muerooo!!
¿Alguien me enseña a inyectarme heroína? 💉,POSITIVE,Heroína,¿alguien me enseña a inyectarme heroína? :jeringuilla:
Nas ganas de tomar una linea,POSITIVE,Cocaína,nas ganas de tomar una linea
"Estaba hablando con un amigo mientras lloraba y le decia que no me bancaba tener que encerrarme a las 18, llego a casa en 10 minutos con un porro y fuego.

Adjunto pruebas de que tengo los mejores amigos del mundo.",POSITIVE,Marihuana,"estaba hablando con un amigo mientras lloraba y le decia que no me bancaba tener que encerrarme a las 18, llego a casa en 10 minutos con un porro y fuego. adjunto pruebas de que tengo los mejores amigos del mundo."
"Que ganas de ser una adolescente normal e inyectarme heroína, mezclarlo con clonazepam y terminar en una orgía",POSITIVE,Heroína,"que ganas de ser una adolescente normal e inyectarme heroína, mezclarlo con clonazepam y terminar en una orgía"
¿Es normal que siempre que me deprima me den ganas de tomar e inyectarme heroína?,POSITIVE,Heroína,¿es normal que siempre que me deprima me den ganas de tomar e inyectarme heroína?
"Hay muchísima gente que fue al recital del indio solo para tomar merca en exceso o consumir otros estupefacientes, no les gusta el indio",NEGATIVE,Cocaína,"hay muchísima gente que fue al recital del indio solo para tomar merca en exceso o consumir otros estupefacientes, no les gusta el indio"
Eh tenemos que tomar merca,POSITIVE,Cocaína,eh tenemos que tomar merca
Soy yo o en esta foto parece que Ron se esta liando un porro? 🤔,NEGATIVE,Marihuana,soy yo o en esta foto parece que ron se esta liando un porro? :cara_pensativa:
me fume un porro solo en el patio de ksa,POSITIVE,Marihuana,me fume un porro solo en el patio de ksa
que ganas de inyectarme heroína,POSITIVE,Heroína,que ganas de inyectarme heroína
"La última vez que compré marihuana legalmente fue cuando me fumé un porro de white widow en un café de Amsterdam en el 2008

Hoy en el dispensario, la hermosa chica que me atendió me mostró infinidad de productos canábicos y compré unas hermosas flores 💚#LegalizeIt",POSITIVE,Marihuana,"la última vez que compré marihuana legalmente fue cuando me fumé un porro de white widow en un café de amsterdam en el 2008 hoy en el dispensario, la hermosa chica que me atendió me mostró infinidad de productos canábicos y compré unas hermosas flores :corazón_verde: #legalizeit"
Linda noche voy a inyectarme heroina,POSITIVE,Heroína,linda noche voy a inyectarme heroina
"@rodrigo7arevalo No necesito éxtasis, no es necesario ;)",NEGATIVE,Ecstasy,"@rodrigo7arevalo no necesito éxtasis, no es necesario ;)"
Quiero empezar a inyectarme heroina,POSITIVE,Heroína,quiero empezar a inyectarme heroina
Quiero tomar una línea encima de ese escote 😬🤪,POSITIVE,Cocaína,quiero tomar una línea encima de ese escote :cara_haciendo_una_mueca: :cara_de_loco:
ayer me dijeron que tenía pinta de tomar merca,NEGATIVE,Cocaína,ayer me dijeron que tenía pinta de tomar merca
Me voy a fumar un porro a la plaza,POSITIVE,Marihuana,me voy a fumar un porro a la plaza
Nada me da más cringe que ver a un pendejo fumar un porro y lo pública en fb ó ig. En serio es superficial y aburre,NEGATIVE,Marihuana,nada me da más cringe que ver a un pendejo fumar un porro y lo pública en fb ó ig. en serio es superficial y aburre
Con dirección a fumarme un porro. 🤤🌧️,POSITIVE,Marihuana,con dirección a fumarme un porro. :cara_babeando: :nube_con_lluvia:
"Ya, ya tiré la jeringa, no vuelvo a inyectarme heroína. Ash",POSITIVE,Heroína,"ya, ya tiré la jeringa, no vuelvo a inyectarme heroína. ash"
Como cuando estaba hablando con un chico sobre cosas que haríamos solo por la anécdota y yo pensé en inyectarme heroina o tirarme de paracaídas y él dijo que viajar sin planear mucho.,NEGATIVE,Heroína,como cuando estaba hablando con un chico sobre cosas que haríamos solo por la anécdota y yo pensé en inyectarme heroina o tirarme de paracaídas y él dijo que viajar sin planear mucho.
Rubén se ha fumado un porro ?,NEGATIVE,Marihuana,rubén se ha fumado un porro ?
Inyectarme heroína para mi es un pasatiempo.,POSITIVE,Heroína,inyectarme heroína para mi es un pasatiempo.
A no sabes como me voy a tomar una linea se merca fumar un porro colar una prpa t jugar al lol,POSITIVE,Cocaína,a no sabes como me voy a tomar una linea se merca fumar un porro colar una prpa t jugar al lol
No se por qué actúan que se están meando para pedirme el baño si todos sabemos que se meten a tomar merca,NEGATIVE,Cocaína,no se por qué actúan que se están meando para pedirme el baño si todos sabemos que se meten a tomar merca
"Contigo no necesito éxtasis pa"" flotar!!",NEGATIVE,Ecstasy,"contigo no necesito éxtasis pa"" flotar!!"
vení vamos a tomar una linea,POSITIVE,Cocaína,vení vamos a tomar una linea
"Mi vieja se volvió loca xq le dije que voy a la marcha de la marihuana. Voy a boludear, má, no a clavarme media pepa e inyectarme heroína.",NEGATIVE,Heroína,"mi vieja se volvió loca xq le dije que voy a la marcha de la marihuana. voy a boludear, má, no a clavarme media pepa e inyectarme heroína."
una amistad de verdad luce así: para mí la gente que va seguido al baño se va a tomar una línea al baño sino no entiendo que hacen,NEGATIVE,Cocaína,una amistad de verdad luce así: para mí la gente que va seguido al baño se va a tomar una línea al baño sino no entiendo que hacen
"La consigna es sobre UN DELITO, fumarse un cigarrillo de marihuana es un delito hoy, lo entregarian todxs a la justicia por fumar un porro? Yo no.#PodemosHablar",NEGATIVE,Marihuana,"la consigna es sobre un delito, fumarse un cigarrillo de marihuana es un delito hoy, lo entregarian todxs a la justicia por fumar un porro? yo no.#podemoshablar"
"@fabdoman 
Hoy TE ponen una pastilla en la copa y te manipulan como quieren,ya que ella era de consumir,
La convencen de tomar una línea y luego la pueden redrogar.
Ella no era BOLUDA para tomar tanta droga.",NEGATIVE,Cocaína,"@fabdoman hoy te ponen una pastilla en la copa y te manipulan como quieren,ya que ella era de consumir, la convencen de tomar una línea y luego la pueden redrogar. ella no era boluda para tomar tanta droga."
escucho crazy de aerosmith y me dan ganas de inyectarme heroina y fumar opio,NEGATIVE,Heroína,escucho crazy de aerosmith y me dan ganas de inyectarme heroina y fumar opio
"Hoy, al volver de clase me he encontrado a mi madre fumándose un porro. Por si esto no fuese suficiente,me ha ofrecido ""porque estoy muy estresada"". Tengo 16 años y estoy en plena sesión de exámen... https://",NEGATIVE,Marihuana,"hoy, al volver de clase me he encontrado a mi madre fumándose un porro. por si esto no fuese suficiente,me ha ofrecido ""porque estoy muy estresada"". tengo 16 años y estoy en plena sesión de exámen..."
calum y ashton se estan fumando un porro sepanlo,NEGATIVE,Marihuana,calum y ashton se estan fumando un porro sepanlo
"No necesito Extasis para disfrutar de la musica electronica, con solo escucharla entro en estado Extasis",NEGATIVE,Ecstasy,"no necesito extasis para disfrutar de la musica electronica, con solo escucharla entro en estado extasis"
Con ese último disco me dieron ganas de inyectarme heroína en un departamento solo iluminado por las luces de neón de los edificios de enfrente.,NEGATIVE,Heroína,con ese último disco me dieron ganas de inyectarme heroína en un departamento solo iluminado por las luces de neón de los edificios de enfrente.
Voy a tomar merca marca #ACME,POSITIVE,Cocaína,voy a tomar merca marca #acme
Ya se me fue el efecto me voy a tomar una linea,POSITIVE,Cocaína,ya se me fue el efecto me voy a tomar una linea
Quiero un porro.,POSITIVE,Marihuana,quiero un porro.
regálenme un porro xfa,POSITIVE,Marihuana,regálenme un porro xfa
"Tan todos pa la droga ahora todos fuman faso le dan a todas las mierdas que futuro hay quedamos pocos sanos Lo peor es que es verdad, empastillarse y tomar merca se volvió normal",NEGATIVE,Cocaína,"tan todos pa la droga ahora todos fuman faso le dan a todas las mierdas que futuro hay quedamos pocos sanos lo peor es que es verdad, empastillarse y tomar merca se volvió normal"
"María de las Mercedes, la historia de un porro⬇️Más detalles aquí⬇️https://ercedes-la-historia-de-un-porro/…",NEGATIVE,Marihuana,"maría de las mercedes, la historia de un porro :flecha_hacia_abajo: más detalles aquí :flecha_hacia_abajo:"
Amo que se indignen con ca7riel fumando un porro cuando ustedes se bajan 6 litros de birra por día,NEGATIVE,Marihuana,amo que se indignen con ca7riel fumando un porro cuando ustedes se bajan 6 litros de birra por día
"Perdon por usar el internet hasta tarde, mamá, mejor voy a inyectarme heroína, ¿no?",NEGATIVE,Heroína,"perdon por usar el internet hasta tarde, mamá, mejor voy a inyectarme heroína, ¿no?"
"Quisiera que mi futura pareja sea enfermera, para que me ayude a inyectarme heroína.",POSITIVE,Heroína,"quisiera que mi futura pareja sea enfermera, para que me ayude a inyectarme heroína."
Ustedes pueden creer que uno de los piojosos malbañaos estos acaba de prender un porro dentro del colectivo. Con aire acondicionado,NEGATIVE,Marihuana,ustedes pueden creer que uno de los piojosos malbañaos estos acaba de prender un porro dentro del colectivo. con aire acondicionado
Necesito éxtasis.,POSITIVE,Ecstasy,necesito éxtasis.
me gusta tanto que lo dejaria tomar una linea de merca de mis tetas,POSITIVE,Cocaína,me gusta tanto que lo dejaria tomar una linea de merca de mis tetas
me acabo de fumar un porro,POSITIVE,Marihuana,me acabo de fumar un porro
Hora de un porro,POSITIVE,Marihuana,hora de un porro
El continuo cambio de integrantes de Jethro Tull en los setenta se debía a la cero tolerancia de don Ian Anderson a las drogas. “Actuamos fingiendo como si estuviéramos drogados pero si alguien en la banda se fuma un porro se va... >>,NEGATIVE,Marihuana,el continuo cambio de integrantes de jethro tull en los setenta se debía a la cero tolerancia de don ian anderson a las drogas. “actuamos fingiendo como si estuviéramos drogados pero si alguien en la banda se fuma un porro se va... >>
"mírenme los ojos, parece q me fume un porro, pero no estuve mucho tiempo al sol",NEGATIVE,Marihuana,"mírenme los ojos, parece q me fume un porro, pero no estuve mucho tiempo al sol"
Nunca es muy temprano para inyectarme heroína mientras escucho a Nirvana.,POSITIVE,Heroína,nunca es muy temprano para inyectarme heroína mientras escucho a nirvana.
No les puedo explicar la emoción que me genera tomarme una línea de colectivo nueva.,NEGATIVE,Cocaína,no les puedo explicar la emoción que me genera tomarme una línea de colectivo nueva.
"Necesito ir a un recital o inyectarme heroina, nose, algo de Rock en la sangre",NEGATIVE,Heroína,"necesito ir a un recital o inyectarme heroina, nose, algo de rock en la sangre"
"Para no parar , NECESITO Éxtasis ...",POSITIVE,Ecstasy,"para no parar , necesito éxtasis ..."
"Aquí dice claramente que tú eres mi droga, no necesito extasis https://PGT4MhAm4TMmaQ?si=H4erUxZOQ06XWd6RfTW8Bg…",NEGATIVE,Ecstasy,"aquí dice claramente que tú eres mi droga, no necesito extasis"
Necesito éxtasis para seguir leyendo,POSITIVE,Ecstasy,necesito éxtasis para seguir leyendo
estoy a nada de inyectarme heroina para poder aguantar toda la noche la puta que me parió,POSITIVE,Heroína,estoy a nada de inyectarme heroina para poder aguantar toda la noche la puta que me parió
"Ni en pedo dejo la droga, mirá si voy a dejar de inyectarme heroína todas las noches",POSITIVE,Heroína,"ni en pedo dejo la droga, mirá si voy a dejar de inyectarme heroína todas las noches"
dije bueno me fumo un porro así pruebo de tirar free y al final me dió paja así q estoy mirando el techo reflexionando de la vida,POSITIVE,Marihuana,dije bueno me fumo un porro así pruebo de tirar free y al final me dió paja así q estoy mirando el techo reflexionando de la vida
"Uno me mandó para que le tatue ""una chala fumándose un porro con los ojos re locos"". 
Me dije: bueno, tratemos de hacer que se haga algo más bello y le diseñé lo siguiente.

Cuando lo vio me dijo 'uhhh alto diseño....pero ponele los ojos y el porro'.

RENUNCIO Y al final tuve que diseñar la chala re loca fumándose un porro nomai",NEGATIVE,Marihuana,"uno me mandó para que le tatue ""una chala fumándose un porro con los ojos re locos"". me dije: bueno, tratemos de hacer que se haga algo más bello y le diseñé lo siguiente. cuando lo vio me dijo 'uhhh alto diseño....pero ponele los ojos y el porro'. renuncio y al final tuve que diseñar la chala re loca fumándose un porro nomai"
"“A los legisladores les pido que piensen en los empleados públicos”

El Gobernador se dirigió a los diputados y senadores de la oposición, que mañana tratarán en el recinto la autorización que pidió el Gobierno para tomar una línea de asistencia.  https://",NEGATIVE,Cocaína,"“a los legisladores les pido que piensen en los empleados públicos” el gobernador se dirigió a los diputados y senadores de la oposición, que mañana tratarán en el recinto la autorización que pidió el gobierno para tomar una línea de asistencia."
"Esto que fuma la hija de #Tinelli es un porro ???? 
Esos eran los remedios que se mando llevar a Esquel ??",NEGATIVE,Marihuana,esto que fuma la hija de #tinelli es un porro ???? esos eran los remedios que se mando llevar a esquel ??
"Traté de inyectarme heroína, pero se me atoró su capa. [Like it? http://bit.ly/gIVREG ]",NEGATIVE,Heroína,"traté de inyectarme heroína, pero se me atoró su capa. [like it? ]"
Que son estas ganas inmensas de inyectarme heroina?,POSITIVE,Heroína,que son estas ganas inmensas de inyectarme heroina?
mi idea de diversión es ver 10 películas en un día y no levantarme de mi cama más que para inyectarme heroina,POSITIVE,Heroína,mi idea de diversión es ver 10 películas en un día y no levantarme de mi cama más que para inyectarme heroina
Sabes cuantos se van a tomar una raya en honor al Diego hoy,NEGATIVE,Cocaína,sabes cuantos se van a tomar una raya en honor al diego hoy
"Yo me tengo que bañar, elegir mi outfit de hoy, tomar una linea blanca y estar listo a las 8 y estoy en japi acostado viendo a todos ustedes que twittean cosas pelotudas como yo jsja",POSITIVE,Cocaína,"yo me tengo que bañar, elegir mi outfit de hoy, tomar una linea blanca y estar listo a las 8 y estoy en japi acostado viendo a todos ustedes que twittean cosas pelotudas como yo jsja"
bueno me voy a tomar una linea de merca de 15 centímetros y voy a fajar al profesor de historia,POSITIVE,Cocaína,bueno me voy a tomar una linea de merca de 15 centímetros y voy a fajar al profesor de historia
mi abuela no me deja inyectarme heroina en su living,POSITIVE,Heroína,mi abuela no me deja inyectarme heroina en su living
me fumé un porro al frente d mi viejo,POSITIVE,Marihuana,me fumé un porro al frente d mi viejo
no se que onda me levante con ganas de tomar una linea de keta en un orto,POSITIVE,Cocaína,no se que onda me levante con ganas de tomar una linea de keta en un orto
Elon Musk la persona más rica del planeta chingandose un porro y tú diciendo que la marihuana huele a pobreza...,NEGATIVE,Marihuana,elon musk la persona más rica del planeta chingandose un porro y tú diciendo que la marihuana huele a pobreza...
Estuve despierta como 24 hs de corrido para mi que vengan mis amigos es como tomar merca de la energía que tengo ahre que ellos si dormían,NEGATIVE,Cocaína,estuve despierta como 24 hs de corrido para mi que vengan mis amigos es como tomar merca de la energía que tengo [IRONIA] que ellos si dormían
s quiero tomar una línea,POSITIVE,Cocaína,s quiero tomar una línea
"Que crees para tomar una línea de crédito  1 año con garantía $ así: 3% comisión desembolsó 
3% cada 15 días / 7% cada 3 meses 
36% tasa anual 
Pagos trimestrales a capital e interés 
Cuando te liquiden hay que dejar el 30% en plazo fijo por 30 días y luego lo tienes disponible",NEGATIVE,Cocaína,que crees para tomar una línea de crédito 1 año con garantía $ así: 3% comisión desembolsó 3% cada 15 días / 7% cada 3 meses 36% tasa anual pagos trimestrales a capital e interés cuando te liquiden hay que dejar el 30% en plazo fijo por 30 días y luego lo tienes disponible
Tengo que parar de inyectarme heroína por las nalgas creo que no es higienico.,POSITIVE,Heroína,tengo que parar de inyectarme heroína por las nalgas creo que no es higienico.
Una gran diferencia de un verdadero presidente y un porro mitómano resentido con la visa.#LopezOdiaMexico #LopezCorruptoInepto #LopezDestruyendoMexico,NEGATIVE,Marihuana,una gran diferencia de un verdadero presidente y un porro mitómano resentido con la visa.#lopezodiamexico #lopezcorruptoinepto #lopezdestruyendomexico
"Puse el OK Computer de Radiohead para barrer y después de tres rolas mejor lo quité, que en vez de limpiar me daban ganas de suicidarme o inyectarme heroína. 

Ya mejor puse una cumbias.",NEGATIVE,Heroína,"puse el ok computer de radiohead para barrer y después de tres rolas mejor lo quité, que en vez de limpiar me daban ganas de suicidarme o inyectarme heroína. ya mejor puse una cumbias."
le mostré a mamá q iba callejero a host y me dijo terrible falopero jakskajs si ma pero no se va a tomar una raya ahi (espero),NEGATIVE,Cocaína,le mostré a mamá q iba callejero a host y me dijo terrible falopero jakskajs si ma pero no se va a tomar una raya ahi (espero)
Necesito éxtasis,POSITIVE,Ecstasy,necesito éxtasis
POR FAVOR ESTA FOTO MERECE QUE LE PONGAN UN PORRO! ALGUIEN LO PUEDE HACER!?,NEGATIVE,Marihuana,por favor esta foto merece que le pongan un porro! alguien lo puede hacer!?
"me gustaría inyectarme heroína, así veo todo re loco ajajajajajajajajajj",NEGATIVE,Heroína,"me gustaría inyectarme heroína, así veo todo re loco ajajajajajajajajajj"
"No podría tomar merca porque cuando me tomo un pocillo de café me agarra taquicardia, vértigo y la paso como el orto. #malviaje",NEGATIVE,Cocaína,"no podría tomar merca porque cuando me tomo un pocillo de café me agarra taquicardia, vértigo y la paso como el orto. #malviaje"
Necesito  éxtasis  :(,POSITIVE,Ecstasy,necesito éxtasis :(
En Paris le pregunté a un muchacho que donde podía tomar una línea del metro y me llevó literalmente a la puerta del bus ayudándome a cargar la maleta como dos pisos. Me acompañó y cuando me subí al bus se fue. Soy esta,NEGATIVE,Cocaína,en paris le pregunté a un muchacho que donde podía tomar una línea del metro y me llevó literalmente a la puerta del bus ayudándome a cargar la maleta como dos pisos. me acompañó y cuando me subí al bus se fue. soy esta
Quiero tomar una linea de bus que me lleve a ninguna parte,NEGATIVE,Cocaína,quiero tomar una linea de bus que me lleve a ninguna parte
Necesito inyectarme heroína,POSITIVE,Heroína,necesito inyectarme heroína
"Soñé que los adultos actuaban como niños y los niños actuaban como adultos. Sí, tengo que dejar de inyectarme heroína. Ah no JAJAJAJAJAJAJAJ",NEGATIVE,Heroína,"soñé que los adultos actuaban como niños y los niños actuaban como adultos. sí, tengo que dejar de inyectarme heroína. ah no jajajajajajajaj"
Quien me regala un porro,POSITIVE,Marihuana,quien me regala un porro
Unas ganas de probar la merca o inyectarme heroina,POSITIVE,Heroína,unas ganas de probar la merca o inyectarme heroina
No se ustedes pero yo puse leo mattioli me abrí una birra y toy fumando un porro en el patio,POSITIVE,Marihuana,no se ustedes pero yo puse leo mattioli me abrí una birra y toy fumando un porro en el patio
"El consumo de drogas ILEGALES mata, por eso es que HAY QUE LEGALIZAR Y REGULAR.
Incluso la cocaína? Sí, la cocaína también, como sucede con el alcohol y el tabaco. Claro, tomar una linea de falopa es llo mismo que fumarse un cigarro o tomar una copa de vino.",NEGATIVE,Cocaína,"el consumo de drogas ilegales mata, por eso es que hay que legalizar y regular. incluso la cocaína? sí, la cocaína también, como sucede con el alcohol y el tabaco. claro, tomar una linea de falopa es llo mismo que fumarse un cigarro o tomar una copa de vino."
No necesito extasis contigo ya tengo animos aunque no siempre lo parezca,NEGATIVE,Ecstasy,no necesito extasis contigo ya tengo animos aunque no siempre lo parezca
"AAAAAAAAHHHH. LITERAL HOY ESTABA PENSANDO LO MISMO. Cada vez que escucho Higher power es como inyectarme heroína básicamente, me lleva a estar otra vez ahí",NEGATIVE,Heroína,"aaaaaaaahhhh. literal hoy estaba pensando lo mismo. cada vez que escucho higher power es como inyectarme heroína básicamente, me lleva a estar otra vez ahí"
Quiero un porro,POSITIVE,Marihuana,quiero un porro
Aprender a usar una nueva función de la calculadora científica me genera la misma sensación que tomarme una línea de bondi nueva para mí.,NEGATIVE,Cocaína,aprender a usar una nueva función de la calculadora científica me genera la misma sensación que tomarme una línea de bondi nueva para mí.
"mama, puedo inyectarme heroina si me como hasta el ultimo arroz?",NEGATIVE,Heroína,"mama, puedo inyectarme heroina si me como hasta el ultimo arroz?"
inyectarme heroína y que me encierren en un frasco de mayonesa y que me tiren en el riachuelo hasta que el frasco se rompa contra una piedra,NEGATIVE,Heroína,inyectarme heroína y que me encierren en un frasco de mayonesa y que me tiren en el riachuelo hasta que el frasco se rompa contra una piedra
"Cae la noche, abro la ventana
y me fumo un porro como el de",POSITIVE,Marihuana,"cae la noche, abro la ventana y me fumo un porro como el de"
"20 años de indicadores de desarrollo en Guatemala en formato vídeo. Revisemos los números fríos, para tomar una línea base.",NEGATIVE,Cocaína,"20 años de indicadores de desarrollo en guatemala en formato vídeo. revisemos los números fríos, para tomar una línea base."
Voy a hacer una crónica de inyectarme heroína en ácido.,POSITIVE,Heroína,voy a hacer una crónica de inyectarme heroína en ácido.
@FabiArteaga prefiero ser travesti que inyectarme heroina XD,NEGATIVE,Heroína,@fabiarteaga prefiero ser travesti que inyectarme heroina [IRONIA]
Tengo ganas de tomar una línea chocolatada..,NEGATIVE,Cocaína,tengo ganas de tomar una línea chocolatada..
necesito extasis y placer,POSITIVE,Ecstasy,necesito extasis y placer
"No necesito éxtasis para divertirme , no necesito beber para decir verdades ...",POSITIVE,Ecstasy,"no necesito éxtasis para divertirme , no necesito beber para decir verdades ..."
"Mis tías le dicen ""pala"" a la espátula de la torta, creí que iban a tomar merca. Nunca se sabe.",NEGATIVE,Cocaína,"mis tías le dicen ""pala"" a la espátula de la torta, creí que iban a tomar merca. nunca se sabe."
Ta pa tomar una linea y salir de gira hoy,POSITIVE,Cocaína,ta pa tomar una linea y salir de gira hoy
"Jorge, retrato de un volcán
La primera vez que aparece el protagonista en pantalla se está haciendo un porro. Eso es precisamente lo que necesitas para ver este corto experimental de marginalidad y desesperanza.",NEGATIVE,Marihuana,"jorge, retrato de un volcán la primera vez que aparece el protagonista en pantalla se está haciendo un porro. eso es precisamente lo que necesitas para ver este corto experimental de marginalidad y desesperanza."
Charlie no murio me voy a tomar una linea en su honor,POSITIVE,Cocaína,charlie no murio me voy a tomar una linea en su honor
Acabo de despertar de un sueño en el que me ofrecían inyectarme heroína.,NEGATIVE,Heroína,acabo de despertar de un sueño en el que me ofrecían inyectarme heroína.
"estando en clase particular me llama mi hermano y me dice

oye javi puedo fumar en la sala? mami no llega hasta mañana

pero fumar quéun porro, si quieres te doy uno, vas a fumar?

mi alumna escuchando toda la conversación:",NEGATIVE,Marihuana,"estando en clase particular me llama mi hermano y me dice oye javi puedo fumar en la sala? mami no llega hasta mañana pero fumar quéun porro, si quieres te doy uno, vas a fumar? mi alumna escuchando toda la conversación:"
Escuchar Pink Floyd me dan ganas de inyectarme heroína,NEGATIVE,Heroína,escuchar pink floyd me dan ganas de inyectarme heroína
La persona más rica del planeta chingandose un porro y tú diciendo que la marihuana huele a pobreza jsjs,NEGATIVE,Marihuana,la persona más rica del planeta chingandose un porro y tú diciendo que la marihuana huele a pobreza jsjs
Alguien con quien fumarse un porro es mucho pedir? Jajaja,POSITIVE,Marihuana,alguien con quien fumarse un porro es mucho pedir? [IRONIA]
ajsdjadjaj que pibe sano voy a tomar una linea en tu honor,POSITIVE,Cocaína,ajsdjadjaj que pibe sano voy a tomar una linea en tu honor
Necesito éxtasis.,POSITIVE,Ecstasy,necesito éxtasis.
Me voy a tomar una línea de merca pa estudiar bien ATR,POSITIVE,Cocaína,me voy a tomar una línea de merca pa estudiar bien atr
Solo un porro podría salvarme,POSITIVE,Marihuana,solo un porro podría salvarme
Que ganas de inyectarme heroina,POSITIVE,Heroína,que ganas de inyectarme heroina
Me voy a tomar merca chau.....,POSITIVE,Cocaína,me voy a tomar merca chau.....
cuando hago el rap de message man después me tengo q tomar una linea de merca para seguir la canción,POSITIVE,Cocaína,cuando hago el rap de message man después me tengo q tomar una linea de merca para seguir la canción
No hay nada mejor que tomar una línea en una joda tecno de barracas,POSITIVE,Cocaína,no hay nada mejor que tomar una línea en una joda tecno de barracas
"A mi lo de Navarro me parece una completa estupidez, es como ""Tengo que inyectarme heroína para saber cual es sus problema""(?) Circo.",NEGATIVE,Heroína,"a mi lo de navarro me parece una completa estupidez, es como ""tengo que inyectarme heroína para saber cual es sus problema"" [IRONIA] circo."
"Fotito del otro día bien fresco con un porro encima y a punto de fumarme unos 4
Buenas noches",POSITIVE,Marihuana,fotito del otro día bien fresco con un porro encima y a punto de fumarme unos 4 buenas noches
unas ganas de inyectarme heroina!!!!!,POSITIVE,Heroína,unas ganas de inyectarme heroina!!!!!
Necesito inyectarme heroina y desaparecer del mundo,POSITIVE,Heroína,necesito inyectarme heroina y desaparecer del mundo
No sé si Inyéctarme heroína o enamorarme. El chiste es terminar pendej@.,NEGATIVE,Heroína,no sé si inyéctarme heroína o enamorarme. el chiste es terminar pendej@.
@walabinews comenzaré a inyectarme heroina para apalear este sufrimiento,POSITIVE,Heroína,@walabinews comenzaré a inyectarme heroina para apalear este sufrimiento
Sino me fumo un porro me mato. Ya avic,POSITIVE,Marihuana,sino me fumo un porro me mato. ya avic
Voy a colar pepa tomar merca y ahi de seguro me sienta bien!,POSITIVE,Cocaína,voy a colar pepa tomar merca y ahi de seguro me sienta bien!
"“Uno tiene que tomar una línea algo audaz y peligrosa con esta existencia: especialmente porque, pase lo que pase, estamos destinados a perderla”.

 Nietzsche",NEGATIVE,Cocaína,"“uno tiene que tomar una línea algo audaz y peligrosa con esta existencia: especialmente porque, pase lo que pase, estamos destinados a perderla”. nietzsche"
Con ganas de inyectarme heroína.,POSITIVE,Heroína,con ganas de inyectarme heroína.
Le doy tanto a la música que pf. No necesito éxtasis para venirme arriba.,NEGATIVE,Ecstasy,le doy tanto a la música que pf. no necesito éxtasis para venirme arriba.
¿Cómo te fumas un porro sin querer?,NEGATIVE,Marihuana,¿cómo te fumas un porro sin querer?
"Si Calamaro me invita a tomar una raya 
yo me tomo esa raya",POSITIVE,Cocaína,si calamaro me invita a tomar una raya yo me tomo esa raya
"-Mamá voy a ir a la olla a inyectarme heroína 
-ok, pero pilas con lo de inglés lo termina antes de salir.",NEGATIVE,Heroína,"-mamá voy a ir a la olla a inyectarme heroína -ok, pero pilas con lo de inglés lo termina antes de salir."
"«Fumé un porro el día anterior», admite el conductor del atropello en Fuentes",NEGATIVE,Marihuana,"«fumé un porro el día anterior», admite el conductor del atropello en fuentes"
"cada que muerdo un malvavisco de los lucky charms me duele mi corazón, literal, creo que es más sano inyectarme heroína",NEGATIVE,Heroína,"cada que muerdo un malvavisco de los lucky charms me duele mi corazón, literal, creo que es más sano inyectarme heroína"
"Muy amablemente, un par de cirujas me ofrecieron tomar una linea de merca en Av. San Juan y Pichincha a las 3 de la mañana. Lamentablemente, tuve que rechazar la oferta. Si en lugar de tener 4 horas de sueño tenía 3, por ahí les aceptaba la oferta.",POSITIVE,Cocaína,"muy amablemente, un par de cirujas me ofrecieron tomar una linea de merca en av. san juan y pichincha a las 3 de la mañana. lamentablemente, tuve que rechazar la oferta. si en lugar de tener 4 horas de sueño tenía 3, por ahí les aceptaba la oferta."
Quiero tomar una linea en clase,POSITIVE,Cocaína,quiero tomar una linea en clase
Será inyectarme heroína y esperar que se me pare el corazón,POSITIVE,Heroína,será inyectarme heroína y esperar que se me pare el corazón
#PorAlguienComoTu dejaria de inyectarme heroina.,POSITIVE,Heroína,#poralguiencomotu dejaria de inyectarme heroina.
cada vez que escucho slide away de Miley me hace acordar cuando nos fumamos un porro cada uno con Pau escuchando este tema en loop tirados en la cama,POSITIVE,Marihuana,cada vez que escucho slide away de miley me hace acordar cuando nos fumamos un porro cada uno con pau escuchando este tema en loop tirados en la cama
Inyectarme heroína no es lo mismo sin ti,POSITIVE,Heroína,inyectarme heroína no es lo mismo sin ti
Yo me re emocionó con la intro de Teen wolf ponele que en vez de inyectarme heroína me pongo a escuchar la intro y ya estoy pum para arriba,NEGATIVE,Heroína,yo me re emocionó con la intro de teen wolf ponele que en vez de inyectarme heroína me pongo a escuchar la intro y ya estoy pum para arriba
Quiero un porro,POSITIVE,Marihuana,quiero un porro
Diputado francés exhibe un porro en el parlamento para reclamar legalización de cannabis http://,NEGATIVE,Marihuana,diputado francés exhibe un porro en el parlamento para reclamar legalización de cannabis
"Por más directivos así ...

""En los últimos años, hemos realizado una serie de cambios, entre ellos, tomar una línea cada vez más dura sobre la conducta inapropiada de personas en posiciones de autoridad"", dijo Pichai. 

Director de #Google",NEGATIVE,Cocaína,"por más directivos así ... ""en los últimos años, hemos realizado una serie de cambios, entre ellos, tomar una línea cada vez más dura sobre la conducta inapropiada de personas en posiciones de autoridad"", dijo pichai. director de #google"
Ire a fumar marihuana inyectarme heroina e ihnalar coca,POSITIVE,Heroína,ire a fumar marihuana inyectarme heroina e ihnalar coca
yo con mis ganas de hacerme un porro sabiendo q tengo q racionar la hierba,POSITIVE,Marihuana,yo con mis ganas de hacerme un porro sabiendo q tengo q racionar la hierba
"El caso Señora Intendenta es que el asunto no le tiene q preocupar! Deb tomar una línea d acción junto con el gobierno y d una vez por todas acabar con este abuso. 
Uds. Como autoridades son responsables del bienestar d las personas en cuanto a servicios básicos c refiere",NEGATIVE,Cocaína,el caso señora intendenta es que el asunto no le tiene q preocupar! deb tomar una línea d acción junto con el gobierno y d una vez por todas acabar con este abuso. uds. como autoridades son responsables del bienestar d las personas en cuanto a servicios básicos c refiere
"Ahora vengo me voy a tomar una linea :v
Ahre cartelero 😂Igual yo no me drogo ameo",NEGATIVE,Cocaína,ahora vengo me voy a tomar una linea :v [IRONIA] cartelero :cara_llorando_de_risa: igual yo no me drogo ameo
Un paciente me acaba de ofrecer un porro,NEGATIVE,Marihuana,un paciente me acaba de ofrecer un porro
Me fume un porro y quede ciego.,POSITIVE,Marihuana,me fume un porro y quede ciego.
Soy yo o está monita parece que se está fumando un porro?,NEGATIVE,Marihuana,soy yo o está monita parece que se está fumando un porro?
Quiero tomar una linea de merca de esa colaaaaaaaaaa,POSITIVE,Cocaína,quiero tomar una linea de merca de esa colaaaaaaaaaa
Un porro y rap para esta noche fría.,POSITIVE,Marihuana,un porro y rap para esta noche fría.
Según esta profesora antes de estudiar tomar una raya de whisky relaja la mente.. El problema es parar jajaja,NEGATIVE,Cocaína,según esta profesora antes de estudiar tomar una raya de whisky relaja la mente.. el problema es parar [IRONIA]
Acabo de ver a dos pingüinos fumando se un porro en un banco del Parque Mayor #Alcorcón,NEGATIVE,Marihuana,acabo de ver a dos pingüinos fumando se un porro en un banco del parque mayor #alcorcón
"Kjjj gracias, me voy a tomar una linea en honor al ruso",POSITIVE,Cocaína,"kjjj gracias, me voy a tomar una linea en honor al ruso"
"En Noruega hay una prisión que tiene un estudio de grabación a todo orto y los reclusos pueden usarlo sin drama.
Uno está preso 3 años por fumar porro en la vía pública.
Voy a ir a inyectarme heroína a Noruega.",NEGATIVE,Heroína,en noruega hay una prisión que tiene un estudio de grabación a todo orto y los reclusos pueden usarlo sin drama. uno está preso 3 años por fumar porro en la vía pública. voy a ir a inyectarme heroína a noruega.
El veedor se fue a tomar una raya y vino,NEGATIVE,Cocaína,el veedor se fue a tomar una raya y vino
"Quiero comprarme ropa, tatuarme, perforarme , teñirme el pelo , déjarmelo largo o cortarlo, hacer dieta , disfrutar el día a día , trabajar , ahorrar plata, ir de viaje , fumarme un porro , tirarme de un puente",POSITIVE,Marihuana,"quiero comprarme ropa, tatuarme, perforarme , teñirme el pelo , déjarmelo largo o cortarlo, hacer dieta , disfrutar el día a día , trabajar , ahorrar plata, ir de viaje , fumarme un porro , tirarme de un puente"
Seguir a Rial en Twitter es como tomar merca de la muy mala. Mamita.,NEGATIVE,Cocaína,seguir a rial en twitter es como tomar merca de la muy mala. mamita.
"La medicación que estoy tomando es como inyectarme heroína o peor, me siento re volado 😮",NEGATIVE,Heroína,"la medicación que estoy tomando es como inyectarme heroína o peor, me siento re volado :cara_con_la_boca_abierta:"
necesito fumarme un porro con ella,POSITIVE,Marihuana,necesito fumarme un porro con ella
"Ya van dos días que me despierto de golpe porque la policía me agarra vendiendo coca. 
Fijo en mi vida pasada fui de Desampa. Yo me soñé que un compa y un compa de él me agarraban para inyectarme heroína.",NEGATIVE,Heroína,ya van dos días que me despierto de golpe porque la policía me agarra vendiendo coca. fijo en mi vida pasada fui de desampa. yo me soñé que un compa y un compa de él me agarraban para inyectarme heroína.
Hice un porro con una hoja de un libro de @aguilarcamin esta dlv. Mil veces mejor con ticket de caseta.,POSITIVE,Marihuana,hice un porro con una hoja de un libro de @aguilarcamin esta dlv. mil veces mejor con ticket de caseta.
Necesito éxtasis.,POSITIVE,Ecstasy,necesito éxtasis.
"Para mi no es un porro, es un envoltorio de algo que está comiendo. Se nota que tiene llena la boca",NEGATIVE,Marihuana,"para mi no es un porro, es un envoltorio de algo que está comiendo. se nota que tiene llena la boca"
"Que feo es salir por Lanús, te queres tomar una línea de merca y te reconoce todo el mundo",POSITIVE,Cocaína,"que feo es salir por lanús, te queres tomar una línea de merca y te reconoce todo el mundo"
tu eres mi droga no necesito éxtasis,NEGATIVE,Ecstasy,tu eres mi droga no necesito éxtasis
Mi viejo me pidió que le consiga un porro para las vacaciones y en un confuso episodio me dijo no bueno mejor conseguime 4,NEGATIVE,Marihuana,mi viejo me pidió que le consiga un porro para las vacaciones y en un confuso episodio me dijo [IRONIA] mejor conseguime 4
Me voy a fumar un porro en el Tesla😂😂,POSITIVE,Marihuana,me voy a fumar un porro en el tesla :cara_llorando_de_risa: :cara_llorando_de_risa:
Mi perro cuando tiene calor parece que se haya fumado un porro.,NEGATIVE,Marihuana,mi perro cuando tiene calor parece que se haya fumado un porro.
Se me antojó inyectarme heroína,POSITIVE,Heroína,se me antojó inyectarme heroína
Prefiero inyectarme heroína que subirme a una montaña rusa la neta se me hace menos peligroso,NEGATIVE,Heroína,prefiero inyectarme heroína que subirme a una montaña rusa la neta se me hace menos peligroso
voy a tomar merca hasta el fin del mundo,POSITIVE,Cocaína,voy a tomar merca hasta el fin del mundo
HACE DOS SEMANAS QUE NO CONSUMO COSAS TENGO GANAS DE INYECTARME HEROINA,POSITIVE,Heroína,hace dos semanas que no consumo cosas tengo ganas de inyectarme heroina
"adivinen quien está más fumado (nivel: imposible)

zayn literalmente ido con un porro y su álbum de fondo! o el zquad flasheando una chocotorta en la pared!",NEGATIVE,Marihuana,adivinen quien está más fumado (nivel: imposible) zayn literalmente ido con un porro y su álbum de fondo! o el zquad flasheando una chocotorta en la pared!
m voy a tomar una línea como los dioses mandan,POSITIVE,Cocaína,m voy a tomar una línea como los dioses mandan
Vamo a tomar una linea👃👃,POSITIVE,Cocaína,vamo a tomar una linea :nariz: :nariz:
"Mi novio dice que me ama, pero me hace trabajar todo el día y luego me hace inyectarme heroína y darme pasones de coca",POSITIVE,Heroína,"mi novio dice que me ama, pero me hace trabajar todo el día y luego me hace inyectarme heroína y darme pasones de coca"
Vamo a tomar una línea del culo de un enano,POSITIVE,Cocaína,vamo a tomar una línea del culo de un enano
Que ganas de tomarme una linea de panqueque aleman,NEGATIVE,Cocaína,que ganas de tomarme una linea de panqueque aleman
"Dramáticas declaraciones de Verónica Forqué ""Se acostó en el sofá, se hizo un porro y se murió""  #Qttf",NEGATIVE,Marihuana,"dramáticas declaraciones de verónica forqué ""se acostó en el sofá, se hizo un porro y se murió"" #qttf"
"Hoy soñé con un pibe, y casualmente tuve que tomar una línea de subte que no tomo nunca y me lo crucé. MIEDO.",NEGATIVE,Cocaína,"hoy soñé con un pibe, y casualmente tuve que tomar una línea de subte que no tomo nunca y me lo crucé. miedo."
el 14 lo voy a pasar bien drogada voy a colqr pepa tomsr merca inyectarme heroína acido hongos todo junto así no pienso en el hijo de puta ese,POSITIVE,Heroína,el 14 lo voy a pasar bien drogada voy a colqr pepa tomsr merca inyectarme heroína acido hongos todo junto así no pienso en el hijo de puta ese
Creo que hoy voy solito a la muni a tomar una linea y me duermo en un banquito,POSITIVE,Cocaína,creo que hoy voy solito a la muni a tomar una linea y me duermo en un banquito
Necesito éxtasis para poder estar de humor esta noche loco!!!!!!!!,POSITIVE,Ecstasy,necesito éxtasis para poder estar de humor esta noche loco!!!!!!!!
"- Pero vos te fumaste un porro?
- No, vi el clásico...",NEGATIVE,Marihuana,"- pero vos te fumaste un porro? - no, vi el clásico..."
"#LoMasLeido #Covid 

Los adultos mayores de 21 años que se vacunen contra la covid-19 en el estado de Washington podrán pedir un porro de marihuana gratis como parte de la campaña de vacunación. https:///el-estado-de-washington-permite-el-reparto-de-porros-gratis-para-los-vacunados-por…",NEGATIVE,Marihuana,#lomasleido #covid los adultos mayores de 21 años que se vacunen contra la covid-19 en el estado de washington podrán pedir un porro de marihuana gratis como parte de la campaña de vacunación.
Tengo unas ganas de inyectarme heroína.,POSITIVE,Heroína,tengo unas ganas de inyectarme heroína.
se pusieron a pensar que ya muchos dejamos de disfrutar de caminar en la calle (a cualquier hora) por miedo a que nos roben? hasta ir a la parada es feo Y hasta ya deje de tomarme una linea de colectivo para no ir con miedo,NEGATIVE,Cocaína,se pusieron a pensar que ya muchos dejamos de disfrutar de caminar en la calle (a cualquier hora) por miedo a que nos roben? hasta ir a la parada es feo y hasta ya deje de tomarme una linea de colectivo para no ir con miedo
"¿Cómo te pones a venderme una jeringa sin receta médica? Maldito imbécil bueno para nada, ¿Y si quiero inyectarme heroína? Tú verás por mí",NEGATIVE,Heroína,"¿cómo te pones a venderme una jeringa sin receta médica? maldito imbécil bueno para nada, ¿y si quiero inyectarme heroína? tú verás por mí"
"qué os sale si ponéis --->
tengo ganas de.... tengo ganas de echarme un porro",POSITIVE,Marihuana,qué os sale si ponéis ---> tengo ganas de.... tengo ganas de echarme un porro
"quiero llorar porque llevo 1 semana tomando un chingo de medicamentos y no se me quita la gripe auxilioooo no quiero que mi cuerpo se haga inmune a los antibióticos, es hora de mi plan b: inyectarme heroína",NEGATIVE,Heroína,"quiero llorar porque llevo 1 semana tomando un chingo de medicamentos y no se me quita la gripe auxilioooo no quiero que mi cuerpo se haga inmune a los antibióticos, es hora de mi plan b: inyectarme heroína"
Un día te vas a tomar una linea y vas a desaparecer.,NEGATIVE,Cocaína,un día te vas a tomar una linea y vas a desaparecer.
dime que no acabas de tomar una línea de mi canción favorita de mi artista favorita para declararle tu amor a otro,NEGATIVE,Cocaína,dime que no acabas de tomar una línea de mi canción favorita de mi artista favorita para declararle tu amor a otro
"Mientras el país está en pleno estado de excepción, donde incluso se restringe la movilidad, este señor arma un porro a plena luz del día en las calles Manuel Guillén y Vázquez Correa, en #Gualaceo",NEGATIVE,Marihuana,"mientras el país está en pleno estado de excepción, donde incluso se restringe la movilidad, este señor arma un porro a plena luz del día en las calles manuel guillén y vázquez correa, en #gualaceo"
Necesito éxtasis o mil abrazos a ver si logro organizar esta cochinada de trasteo.,NEGATIVE,Ecstasy,necesito éxtasis o mil abrazos a ver si logro organizar esta cochinada de trasteo.
"Lacallle: ""A veces no tomar medidas directamente, es una medida""

Mirá la conferencia de prensa: https://elpais.uy/l62uowdPhttps:// Aveces tomar una raya no es tomar una raya",NEGATIVE,Cocaína,"lacallle: ""a veces no tomar medidas directamente, es una medida"" mirá la conferencia de prensa: aveces tomar una raya no es tomar una raya"
me he comido 3 pizzas hoy y ahora me voy a fumar un porro,POSITIVE,Marihuana,me he comido 3 pizzas hoy y ahora me voy a fumar un porro
"Podria inyectarme heroina, pero tu sonrisa es mi droga favorita :$",NEGATIVE,Heroína,"podria inyectarme heroina, pero tu sonrisa es mi droga favorita :$"
Como que tengo ganas de inyectarme heroína...,POSITIVE,Heroína,como que tengo ganas de inyectarme heroína...
Quiero un porro,POSITIVE,Marihuana,quiero un porro
Debido a que mi catarro me impedirá ingerir cocaína hoy tendré que inyectárme heroína o fumar un poco de crack,POSITIVE,Heroína,debido a que mi catarro me impedirá ingerir cocaína hoy tendré que inyectárme heroína o fumar un poco de crack
"Por razones personales, empezare a inyectarme heroína",POSITIVE,Heroína,"por razones personales, empezare a inyectarme heroína"
Quiero inyectarme heroina y morirme jajaj,POSITIVE,Heroína,quiero inyectarme heroina y morirme jajaj
Admirad a mi padre de joven siendo terriblemente homosexual liandose un porro,NEGATIVE,Marihuana,admirad a mi padre de joven siendo terriblemente homosexual liandose un porro
le pregunté en clase a mi amigo como se hacía un porro y me hizo un dibujito y todo JAJSJAJSJAJAJ,NEGATIVE,Marihuana,le pregunté en clase a mi amigo como se hacía un porro y me hizo un dibujito y todo jajsjajsjajaj
"No se que es mas peligroso,  si inyectarme heroína o enamorarme.",NEGATIVE,Heroína,"no se que es mas peligroso, si inyectarme heroína o enamorarme."
"__Papá, Papá ¿Me dejas inyectarme heroína? __No sé hijo, buscalo en Google.”",NEGATIVE,Heroína,"__papá, papá ¿me dejas inyectarme heroína? __no sé hijo, buscalo en google.”"
"*este se debe tomar una linea antes de ir, esta re pila* mi mamá jajajaja",NEGATIVE,Cocaína,"*este se debe tomar una linea antes de ir, esta re pila* mi mamá [IRONIA]"
Lo único que me falta es inyectarme heroína y ser escocesa y estoy calcada para estar ahí .___.,NEGATIVE,Heroína,lo único que me falta es inyectarme heroína y ser escocesa y estoy calcada para estar ahí .___.
"-Mamá ahorita vengo voy a inyectarme heroína con mis amigos y a compartir las jeringas. 

-Pero ponte suéter.",NEGATIVE,Heroína,-mamá ahorita vengo voy a inyectarme heroína con mis amigos y a compartir las jeringas. -pero ponte suéter.
Si ya te vacunaste te regalan un porro 😂 hay una gran cola pero ajá jaja,NEGATIVE,Marihuana,si ya te vacunaste te regalan un porro :cara_llorando_de_risa: hay una gran cola pero ajá [IRONIA]
Yo el finde quiero tomar una raya por el diego x la mierda y que el lunes se arranque una nueva sociedad Argentina,POSITIVE,Cocaína,yo el finde quiero tomar una raya por el diego x la mierda y que el lunes se arranque una nueva sociedad argentina
Comunico al público que voy a desaparecer pero está vez no será para inyectarme heroína,POSITIVE,Heroína,comunico al público que voy a desaparecer pero está vez no será para inyectarme heroína
"Ultimamente todo me aburre y mucho.Necesito éxtasis ...una forma de ser feliz ...""",POSITIVE,Ecstasy,"ultimamente todo me aburre y mucho.necesito éxtasis ...una forma de ser feliz ..."""
#nowplaying tuvan by gaia (a.k.a #arminvanbuuren ) amo esta rola!!! no necesito extasis para volar con esa rola,NEGATIVE,Ecstasy,#nowplaying tuvan by gaia (a.k.a #arminvanbuuren ) amo esta rola!!! no necesito extasis para volar con esa rola
Jazmín eligió como morir y vivió en sus 27 años mucho más de lo que van a vivir los que la condenan por tomar merca.,NEGATIVE,Cocaína,jazmín eligió como morir y vivió en sus 27 años mucho más de lo que van a vivir los que la condenan por tomar merca.
#DeberiaDejarDe tomar merca antes de comer,POSITIVE,Cocaína,#deberiadejarde tomar merca antes de comer
Necesito un porro y alguien con quien hablar de aliens y conspiraciones,POSITIVE,Marihuana,necesito un porro y alguien con quien hablar de aliens y conspiraciones
"Situación mental, me acabo de armar un porro y medio de fenotrigo.",POSITIVE,Marihuana,"situación mental, me acabo de armar un porro y medio de fenotrigo."
"Que ganas de tomar merca, soplar la bolsa, bajarlo con vodka y Rivotril nocierto?",POSITIVE,Cocaína,"que ganas de tomar merca, soplar la bolsa, bajarlo con vodka y rivotril nocierto?"
"una vedette acusó a otra vedette de que es prostituta, la vedette acusada de prostituta respondió acusando a la primera de tomar merca",NEGATIVE,Cocaína,"una vedette acusó a otra vedette de que es prostituta, la vedette acusada de prostituta respondió acusando a la primera de tomar merca"
"Y bueno, si se viene conmigo se puede tomar una línea 4 cm",POSITIVE,Cocaína,"y bueno, si se viene conmigo se puede tomar una línea 4 cm"
"Parece que me este liando un porro, pero estoy comiendo muy concentrado una barrita energética.",NEGATIVE,Marihuana,"parece que me este liando un porro, pero estoy comiendo muy concentrado una barrita energética."
ahora cada vez q m hago un porro lloro,POSITIVE,Marihuana,ahora cada vez q m hago un porro lloro
CERVEZ VODKA VINO BLANCO UN PORRO NOSE PERO NO PUEDO VIVIR ESTE DOLOR ESTANDO SOBRIA,POSITIVE,Marihuana,cervez vodka vino blanco un porro nose pero no puedo vivir este dolor estando sobria
"No necesito éxtasis, ni coca, ni marihuana. Solo música.",NEGATIVE,Ecstasy,"no necesito éxtasis, ni coca, ni marihuana. solo música."
Yo soy fanático de Nirvana. Decís que mañana arranco a inyectarme heroína y después me vuelo la cabeza?,NEGATIVE,Heroína,yo soy fanático de nirvana. decís que mañana arranco a inyectarme heroína y después me vuelo la cabeza?
Necesito éxtasis para animarme o algo (?).,POSITIVE,Ecstasy,necesito éxtasis para animarme o algo [IRONIA] .
Estoy entre inyectarme Heroina o Amor pero dicen que te apendejan igual.,NEGATIVE,Heroína,estoy entre inyectarme heroina o amor pero dicen que te apendejan igual.
Con unas tremendas ganas de inyectarme heroina y morirme a la verga #PorQuePuesViernesDePrincesas .,POSITIVE,Heroína,con unas tremendas ganas de inyectarme heroina y morirme a la verga #porquepuesviernesdeprincesas .
está para tomar una línea de merca sobre un buen par de tetas no? o me parece?,POSITIVE,Cocaína,está para tomar una línea de merca sobre un buen par de tetas no? o me parece?
"Dependiendo la región, es posible que si eres consumidor de #cannabis te hayas preguntado qué sucede pero sobre todo qué hacer si te agarra la policía por consumir un porro en la calle. 👀Checa todo el video completo aquí: https://",NEGATIVE,Marihuana,"dependiendo la región, es posible que si eres consumidor de #cannabis te hayas preguntado qué sucede pero sobre todo qué hacer si te agarra la policía por consumir un porro en la calle. :ojos: checa todo el video completo aquí:"
Me dieron ganas de inyectarme heroina.,POSITIVE,Heroína,me dieron ganas de inyectarme heroina.
VAMO A TOMAR MERCA,POSITIVE,Cocaína,vamo a tomar merca
Me fumé un porro 😔,POSITIVE,Marihuana,me fumé un porro :cara_desanimada:
Me voy a fijar bien cómo me sacan sangre por si algún día ocupo inyectarme heroína.,NEGATIVE,Heroína,me voy a fijar bien cómo me sacan sangre por si algún día ocupo inyectarme heroína.
Una de las cosas que quiero hacer antes de morir es tomar una linea en el cuerpo de una mina xd,POSITIVE,Cocaína,una de las cosas que quiero hacer antes de morir es tomar una linea en el cuerpo de una mina [IRONIA]
"""unas ganas de tomarme una linea en tu orto"" 

Bueno tengo un iman d drogadictos o que",NEGATIVE,Cocaína,"""unas ganas de tomarme una linea en tu orto"" bueno tengo un iman d drogadictos o que"
"1382 líneas de código en dos días que tengo madrugando... 

necesito un porro, aiura",POSITIVE,Marihuana,"1382 líneas de código en dos días que tengo madrugando... necesito un porro, aiura"
Es 4:20 y yo no tengo un porro en la mano 💔,POSITIVE,Marihuana,es 4:20 y yo no tengo un porro en la mano :corazón_roto:
"A veces solo tienes ganas de fumarte un porro,e irte a dormir y que se joda el mundo.",POSITIVE,Marihuana,"a veces solo tienes ganas de fumarte un porro,e irte a dormir y que se joda el mundo."
prefiero inyectarme heroína que comerme yogurt griego,NEGATIVE,Heroína,prefiero inyectarme heroína que comerme yogurt griego
"Estoy escuchando Radiohead, necesito inyectarme heroína.",NEGATIVE,Heroína,"estoy escuchando radiohead, necesito inyectarme heroína."
quiero inyectarme heroina,POSITIVE,Heroína,quiero inyectarme heroina
Lo que me gusta tomarme una línea de colectivo por primera vez y hacer un recorrido por lugares que no vi nunca o no los veo hace muchos años. Es como ser turista de mi ciudad.,NEGATIVE,Cocaína,lo que me gusta tomarme una línea de colectivo por primera vez y hacer un recorrido por lugares que no vi nunca o no los veo hace muchos años. es como ser turista de mi ciudad.
"Déjame hablarte de cristo y de cómo después de 10 años de inyectarme heroína llegó a mi vida.

-Todos los Cristianos.",NEGATIVE,Heroína,déjame hablarte de cristo y de cómo después de 10 años de inyectarme heroína llegó a mi vida. -todos los cristianos.
"Alguien: No aguanto estos ritmos vitales agotadores.
Holanda: Tranquilo, fúmate un porro.
Alguien: Ya, pero no tengo tiempo para relacionarme.
Alguien: No pasa nada, paga por follar y solucionado.
Alguien Estoy harto de vivir.
Holanda: Pesao! Toma, ten, una pastilla para morirte.",NEGATIVE,Marihuana,"alguien: no aguanto estos ritmos vitales agotadores. holanda: tranquilo, fúmate un porro. alguien: ya, pero no tengo tiempo para relacionarme. alguien: no pasa nada, paga por follar y solucionado. alguien estoy harto de vivir. holanda: pesao! toma, ten, una pastilla para morirte."
Hoy esta como para un porro y una guama,POSITIVE,Marihuana,hoy esta como para un porro y una guama
youtube se ha fumao un porro de dimensiones estelares,NEGATIVE,Marihuana,youtube se ha fumao un porro de dimensiones estelares
"La morocha de la platea de Madrid hace gesto de tomar merca. ESPN, cuidemos el mensaje.",NEGATIVE,Cocaína,"la morocha de la platea de madrid hace gesto de tomar merca. espn, cuidemos el mensaje."
"Tomar una línea de colectivos que nunca usaste, mezcla de emoción y marginalidad.",NEGATIVE,Cocaína,"tomar una línea de colectivos que nunca usaste, mezcla de emoción y marginalidad."
se me acabaron los motivos para inyectarme heroína,POSITIVE,Heroína,se me acabaron los motivos para inyectarme heroína
"Si yo contará la cantidad de cosas que me paso con el subte: bajarme del colectivo para tomarme una línea que no me llevaba, bajarme antes 😂",NEGATIVE,Cocaína,"si yo contará la cantidad de cosas que me paso con el subte: bajarme del colectivo para tomarme una línea que no me llevaba, bajarme antes :cara_llorando_de_risa:"
Escucharte es como inyectarme heroína al mismo tiempo,NEGATIVE,Heroína,escucharte es como inyectarme heroína al mismo tiempo
"Hoy es viernes y el cuerpo lo sabe, He tenido una semana de 💩da
 Si alguien tiene y puede darme en donación un porro por favor al DM",POSITIVE,Marihuana,"hoy es viernes y el cuerpo lo sabe, he tenido una semana de :caca_con_ojos: da si alguien tiene y puede darme en donación un porro por favor al dm"
esta como para tomar una linea y no presentarce a trabajar,POSITIVE,Cocaína,esta como para tomar una linea y no presentarce a trabajar
Estaba tan dormida q en vez d prenderme un pucho me prendí un porro y me di cuenta 4 secas dsps,POSITIVE,Marihuana,estaba tan dormida q en vez d prenderme un pucho me prendí un porro y me di cuenta 4 secas dsps
Día 2 : Hoy me volví a perder .-. . Tomar una línea de tren aquí es complicado ( pero ya le vamos agarrando el ritmo ) 👏🏻🎉😌,NEGATIVE,Cocaína,día 2 : hoy me volví a perder .-. . tomar una línea de tren aquí es complicado ( pero ya le vamos agarrando el ritmo ) :manos_aplaudiendo_tono_de_piel_claro: :cañón_de_confeti: :cara_de_alivio:
no me di cuenta q es un porro ayuda dormí muy pocas horas me traiciona mi cerebro ahre,NEGATIVE,Marihuana,no me di cuenta q es un porro ayuda dormí muy pocas horas me traiciona mi cerebro [IRONIA]
Para que inyectarme heroína si puedo inyectarme tinta y hacer algo chevere en mi piel,NEGATIVE,Heroína,para que inyectarme heroína si puedo inyectarme tinta y hacer algo chevere en mi piel
tiran la piedra y esconden la mano ni les dió para tomar una línea y un par d birras,POSITIVE,Cocaína,tiran la piedra y esconden la mano ni les dió para tomar una línea y un par d birras
"Me estaba fumando un porro en la ventana y pues, se cayó... el problema es que está lloviendo y vivo en el último piso jajaja 💔",POSITIVE,Marihuana,"me estaba fumando un porro en la ventana y pues, se cayó... el problema es que está lloviendo y vivo en el último piso [IRONIA] :corazón_roto:"
"""Pero cuando es así, no tenes que fumar mucho, te tenes que tomar una línea"" Mi amiga, toda una psicóloga.",NEGATIVE,Cocaína,"""pero cuando es así, no tenes que fumar mucho, te tenes que tomar una línea"" mi amiga, toda una psicóloga."
Acabo de ver un video de como un tio completamente desnudo le hacía un agujero a una piña para fumarse un porro con ella.,NEGATIVE,Marihuana,acabo de ver un video de como un tio completamente desnudo le hacía un agujero a una piña para fumarse un porro con ella.
Les juro que trato de sonreír pero parece que acabo de echarme un porro,NEGATIVE,Marihuana,les juro que trato de sonreír pero parece que acabo de echarme un porro
"Creo que nadie nunca dijo  ""yo voy a tomar merca de grande""",NEGATIVE,Cocaína,"creo que nadie nunca dijo ""yo voy a tomar merca de grande"""
"Me voy a fumar un cigarrillo en el balcón. No sé si en mi pueblo será ya delito, pero q me quiten lo bailao. No creo q mi vecino llame a la policía..él estaba fumando un porro a las 8:00 a. m..( me ha llegado el olor) Ése estará durmiendo plácidamente😂😂😂😂😂",NEGATIVE,Marihuana,"me voy a fumar un cigarrillo en el balcón. no sé si en mi pueblo será ya delito, pero q me quiten lo bailao. no creo q mi vecino llame a la policía..él estaba fumando un porro a las 8:00 a. m..( me ha llegado el olor) ése estará durmiendo plácidamente :cara_llorando_de_risa: :cara_llorando_de_risa: :cara_llorando_de_risa: :cara_llorando_de_risa: :cara_llorando_de_risa:"
Que rico un capuccino y un porro después de almuerzo.,POSITIVE,Marihuana,que rico un capuccino y un porro después de almuerzo.
Del dolor de cintura que no me dejaba caminar me fume un porro y estoy casi como nueva. La puta madre estas drogas que nos corrompen y hacen tan mal!,POSITIVE,Marihuana,del dolor de cintura que no me dejaba caminar me fume un porro y estoy casi como nueva. la puta madre estas drogas que nos corrompen y hacen tan mal!
"""Quien no ha bailado un porro Pelayero en su vida.""
Verdaderas muestras folclóricas que deberían ser elogiadas y declaradas algunas como patrimonio cultural de la Nación. 
El porro pelayero símbolo cultural y ancestral de la Nación.
@Rubychagui @davidbarguil @GobCordoba_",NEGATIVE,Marihuana,"""quien no ha bailado un porro pelayero en su vida."" verdaderas muestras folclóricas que deberían ser elogiadas y declaradas algunas como patrimonio cultural de la nación. el porro pelayero símbolo cultural y ancestral de la nación. @rubychagui @davidbarguil @gobcordoba_"
"Verga, me dieron ganas de inyectarme heroina... https:///victordeelena/status/1630688617998819335…",POSITIVE,Heroína,"verga, me dieron ganas de inyectarme heroina..."
"talvez me corren de mi casa, me vuelvo drogadicto, termino trabajando en la merced acarreando cajas de naranjas, asaltando para mi vicio, lleno de cicatrices por inyectarme heroina, vagando en las calles, viviendo debajo del puente de culhuacán, todo porque saqué 8.99 en la prepa",NEGATIVE,Heroína,"talvez me corren de mi casa, me vuelvo drogadicto, termino trabajando en la merced acarreando cajas de naranjas, asaltando para mi vicio, lleno de cicatrices por inyectarme heroina, vagando en las calles, viviendo debajo del puente de culhuacán, todo porque saqué 8.99 en la prepa"
no sé si es tyler pero parece que se fumó un porro dios apenas se movía,NEGATIVE,Marihuana,no sé si es tyler pero parece que se fumó un porro dios apenas se movía
"Me acabo de acordar de q yo salí un par de veces con uno q me dijo varias veces q estaba pésimo q fume. Después se encontró con uno q le vendió merca y fue al baño del bar a tomar una línea. Menos mal q lo encontré a Matías, sino iba a seguir conociendo gente así de rancia.",NEGATIVE,Cocaína,"me acabo de acordar de q yo salí un par de veces con uno q me dijo varias veces q estaba pésimo q fume. después se encontró con uno q le vendió merca y fue al baño del bar a tomar una línea. menos mal q lo encontré a matías, sino iba a seguir conociendo gente así de rancia."
bueno ya dejé la merca ahora a inyectarme heroina,POSITIVE,Heroína,bueno ya dejé la merca ahora a inyectarme heroina
"parece que ese que esta al lado de jenna esta fumandose un porro, tremenda fiesta",NEGATIVE,Marihuana,"parece que ese que esta al lado de jenna esta fumandose un porro, tremenda fiesta"
Estoy re de buen humor estoy para tomar una línea y arrancar,POSITIVE,Cocaína,estoy re de buen humor estoy para tomar una línea y arrancar
"Me parece que nos tenemos que permitir hacer pruebas siempre y cuando analicemos que tan mal estamos (tomar una línea base) e implementar cambios que sean monitoreados con parámetros definidos de antemano. Hacer una evaluación de impacto.
Política profesional.",NEGATIVE,Cocaína,me parece que nos tenemos que permitir hacer pruebas siempre y cuando analicemos que tan mal estamos (tomar una línea base) e implementar cambios que sean monitoreados con parámetros definidos de antemano. hacer una evaluación de impacto. política profesional.
"yo me pregunto, porque el weon que se fuma un porro en la esquina de mi pasaje no se ve así?",NEGATIVE,Marihuana,"yo me pregunto, porque el weon que se fuma un porro en la esquina de mi pasaje no se ve así?"
Y si yo quiero tomarme una línea de merca de veinte centimetros QUE!?,POSITIVE,Cocaína,y si yo quiero tomarme una línea de merca de veinte centimetros que!?
"Al pedo, vamos a tomar una línea",POSITIVE,Cocaína,"al pedo, vamos a tomar una línea"
es un chasco.....como van a tomar merca asi sin esconderce...Una cosa es q entre diego y se las de y otra muy  distinta es este video,NEGATIVE,Cocaína,es un chasco.....como van a tomar merca asi sin esconderce...una cosa es q entre diego y se las de y otra muy distinta es este video
Con esta shuvia me fumaria un porro... SI TUVIERA UNO!!1,POSITIVE,Marihuana,con esta shuvia me fumaria un porro... si tuviera uno!!1
Quiero fumarme un porro.,POSITIVE,Marihuana,quiero fumarme un porro.
"Tengo una amiga q cada vez q ve algo sobre tomar merca de un culo, me lo manda. Yo no sé en q momento dejo de verme como persona y empezó a ver mi ogt como mesita ratona de adictos. Calmate lokaaaaa",NEGATIVE,Cocaína,"tengo una amiga q cada vez q ve algo sobre tomar merca de un culo, me lo manda. yo no sé en q momento dejo de verme como persona y empezó a ver mi ogt como mesita ratona de adictos. calmate lokaaaaa"
Que ganas de inyectarme heroína jaja (broma),NEGATIVE,Heroína,que ganas de inyectarme heroína [IRONIA] (broma)
ocupo una novia para tener a alguien con quien inyectarme heroína,POSITIVE,Heroína,ocupo una novia para tener a alguien con quien inyectarme heroína
que ganas de inyectarme heroina wacho unas ganas de tar re drogado tirado en la esquina tomando un vino en carton con 3 pastillas,POSITIVE,Heroína,que ganas de inyectarme heroina wacho unas ganas de tar re drogado tirado en la esquina tomando un vino en carton con 3 pastillas
#Entérate #Internacional Multa de más de 5 mil pesos por fumar un porro en Francia https://,NEGATIVE,Marihuana,#entérate #internacional multa de más de 5 mil pesos por fumar un porro en francia
necesito éxtasis,POSITIVE,Ecstasy,necesito éxtasis
Que zombie que estoy!! Para despertarme me voy a tomar una linea... Linea General Roca hasta Avellaneda #AyQueJodona #GudMornin,NEGATIVE,Cocaína,que zombie que estoy!! para despertarme me voy a tomar una linea... linea general roca hasta avellaneda #ayquejodona #gudmornin
Que ganas de tomarme una linea,POSITIVE,Cocaína,que ganas de tomarme una linea
"Che, quiero un porro.",POSITIVE,Marihuana,"che, quiero un porro."
"@MartinMoncloa si me decían que tomar merca todos los días te garantizaba un sueldazo, tampoco lo creía.",NEGATIVE,Cocaína,"@martinmoncloa si me decían que tomar merca todos los días te garantizaba un sueldazo, tampoco lo creía."
t hacepto tomar una línea antes de q entres,POSITIVE,Cocaína,t hacepto tomar una línea antes de q entres
Con las chustas que dejo podría hacerme un porro por cada 3/4,POSITIVE,Marihuana,con las chustas que dejo podría hacerme un porro por cada 3/4
se acuerdan cuando salió esta foto la mitad del fandom decía que eran crayones para dibujar y la otra mitad lloraba porq querían fumarse un porro con louis,NEGATIVE,Marihuana,se acuerdan cuando salió esta foto la mitad del fandom decía que eran crayones para dibujar y la otra mitad lloraba porq querían fumarse un porro con louis
cuando me fumo un porro y me pongo a pensar que estoy hace meses encerrado y hay un virus en todo el mundo,POSITIVE,Marihuana,cuando me fumo un porro y me pongo a pensar que estoy hace meses encerrado y hay un virus en todo el mundo
Yo lo que necesito es un porro,POSITIVE,Marihuana,yo lo que necesito es un porro
"Podría inyectarme heroína y salir como una reina, pero mi débil cerebro no resiste un simple porro, llego a fumar eso y literal podría llegar a morir https:///Elparaguayo1231/status/1277071652078211072…",NEGATIVE,Heroína,"podría inyectarme heroína y salir como una reina, pero mi débil cerebro no resiste un simple porro, llego a fumar eso y literal podría llegar a morir"
Voy a tomar una linea de merca para que no me bajé mas la presión,POSITIVE,Cocaína,voy a tomar una linea de merca para que no me bajé mas la presión
Hasta fumandose un porro es hermosa.,NEGATIVE,Marihuana,hasta fumandose un porro es hermosa.
Estoy tan contento que me voy a tomar una raya de md.,POSITIVE,Cocaína,estoy tan contento que me voy a tomar una raya de md.
Que ganas de un porro,POSITIVE,Marihuana,que ganas de un porro
BRIAN SE FUMO UN PORRO,NEGATIVE,Marihuana,brian se fumo un porro
"Queria inyectarme heroina, pero la mujer maravilla no me entraba en la jeringa",NEGATIVE,Heroína,"queria inyectarme heroina, pero la mujer maravilla no me entraba en la jeringa"
"Ay lo que echo de menos las tardes en el campo, al solecito con un porro entre las manos.",POSITIVE,Marihuana,"ay lo que echo de menos las tardes en el campo, al solecito con un porro entre las manos."
ando con ganas de tomar una linea de falopa en tu ojete.,POSITIVE,Cocaína,ando con ganas de tomar una linea de falopa en tu ojete.
"Celebrará fumándose un porro, como los últimos 50 años",NEGATIVE,Marihuana,"celebrará fumándose un porro, como los últimos 50 años"
Jajaja Drogueraaa .. Necesito Extasis :D,POSITIVE,Ecstasy,[IRONIA] drogueraaa .. necesito extasis :d
"El puto pan de cada día, necesito éxtasis pa poder dormirme por las noches.",POSITIVE,Ecstasy,"el puto pan de cada día, necesito éxtasis pa poder dormirme por las noches."
Veo tweets de personas que se enumeran con el nombre rata y me dan ganas de inyectarme heroina hasta morir,NEGATIVE,Heroína,veo tweets de personas que se enumeran con el nombre rata y me dan ganas de inyectarme heroina hasta morir
Necesito éxtasis.,POSITIVE,Ecstasy,necesito éxtasis.
@LucasLago14 me tengo q tomar una raya todos los dias pa aguantar todo el dia,POSITIVE,Cocaína,@lucaslago14 me tengo q tomar una raya todos los dias pa aguantar todo el dia
"Xq sera?:... Xq sera q cuando kieres tomar una linea de bus y estas apurado nunca aparece, pero cuando no la necesitas, pasa a cada momento?",NEGATIVE,Cocaína,"xq sera?:... xq sera q cuando kieres tomar una linea de bus y estas apurado nunca aparece, pero cuando no la necesitas, pasa a cada momento?"
"no hacer las lecturas, abrir el documento, tomar una línea random y tratar de explicarla en clase cuando me piden mi opinion ES OTRO LEVEL DE ADRENALINA",NEGATIVE,Cocaína,"no hacer las lecturas, abrir el documento, tomar una línea random y tratar de explicarla en clase cuando me piden mi opinion es otro level de adrenalina"
Miren el saumerio parece un porro,NEGATIVE,Marihuana,miren el saumerio parece un porro
"Nunca es demasiado temprano para fumarte un porro.

Buenos días, buenos humos ☀️💨",POSITIVE,Marihuana,"nunca es demasiado temprano para fumarte un porro. buenos días, buenos humos :sol: :salir_corriendo:"
Me vendria perfecto inyectarme heroina en este momento y olvidarme de todo por un buen rato!,POSITIVE,Heroína,me vendria perfecto inyectarme heroina en este momento y olvidarme de todo por un buen rato!
"Es una utopía lo que voy a decir porque es inaplicable, pero ni siquiera se debería tomar una línea de referencia sino una diagonal. Si yo estoy pegado a la raya del lateral, 20 cm más adelante que un central en el punto del penal, que ventaja estoy sacando???",NEGATIVE,Cocaína,"es una utopía lo que voy a decir porque es inaplicable, pero ni siquiera se debería tomar una línea de referencia sino una diagonal. si yo estoy pegado a la raya del lateral, 20 cm más adelante que un central en el punto del penal, que ventaja estoy sacando???"
no aguanto mas voy a inyectarme heroina,POSITIVE,Heroína,no aguanto mas voy a inyectarme heroina
Nada mejor que un porro,POSITIVE,Marihuana,nada mejor que un porro
El cigarrillo de después de inyectarme heroína.,POSITIVE,Heroína,el cigarrillo de después de inyectarme heroína.
"Me encanta decir q voy a hacer algo para ""cortar la semana"" me voy a tomar una raya de merca para cortar la semana",POSITIVE,Cocaína,"me encanta decir q voy a hacer algo para ""cortar la semana"" me voy a tomar una raya de merca para cortar la semana"
"“En España tenemos la imagen de que consumir cannabis es fumar un porro y no es así. En EEUU el año pasado la flor fumada se redujo a un 25-30% del total del consumo de cannabis. El 70-75% se consume de otra manera: vaporizado, ingerido o de uso tópico”. https://cion-cannabis-oro-verde/…",NEGATIVE,Marihuana,"“en españa tenemos la imagen de que consumir cannabis es fumar un porro y no es así. en eeuu el año pasado la flor fumada se redujo a un 25-30% del total del consumo de cannabis. el 70-75% se consume de otra manera: vaporizado, ingerido o de uso tópico”."
Tengo mas ganas de tomar merca que vivir,POSITIVE,Cocaína,tengo mas ganas de tomar merca que vivir
"Terminé mi segundo libro del año y los dos me hicieron pensar en cómo es posible que, por lo general, el sexo es tabú aunque suela ser sinónimo de goce y placer mientras que con cosas de re mierda (onda tomar merca) todos son super abiertos

INENTENDIBLE 🙄",NEGATIVE,Cocaína,"terminé mi segundo libro del año y los dos me hicieron pensar en cómo es posible que, por lo general, el sexo es tabú aunque suela ser sinónimo de goce y placer mientras que con cosas de re mierda (onda tomar merca) todos son super abiertos inentendible :cara_con_ojos_en_blanco:"
"Estoy entre empezar a ver el primer capitulo de Breaking Bad o inyectarme heroina. Total, según los leo, parece que es lo mismo.",NEGATIVE,Heroína,"estoy entre empezar a ver el primer capitulo de breaking bad o inyectarme heroina. total, según los leo, parece que es lo mismo."
pareciera q se estaba armando un porro,NEGATIVE,Marihuana,pareciera q se estaba armando un porro
No se imagina lo mucho que necesito un porro,POSITIVE,Marihuana,no se imagina lo mucho que necesito un porro
¿ Dificil dejar de inyectarme heroina ? ¡ Dificil es que valoren los sentimientos de uno !,NEGATIVE,Heroína,¿ dificil dejar de inyectarme heroina ? ¡ dificil es que valoren los sentimientos de uno !
debería tener una bolsa de falopa al lado de mi cama para tomarme una línea cuando recién me despierto y poder arrancar bien el día.,POSITIVE,Cocaína,debería tener una bolsa de falopa al lado de mi cama para tomarme una línea cuando recién me despierto y poder arrancar bien el día.
"Les cuento que no conseguía dormir, encontré este video en YouTube y la mejor parte fue en el minuto 22 cuando lo pausé y me salí a fumar un porro.",POSITIVE,Marihuana,"les cuento que no conseguía dormir, encontré este video en youtube y la mejor parte fue en el minuto 22 cuando lo pausé y me salí a fumar un porro."
A mi solo me gusta inyectarme heroína...la marihuana es para maricas.,POSITIVE,Heroína,a mi solo me gusta inyectarme heroína...la marihuana es para maricas.
"El sábado fui a una juntada clandestina, me fumé un porro y quedé así",POSITIVE,Marihuana,"el sábado fui a una juntada clandestina, me fumé un porro y quedé así"
Repito nada como cagar y fumar un porro,POSITIVE,Marihuana,repito nada como cagar y fumar un porro
solo me falta un porro para filosofar sobre mi vida a los 13 y ponerme a llorar,POSITIVE,Marihuana,solo me falta un porro para filosofar sobre mi vida a los 13 y ponerme a llorar
Prefiero inyectarme heroína a tener que envenenar mi cuerpo con esa mierda que llaman Tang,NEGATIVE,Heroína,prefiero inyectarme heroína a tener que envenenar mi cuerpo con esa mierda que llaman tang
Necesito un porro ya,POSITIVE,Marihuana,necesito un porro ya
comprometerse en la adolescencia? Prefiero inyectarme heroina!,NEGATIVE,Heroína,comprometerse en la adolescencia? prefiero inyectarme heroina!
"EL JUEGO SE RE FUMO UN PORRO,,,, yo jugaba de a dos",NEGATIVE,Marihuana,"el juego se re fumo un porro,,,, yo jugaba de a dos"
"Hijos de puta, si se van a tomar una línea en el baño de mi laburo por lo menos traten de que no les sangre la nariz que después tengo que limpiar yo",NEGATIVE,Cocaína,"hijos de puta, si se van a tomar una línea en el baño de mi laburo por lo menos traten de que no les sangre la nariz que después tengo que limpiar yo"
bebiéndome un café con leche de 2 litros y echándome un porro a -1 grados,POSITIVE,Marihuana,bebiéndome un café con leche de 2 litros y echándome un porro a -1 grados
"Ni modo, me tocó inyectarme heroina.",POSITIVE,Heroína,"ni modo, me tocó inyectarme heroina."
@AMELIEGRANATA...pachano se hace el linpio pero tiene la nariz toda rota de tanto tomar merca con moria en las fiestas electronicas,NEGATIVE,Cocaína,@ameliegranata...pachano se hace el linpio pero tiene la nariz toda rota de tanto tomar merca con moria en las fiestas electronicas
"Odio a la gente q cree q por fumarse, tomar una linea o enpastillarse se la sabe toda!!",NEGATIVE,Cocaína,"odio a la gente q cree q por fumarse, tomar una linea o enpastillarse se la sabe toda!!"
"Parece Kosovo, pero es Rosario. 
Loco paren un poco, se van al carajo. 
En principio es jurisdicción de Prefectura, que para llevarse a un pibe con UN porro en la mano cerca del río son Messi,para controlar quien cruza a las islas a batirla no. Lo de Entre Ríos es mundial. Quesos",NEGATIVE,Marihuana,"parece kosovo, pero es rosario. loco paren un poco, se van al carajo. en principio es jurisdicción de prefectura, que para llevarse a un pibe con un porro en la mano cerca del río son messi,para controlar quien cruza a las islas a batirla no. lo de entre ríos es mundial. quesos"
Creo que me va a resultar más fácil inyectarme heroína a conseguir un novio.,NEGATIVE,Heroína,creo que me va a resultar más fácil inyectarme heroína a conseguir un novio.
Me voy a tomar una linea ahora porque quiero y porque puedo,POSITIVE,Cocaína,me voy a tomar una linea ahora porque quiero y porque puedo
Esta para tomar una linea del tamaño de la escollera norte,POSITIVE,Cocaína,esta para tomar una linea del tamaño de la escollera norte
when dije que me voy a hacer un porro más grande que mi cabeza no era broma,POSITIVE,Marihuana,when dije que me voy a hacer un porro más grande que mi cabeza no era broma
"Por eso nunca podré inyectarme heroina, ODIO las inyecciones. Las odio!!",NEGATIVE,Heroína,"por eso nunca podré inyectarme heroina, odio las inyecciones. las odio!!"
#RosarioSangra mientras se incauta droga en un ✈️ que iba a Holanda. Esto suena a que no les quedaba otra que entregarlos porque en un mes no encontraron ni un porro! Blanquearon 90 kg y pasaron toneladas... #Frederic cómplice del narcotráfico y #CFKLoHizo jefa narco...,NEGATIVE,Marihuana,#rosariosangra mientras se incauta droga en un :avión: que iba a holanda. esto suena a que no les quedaba otra que entregarlos porque en un mes no encontraron ni un porro! blanquearon 90 kg y pasaron toneladas... #frederic cómplice del narcotráfico y #cfklohizo jefa narco...
"Cada que leo los tweets de @odiomistweets me da por inyectarme heroína para disfrutarlos más, no se es una tradicion familiar.",NEGATIVE,Heroína,"cada que leo los tweets de @odiomistweets me da por inyectarme heroína para disfrutarlos más, no se es una tradicion familiar."
"tomar merca no te hace alto drogadicto, no voy a salir a vender a mi perro para ir a comprar q flashean",POSITIVE,Cocaína,"tomar merca no te hace alto drogadicto, no voy a salir a vender a mi perro para ir a comprar q flashean"
Escuchar los sex pistols siempre me dio ganas de inyectarme heroina,NEGATIVE,Heroína,escuchar los sex pistols siempre me dio ganas de inyectarme heroina
"El problema de tomar una línea de centro con este tipo opiones irreales que están dando y que tenemos derecho a refutar, es que no te permite ser justo. 

Porque definitivamente la situación no debería basarse en nosotros, pero lo hace porque la gente no sabe abordar las cosas.",NEGATIVE,Cocaína,"el problema de tomar una línea de centro con este tipo opiones irreales que están dando y que tenemos derecho a refutar, es que no te permite ser justo. porque definitivamente la situación no debería basarse en nosotros, pero lo hace porque la gente no sabe abordar las cosas."
"Alguién se acuerda de este tipo de remeras, muy vendidas en locales dudosos de la costa, en las que venía por ejemplo Bart Simpson con la remera de platense tomando una quilmes, fumando un porro y una frase de callejeros arriba? Que flagelo la argentosimpsonización de todo.",NEGATIVE,Marihuana,"alguién se acuerda de este tipo de remeras, muy vendidas en locales dudosos de la costa, en las que venía por ejemplo bart simpson con la remera de platense tomando una quilmes, fumando un porro y una frase de callejeros arriba? que flagelo la argentosimpsonización de todo."
"@MaraInes31 Hola, cuéntanos si deseas realizar portabilidad numérica o deseas tomar una línea nueva con nuestra compañía. Estamos atentos.",NEGATIVE,Cocaína,"@maraines31 hola, cuéntanos si deseas realizar portabilidad numérica o deseas tomar una línea nueva con nuestra compañía. estamos atentos."
Necesito éxtasis ¿Quien vende?,POSITIVE,Ecstasy,necesito éxtasis ¿quien vende?
"ayer, hoy y siempre, el mejor remedio para una ruptura amorosa es tomar merca del pene de un travesti",POSITIVE,Cocaína,"ayer, hoy y siempre, el mejor remedio para una ruptura amorosa es tomar merca del pene de un travesti"
en este momento quiero un porro y un amorcito,POSITIVE,Marihuana,en este momento quiero un porro y un amorcito
