text,label,drug,text_clean
Quien pudiera tomar una línea arriba de un [ANATOMIA] así jjajajajaj https:///litooo2015/status/1217310043764330497…,POSITIVE,Cocaína,quien pudiera tomar una línea arriba de un [ANATOMIA] así jjajajajaj
Google se fumó un porro bárbaro,NEGATIVE,Marihuana,google se fumó un porro bárbaro
Que noche para escuchar [PERSONA] e inyectarme heroína hasta que se me pare el corazón y pase al otro lado,POSITIVE,Heroína,que noche para escuchar [PERSONA] e inyectarme heroína hasta que se me pare el corazón y pase al otro lado
amo que las españolas hagan tanto lio por un porro yo las leo asi,NEGATIVE,Marihuana,amo que las españolas hagan tanto lio por un porro yo las leo asi
Según esta profesora antes de estudiar tomar una raya de whisky relaja la mente.. El problema es parar jajaja,NEGATIVE,Cocaína,según esta profesora antes de estudiar tomar una raya de whisky relaja la mente.. el problema es parar [IRONIA]
Me acabo de hacer un cigarro como un porro con cartón porque mi madrastra se ha acabado todos mis filtros es que -,NEGATIVE,Marihuana,me acabo de hacer un cigarro como un porro con cartón porque mi madrastra se ha acabado todos mis filtros es que -
"meí mejor amiga le puso Dua a su planta y me guardo un porro para cuando nos veamos , yo ya gané 💚",POSITIVE,Marihuana,"meí mejor amiga le puso dua a su planta y me guardo un porro para cuando nos veamos , yo ya gané :corazón_verde:"
"Mientras el paraís está en pleno estado de excepción, donde incluso se restringe la movilidad, este señor arma un porro a plena luz del deía en las calles Manuel Guillén y [PERSONA] Correa, en",NEGATIVE,Marihuana,"mientras el paraís está en pleno estado de excepción, donde incluso se restringe la movilidad, este señor arma un porro a plena luz del deía en las calles manuel guillén y [PERSONA] correa, en"
"Recordemos que este ""sr"" filmó a su pareja mientras revolvía la basura buscando un porro",NEGATIVE,Marihuana,"recordemos que este ""sr"" filmó a su pareja mientras revolvía la basura buscando un porro"
Empathy de Crystal Castles me incita como a inyectarme heroína.,NEGATIVE,Heroína,empathy de crystal castles me incita como a inyectarme heroína.
Necesito éxtasis.,POSITIVE,Ecstasy,necesito éxtasis.
"El evasor de impuestos  meás grande de meéxico, el que siempre fue un  porro hoy dice golpistas a los que intentan ver por su estado y aplicar al mismo lo recaudado, no hay de otra porque el gobierno federal no da presupuesto para nada.",NEGATIVE,Marihuana,"el evasor de impuestos meás grande de meéxico, el que siempre fue un porro hoy dice golpistas a los que intentan ver por su estado y aplicar al mismo lo recaudado, no hay de otra porque el gobierno federal no da presupuesto para nada."
Me tiene tan preocupado y estresado el colegio que la idea de inyectarme heroína y morir de sobredosis me parece meás placentera y agradable.,POSITIVE,Heroína,me tiene tan preocupado y estresado el colegio que la idea de inyectarme heroína y morir de sobredosis me parece meás placentera y agradable.
"yo siempre nomas fume marihuana y la primera vez dije bueno aber le acepto una pitada de tabaco a alguien claramente le di como si fuera un porro y quise mandar el humo a pulmon, no quiero ni saber la cara de [DISCRIMINACION] que se me puso pero fue mas o menos asi",POSITIVE,Marihuana,"yo siempre nomas fume marihuana y la primera vez dije bueno aber le acepto una pitada de tabaco a alguien claramente le di como si fuera un porro y quise mandar el humo a pulmon, no quiero ni saber la cara de [DISCRIMINACION] que se me puso pero fue mas o menos asi"
Linda noche para tomar una linea de merca sobre una sillita de plastico,POSITIVE,Cocaína,linda noche para tomar una linea de merca sobre una sillita de plastico
¿Es muy temprano para inyectarme heroína por cuarta vez esta mañana?,POSITIVE,Heroína,¿es muy temprano para inyectarme heroína por cuarta vez esta mañana?
"Estoy en medio de la nada, todo es montaña arenosa salí a fumar un porro (solo traje dos) lo deje en el bolsillo, llego a casa y me di cuenta que se cayó. Salí a buscarlo con la linterna del celu caminado media cuadra con tan buena suerte que lo encontré jajaja 😂",POSITIVE,Marihuana,"estoy en medio de la nada, todo es montaña arenosa salí a fumar un porro (solo traje dos) lo deje en el bolsillo, llego a casa y me di cuenta que se cayó. salí a buscarlo con la linterna del celu caminado media cuadra con tan buena suerte que lo encontré [IRONIA] :cara_llorando_de_risa:"
"Ayer fume con mi papa, falta que me vean tomar una linea de merca y cambio mi sexualidad",NEGATIVE,Cocaína,"ayer fume con mi papa, falta que me vean tomar una linea de merca y cambio mi sexualidad"
Porfavor hoy necesito extasis o algo de esta [DISCRIMINACION] literatura y lo peor es que no llevo ni 1 hora.,NEGATIVE,Ecstasy,porfavor hoy necesito extasis o algo de esta [DISCRIMINACION] literatura y lo peor es que no llevo ni 1 hora.
Necesito Éxtasis o LSD,POSITIVE,Ecstasy,necesito éxtasis o lsd
Deja de tomar merca,NEGATIVE,Cocaína,deja de tomar merca
nunca podría inyectarme heroína: tengo pésimo pulso,NEGATIVE,Heroína,nunca podría inyectarme heroína: tengo pésimo pulso
"la vida está llena de situaciones como la que les voy a contar ahora. 
se me mezcló por descuido pimienta con un porro que tenia para armar. armé, estoy fumando y parece mitigar el efecto tusígeno de la hierba verde. interesante conclusión.",POSITIVE,Marihuana,"la vida está llena de situaciones como la que les voy a contar ahora. se me mezcló por descuido pimienta con un porro que tenia para armar. armé, estoy fumando y parece mitigar el efecto tusígeno de la hierba verde. interesante conclusión."
"Me esta explicando por que no es bueno fumar porros a diario mientras se hace un porro, que maravilla",NEGATIVE,Marihuana,"me esta explicando por que no es bueno fumar porros a diario mientras se hace un porro, que maravilla"
"si deja unas ganas de uno, que venga disfrazado de lo que quiera pero solo dispuesto a poner la cola para tomar una línea",POSITIVE,Cocaína,"si deja unas ganas de uno, que venga disfrazado de lo que quiera pero solo dispuesto a poner la cola para tomar una línea"
necesito fumarme un porro o me muero,POSITIVE,Marihuana,necesito fumarme un porro o me muero
"A las 10 am ya tomé un latte, un expreso y estoy esperando un capuchino. Si sigo así, voy a tener que tomarme una línea para sobrevivir",NEGATIVE,Cocaína,"a las 10 am ya tomé un latte, un expreso y estoy esperando un capuchino. si sigo así, voy a tener que tomarme una línea para sobrevivir"
"Batidodía1: leche de soya, chía, arándano, fresa, mango y almendras, me siento tan saludable que  voy a inyectarme heroína para equilibrar.",NEGATIVE,Heroína,"batidodía1: leche de soya, chía, arándano, fresa, mango y almendras, me siento tan saludable que voy a inyectarme heroína para equilibrar."
unas ganas de inyectarme heroina,POSITIVE,Heroína,unas ganas de inyectarme heroina
Anoche soñé que me llegaba el libro que pedí de Amazon y luego dos amigas me obligaban a inyectarme heroína. Con estos sueños no necesito Netflix 🍿,NEGATIVE,Heroína,anoche soñé que me llegaba el libro que pedí de amazon y luego dos amigas me obligaban a inyectarme heroína. con estos sueños no necesito netflix :palomitas:
"""si queres vamos a fumar unas florcitas y tomar una raya"".. Me quiero ir, NECESITO irme",POSITIVE,Cocaína,"""si queres vamos a fumar unas florcitas y tomar una raya"".. me quiero ir, necesito irme"
Esta noche 👇 😂😂😂 esto es un porro total . Lo tomamos de cachondeo pero si salimos vivos literalmente de este Gobierno y de este put... virus seremos inmortales,NEGATIVE,Marihuana,esta noche :dorso_de_mano_con_índice_hacia_abajo: :cara_llorando_de_risa: :cara_llorando_de_risa: :cara_llorando_de_risa: esto es un porro total . lo tomamos de cachondeo pero si salimos vivos literalmente de este gobierno y de este put... virus seremos inmortales
No se por qué actúan que se están [GROSERIA] para pedirme el baño si todos sabemos que se meten a tomar merca,NEGATIVE,Cocaína,no se por qué actúan que se están [GROSERIA] para pedirme el baño si todos sabemos que se meten a tomar merca
"Como cuando dije que no sabía si inyectarme heroína o enamorarme, y pos efectivamente, sí me trae Eduardo bien adolescente amiguitos.",NEGATIVE,Heroína,"como cuando dije que no sabía si inyectarme heroína o enamorarme, y pos efectivamente, sí me trae eduardo bien adolescente amiguitos."
"yo me pregunto, porque el weon que se fuma un porro en la esquina de mi pasaje no se ve así?",NEGATIVE,Marihuana,"yo me pregunto, porque el weon que se fuma un porro en la esquina de mi pasaje no se ve así?"
"Este verano estuve en un bar que tenia un 420 gigante en la pared con imagenes alusivas a la marihuana, me prendí un porro y me quisieron echar.",POSITIVE,Marihuana,"este verano estuve en un bar que tenia un 420 gigante en la pared con imagenes alusivas a la marihuana, me prendí un porro y me quisieron echar."
"[ANATOMIA], me dieron ganas de inyectarme heroina... https:///victordeelena/status/1630688617998819335…",POSITIVE,Heroína,"[ANATOMIA], me dieron ganas de inyectarme heroina..."
Gracias. Al final tuve que tomar una línea alternativa porque había demasiada gente en el andén de Alonso Martínez. Un saludo,NEGATIVE,Cocaína,gracias. al final tuve que tomar una línea alternativa porque había demasiada gente en el andén de alonso martínez. un saludo
"Lacallle: ""A veces no tomar medidas directamente, es una medida""

Mirá la conferencia de prensa: https://elpais.uy/l62uowdPhttps:// Aveces tomar una raya no es tomar una raya",NEGATIVE,Cocaína,"lacallle: ""a veces no tomar medidas directamente, es una medida"" mirá la conferencia de prensa: aveces tomar una raya no es tomar una raya"
Llegué a un punto de estrés de no retorno en el cual necesito inyectarme heroína en un ojo o que me den un abrazo y llorar un ratito.,NEGATIVE,Heroína,llegué a un punto de estrés de no retorno en el cual necesito inyectarme heroína en un ojo o que me den un abrazo y llorar un ratito.
Cómo le explico a la gente que los moretones que tengo en los brazos es de llevar 4 botellas mas una panera y 7 platos a las corridas y no de inyectarme heroina¿,NEGATIVE,Heroína,cómo le explico a la gente que los moretones que tengo en los brazos es de llevar 4 botellas mas una panera y 7 platos a las corridas y no de inyectarme heroina¿
Bueeee! Me voy a tomar una línea de merca y me voy a dormir.,POSITIVE,Cocaína,bueeee! me voy a tomar una línea de merca y me voy a dormir.
"No necesito extasis ni cocaina, la musica me lleva a otro mundo donde yo soy el unico rey.",NEGATIVE,Ecstasy,"no necesito extasis ni cocaina, la musica me lleva a otro mundo donde yo soy el unico rey."
debería tener una bolsa de falopa al lado de mi cama para tomarme una línea cuando recién me despierto y poder arrancar bien el deía.,POSITIVE,Cocaína,debería tener una bolsa de falopa al lado de mi cama para tomarme una línea cuando recién me despierto y poder arrancar bien el deía.
"Me regalaron un collar super lindo con decoración oriental, y resulta que es para tomar merca.",NEGATIVE,Cocaína,"me regalaron un collar super lindo con decoración oriental, y resulta que es para tomar merca."
"el primer beso y la primera persona k ves metiendose una raya son dos cosas k no se olvidan nunca Nunca me voy a olvidar del que le entregaron la merca en medio de la cita, se fue al baño a tomar una línea y después en el auto me ofreció como quien ofrece un parañuelo",NEGATIVE,Cocaína,"el primer beso y la primera persona k ves metiendose una raya son dos cosas k no se olvidan nunca nunca me voy a olvidar del que le entregaron la merca en medio de la cita, se fue al baño a tomar una línea y después en el auto me ofreció como quien ofrece un parañuelo"
quiero amigas para tomar merca,POSITIVE,Cocaína,quiero amigas para tomar merca
"Este es el momento en el que me gustaría inyectarme heroína, porque me da miedo la oscuridad.",POSITIVE,Heroína,"este es el momento en el que me gustaría inyectarme heroína, porque me da miedo la oscuridad."
necesito inyectarme heroína o algo asi,POSITIVE,Heroína,necesito inyectarme heroína o algo asi
Necesito éxtasis,POSITIVE,Ecstasy,necesito éxtasis
Jaja dijo Hernán ahora me voy a tomar una linea de coca y abrio una cocacola jaja,NEGATIVE,Cocaína,[IRONIA] dijo hernán ahora me voy a tomar una linea de coca y abrio una cocacola [IRONIA]
Encima que se arma un porro con una hoja de Biblia me quiere arrastrar con ella,NEGATIVE,Marihuana,encima que se arma un porro con una hoja de biblia me quiere arrastrar con ella
Como vas a tomar una bebida energizante a las 9 de la mañana hermano es meás sano tomar una línea de merca en el piso de Constitución,NEGATIVE,Cocaína,como vas a tomar una bebida energizante a las 9 de la mañana hermano es meás sano tomar una línea de merca en el piso de constitución
Oye  que te pasa?? teú quién eres para hablarle así al Presidente?? Te convertiste en un porro meás de la pedorra oposición?? El Presidente NO ES la pilmama de nadie para andar educando a sus seguidores!! Pésima tu intervención!!,NEGATIVE,Marihuana,oye que te pasa?? teú quién eres para hablarle así al presidente?? te convertiste en un porro meás de la pedorra oposición?? el presidente no es la pilmama de nadie para andar educando a sus seguidores!! pésima tu intervención!!
""":  yo apenas veo ese programa me dan ganas de inyectarme heroina para verlo en 5d"" así es nojoda ...jajaja",NEGATIVE,Heroína,""": yo apenas veo ese programa me dan ganas de inyectarme heroina para verlo en 5d"" así es nojoda ... [IRONIA]"
que ganas de tomar merca,POSITIVE,Cocaína,que ganas de tomar merca
Imaginate tomar una linea y mirar este partido,POSITIVE,Cocaína,imaginate tomar una linea y mirar este partido
Tomar merca de un [ANATOMIA] fue uno de los puntos mas interesantes de mi adolescencia,POSITIVE,Cocaína,tomar merca de un [ANATOMIA] fue uno de los puntos mas interesantes de mi adolescencia
Tengo alergia en los brazos de inyectarme heroína pero bueno vio,POSITIVE,Heroína,tengo alergia en los brazos de inyectarme heroína pero bueno vio
necesito éxtasis de felicidad :) para poder seguir con mi vida normalmente pero el problema es donde las consigo? :s,NEGATIVE,Ecstasy,necesito éxtasis de felicidad :) para poder seguir con mi vida normalmente pero el problema es donde las consigo? :s
"...Felicidad? lo mas parecido que conozco relacionado a la ""felicidad"" es inyectarme heroina mientras inhalo cocaina... :v ''",POSITIVE,Heroína,"...felicidad? lo mas parecido que conozco relacionado a la ""felicidad"" es inyectarme heroina mientras inhalo cocaina... :v ''"
"La musica es vida
Prefiero inyectarme ritmo y bailar
Que inyectarme heroína y morir",NEGATIVE,Heroína,la musica es vida prefiero inyectarme ritmo y bailar que inyectarme heroína y morir
Tomar una LINEA aerea con destino sudafrica,NEGATIVE,Cocaína,tomar una linea aerea con destino sudafrica
Voy a tomar una linea asi no duermo,POSITIVE,Cocaína,voy a tomar una linea asi no duermo
No necesito éxtasis si sonríes.,NEGATIVE,Ecstasy,no necesito éxtasis si sonríes.
Me imagino los mosquitos queriendose tomar una raya de sal pensando que es cocaina jajajajajaja,NEGATIVE,Cocaína,me imagino los mosquitos queriendose tomar una raya de sal pensando que es cocaina [IRONIA]
Quien descifre que quería decir mi abuela en lo ultimo escrito le invito a una cerveza o un porro:,NEGATIVE,Marihuana,quien descifre que quería decir mi abuela en lo ultimo escrito le invito a una cerveza o un porro:
Me acuerdo cuando un amigo en prepa me invitó a inyectarme heroina lololololol (no lo hice),NEGATIVE,Heroína,me acuerdo cuando un amigo en prepa me invitó a inyectarme heroina lololololol (no lo hice)
la que se fumo un porro es mi vecina,NEGATIVE,Marihuana,la que se fumo un porro es mi vecina
"Mi viejo me mira como si fuera a inyectarme heroína. Bancá man tan asqueroso ibas a ser, es un remedio chabón.",NEGATIVE,Heroína,"mi viejo me mira como si fuera a inyectarme heroína. bancá man tan asqueroso ibas a ser, es un remedio chabón."
Unas ganas de fumarme un porro en el solcito,POSITIVE,Marihuana,unas ganas de fumarme un porro en el solcito
Quiero un porro,POSITIVE,Marihuana,quiero un porro
Prefiero inyectarme heroina que tu dosis de amor!,NEGATIVE,Heroína,prefiero inyectarme heroina que tu dosis de amor!
"SE PONE LOCO COMO YO CUANDO NO ME PUEDO TOMAR UNA LINEA APENAS DESPIERTO JA JA 
BESOS",POSITIVE,Cocaína,se pone loco como yo cuando no me puedo tomar una linea apenas despierto ja ja besos
Me voy a tomar merca al baño del laburo. Listo lo dije,POSITIVE,Cocaína,me voy a tomar merca al baño del laburo. listo lo dije
En qué momento normalizaron tomar merca ???? https://,NEGATIVE,Cocaína,en qué momento normalizaron tomar merca ????
te crees que nos importa que te estés fumando un porro a las 12 de la noche? pista: no,NEGATIVE,Marihuana,te crees que nos importa que te estés fumando un porro a las 12 de la noche? pista: no
Sentarte y escuchar [PERSONA] es lo mismo que encender un cigarro y tomar una raya de wisky.. Muerooo!!,NEGATIVE,Cocaína,sentarte y escuchar [PERSONA] es lo mismo que encender un cigarro y tomar una raya de wisky.. muerooo!!
Aquí relax aventándome un porro y unos versos,POSITIVE,Marihuana,aquí relax aventándome un porro y unos versos
"Me saqué una foto con mi hermano de 7 años y él tiene una papa frita en la mano... No, no es un porro",NEGATIVE,Marihuana,"me saqué una foto con mi hermano de 7 años y él tiene una papa frita en la mano... no, no es un porro"
qué aburrida la vida yo voy a empezar a inyectarme heroína a ver si siento algo,POSITIVE,Heroína,qué aburrida la vida yo voy a empezar a inyectarme heroína a ver si siento algo
A casi 3 meses de estar escuchando We Cant Stop me di cuenta que una parte dice 'tratando de tomar una línea en el baño' PARÁ [PERSONA]!,NEGATIVE,Cocaína,a casi 3 meses de estar escuchando [IRONIA] cant stop me di cuenta que una parte dice 'tratando de tomar una línea en el baño' pará [PERSONA]!
"Como muchos sabéis soy una friki de los Sims, me bajé un mod de droga para el juego porque me hacía gracia poder hacer que mi sim se fumase un porro o se emborrachase. Me estoy mirando el tutorial y I'me IN SHOCK",NEGATIVE,Marihuana,"como muchos sabéis soy una friki de los sims, me bajé un mod de droga para el juego porque me hacía gracia poder hacer que mi sim se fumase un porro o se emborrachase. me estoy mirando el tutorial y i'me in shock"
mi sueño es fumarme un porro o tomarme una linea con [PERSONA] y [PERSONA],POSITIVE,Cocaína,mi sueño es fumarme un porro o tomarme una linea con [PERSONA] y [PERSONA]
"Desearía inyectarme heroína en la sangre para que recorra mis venas hasta el corazón
una heroína que con una sonrisa y una mirada me salve",NEGATIVE,Heroína,desearía inyectarme heroína en la sangre para que recorra mis venas hasta el corazón una heroína que con una sonrisa y una mirada me salve
Inyectarme Heroina es lo k quiero!,POSITIVE,Heroína,inyectarme heroina es lo k quiero!
"[PERSONA] [PERSONA] fumó un porro en un lugar donde NO ES SU PRIVACIDAD y encima mostró todo socarronamente en las redes donde vaya a saber que pibes y en que situación hay mirándolo. Pero sus ""fans"" son tan cerraditos que no pueden reconocer que eso ESTÁ MAL",NEGATIVE,Marihuana,"[PERSONA] [PERSONA] fumó un porro en un lugar donde no es su privacidad y encima mostró todo socarronamente en las redes donde vaya a saber que pibes y en que situación hay mirándolo. pero sus ""fans"" son tan cerraditos que no pueden reconocer que eso está mal"
"La ultima vez que fui, fue a despedir a mi abuela, hoy 12 años después volví y ver a la generación de mi abuela aun intacta, fue una forma de volver a sentir a mi viejita💗😇 Laguneta donde escuchar un porro con la 19 de marzo es una delicia.",NEGATIVE,Marihuana,"la ultima vez que fui, fue a despedir a mi abuela, hoy 12 años después volví y ver a la generación de mi abuela aun intacta, fue una forma de volver a sentir a mi viejita :corazón_creciente: :cara_sonriendo_con_aureola: laguneta donde escuchar un porro con la 19 de marzo es una delicia."
"Deseo mucho tomar una linea [GROSERIA] parece que lo digo en joda pero quiero probar,[PERSONA],sigo tus pasos",POSITIVE,Cocaína,"deseo mucho tomar una linea [GROSERIA] parece que lo digo en joda pero quiero probar,[PERSONA],sigo tus pasos"
me acuerdo que algunos pensaban que estaba usando crayones pero en realidad se estaba armando un porro,NEGATIVE,Marihuana,me acuerdo que algunos pensaban que estaba usando crayones pero en realidad se estaba armando un porro
Como te extraño boquita! Necesito extasis de vosss!!,NEGATIVE,Ecstasy,como te extraño boquita! necesito extasis de vosss!!
El instagramer [PERSONA] [PERSONA] se fumó un porro durante el programa de [PERSONA] y fue duramente cuestionado http://,NEGATIVE,Marihuana,el instagramer [PERSONA] [PERSONA] se fumó un porro durante el programa de [PERSONA] y fue duramente cuestionado
estoy a nada de inyectarme heroina para poder aguantar toda la noche la [DISCRIMINACION] que me parió,POSITIVE,Heroína,estoy a nada de inyectarme heroina para poder aguantar toda la noche la [DISCRIMINACION] que me parió
"A este paso voy a terminar usando la tarjeta del cajero solo para tomar merca, igual no tomo merca, era solo para hacerme el crá.",NEGATIVE,Cocaína,"a este paso voy a terminar usando la tarjeta del cajero solo para tomar merca, igual no tomo merca, era solo para hacerme el crá."
Necesito éxtasis...,POSITIVE,Ecstasy,necesito éxtasis...
Ya estamos grande para lo cursi veni vamos a tomar una linea ♡,POSITIVE,Cocaína,ya estamos grande para lo cursi veni vamos a tomar una linea ♡
Nada me da meás cringe que ver a un [INSULTO] fumar un porro y lo pública en fb ó Instagram. En serio es superficial y aburre,NEGATIVE,Marihuana,nada me da meás cringe que ver a un [INSULTO] fumar un porro y lo pública en fb ó instagram. en serio es superficial y aburre
"He guardado este ticket de metro en mi billetera por años, para hacer un porro.

Hoy va a ser el deía.",POSITIVE,Marihuana,"he guardado este ticket de metro en mi billetera por años, para hacer un porro. hoy va a ser el deía."
viernes con V de voy a inyectarme heroina hasta la muerte esta misma noche,POSITIVE,Heroína,viernes con v de voy a inyectarme heroina hasta la muerte esta misma noche
Me muero por un porro y si fumo lo que me queda me quedo sin.,POSITIVE,Marihuana,me muero por un porro y si fumo lo que me queda me quedo sin.
Entra una mina  al kiosko  y me dice me das un poxirran se lo doy y me dice ahora nos vamos a tomar una línea...,NEGATIVE,Cocaína,entra una mina al kiosko y me dice me das un poxirran se lo doy y me dice ahora nos vamos a tomar una línea...
me junté con amigos y me dormí y cuando me desperté me dijeron que me guardaron pizza y un porro porque me había dormido muy temprano los amo,POSITIVE,Marihuana,me junté con amigos y me dormí y cuando me desperté me dijeron que me guardaron pizza y un porro porque me había dormido muy temprano los amo
"Salir de lo que me encierra y correr hacia lo que me asesina es como dejar al cigarrillo para inyectarme heroína. 
Es ilógico.",NEGATIVE,Heroína,salir de lo que me encierra y correr hacia lo que me asesina es como dejar al cigarrillo para inyectarme heroína. es ilógico.
Especial este clima para tomar una raya de whisky ... toma 2 .... toma 3 ... toma 4 ... toma toda la botella ...,NEGATIVE,Cocaína,especial este clima para tomar una raya de whisky ... toma 2 .... toma 3 ... toma 4 ... toma toda la botella ...
"UN COMPAÑERO SE ESTABA FUMANDO UN porro Y TENIA EL MICROFONO PRENDIDO, SE ESCUCHABAN LAS SECAS Y EMPEZO A TOSER A LO LOCO JAJAJAJAJ
LA PROFE:",NEGATIVE,Marihuana,"un compañero se estaba fumando un porro y tenia el microfono prendido, se escuchaban las secas y empezo a toser a lo loco jajajajaj la profe:"
Prefiero inyectarme heroina que ver o hablar con [INSULTO],NEGATIVE,Heroína,prefiero inyectarme heroina que ver o hablar con [INSULTO]
"En el libro, Amma le ofrece un porro a Camille luego de su estupor por ver las cicatrices de su hermanastra adulta. Es el único momento hasta ahora en que Amma se nota voluble. Sólo dura unos cuantas líneas porque luego vuelve a ser la hija de la [GROSERIA] que conocemos.
La odio.",NEGATIVE,Marihuana,"en el libro, amma le ofrece un porro a camille luego de su estupor por ver las cicatrices de su hermanastra adulta. es el único momento hasta ahora en que amma se nota voluble. sólo dura unos cuantas líneas porque luego vuelve a ser la hija de la [GROSERIA] que conocemos. la odio."
"Un porro en Marsella. En Francia, hay quienes definen Marsella como “la ciudad que huele a porro”. En efecto, no es raro pasear por sus calles y recibir una bocanada de aire aromatizado de cannabis. ➜https://",NEGATIVE,Marihuana,"un porro en marsella. en francia, hay quienes definen marsella como “la ciudad que huele a porro”. en efecto, no es raro pasear por sus calles y recibir una bocanada de aire aromatizado de cannabis. ➜"
"Creo que los comisarios se han equivocado en este GP al intentar aplicar el reglamento al pie de la letra. Ni la telemetría puede determinar si VET pudo tomar una línea mejor en su incorporación, con unos neumáticos sucios por la excursión. Por tanto, no creo que sea sancionable.",NEGATIVE,Cocaína,"creo que los comisarios se han equivocado en este gp al intentar aplicar el reglamento al pie de la letra. ni la telemetría puede determinar si vet pudo tomar una línea mejor en su incorporación, con unos neumáticos sucios por la excursión. por tanto, no creo que sea sancionable."
Se me nota lo campesino cuando tengo que tomar una línea de subte y pregunto cual es el anden correcto para el sentido al que quiero ir.,NEGATIVE,Cocaína,se me nota lo campesino cuando tengo que tomar una línea de subte y pregunto cual es el anden correcto para el sentido al que quiero ir.
Voy a pensar en tomarme una linea que nunca uso a ver si viene el colectivo que quiero. Maldita Ley de Murphy.,NEGATIVE,Cocaína,voy a pensar en tomarme una linea que nunca uso a ver si viene el colectivo que quiero. maldita ley de murphy.
me dan ganas de inyectarme heroína pesada,POSITIVE,Heroína,me dan ganas de inyectarme heroína pesada
Los que os escapais de casa para fumaros un porro y luego os quejáis que la cuarentena se prolongue os imagino así:,NEGATIVE,Marihuana,los que os escapais de casa para fumaros un porro y luego os quejáis que la cuarentena se prolongue os imagino así:
yo no podría aspirar coca porque tengo la nariz tapada y tampoco podría inyectarme heroína porque me dan miedo las agujas,NEGATIVE,Heroína,yo no podría aspirar coca porque tengo la nariz tapada y tampoco podría inyectarme heroína porque me dan miedo las agujas
ya ni un porro me calma,POSITIVE,Marihuana,ya ni un porro me calma
Quiero fumar un porro:(,POSITIVE,Marihuana,quiero fumar un porro:(
Soy hermosa cuando tengo un porro en la boca,POSITIVE,Marihuana,soy hermosa cuando tengo un porro en la boca
"Ahora me entero que existe el Adobe xd, parece la versión light por si te has fumado un porro.",NEGATIVE,Marihuana,"ahora me entero que existe el adobe [IRONIA] , parece la versión light por si te has fumado un porro."
"Yo intento no pensar porque me estreso, la entrada ya está paga, así que me voy a tomar una línea de merca así no psicopateo",POSITIVE,Cocaína,"yo intento no pensar porque me estreso, la entrada ya está paga, así que me voy a tomar una línea de merca así no psicopateo"
"Lana del rey me hace dar ganas de fumarme un porro, inyectarme heroina, inhalar merca y andar en otro mundo",NEGATIVE,Heroína,"lana del rey me hace dar ganas de fumarme un porro, inyectarme heroina, inhalar merca y andar en otro mundo"
"""El Gobierno de Xi ha sugerido que podría tomar una línea dura y comenzar a atacar componentes del Dow Jones, como Apple o Boeing"". …",NEGATIVE,Cocaína,"""el gobierno de xi ha sugerido que podría tomar una línea dura y comenzar a atacar componentes del dow jones, como apple o boeing"". …"
Y me levante otra vez a fumar y tomar una raya de whisky.,NEGATIVE,Cocaína,y me levante otra vez a fumar y tomar una raya de whisky.
"Dean estaba en una salida de aquel estupendo centro fumándose un porro detrás de otro. Acojonado por lo que podría ocurrir. deándole vueltas a qué pasaría si el de iba al [GROSERIA]. Qué sería de sus hermanas, que sería de Juls, qué sería de sus hijos no-natos...

(Libre)",NEGATIVE,Marihuana,"dean estaba en una salida de aquel estupendo centro fumándose un porro detrás de otro. acojonado por lo que podría ocurrir. deándole vueltas a qué pasaría si el de iba al [GROSERIA]. qué sería de sus hermanas, que sería de juls, qué sería de sus hijos no-natos... (libre)"
"escribi el ensayo, me fume un porro, me hice queso y pizza casera y tengo una birra en el freezer SOLA PARA MI",POSITIVE,Marihuana,"escribi el ensayo, me fume un porro, me hice queso y pizza casera y tengo una birra en el freezer sola para mi"
Hoy es un deía para tomar merca del bidet.,POSITIVE,Cocaína,hoy es un deía para tomar merca del bidet.
unas ganas de tomar falopa keta tussi inyectarme heroina empastarme no sé algo que me haga sentir alguna emoción porq esoty modo zombie emocionalmente,POSITIVE,Heroína,unas ganas de tomar falopa keta tussi inyectarme heroina empastarme no sé algo que me haga sentir alguna emoción porq esoty modo zombie emocionalmente
Voy inyectarme heroina y me quedare dormido boca arriba,POSITIVE,Heroína,voy inyectarme heroina y me quedare dormido boca arriba
vos te arrastra para que vayamos a tomar una línea,POSITIVE,Cocaína,vos te arrastra para que vayamos a tomar una línea
necesito extasis y placer,POSITIVE,Ecstasy,necesito extasis y placer
y si empiezo a tomar merca?,POSITIVE,Cocaína,y si empiezo a tomar merca?
Necesito éxtasis de felicidad.,NEGATIVE,Ecstasy,necesito éxtasis de felicidad.
"Traté de inyectarme heroína, pero se me atoró su capa. [Like it? ]",NEGATIVE,Heroína,"traté de inyectarme heroína, pero se me atoró su capa. [like it? ]"
Las de Instagram se fuman un porro cada vez que hacen edits,NEGATIVE,Marihuana,las de instagram se fuman un porro cada vez que hacen edits
"Necesito éxtasis, y no hablo de la droga.",NEGATIVE,Ecstasy,"necesito éxtasis, y no hablo de la droga."
Que ganas de tomarme una linea meás grande que mi pozo depresivo,POSITIVE,Cocaína,que ganas de tomarme una linea meás grande que mi pozo depresivo
Anoche fume un porro con ex chongo. El que jamás había probado y me decía que estaba mal que yo fume,POSITIVE,Marihuana,anoche fume un porro con ex chongo. el que jamás había probado y me decía que estaba mal que yo fume
Me acabo de fumar un porro o estoy soñando,POSITIVE,Marihuana,me acabo de fumar un porro o estoy soñando
"Tomarme una linea, niña, encima de tu foto es la única manera de tener cerca tu rostrooo",POSITIVE,Cocaína,"tomarme una linea, niña, encima de tu foto es la única manera de tener cerca tu rostrooo"
Venía re depre. Me fumé un porro y ahora estoy pasando por 3 estados y se los voy a mostrar con imágenes en perfecto orden,POSITIVE,Marihuana,venía re depre. me fumé un porro y ahora estoy pasando por 3 estados y se los voy a mostrar con imágenes en perfecto orden
"Eso es lo malo de ser un porro inculto 
y no un verdadero político.",NEGATIVE,Marihuana,eso es lo malo de ser un porro inculto y no un verdadero político.
Me acabo de fumar un porro y nadie lo ha notado,POSITIVE,Marihuana,me acabo de fumar un porro y nadie lo ha notado
"¿Sabéis lo que harán los contrarios a la legalización de la Marihuana? Exacto, fumarse un porro.",NEGATIVE,Marihuana,"¿sabéis lo que harán los contrarios a la legalización de la marihuana? exacto, fumarse un porro."
Dios que sarna tik tok como pueden consumir eso prefiero inyectarme heroína en el ojo,NEGATIVE,Heroína,dios que sarna tik tok como pueden consumir eso prefiero inyectarme heroína en el ojo
"Grandes esperanzas a medida que Macedonia del Norte apunta al potencial del cannabis. Después de recibir una sentencia suspendida por posesión de cannabis el año pasado, [PERSONA] salió del juzgado y encendió un porro mientras las cámaras rodaban. https://",NEGATIVE,Marihuana,"grandes esperanzas a medida que macedonia del norte apunta al potencial del cannabis. después de recibir una sentencia suspendida por posesión de cannabis el año pasado, [PERSONA] salió del juzgado y encendió un porro mientras las cámaras rodaban."
Si me acuesto tarde mis viejos piensan que me quedo despierta para inyectarme heroína tranquila,NEGATIVE,Heroína,si me acuesto tarde mis viejos piensan que me quedo despierta para inyectarme heroína tranquila
Cuando revisas tu mochila y encontras esto... tan tomada estoy que no recuerdo cuándo empecé a inyectarme heroína?,POSITIVE,Heroína,cuando revisas tu mochila y encontras esto... tan tomada estoy que no recuerdo cuándo empecé a inyectarme heroína?
"Bueno, el vecino que escuchaba Perdiendo el Control de Miguel Mateos hace unos deías, hoy está escuchando: We Are the World. Me voy a tomar una raya de alcohol en gel y vuelvo.",NEGATIVE,Cocaína,"bueno, el vecino que escuchaba perdiendo el control de miguel mateos hace unos deías, hoy está escuchando: [IRONIA] [IRONIA] the world. me voy a tomar una raya de alcohol en gel y vuelvo."
"A la [ANATOMIA], voy a inyectarme heroína en mi letrina... adiós !!!",POSITIVE,Heroína,"a la [ANATOMIA], voy a inyectarme heroína en mi letrina... adiós !!!"
Quiero un porro. Debería existir algo tipo Mcporro donde vas y te armes tu combo,POSITIVE,Marihuana,quiero un porro. debería existir algo tipo mcporro donde vas y te armes tu combo
"parece que ese que esta al lado de jenna esta fumandose un porro, tremenda fiesta",NEGATIVE,Marihuana,"parece que ese que esta al lado de jenna esta fumandose un porro, tremenda fiesta"
Me estoy leyendo El Aleph de Borges y es como si me estuviera fumando un porro constante.,NEGATIVE,Marihuana,me estoy leyendo el aleph de borges y es como si me estuviera fumando un porro constante.
¿Tienes extasis? Necesito extasis:c,POSITIVE,Ecstasy,¿tienes extasis? necesito extasis:c
"Aunque igual me gustaría inyectarme heroína, es como, mi fantasía sexual.",POSITIVE,Heroína,"aunque igual me gustaría inyectarme heroína, es como, mi fantasía sexual."
"Si piensas que los cambios que piden las personas se hace de un deía para otro...entonces tampoco entiendes nada. Habia que partir por cambiar parte del gabinete para tomar una linea meás social y que tampoco es la solución, pero hay que partir con algo.",NEGATIVE,Cocaína,"si piensas que los cambios que piden las personas se hace de un deía para otro...entonces tampoco entiendes nada. habia que partir por cambiar parte del gabinete para tomar una linea meás social y que tampoco es la solución, pero hay que partir con algo."
"Tomar merca, eso es lo que va",POSITIVE,Cocaína,"tomar merca, eso es lo que va"
"si me decían que tomar merca todos los deías te garantizaba un sueldazo, tampoco lo creía.",NEGATIVE,Cocaína,"si me decían que tomar merca todos los deías te garantizaba un sueldazo, tampoco lo creía."
"Llegaron 2 0km para la #Linea85#Linea85 t.co/nmjKgie44s Aunque sea super causalidad, cada vez que decido tomarme una línea nueva PUM... en el deía se anuncia nuevas unidades.",NEGATIVE,Cocaína,"llegaron 2 0km para la #linea85#linea85 t.co/nmjkgie44s aunque sea super causalidad, cada vez que decido tomarme una línea nueva pum... en el deía se anuncia nuevas unidades."
"Se habrán apostado algo con [PERSONA] a ver quién hablaba meás tiempo sin tomar merca, y sin que se note?",NEGATIVE,Cocaína,"se habrán apostado algo con [PERSONA] a ver quién hablaba meás tiempo sin tomar merca, y sin que se note?"
aquí pueden verme en mi meáxima expresión armando un porro rodeado de plantas de marihuana,POSITIVE,Marihuana,aquí pueden verme en mi meáxima expresión armando un porro rodeado de plantas de marihuana
NUNCA! NUNCA vayan a tomar una línea meóvil con  ES LA PEOR DECISIÓN QUE PUEDAN TOMAR!,NEGATIVE,Cocaína,nunca! nunca vayan a tomar una línea meóvil con es la peor decisión que puedan tomar!
"Soñé que me asaltaban nuevamente y para dejarme ir, me pedían inyectarme heroína 🤔.",NEGATIVE,Heroína,"soñé que me asaltaban nuevamente y para dejarme ir, me pedían inyectarme heroína :cara_pensativa: ."
se pusieron a pensar que ya muchos dejamos de disfrutar de caminar en la calle (a cualquier hora) por miedo a que nos roben? hasta ir a la parada es feo Y hasta ya deje de tomarme una linea de colectivo para no ir con miedo,NEGATIVE,Cocaína,se pusieron a pensar que ya muchos dejamos de disfrutar de caminar en la calle (a cualquier hora) por miedo a que nos roben? hasta ir a la parada es feo y hasta ya deje de tomarme una linea de colectivo para no ir con miedo
unas ganas de estar en La Plata fumandome un porro con mis amigos y viendo qué fiesta under hay este fin de semana o a cual cervecería caemos en happy hour,POSITIVE,Marihuana,unas ganas de estar en la plata fumandome un porro con mis amigos y viendo qué fiesta under hay este fin de semana o a cual cervecería caemos en happy hour
"Este señor empieza a asomar sus viles intenciones. No, no es chistoso. Y por cierto, para este tipo, dar un show mañanero donde denuesta, calumnia, divide, ataca y genera odio, es trabajar. Tenemos por presidente a un porro resentido que busca venganza.",NEGATIVE,Marihuana,"este señor empieza a asomar sus viles intenciones. no, no es chistoso. y por cierto, para este tipo, dar un show mañanero donde denuesta, calumnia, divide, ataca y genera odio, es trabajar. tenemos por presidente a un porro resentido que busca venganza."
"¿Cómo dicen que los grupos familiares no son entretenidos? La secuencia de lo ocurre con una imagen que envía una teía, lo que responde otra teía  y la forma en la que mi papá la manda a fumarse un porro y a que no haga comentarios xenófobos😂, no tiene precio.",NEGATIVE,Marihuana,"¿cómo dicen que los grupos familiares no son entretenidos? la secuencia de lo ocurre con una imagen que envía una teía, lo que responde otra teía y la forma en la que mi papá la manda a fumarse un porro y a que no haga comentarios xenófobos :cara_llorando_de_risa: , no tiene precio."
"Como cuando piensas que habías perdido un porro, pero a mitad del otro porro que armaste te encuentras el porro perdido😅",POSITIVE,Marihuana,"como cuando piensas que habías perdido un porro, pero a mitad del otro porro que armaste te encuentras el porro perdido :cara_sonriendo_con_sudor_frío:"
"Sal afuera a vociferar eso! por) necesito ""extasis"" para' poder ver el Sol sin pestañeos! RTRTRT : Ahora es que está empesando  la noche!",POSITIVE,Ecstasy,"sal afuera a vociferar eso! por) necesito ""extasis"" para' poder ver el sol sin pestañeos! rtrtrt : ahora es que está empesando la noche!"
"que ganas de tomarme una línea. La del 59, que me lleva a mi casa.",NEGATIVE,Cocaína,"que ganas de tomarme una línea. la del 59, que me lleva a mi casa."
"Tengo miedo a no sobrevivir esta noche, mezcla de angustia con ganas de tomar merca.",POSITIVE,Cocaína,"tengo miedo a no sobrevivir esta noche, mezcla de angustia con ganas de tomar merca."
Le ves la cara a [PERSONA] y sentís que siempre se puede tomar una raya meás.,NEGATIVE,Cocaína,le ves la cara a [PERSONA] y sentís que siempre se puede tomar una raya meás.
"[PERSONA], un porro octagenario ?artid=47605&cat=66#.YFM_dhhgvmc.twitter…",NEGATIVE,Marihuana,"[PERSONA], un porro octagenario ?artid=47605&cat=66#.yfm_dhhgvmc.twitter…"
"Estoy fastidiado, he escuchado Pink Floyd toda la tarde, y la noche está tan aburrida que podría inyectarme heroína para poder sentir algo.",POSITIVE,Heroína,"estoy fastidiado, he escuchado pink floyd toda la tarde, y la noche está tan aburrida que podría inyectarme heroína para poder sentir algo."
"Les cuento que no conseguía dormir, encontré este video en YouTube y la mejor parte fue en el minuto 22 cuando lo pausé y me salí a fumar un porro.",POSITIVE,Marihuana,"les cuento que no conseguía dormir, encontré este video en youtube y la mejor parte fue en el minuto 22 cuando lo pausé y me salí a fumar un porro."
"No hay meás, eres una usurpadora o usurpador, borrar un porro de una foto no la convierte en tuya. Suplantación de identidad    https://",NEGATIVE,Marihuana,"no hay meás, eres una usurpadora o usurpador, borrar un porro de una foto no la convierte en tuya. suplantación de identidad"
Necesito Éxtasis :s,POSITIVE,Ecstasy,necesito éxtasis :s
me voy a tomar una linea desde tu abdomen,POSITIVE,Cocaína,me voy a tomar una linea desde tu abdomen
yo solo me senté a su lado en una hora de guardia  x.com/reallyele/stat… yo solo creí que tenía un porro pero me lo había fumado,POSITIVE,Marihuana,yo solo me senté a su lado en una hora de guardia x.com/reallyele/stat… yo solo creí que tenía un porro pero me lo había fumado
quien para tomar una línea en mi [ANATOMIA],POSITIVE,Cocaína,quien para tomar una línea en mi [ANATOMIA]
"Ayer me fume un porro y me puse a freír mars. Como ya he dicho estaba fumado, improvisando y se me derretian en la mano. 

Look 3/10
Taste [DISCRIMINACION]/10",POSITIVE,Marihuana,"ayer me fume un porro y me puse a freír mars. como ya he dicho estaba fumado, improvisando y se me derretian en la mano. look 3/10 taste [DISCRIMINACION]/10"
"Entre que tengo el pelo corto, estoy despeinada y se me irritaron los ojos parezco que vengo de inyectarme heroína.",NEGATIVE,Heroína,"entre que tengo el pelo corto, estoy despeinada y se me irritaron los ojos parezco que vengo de inyectarme heroína."
hoy nos han preguntado unos chavales que si sabíamos de algún sitio donde hicieran cachimbas y luego ha venido otro pavo a pedirnos papel para liarse un porro.... teú crees que esta chavala sacada de la casa de la padrera tiene pinta de fumar cachimba y porros amor💞💞???,NEGATIVE,Marihuana,hoy nos han preguntado unos chavales que si sabíamos de algún sitio donde hicieran cachimbas y luego ha venido otro pavo a pedirnos papel para liarse un porro.... teú crees que esta chavala sacada de la casa de la padrera tiene pinta de fumar cachimba y porros amor :corazones_giratorios: :corazones_giratorios: ???
"Se llama perspectiva y puntos de fuga. No se trata de tomar una linea recta y arrastrarla a cualquier lugar de la cancha, no funciona asi",NEGATIVE,Cocaína,"se llama perspectiva y puntos de fuga. no se trata de tomar una linea recta y arrastrarla a cualquier lugar de la cancha, no funciona asi"
El especial de THC es buenísimo: están explicando las mejores formas de tomar merca con disimulo. Parece un programa instructivo.,NEGATIVE,Cocaína,el especial de thc es buenísimo: están explicando las mejores formas de tomar merca con disimulo. parece un programa instructivo.
"quiero ver una peli como la gente, toy viendo a unos desgraciados tomar merca... que emboleee",NEGATIVE,Cocaína,"quiero ver una peli como la gente, toy viendo a unos desgraciados tomar merca... que emboleee"
"Me fumé un porro y puse babasonicos, soy ella por la casa",POSITIVE,Marihuana,"me fumé un porro y puse babasonicos, soy ella por la casa"
Si hay algo que yo no podría hacer sería inyectarme heroina,NEGATIVE,Heroína,si hay algo que yo no podría hacer sería inyectarme heroina
Que ganas de inyectarme heroina y morirme de sobredosis,POSITIVE,Heroína,que ganas de inyectarme heroina y morirme de sobredosis
Soñé que me fumaba un porro con dos desconocidas y me agarraba covid!!!!!!!!!!,NEGATIVE,Marihuana,soñé que me fumaba un porro con dos desconocidas y me agarraba covid!!!!!!!!!!
Necesito éxtasis mental.,NEGATIVE,Ecstasy,necesito éxtasis mental.
2022 y sigue habiendo gente que sube que se va a fumar un porro o tomar una linea que gente [INSULTO]!,NEGATIVE,Cocaína,2022 y sigue habiendo gente que sube que se va a fumar un porro o tomar una linea que gente [INSULTO]!
Consultorio jurídico ¿Puedo invitar? ¿Es delito invitar a un colega a fumar o darle una china para que se haga un porro? ➜https://,NEGATIVE,Marihuana,consultorio jurídico ¿puedo invitar? ¿es delito invitar a un colega a fumar o darle una china para que se haga un porro? ➜
"Necesito inyectarme heroina ya, o no voy a poder seguir trabajando.",POSITIVE,Heroína,"necesito inyectarme heroina ya, o no voy a poder seguir trabajando."
todas pensando que tenía un cuadernito y crayones para pintar y el flaco se está armando un porro JAJAJAJAJAJ,NEGATIVE,Marihuana,todas pensando que tenía un cuadernito y crayones para pintar y el flaco se está armando un porro jajajajajaj
Unas ganas de tomar merca,POSITIVE,Cocaína,unas ganas de tomar merca
"Me: *se retuerse en la cama del dolor de estómago*.

Me teóxica: *piensa ""mientras meás me duela menos comeré"" y se levanta a tomar una línea*.",POSITIVE,Cocaína,"me: *se retuerse en la cama del dolor de estómago*. me teóxica: *piensa ""mientras meás me duela menos comeré"" y se levanta a tomar una línea*."
"que asco que estén orgullosos de tomar merca [INSULTO], no tienen idea de todo el daño que puede llegar a causar",NEGATIVE,Cocaína,"que asco que estén orgullosos de tomar merca [INSULTO], no tienen idea de todo el daño que puede llegar a causar"
Repito nada como [GROSERIA] y fumar un porro,POSITIVE,Marihuana,repito nada como [GROSERIA] y fumar un porro
¿Es muy temprano para inyectarme heroína por cuarta vez esta mañana?,POSITIVE,Heroína,¿es muy temprano para inyectarme heroína por cuarta vez esta mañana?
"Yo me deje de tomar una línea de colectivo por miedo de cruzarme a un chófer por un comentario que me hizo. Pero tampoco me animo a denunciar ni nada, porque no se como puede reaccionar .",NEGATIVE,Cocaína,"yo me deje de tomar una línea de colectivo por miedo de cruzarme a un chófer por un comentario que me hizo. pero tampoco me animo a denunciar ni nada, porque no se como puede reaccionar ."
"Dos por la calle.
Una con guantes y mascarilla.
La otra a pelo fumando un porro, que pasa a la primera.
Esta se quita la mascarilla como [PERSONA] y fuma a pleno pulmón.",NEGATIVE,Marihuana,"dos por la calle. una con guantes y mascarilla. la otra a pelo fumando un porro, que pasa a la primera. esta se quita la mascarilla como [PERSONA] y fuma a pleno pulmón."
"Ahora vengo me voy a tomar una linea :v
Ahre cartelero 😂Igual yo no me drogo ameo",NEGATIVE,Cocaína,ahora vengo me voy a tomar una linea :v [IRONIA] cartelero :cara_llorando_de_risa: igual yo no me drogo ameo
vamos a tomar una linea👃👃,POSITIVE,Cocaína,vamos a tomar una linea :nariz: :nariz:
de hecho hasta mi vieja sabe qe siempre he qerido inyectarme heroina,POSITIVE,Heroína,de hecho hasta mi vieja sabe qe siempre he qerido inyectarme heroina
Necesito que me apapachen y un porro,POSITIVE,Marihuana,necesito que me apapachen y un porro
"Cada vez meás paraíses, como Argentina, legalizan el consumo de cannabis para uso medicinal. Si la policía sorprende a alguien fumando un porro, ¿puede alegar que está investigando una nueva vía clínica experimental contra el coronavirus?",NEGATIVE,Marihuana,"cada vez meás paraíses, como argentina, legalizan el consumo de cannabis para uso medicinal. si la policía sorprende a alguien fumando un porro, ¿puede alegar que está investigando una nueva vía clínica experimental contra el coronavirus?"
bueno me voy a tomar una linea,POSITIVE,Cocaína,bueno me voy a tomar una linea
Que ganas de inyectarme heroina,POSITIVE,Heroína,que ganas de inyectarme heroina
Dormí una hora y pico de siesta y siento que dormí dos deías seguidos ahora solo necesito tomarme una línea de keta,POSITIVE,Cocaína,dormí una hora y pico de siesta y siento que dormí dos deías seguidos ahora solo necesito tomarme una línea de keta
Estoy cagada de sueño me voy a tener que tomar una linea de café o algo,NEGATIVE,Cocaína,estoy cagada de sueño me voy a tener que tomar una linea de café o algo
Que se siente fumar un porro ? o tomar una linea ?,NEGATIVE,Cocaína,que se siente fumar un porro ? o tomar una linea ?
Que asco tomar merca menos mal que siempre me quise muchísimo como para meterme ahí.,NEGATIVE,Cocaína,que asco tomar merca menos mal que siempre me quise muchísimo como para meterme ahí.
la cantidad de sueños que tuve anoche pasé de que me caigan arañas en la cara a que me dieran un porro con cocaína,NEGATIVE,Marihuana,la cantidad de sueños que tuve anoche pasé de que me caigan arañas en la cara a que me dieran un porro con cocaína
He soñado que Rayman venía a mi casa y se fumaba un porro en mi salón abro hilo,NEGATIVE,Marihuana,he soñado que rayman venía a mi casa y se fumaba un porro en mi salón abro hilo
"La gente es profundamente [DISCRIMINACION]. 

Comparar el horóscopo con el cristianismo...

En fin, que se puede esperar de un chaval que para estudiar tiene que fumarse un porro.",NEGATIVE,Marihuana,"la gente es profundamente [DISCRIMINACION]. comparar el horóscopo con el cristianismo... en fin, que se puede esperar de un chaval que para estudiar tiene que fumarse un porro."
a tomar una linea,POSITIVE,Cocaína,a tomar una linea
“: No sé si enamorarme o inyectarme heroína. La idea es hacer la mayor estupidez  posible.” ✋Chocalas,NEGATIVE,Heroína,“: no sé si enamorarme o inyectarme heroína. la idea es hacer la mayor estupidez posible.” :mano_levantada: chocalas
La delgada línea entre inyectarme heroína o la eutanasia.,POSITIVE,Heroína,la delgada línea entre inyectarme heroína o la eutanasia.
Tomar una linea de 20 centimetros: 😃😍🌞🌞😁Hacerme el hisopado:😭😢🌩,POSITIVE,Cocaína,tomar una linea de 20 centimetros: :cara_sonriendo_con_ojos_grandes: :cara_sonriendo_con_ojos_de_corazón: :sol_con_cara: :sol_con_cara: :cara_radiante_con_ojos_sonrientes: hacerme el hisopado: :cara_llorando_fuerte: :cara_llorando: :nube_con_rayo:
la mamá de mi mejor amiga sacó UN FRASCO DE FLORES y ahora estamos fumando un porro con ella,POSITIVE,Marihuana,la mamá de mi mejor amiga sacó un frasco de flores y ahora estamos fumando un porro con ella
Central me da ganas de inyectarme heroína y escuchar el tema todo el viaje,NEGATIVE,Heroína,central me da ganas de inyectarme heroína y escuchar el tema todo el viaje
Ese hombre se debe tomar una línea todos los deías sino no se explica,NEGATIVE,Cocaína,ese hombre se debe tomar una línea todos los deías sino no se explica
Hora de inyectarme heroina ... No tengo jeringa shit :s,POSITIVE,Heroína,hora de inyectarme heroina ... no tengo jeringa shit :s
"Éxtasis, necesito éxtasis.",POSITIVE,Ecstasy,"éxtasis, necesito éxtasis."
Me puedo tomar una raya también?,POSITIVE,Cocaína,me puedo tomar una raya también?
"Me quise hacer la ""independiente"" y le dije a mi papá que me volvia en colectivo segun yo tengo que tomar una linea que va hasta el centro y de ahi me tengo que tomar otro hasta mi casa... espero llegar a mi viva",NEGATIVE,Cocaína,"me quise hacer la ""independiente"" y le dije a mi papá que me volvia en colectivo segun yo tengo que tomar una linea que va hasta el centro y de ahi me tengo que tomar otro hasta mi casa... espero llegar a mi viva"
¿Para que necesito éxtasis si tengo meúsica?,NEGATIVE,Ecstasy,¿para que necesito éxtasis si tengo meúsica?
"Como en toda compañia, las entradas de caja no son uniformes. Dependiendo la situación tu puedes tomar una línea de credito",NEGATIVE,Cocaína,"como en toda compañia, las entradas de caja no son uniformes. dependiendo la situación tu puedes tomar una línea de credito"
"Dijera la Carmen, somos tan hipócritas en este medio. Los mismos que se están quejando por el velorio de [PERSONA] son los que en su momento fueron a aplaudir cuando se murio [PERSONA], esos mismo son lo que se juntan 5, 6 y se pasan un porro después se preocupan por la pandemia 🤦🏻‍♂️",NEGATIVE,Marihuana,"dijera la carmen, somos tan hipócritas en este medio. los mismos que se están quejando por el velorio de [PERSONA] son los que en su momento fueron a aplaudir cuando se murio [PERSONA], esos mismo son lo que se juntan 5, 6 y se pasan un porro después se preocupan por la pandemia :hombre_con_la_mano_en_la_frente_tono_de_piel_claro:"
"talvez me corren de mi casa, me vuelvo drogadicto, termino trabajando en la merced acarreando cajas de naranjas, asaltando para mi vicio, lleno de cicatrices por inyectarme heroina, vagando en las calles, viviendo debajo del puente de culhuacán, todo porque saqué 8.99 en la prepa",NEGATIVE,Heroína,"talvez me corren de mi casa, me vuelvo drogadicto, termino trabajando en la merced acarreando cajas de naranjas, asaltando para mi vicio, lleno de cicatrices por inyectarme heroina, vagando en las calles, viviendo debajo del puente de culhuacán, todo porque saqué 8.99 en la prepa"
Me agarró el delirio de inyectarme heroína.,POSITIVE,Heroína,me agarró el delirio de inyectarme heroína.
Siempre he sido salvaje. Pero no lo suficiente como para inyectarme heroína.,NEGATIVE,Heroína,siempre he sido salvaje. pero no lo suficiente como para inyectarme heroína.
"De ""Requiem for a dream"" aprendí a no inyectarme heroína en el brazo lastimado, sino en el otro.",NEGATIVE,Heroína,"de ""requiem for a dream"" aprendí a no inyectarme heroína en el brazo lastimado, sino en el otro."
Hoy me voy a tomar una raya de k y un whisky y voy a ser feliz en la libertad de Uruguay,POSITIVE,Cocaína,hoy me voy a tomar una raya de k y un whisky y voy a ser feliz en la libertad de uruguay
Lo celebrare con un porro y me deprimire después,POSITIVE,Marihuana,lo celebrare con un porro y me deprimire después
si... ¿cómo puedo inyectarme heroína sin que mis padres se den cuenta?,POSITIVE,Heroína,si... ¿cómo puedo inyectarme heroína sin que mis padres se den cuenta?
en este momento quisiera tanto tanto inyectarme heroina con [PERSONA],POSITIVE,Heroína,en este momento quisiera tanto tanto inyectarme heroina con [PERSONA]
Del dolor de cintura que no me dejaba caminar me fume un porro y estoy casi como nueva. La [DISCRIMINACION] madre estas droga que nos corrompen y hacen tan mal!,POSITIVE,Marihuana,del dolor de cintura que no me dejaba caminar me fume un porro y estoy casi como nueva. la [DISCRIMINACION] madre estas droga que nos corrompen y hacen tan mal!
Quiero ser una estrella para tener una novia modelo y inyectarme heroina,POSITIVE,Heroína,quiero ser una estrella para tener una novia modelo y inyectarme heroina
"- Yo: Buenos deías, ¿por qué vino al hospital?
- Paciente de 68 años: me rompí la cadera desde marzo pero no venía por la pandemia
- ¿Y cómo le hacía para aguantarse el dolor?
- Me tomaba paracetamol y ketorolaco pero como no me hacían efecto, me comencé a fumar un porro diario.",NEGATIVE,Marihuana,"- yo: buenos deías, ¿por qué vino al hospital? - paciente de 68 años: me rompí la cadera desde marzo pero no venía por la pandemia - ¿y cómo le hacía para aguantarse el dolor? - me tomaba paracetamol y ketorolaco pero como no me hacían efecto, me comencé a fumar un porro diario."
Amo que se indignen con [PERSONA] fumando un porro cuando ustedes se bajan 6 litros de birra por deía,NEGATIVE,Marihuana,amo que se indignen con [PERSONA] fumando un porro cuando ustedes se bajan 6 litros de birra por deía
"[PERSONA] fumando un porro en la película de culto ""Movida del 76"" (1999).",NEGATIVE,Marihuana,"[PERSONA] fumando un porro en la película de culto ""movida del 76"" (1999)."
contexto: me fumé un porro y me puse a ver videos sobre bombas atomicas,POSITIVE,Marihuana,contexto: me fumé un porro y me puse a ver videos sobre bombas atomicas
nueve de la mañana y hay alguien sumándose un porro mientras esperamos al tren,NEGATIVE,Marihuana,nueve de la mañana y hay alguien sumándose un porro mientras esperamos al tren
Tomar una linea de merca es mas sano que laburar con cal,NEGATIVE,Cocaína,tomar una linea de merca es mas sano que laburar con cal
"Que haces pelado, te acomodaste, bien por esa, vamos a tomar una...línea.",POSITIVE,Cocaína,"que haces pelado, te acomodaste, bien por esa, vamos a tomar una...línea."
Mi mamá me pidió que piense en mi futuro y abandone la marihuana. Me puse a pensar en mi futuro y me dieron ganas de inyectarme heroína.,NEGATIVE,Heroína,mi mamá me pidió que piense en mi futuro y abandone la marihuana. me puse a pensar en mi futuro y me dieron ganas de inyectarme heroína.
Necesito un porro urgente,POSITIVE,Marihuana,necesito un porro urgente
"La noche es para tomar merca, merluza, ricarda",POSITIVE,Cocaína,"la noche es para tomar merca, merluza, ricarda"
mi vieja me encontro un cateter en la mochila y me lo conto coMO SI FUERA UNA JERINGA PARA INYECTARME HEROINA,NEGATIVE,Heroína,mi vieja me encontro un cateter en la mochila y me lo conto como si fuera una jeringa para inyectarme heroina
Todos somos vírgenes de algo. Por ejemplo de inyectarme heroína.,NEGATIVE,Heroína,todos somos vírgenes de algo. por ejemplo de inyectarme heroína.
necesito éxtasis,POSITIVE,Ecstasy,necesito éxtasis
Hoy quiero tomar una linea con mi ex mejor amigo,POSITIVE,Cocaína,hoy quiero tomar una linea con mi ex mejor amigo
Que ganas de tomarme una línea,POSITIVE,Cocaína,que ganas de tomarme una línea
No necesito extàsis para prenderte.,NEGATIVE,Ecstasy,no necesito extàsis para prenderte.
"La vena de mi pie es re hinchada, podría inyectarme heroína y nadie lo notaría....... Ahre",NEGATIVE,Heroína,"la vena de mi pie es re hinchada, podría inyectarme heroína y nadie lo notaría....... [IRONIA]"
Quiero y necesitó éxtasis. YA.,POSITIVE,Ecstasy,quiero y necesitó éxtasis. ya.
Necesito una segunda para inyectarme heroína ahre,NEGATIVE,Heroína,necesito una segunda para inyectarme heroína [IRONIA]
"Hola buenas me he fumado un porro, que se cuentan ?",POSITIVE,Marihuana,"hola buenas me he fumado un porro, que se cuentan ?"
Sin apologías ni nada pero me vengo portando re bien y a demás un porro y una grappa no se le niegan a nadie.,POSITIVE,Marihuana,sin apologías ni nada pero me vengo portando re bien y a demás un porro y una grappa no se le niegan a nadie.
que ganas de fumar un porro que tengo,POSITIVE,Marihuana,que ganas de fumar un porro que tengo
A veces quiero cerrar los ojos y al abrirlos darme cuenta que ya tengo 65 años para picarme e inyectarme heroina o sea ya fueeeee,NEGATIVE,Heroína,a veces quiero cerrar los ojos y al abrirlos darme cuenta que ya tengo 65 años para picarme e inyectarme heroina o sea ya fueeeee
"Saben que ayer me fume un porro con meí novia, y me dio ataque de risa épico.

Decidimos documentarlo.",POSITIVE,Marihuana,"saben que ayer me fume un porro con meí novia, y me dio ataque de risa épico. decidimos documentarlo."
"No lo interprete como que se haya ido a tomar una raya, sino como un desprecio. O tal vez se fue a lavar la cara para despabilarse un poco de los nervios.",NEGATIVE,Cocaína,"no lo interprete como que se haya ido a tomar una raya, sino como un desprecio. o tal vez se fue a lavar la cara para despabilarse un poco de los nervios."
Primero un porro luego a estudiar 🍓,POSITIVE,Marihuana,primero un porro luego a estudiar :fresa:
Tuve un sueño tan bizarro que hasta me cortaba el pecho solo para tomar merca,NEGATIVE,Cocaína,tuve un sueño tan bizarro que hasta me cortaba el pecho solo para tomar merca
no parece que sea un porro parece una bebida  entonces porque lo tapan dios necesito saberlo,NEGATIVE,Marihuana,no parece que sea un porro parece una bebida entonces porque lo tapan dios necesito saberlo
Hoy tendría que tomar una línea para hacer todo lo que tengo que hacer 😩,POSITIVE,Cocaína,hoy tendría que tomar una línea para hacer todo lo que tengo que hacer :cara_agotada:
Tengo pensado enrollar ese papel y tomarme una línea de merca. Esta mal?,POSITIVE,Cocaína,tengo pensado enrollar ese papel y tomarme una línea de merca. esta mal?
prefiero meterme crack o inyectarme heroina que empezar a jugar animalitos necesitan rehab urgente amigos,NEGATIVE,Heroína,prefiero meterme crack o inyectarme heroina que empezar a jugar animalitos necesitan rehab urgente amigos
Ya después  de un porro y bailando esta rola en mi patio a estas horas,POSITIVE,Marihuana,ya después de un porro y bailando esta rola en mi patio a estas horas
como me encantaria tomar una linea de merca,POSITIVE,Cocaína,como me encantaria tomar una linea de merca
Altas ganas de inyectarme heroína,POSITIVE,Heroína,altas ganas de inyectarme heroína
aveces no se si tengo ganas de inyectarme heroína u ozempic,POSITIVE,Heroína,aveces no se si tengo ganas de inyectarme heroína u ozempic
Bueno a tomar una línea de  y a seguir eatudiando. Dale viernes querido,NEGATIVE,Cocaína,bueno a tomar una línea de y a seguir eatudiando. dale viernes querido
Estoy en la guardia por hisoparme y se escucha que un meédico se estalla fuerte del meme de tomar una línea en clase. Me alegró el deía.,NEGATIVE,Cocaína,estoy en la guardia por hisoparme y se escucha que un meédico se estalla fuerte del meme de tomar una línea en clase. me alegró el deía.
"Necesito éxtasis, te necesito a ti.",NEGATIVE,Ecstasy,"necesito éxtasis, te necesito a ti."
Si hay algo que nunca haría sería inyectarme heroína,NEGATIVE,Heroína,si hay algo que nunca haría sería inyectarme heroína
Uno se acaba de tomar una línea atrás meío en el colectivo y adivinen son gastronómicos,NEGATIVE,Cocaína,uno se acaba de tomar una línea atrás meío en el colectivo y adivinen son gastronómicos
La gente que esta hablando con una y se da media vuelta para tomar merca. Asco,NEGATIVE,Cocaína,la gente que esta hablando con una y se da media vuelta para tomar merca. asco
"Suena a que voy a inyectarme heroína, ay. Obvio que no",NEGATIVE,Heroína,"suena a que voy a inyectarme heroína, ay. obvio que no"
ojos rojos y no me he fumado ni un porro,NEGATIVE,Marihuana,ojos rojos y no me he fumado ni un porro
pienso tomar una linea de merca con sombra por cada gol de argentina... he dicho,POSITIVE,Cocaína,pienso tomar una linea de merca con sombra por cada gol de argentina... he dicho
vamos a tomar una línea ya fue ya,POSITIVE,Cocaína,vamos a tomar una línea ya fue ya
¿Tu eres como el fuego de morodo? esa cancion me da ganas de inyectarme heroina o//////// ¡JAJAJA!,NEGATIVE,Heroína,¿tu eres como el fuego de morodo? esa cancion me da ganas de inyectarme heroina o//////// ¡ [IRONIA] !
Me fume un porro y me bajo la presión,POSITIVE,Marihuana,me fume un porro y me bajo la presión
Os juro que no es un porro.,NEGATIVE,Marihuana,os juro que no es un porro.
[PERSONA]... cuando vayas a cantar en vivo un domingo tratá de no tomar merca el sábado porque se nota en tu voz.,NEGATIVE,Cocaína,[PERSONA]... cuando vayas a cantar en vivo un domingo tratá de no tomar merca el sábado porque se nota en tu voz.
Re mami amigo vamos a tomar una línea de farlopa fumarnos un porro y después tomar cristal dale no seas [DISCRIMINACION],POSITIVE,Cocaína,re mami amigo vamos a tomar una línea de farlopa fumarnos un porro y después tomar cristal dale no seas [DISCRIMINACION]
Escogí una mala temporada para dejar de inyectarme heroína,POSITIVE,Heroína,escogí una mala temporada para dejar de inyectarme heroína
Estoy a punto de inyectarme heroína y lo primero que se te ocurre es preguntarme eso...,POSITIVE,Heroína,estoy a punto de inyectarme heroína y lo primero que se te ocurre es preguntarme eso...
Necesito éxtasis.,POSITIVE,Ecstasy,necesito éxtasis.
"Me acuerdo cuando vinieron wisin y yandel y me invitaron a tomar una linea en su camarin, ah ni mentiroso era",NEGATIVE,Cocaína,"me acuerdo cuando vinieron wisin y yandel y me invitaron a tomar una linea en su camarin, ah ni mentiroso era"
"Paró a fumarse un porro, arrancó marcha atrás y cayó a un barranco …",NEGATIVE,Marihuana,"paró a fumarse un porro, arrancó marcha atrás y cayó a un barranco …"
"El MC brasileño [PERSONA]  (), pionero en la samba-rap, cumple hoy 53 años. Su apodo  es el acrónimo de ""de dois"" (dale dos), jerga brasileña que significa dar dos fumadas a un porro de marihuana. Mira esto y todos tus problemas se irán https://",NEGATIVE,Marihuana,"el mc brasileño [PERSONA] (), pionero en la samba-rap, cumple hoy 53 años. su apodo es el acrónimo de ""de dois"" (dale dos), jerga brasileña que significa dar dos fumadas a un porro de marihuana. mira esto y todos tus problemas se irán"
No sé si Inyéctarme heroína o enamorarme. El chiste es terminar mal.,NEGATIVE,Heroína,no sé si inyéctarme heroína o enamorarme. el chiste es terminar mal.
¿Amor? JAJAJAJAJAJAJAJAJA prefiero inyectarme heroína.,NEGATIVE,Heroína,¿amor? [IRONIA] prefiero inyectarme heroína.
Se hacen todas las drogadictas y ninguna se deja tomar una raya en [ANATOMIA],POSITIVE,Cocaína,se hacen todas las drogadictas y ninguna se deja tomar una raya en [ANATOMIA]
me voy a tomar una linea de 3 metros para quedar sobre el cielo,POSITIVE,Cocaína,me voy a tomar una linea de 3 metros para quedar sobre el cielo
"o tomar una linea, no pasa nada cualquier droga me viene como anillo al dedo",POSITIVE,Cocaína,"o tomar una linea, no pasa nada cualquier droga me viene como anillo al dedo"
deía no se cuanto de cursada en cuarentena: el profe nos recomendó tomar una línea de merca para volar y proyectar 🙃,NEGATIVE,Cocaína,deía no se cuanto de cursada en cuarentena: el profe nos recomendó tomar una línea de merca para volar y proyectar :cara_al_revés:
Estoy enojado porque no pude cortarme el cabello y feliz porque me estoy fumando un porro.,POSITIVE,Marihuana,estoy enojado porque no pude cortarme el cabello y feliz porque me estoy fumando un porro.
"JAJAJA necesito extasis de esto 🙏 aunque tenga que cocinar y limpiar, no importa nada si es con ustedes! ❤️",NEGATIVE,Ecstasy,"[IRONIA] necesito extasis de esto :manos_en_oración: aunque tenga que cocinar y limpiar, no importa nada si es con ustedes! :corazón_rojo:"
Diputados franceses recomiendan al Gobierno la regulación del cannabis. Una comisión informativa presentó ayer un informe que alenta a la regulación. Un deía antes un diputado subió al estrado del parlamento con un porro. ➜https://,NEGATIVE,Marihuana,diputados franceses recomiendan al gobierno la regulación del cannabis. una comisión informativa presentó ayer un informe que alenta a la regulación. un deía antes un diputado subió al estrado del parlamento con un porro. ➜
yo buscando mi fuego para prender un porro sin acordarme que mis amigos me lo comieron ayer,POSITIVE,Marihuana,yo buscando mi fuego para prender un porro sin acordarme que mis amigos me lo comieron ayer
"No necesito Éxtasis,Te tengo a ti,Tu me llevas a la Éxtasis. ❤󾌧❤󾌧❤",NEGATIVE,Ecstasy,"no necesito éxtasis,te tengo a ti,tu me llevas a la éxtasis. :corazón_rojo: 󾌧 :corazón_rojo: 󾌧 :corazón_rojo:"
y cuando escucho lust for life de iggy pop me dan ganas de inyectarme heroína en el metro,NEGATIVE,Heroína,y cuando escucho lust for life de iggy pop me dan ganas de inyectarme heroína en el metro
": Oooh, yo no estaba criticando ni nada. Yo igual estoy contenta porque acabo de inyectarme heroína. Bueno no.",NEGATIVE,Heroína,": oooh, yo no estaba criticando ni nada. yo igual estoy contenta porque acabo de inyectarme heroína. [IRONIA] ."
Na mas sabroso que bailar un porro,NEGATIVE,Marihuana,na mas sabroso que bailar un porro
vamos a TOMAR MERCA,POSITIVE,Cocaína,vamos a tomar merca
"un porro y a dormir,",POSITIVE,Marihuana,"un porro y a dormir,"
"he aprendido que para alucinar no necesito éxtasis, necesito estar enamorada sola.",NEGATIVE,Ecstasy,"he aprendido que para alucinar no necesito éxtasis, necesito estar enamorada sola."
"Ya, ya tiré la jeringa, no vuelvo a inyectarme heroína. Ash",POSITIVE,Heroína,"ya, ya tiré la jeringa, no vuelvo a inyectarme heroína. ash"
"me fume un porro mientras escuchaba tan bionica, me dio una crisis existencial y ahora estoy asi",POSITIVE,Marihuana,"me fume un porro mientras escuchaba tan bionica, me dio una crisis existencial y ahora estoy asi"
"me sorprende igual lo [INSULTO] que son los haters como para tomar una línea de una canción y hacerse los inteligentes en twt sin entender el contexto, realmente ni una de sus neuronas hace sinapsis",NEGATIVE,Cocaína,"me sorprende igual lo [INSULTO] que son los haters como para tomar una línea de una canción y hacerse los inteligentes en twt sin entender el contexto, realmente ni una de sus neuronas hace sinapsis"
"Sinceramente no le veo la gracia de que una persona suba una foto al instagram mostrando un plato,un billete y como se está por tomar una línea",NEGATIVE,Cocaína,"sinceramente no le veo la gracia de que una persona suba una foto al instagram mostrando un plato,un billete y como se está por tomar una línea"
"Feliz cumpleaños al que es definitivamente el mejor de todos.💖 y de presumirlo no me canso. ""Fumese un cigarro, teírese un porro, pero sea feliz y mantenga la frente en alto"" larga vida a mi viejo tan bello",NEGATIVE,Marihuana,"feliz cumpleaños al que es definitivamente el mejor de todos. :corazón_brillante: y de presumirlo no me canso. ""fumese un cigarro, teírese un porro, pero sea feliz y mantenga la frente en alto"" larga vida a mi viejo tan bello"
"Y Bueno me voy a tomar una linea, asi quedo re duro weeeee",POSITIVE,Cocaína,"y bueno me voy a tomar una linea, asi quedo re duro weeeee"
"Chiques, la señora que ayuda en casa le pidió a mi mamá un cigarrillo y le dio un porro meío pensando que era un tabaco armado 🌝",NEGATIVE,Marihuana,"chiques, la señora que ayuda en casa le pidió a mi mamá un cigarrillo y le dio un porro meío pensando que era un tabaco armado :luna_llena_con_cara:"
Encontré el lugar perfecto para inyectarme heroína. http://,POSITIVE,Heroína,encontré el lugar perfecto para inyectarme heroína.
"Estoy pensando seriamente en inyectarme cafe, o tomarme una linea para no dormirme. Me mata el sueñooo 😖",NEGATIVE,Cocaína,"estoy pensando seriamente en inyectarme cafe, o tomarme una linea para no dormirme. me mata el sueñooo :cara_de_frustración:"
Voy para NYC a fumarme un porro en el medio de Times Square.,POSITIVE,Marihuana,voy para nyc a fumarme un porro en el medio de times square.
Me acabo de fumar un porro viendo esta belleza,POSITIVE,Marihuana,me acabo de fumar un porro viendo esta belleza
"Pregunto al chófer si me dejaba en tal lado, me dijo que si le digo gracias y me siento. Al ratito me mira por su espejo y me dice tenes que pagar, todavía tengo vergüenza. 
4to deía de facu voy excelente y me vuelvo a tomar una línea que me volvió a dejar en el centro.",NEGATIVE,Cocaína,"pregunto al chófer si me dejaba en tal lado, me dijo que si le digo gracias y me siento. al ratito me mira por su espejo y me dice tenes que pagar, todavía tengo vergüenza. 4to deía de facu voy excelente y me vuelvo a tomar una línea que me volvió a dejar en el centro."
Ya no se que meás tw así que me voy a tomar una línea y después me voy a dormir.8=====de 0:,POSITIVE,Cocaína,ya no se que meás tw así que me voy a tomar una línea y después me voy a dormir.8=====de 0:
"—Mamá, he decidido inyectarme heroína, fumar mota y entrarle al perico. 
—Que bueno hijo, a ver si así ya dejas el twitter.",NEGATIVE,Heroína,"—mamá, he decidido inyectarme heroína, fumar mota y entrarle al perico. —que bueno hijo, a ver si así ya dejas el twitter."
me voy a armar un porro y hacer lo de matematicas,POSITIVE,Marihuana,me voy a armar un porro y hacer lo de matematicas
Acabo de tomarme una línea de colectivo que creí que no existía tipo siempre la veo en cual colectivo pero desde que vivo en este barrio (5 años) nunca la vi pasar. El famoso colectivo fantasma. Si desaparezco ya saben.,NEGATIVE,Cocaína,acabo de tomarme una línea de colectivo que creí que no existía tipo siempre la veo en cual colectivo pero desde que vivo en este barrio (5 años) nunca la vi pasar. el famoso colectivo fantasma. si desaparezco ya saben.
Esta para tomar una linea,POSITIVE,Cocaína,esta para tomar una linea
VOY A LA PLAYA A TOMAR UNA RAYA,POSITIVE,Cocaína,voy a la playa a tomar una raya
[PERSONA] se queda con esa novia porque lo deja tomar merca.,NEGATIVE,Cocaína,[PERSONA] se queda con esa novia porque lo deja tomar merca.
ahora que empece a fumar tabaco armado le hice probar a mi mamá y me dice parece que estamos fumando un porro,NEGATIVE,Marihuana,ahora que empece a fumar tabaco armado le hice probar a mi mamá y me dice parece que estamos fumando un porro
Esta para tomar una linea encima de tu [ANATOMIA],POSITIVE,Cocaína,esta para tomar una linea encima de tu [ANATOMIA]
"voy a inyectarme heroina me suena, voy a meterme orina en el cuerpo",NEGATIVE,Heroína,"voy a inyectarme heroina me suena, voy a meterme orina en el cuerpo"
deía 4 de contractura fuerte en el cuello. La idea de inyectarme heroína cada vez suena menos descabellada.,NEGATIVE,Heroína,deía 4 de contractura fuerte en el cuello. la idea de inyectarme heroína cada vez suena menos descabellada.
Ocho de la mañana y ya quiero inyectarme heroína,POSITIVE,Heroína,ocho de la mañana y ya quiero inyectarme heroína
El reguee me pone demasiado relajao que pareciera que acabara de inyectarme heroína,NEGATIVE,Heroína,el reguee me pone demasiado relajao que pareciera que acabara de inyectarme heroína
Quien me regala un porro,POSITIVE,Marihuana,quien me regala un porro
"Extraño tanto ir a conciertos :(((, necesito éxtasis de meúsica en vivoooo!!!",NEGATIVE,Ecstasy,"extraño tanto ir a conciertos :(((, necesito éxtasis de meúsica en vivoooo!!!"
Lo malo es que soy muy pobre como para poder inyectarme heroína.,POSITIVE,Heroína,lo malo es que soy muy pobre como para poder inyectarme heroína.
"Ayer haciendo videollamada con mis amigas una se prendió un porro, siguió hablando con nosotras hasta que de la nada SE DURMIÓ y estuvo COMO 5 MINUTOS DORMIDA TODAVÍA EN LA VIDEOLLAMADA y cuando se despertó no entendía nada jkajajaja así taba",NEGATIVE,Marihuana,"ayer haciendo videollamada con mis amigas una se prendió un porro, siguió hablando con nosotras hasta que de la nada se durmió y estuvo como 5 minutos dormida todavía en la videollamada y cuando se despertó no entendía nada jkajajaja así taba"
"""Inyectarme heroina es buscar la muerte a diario.""",POSITIVE,Heroína,"""inyectarme heroina es buscar la muerte a diario."""
"Necesito éxtasis para mi cerebro, para ser meás inteligente, así dicen.",NEGATIVE,Ecstasy,"necesito éxtasis para mi cerebro, para ser meás inteligente, así dicen."
me fume un porro sola de prensado y lo único que senti fue acidez,POSITIVE,Marihuana,me fume un porro sola de prensado y lo único que senti fue acidez
El spot publicitario de ARGEN y TINA hace que me den ganas de inyectarme heroína en la pupila del ojo derecho.,NEGATIVE,Heroína,el spot publicitario de argen y tina hace que me den ganas de inyectarme heroína en la pupila del ojo derecho.
"Ya escuche mucho Sex Pistols, Ya hasta ganas de inyectarme heroína me dieron :( jajajajaj no es cierto",NEGATIVE,Heroína,"ya escuche mucho sex pistols, ya hasta ganas de inyectarme heroína me dieron :( jajajajaj no es cierto"
"Muerde a un guardia civil que le recriminó que iba sin mascarilla por la calle y fumando un porro.

 También agredió a otro agente, al que le luxó los dedos de una mano. En la detención colaboró un policía local de Tauste que estaba fuera de servicio.",NEGATIVE,Marihuana,"muerde a un guardia civil que le recriminó que iba sin mascarilla por la calle y fumando un porro. también agredió a otro agente, al que le luxó los dedos de una mano. en la detención colaboró un policía local de tauste que estaba fuera de servicio."
Mira [PERSONA] cómo te explico que la gente publica en sus redes lo que le da la [DISCRIMINACION] gana. Si es mi [DISCRIMINACION] Twitter podría escribir que me gusta inyectarme heroína 8 veces al deía si quisiera. Besos.,NEGATIVE,Heroína,mira [PERSONA] cómo te explico que la gente publica en sus redes lo que le da la [DISCRIMINACION] gana. si es mi [DISCRIMINACION] twitter podría escribir que me gusta inyectarme heroína 8 veces al deía si quisiera. besos.
He decidido tomar una línea editorial en deónde ya no me sobre expongo en otras redes y vuelvo a ser un chico twittero de pura sepa. Prepárense que se viene la merma del cringe,NEGATIVE,Cocaína,he decidido tomar una línea editorial en deónde ya no me sobre expongo en otras redes y vuelvo a ser un chico twittero de pura sepa. prepárense que se viene la merma del cringe
me arme un porro y lo perdi,POSITIVE,Marihuana,me arme un porro y lo perdi
Mis compañeros salieron a tomar una linea de merca y yo estaba comiendo una tortita atte EL CUYANITO,NEGATIVE,Cocaína,mis compañeros salieron a tomar una linea de merca y yo estaba comiendo una tortita atte el cuyanito
tanto hablar de papa papa de aca papa de alla me dio ganas de tomarme una linea de merca  le quedo algo de la de garce?,POSITIVE,Cocaína,tanto hablar de papa papa de aca papa de alla me dio ganas de tomarme una linea de merca le quedo algo de la de garce?
"Baby, solo dime que sí, baby solo dime que siiii. teú eres mi droga, no necesito éxtasis…. Porque teú eres duro como Rocky y yo tierna como un cojín ✨ 🎶",NEGATIVE,Ecstasy,"baby, solo dime que sí, baby solo dime que siiii. teú eres mi droga, no necesito éxtasis…. porque teú eres duro como rocky y yo tierna como un cojín :chispas: :notas_musicales:"
Hacer el amor con ella era mejor que inyectarme heroína.,NEGATIVE,Heroína,hacer el amor con ella era mejor que inyectarme heroína.
Lo mejor es terminar de tomar una linea y prender un cigarro ♥,POSITIVE,Cocaína,lo mejor es terminar de tomar una linea y prender un cigarro :palo_de_corazones:
quiero un porro u.u,POSITIVE,Marihuana,quiero un porro u.u
"🚨 Congreso aprobó por insistencia PL fujimorista para enseñar Historia del Terrorismo en colegios

Como informó La República, la pretensión de incluir la narrativa oficialista sobre la guerra interna en las aulas se remonta al 2017. Pésimo, deben enseñar Educación Cívica para que tengan base al momento de tomar una línea política como es después de los 18 años",NEGATIVE,Cocaína,":luces_de_policía: congreso aprobó por insistencia pl fujimorista para enseñar historia del terrorismo en colegios como informó la república, la pretensión de incluir la narrativa oficialista sobre la guerra interna en las aulas se remonta al 2017. pésimo, deben enseñar educación cívica para que tengan base al momento de tomar una línea política como es después de los 18 años"
Dormí 11 horas. Me levanté con ganas de inyectarme heroína y hacerme [GROSERIA] pero bien [GROSERIA] a la nocheeeee,POSITIVE,Heroína,dormí 11 horas. me levanté con ganas de inyectarme heroína y hacerme [GROSERIA] pero bien [GROSERIA] a la nocheeeee
Tengo Unas Ganas De Inyectarme Heroína :de,POSITIVE,Heroína,tengo unas ganas de inyectarme heroína :de
me voy a tomar una linea y a dormir re duro :P,POSITIVE,Cocaína,me voy a tomar una linea y a dormir re duro :p
"No creía en el horóscopo, hasta que descubrí que soy del mismo signo de Stalin, y ahora se que es el destino.
SOY DEL MISMO SIGNO DE STALIN. Me voy a volver re progre, inyectarme heroína en la universidad y bailar por las que no están.",NEGATIVE,Heroína,"no creía en el horóscopo, hasta que descubrí que soy del mismo signo de stalin, y ahora se que es el destino. soy del mismo signo de stalin. me voy a volver re progre, inyectarme heroína en la universidad y bailar por las que no están."
[PERSONA] ... Es raro pienso que a lo mejor se fumo un porro antes del tweet,NEGATIVE,Marihuana,[PERSONA] ... es raro pienso que a lo mejor se fumo un porro antes del tweet
una vez que ves a [PERSONA] fumar un porro es imposible que alguien meás sea lindo fumando uno,NEGATIVE,Marihuana,una vez que ves a [PERSONA] fumar un porro es imposible que alguien meás sea lindo fumando uno
Debería dejar de tomar merca antes de comer,POSITIVE,Cocaína,debería dejar de tomar merca antes de comer
"Llegué a casa, me fumé un porro y me puse a regar antes de comer después de un deía HERMOSO",POSITIVE,Marihuana,"llegué a casa, me fumé un porro y me puse a regar antes de comer después de un deía hermoso"
Está para tomar una línea de tusi en [ANATOMIA] de una negra,POSITIVE,Cocaína,está para tomar una línea de tusi en [ANATOMIA] de una negra
anoche compré un porro y lo perdí. F,POSITIVE,Marihuana,anoche compré un porro y lo perdí. f
no puedo dejar de inyectarme heroína.,POSITIVE,Heroína,no puedo dejar de inyectarme heroína.
unas ganas de fumarme un porro,POSITIVE,Marihuana,unas ganas de fumarme un porro
Que buen deía para fumar un porro.,POSITIVE,Marihuana,que buen deía para fumar un porro.
Que ganas de irme al río a inyectarme heroina y escuchar smiths,POSITIVE,Heroína,que ganas de irme al río a inyectarme heroina y escuchar smiths
"Si el metropolitano tiene líneas expreso que pasan con la frecuencia suficiente como para llegar al destino sea igual a tomar una línea normal, entonces el metropolitano no tiene expresos.",NEGATIVE,Cocaína,"si el metropolitano tiene líneas expreso que pasan con la frecuencia suficiente como para llegar al destino sea igual a tomar una línea normal, entonces el metropolitano no tiene expresos."
Quiero inyectarme heroina y olvdarme por un rato.,POSITIVE,Heroína,quiero inyectarme heroina y olvdarme por un rato.
Tengo todos pinchados los brazos. Le estoy haciendo creer a la gente que me dio ganas de inyectarme heroína.,NEGATIVE,Heroína,tengo todos pinchados los brazos. le estoy haciendo creer a la gente que me dio ganas de inyectarme heroína.
"Bueno, hay gente que es adicta al paco. Pero que quisiera tomar merca. En cualquier caso todo es falopa.",POSITIVE,Cocaína,"bueno, hay gente que es adicta al paco. pero que quisiera tomar merca. en cualquier caso todo es falopa."
Me tengo que tomar una linea roja de subte hasta una estación Pasteur pero al bajar no estará el mantero dominicano que gustaba de mi :(,NEGATIVE,Cocaína,me tengo que tomar una linea roja de subte hasta una estación pasteur pero al bajar no estará el mantero dominicano que gustaba de mi :(
una conocida dijo en una historia ser anti vacunas orgullosamente porq no sabe lo que tienen y re que todos los fines de semana se fuma un porro rebajado con [GROSERIA] de caballo aaaa,NEGATIVE,Marihuana,una conocida dijo en una historia ser anti vacunas orgullosamente porq no sabe lo que tienen y re que todos los fines de semana se fuma un porro rebajado con [GROSERIA] de caballo aaaa
Quiero inyectarme heroína ..,POSITIVE,Heroína,quiero inyectarme heroína ..
esta para tomar una linea,POSITIVE,Cocaína,esta para tomar una linea
Dia 6 de cuarentena: make up para sacar a los perros y fumarme un porro 🙄,POSITIVE,Marihuana,dia 6 de cuarentena: make up para sacar a los perros y fumarme un porro :cara_con_ojos_en_blanco:
Alguien meás ha visto lo que yo he visto? Parece que se está fumando un porro enorme 😂😂😂😂😂,NEGATIVE,Marihuana,alguien meás ha visto lo que yo he visto? parece que se está fumando un porro enorme :cara_llorando_de_risa: :cara_llorando_de_risa: :cara_llorando_de_risa: :cara_llorando_de_risa: :cara_llorando_de_risa:
"Soy un zombie, no se como me voy a despertar para ir a trabajar. Necesito éxtasis(? ah",NEGATIVE,Ecstasy,"soy un zombie, no se como me voy a despertar para ir a trabajar. necesito éxtasis [IRONIA] ah"
"Quiero que [PERSONA] me explique la diferencia entre ""tomar una línea de merca"" e ""inhalar cocaína"".",NEGATIVE,Cocaína,"quiero que [PERSONA] me explique la diferencia entre ""tomar una línea de merca"" e ""inhalar cocaína""."
5 de la mañana buen momento para inyectarme heroina esnifar una raya de cocaina y morirme por un desequilibrio quimico 😎,POSITIVE,Heroína,5 de la mañana buen momento para inyectarme heroina esnifar una raya de cocaina y morirme por un desequilibrio quimico :cara_sonriendo_con_gafas_de_sol:
Quiero inyectarme heroína...,POSITIVE,Heroína,quiero inyectarme heroína...
"""Peso Pluma"" y ""Nicki Nicole"": 
Porque se les vio juntos en Disneyland. Que vida tan injusta 
1 Porque [GROSERIA] un mexicano sale con una argentina son todos feos
2 me destruye la moral este patrón que se repite por años de que el drogadicto salga con la meás linda, me dan ganas de dejar de ser un buen tipo a tomarme una línea",NEGATIVE,Cocaína,"""peso pluma"" y ""nicki nicole"": porque se les vio juntos en disneyland. que vida tan injusta 1 porque [GROSERIA] un mexicano sale con una argentina son todos feos 2 me destruye la moral este patrón que se repite por años de que el drogadicto salga con la meás linda, me dan ganas de dejar de ser un buen tipo a tomarme una línea"
¿Cómo le dices a alguien con esa cara de arrecho que se fuma el cigarro como si fuera un porro y luego escupe que no se recueste del carro?,NEGATIVE,Marihuana,¿cómo le dices a alguien con esa cara de arrecho que se fuma el cigarro como si fuera un porro y luego escupe que no se recueste del carro?
Inyectarme heroína y despertar hasta el miércoles.,POSITIVE,Heroína,inyectarme heroína y despertar hasta el miércoles.
"mi sobrinita esta viendo dibujitos y mi vieja acota ""se fumaron un porro esas hormigas""",NEGATIVE,Marihuana,"mi sobrinita esta viendo dibujitos y mi vieja acota ""se fumaron un porro esas hormigas"""
"Ya deberían de cambiarle la bandera a ese partido por esta... Por temas de materias primas, hace unos 20 años tengo la fábrica en la calle 12 con cra 14, una de las tantas ollas de Cali.
Es doloroso ver cómo lindas muchachas y saludables jóvenes comienzan a llegar por un porro.
En poco tiempo los ves prostituidos y viviendo en la calle.",NEGATIVE,Marihuana,"ya deberían de cambiarle la bandera a ese partido por esta... por temas de materias primas, hace unos 20 años tengo la fábrica en la calle 12 con cra 14, una de las tantas ollas de cali. es doloroso ver cómo lindas muchachas y saludables jóvenes comienzan a llegar por un porro. en poco tiempo los ves prostituidos y viviendo en la calle."
"Necesito extasis, Anfetaminas, Yumbina, etc. para el sabado",POSITIVE,Ecstasy,"necesito extasis, anfetaminas, yumbina, etc. para el sabado"
Solo un porro podría salvarme,POSITIVE,Marihuana,solo un porro podría salvarme
"con carácter de urgencia necesito agujas para inyectarme heroína, gracias de antemano.",POSITIVE,Heroína,"con carácter de urgencia necesito agujas para inyectarme heroína, gracias de antemano."
Tanta gente queriendo inyectarse una dosis de amor y yo queriendo inyectarme heroina :(,POSITIVE,Heroína,tanta gente queriendo inyectarse una dosis de amor y yo queriendo inyectarme heroina :(
"2 años , el desastre en todos los aspectos , salud , economia , seguridad .
meéxico en manos de un porro resentido .
  https://",NEGATIVE,Marihuana,"2 años , el desastre en todos los aspectos , salud , economia , seguridad . meéxico en manos de un porro resentido ."
"Para un trabajo de ELE he tenido que hacer 19 dibujos y el último era una manifestación con mucha gente y me ha dado mucha peresa así que le he dicho a mi madre que haga personas palito.

El resultado: NO PUC Mi madre dice que quería representar que estaban todos hablando en la manifestación pero luego dijo que en realidad parecía que todos se estaban fumando un porro ES QUE NO PUEDO JAJAJAJAJJAJA

Asi se queda profe",NEGATIVE,Marihuana,para un trabajo de ele he tenido que hacer 19 dibujos y el último era una manifestación con mucha gente y me ha dado mucha peresa así que le he dicho a mi madre que haga personas palito. el resultado: no puc mi madre dice que quería representar que estaban todos hablando en la manifestación pero luego dijo que en realidad parecía que todos se estaban fumando un porro es que no puedo [IRONIA] asi se queda profe
Tengo un porro y lo guardé para fumarlo con ella.,POSITIVE,Marihuana,tengo un porro y lo guardé para fumarlo con ella.
no se que onda me levante con ganas de tomar una linea de keta en un [ANATOMIA],POSITIVE,Cocaína,no se que onda me levante con ganas de tomar una linea de keta en un [ANATOMIA]
"Hay tantas cosas mal en esta foto. 

Un exfutbolista del [MEDIO] que quebró a Cuernavaca es gobernador del estado menos productivo del paraís. Un porro, es el presidente en turno, llevando al paraís a la peor crisis.

¿Este es el reflejo de lo que el pueblo ambiciona? 
Terrible.",NEGATIVE,Marihuana,"hay tantas cosas mal en esta foto. un exfutbolista del [MEDIO] que quebró a cuernavaca es gobernador del estado menos productivo del paraís. un porro, es el presidente en turno, llevando al paraís a la peor crisis. ¿este es el reflejo de lo que el pueblo ambiciona? terrible."
"Que ganas de tomarme una linea, como la de anoche.",POSITIVE,Cocaína,"que ganas de tomarme una linea, como la de anoche."
pobre el que no conozca el metro y se quiera guiar por los mapas nuevos. Se va a bajar en alguna estación esperando tomar una línea inexistente,NEGATIVE,Cocaína,pobre el que no conozca el metro y se quiera guiar por los mapas nuevos. se va a bajar en alguna estación esperando tomar una línea inexistente
"Claro, sacarle foto a un porro está mal, pero a una botella de alcohol está bien.  https:///Rxsmer_/status/1214059449129852928…",NEGATIVE,Marihuana,"claro, sacarle foto a un porro está mal, pero a una botella de alcohol está bien."
Me voy a tomar una línea de café entera,NEGATIVE,Cocaína,me voy a tomar una línea de café entera
Que ganas de inyectarme heroina,POSITIVE,Heroína,que ganas de inyectarme heroina
47 ME VOY A FUMAR 200000 CAJAS DE CIGARROS Y A INYECTARME HEROINA HASTA QUE ME DE UNA SOBREDOSIS. Te amo,NEGATIVE,Heroína,47 me voy a fumar 200000 cajas de cigarros y a inyectarme heroina hasta que me de una sobredosis. te amo
the doors me dan altas ganas de inyectarme heroina,NEGATIVE,Heroína,the doors me dan altas ganas de inyectarme heroina
En early mi ADC estaba AFK porque se estaba liando un porro. Estoy llorando,NEGATIVE,Marihuana,en early mi adc estaba afk porque se estaba liando un porro. estoy llorando
Qué se puede esperar de un porro socialista que toda su vida ha estado sumergido en la mentira y en la corrupción DE TODOS LOS PARTIDOS POLÍTICOS QUE CONSIDERAN A LOS CIUDADANOS MEXICANOS COMO SI FUERAN ESTUPIDOS! Y cobra un sueldo pagado por los mexicanos!,NEGATIVE,Marihuana,qué se puede esperar de un porro socialista que toda su vida ha estado sumergido en la mentira y en la corrupción de todos los partidos políticos que consideran a los ciudadanos mexicanos como si fueran estupidos! y cobra un sueldo pagado por los mexicanos!
"Estás progres se fumaron un porro, vieron Soul y la re flasharon",NEGATIVE,Marihuana,"estás progres se fumaron un porro, vieron soul y la re flasharon"
Hay que ser suicida para tomar una línea aérea rosarina. Yo en Rosario no me subo ni a los ascensores porque tengo respeto por la vida,NEGATIVE,Cocaína,hay que ser suicida para tomar una línea aérea rosarina. yo en rosario no me subo ni a los ascensores porque tengo respeto por la vida
tengo tanta mala suerte que cuando empiezo a tomar una linea de colectivo que me dajaba frente a casa cambia de recorrido...,NEGATIVE,Cocaína,tengo tanta mala suerte que cuando empiezo a tomar una linea de colectivo que me dajaba frente a casa cambia de recorrido...
Esta es la realidad cuando un porro es candidato durante 18 años y cuando llega a gobernar le da en la ma.... a la economía porque no tiene la meás meínima idea de que es gobernar y piensa que sigue siendo el porro que esta de candidato,NEGATIVE,Marihuana,esta es la realidad cuando un porro es candidato durante 18 años y cuando llega a gobernar le da en la ma.... a la economía porque no tiene la meás meínima idea de que es gobernar y piensa que sigue siendo el porro que esta de candidato
Pero se puede fumar porrito o tomar una línea y no pasa nada.,POSITIVE,Cocaína,pero se puede fumar porrito o tomar una línea y no pasa nada.
yo pensaba que iba a prender una velita o algo asi y el loco se termino fumando un porro,NEGATIVE,Marihuana,yo pensaba que iba a prender una velita o algo asi y el loco se termino fumando un porro
"Si van a tomar una linea de crédito para su pyme o hipotecario hágalo ya, todavía se pueden alcanzar tasas bajas. (Del 2016) 👈",NEGATIVE,Cocaína,"si van a tomar una linea de crédito para su pyme o hipotecario hágalo ya, todavía se pueden alcanzar tasas bajas. (del 2016) :dorso_de_mano_con_índice_a_la_izquierda:"
Mi unica aspiración en la vida es fumarme un porro con ella,POSITIVE,Marihuana,mi unica aspiración en la vida es fumarme un porro con ella
Quiero tirarme a ver 3298 capítulos de algo mientras me fumo un porro sin tener que estar pensando en todo lo que tengo que hacer,POSITIVE,Marihuana,quiero tirarme a ver 3298 capítulos de algo mientras me fumo un porro sin tener que estar pensando en todo lo que tengo que hacer
Facil y rapido no seria para la gente que vivimos alejada del centro.. Ir de zona oeste y tomar una linea de la costa tardas minimo una hora cuarenta,NEGATIVE,Cocaína,facil y rapido no seria para la gente que vivimos alejada del centro.. ir de zona oeste y tomar una linea de la costa tardas minimo una hora cuarenta
Se fuman un porro y se hacen los cancheros,NEGATIVE,Marihuana,se fuman un porro y se hacen los cancheros
"primavera el año pasado: me voy a colar un acido y voy a ranchar en la plaza hasta las 3 de la mañana dsp caminare por todo el barrio entripada vuelvo a casa y me pongo a ver videos de caidas
primavera hoy: volvi de trabajar re cansada le di dos sequitas a un porro y me dio sueñito",POSITIVE,Marihuana,primavera el año pasado: me voy a colar un acido y voy a ranchar en la plaza hasta las 3 de la mañana dsp caminare por todo el barrio entripada vuelvo a casa y me pongo a ver videos de caidas primavera hoy: volvi de trabajar re cansada le di dos sequitas a un porro y me dio sueñito
con ganas de inyectarme heroina,POSITIVE,Heroína,con ganas de inyectarme heroina
Le acabo de mandar un vídeo cantando todavía de la factoría a meí mejor amiga mientras me fumo un porro? Yes,POSITIVE,Marihuana,le acabo de mandar un vídeo cantando todavía de la factoría a meí mejor amiga mientras me fumo un porro? yes
prefiero inyectarme heroína a otra dosis de AstraZeneca,NEGATIVE,Heroína,prefiero inyectarme heroína a otra dosis de astrazeneca
parece que esta armando un porro,NEGATIVE,Marihuana,parece que esta armando un porro
"Yo creo que podría inyectarme heroína en frente de mi mamá sin que se enoje, pero no agarre la comida con las manos en vez de cubiertos por qué se me aparece el diablo jaja",NEGATIVE,Heroína,"yo creo que podría inyectarme heroína en frente de mi mamá sin que se enoje, pero no agarre la comida con las manos en vez de cubiertos por qué se me aparece el diablo [IRONIA]"
"¿Felicidad?, lo meás parecido que conozco relacionado a la ""felicidad"" es inyectarme heroína mientras inhalo cocaina.",POSITIVE,Heroína,"¿felicidad?, lo meás parecido que conozco relacionado a la ""felicidad"" es inyectarme heroína mientras inhalo cocaina."
"Me duele, me duele demasiado :( necesito extasis :(",POSITIVE,Ecstasy,"me duele, me duele demasiado :( necesito extasis :("
Deja de llora levántate que nos vamos a tomar una linea,POSITIVE,Cocaína,deja de llora levántate que nos vamos a tomar una linea
"“: Yaaaaaaaaa!!!!! Necesito éxtasis, hierba, unos besos, amanecer, baile y sirenas!!!” + 1",POSITIVE,Ecstasy,"“: yaaaaaaaaa!!!!! necesito éxtasis, hierba, unos besos, amanecer, baile y sirenas!!!” + 1"
"No necesito extasis, porque te tengo a ti.",NEGATIVE,Ecstasy,"no necesito extasis, porque te tengo a ti."
"Necesito fumarme un porro con el negro y tocar muchos temas que solo con el puedo hablar de manera rancia mal, que tipo malo es como lo amo. Te extraño",POSITIVE,Marihuana,"necesito fumarme un porro con el negro y tocar muchos temas que solo con el puedo hablar de manera rancia mal, que tipo malo es como lo amo. te extraño"
"Muerde a un guardia civil al recriminarle que se ponga la mascarilla en Ejea de los Caballeros #Sucesos#Sucesos http://twib.in/l/aGkqdqXybox6http:// Muerde a un guardia civil y lesiona un dedo a otro cuando estos le recriminaron que fuera sin mascarilla y fumandose un porro por Ejea de los Caballeros (Zgz) 

Un policía local de Tauste (Zgz) , fuera de servicio, auxilió a los agentes junto a tres patrullas de",NEGATIVE,Marihuana,"muerde a un guardia civil al recriminarle que se ponga la mascarilla en ejea de los caballeros #sucesos#sucesos muerde a un guardia civil y lesiona un dedo a otro cuando estos le recriminaron que fuera sin mascarilla y fumandose un porro por ejea de los caballeros (zgz) un policía local de tauste (zgz) , fuera de servicio, auxilió a los agentes junto a tres patrullas de"
Necesito fumarme un porro gigante,POSITIVE,Marihuana,necesito fumarme un porro gigante
Antes leía libros en un deía. Ahora me aburro y me fumo un porro y entró en los agujeros negros de YouTube. Tenía tantos sueños falsos para mi.,POSITIVE,Marihuana,antes leía libros en un deía. ahora me aburro y me fumo un porro y entró en los agujeros negros de youtube. tenía tantos sueños falsos para mi.
Hora perfecta para tomar merca,POSITIVE,Cocaína,hora perfecta para tomar merca
Yo me fumo un porro y se me ocurre hacerme foticos 🍁🍁🍁,POSITIVE,Marihuana,yo me fumo un porro y se me ocurre hacerme foticos :hoja_de_arce: :hoja_de_arce: :hoja_de_arce:
"Ya que tenía que tomarme una línea completa de subte, pedí que me toque el de asientos acolchonados por el bien de mis nalgas 🤣",NEGATIVE,Cocaína,"ya que tenía que tomarme una línea completa de subte, pedí que me toque el de asientos acolchonados por el bien de mis nalgas :cara_revolviéndose_de_la_risa:"
"Llevo dos horas escuchando a Mago de Oz, y ahora sólo quiero disfrazarme de pajecito antes de inyectarme heroína.",NEGATIVE,Heroína,"llevo dos horas escuchando a mago de oz, y ahora sólo quiero disfrazarme de pajecito antes de inyectarme heroína."
"Alguien quiere venir a mi casa, fumar un porro y ver esta película...?",POSITIVE,Marihuana,"alguien quiere venir a mi casa, fumar un porro y ver esta película...?"
Fumaban un porro en un patio ajeno y fueron detenidos http://,NEGATIVE,Marihuana,fumaban un porro en un patio ajeno y fueron detenidos
Capé a mi vecino de la ofi echandose un porro mientras bailaba reggaeton en traje. Esta ciudad nunca deja de sorprenderme :),NEGATIVE,Marihuana,capé a mi vecino de la ofi echandose un porro mientras bailaba reggaeton en traje. esta ciudad nunca deja de sorprenderme :)
deía 2 : Hoy me volví a perder .-. . Tomar una línea de tren aquí es complicado ( pero ya le vamos agarrando el ritmo ) 👏🏻🎉😌,NEGATIVE,Cocaína,deía 2 : hoy me volví a perder .-. . tomar una línea de tren aquí es complicado ( pero ya le vamos agarrando el ritmo ) :manos_aplaudiendo_tono_de_piel_claro: :cañón_de_confeti: :cara_de_alivio:
Yo no necesito extasis para' flotar por que siento que floto cuando estoy con Marthaby asi..,NEGATIVE,Ecstasy,yo no necesito extasis para' flotar por que siento que floto cuando estoy con marthaby asi..
hay que empezar a tomar merca,POSITIVE,Cocaína,hay que empezar a tomar merca
"Buen deía.. ayer tiré un comentario sobre los pyos que llegaron al paraís.. y una loca dijo que soy defensora de la prostitucion de mujeres, háganme creer que se fumo un porro y me respondió. Y si alguien la conoce por favor deíganle que tiene medio deía para borrar ese comentario.",NEGATIVE,Marihuana,"buen deía.. ayer tiré un comentario sobre los pyos que llegaron al paraís.. y una loca dijo que soy defensora de la prostitucion de mujeres, háganme creer que se fumo un porro y me respondió. y si alguien la conoce por favor deíganle que tiene medio deía para borrar ese comentario."
"Tomar sol quema la misma cantidad de neuronas que tomar una linea de merca, todos los deías se aprende algo nuevo.",NEGATIVE,Cocaína,"tomar sol quema la misma cantidad de neuronas que tomar una linea de merca, todos los deías se aprende algo nuevo."
"Estaba aburrida y agarre un papel y empecé a hacerlo un tubito y pasa mi vieja u me dice: “porque se parece a un porro????” 
no se que decir….",NEGATIVE,Marihuana,estaba aburrida y agarre un papel y empecé a hacerlo un tubito y pasa mi vieja u me dice: “porque se parece a un porro????” no se que decir….
"Aunque tuviese que inyectarme heroina lo haria con tal de volver a la cancha despues de este tiempo 🤪 Ya falta poquito para volver a La Bombonera, esperanos un poquito mas, siempre es bueno volver a casa 💙💛💙",NEGATIVE,Heroína,"aunque tuviese que inyectarme heroina lo haria con tal de volver a la cancha despues de este tiempo :cara_de_loco: ya falta poquito para volver a la bombonera, esperanos un poquito mas, siempre es bueno volver a casa :corazón_azul: :corazón_amarillo: :corazón_azul:"
Es mi [DISCRIMINACION] problema si me provoca hacerme 20 tatuajes e inyectarme heroína hasta el [ANATOMIA]. Ya cállense de una buena vez.,POSITIVE,Heroína,es mi [DISCRIMINACION] problema si me provoca hacerme 20 tatuajes e inyectarme heroína hasta el [ANATOMIA]. ya cállense de una buena vez.
Seguir a [PERSONA] en Twitter es como tomar merca de la muy mala. Mamita.,NEGATIVE,Cocaína,seguir a [PERSONA] en twitter es como tomar merca de la muy mala. mamita.
"Tan todos pa la droga ahora todos fuman faso le dan a todas las mierdas que futuro hay quedamos pocos sanos Lo peor es que es verdad, empastillarse y tomar merca se volvió normal",NEGATIVE,Cocaína,"tan todos pa la droga ahora todos fuman faso le dan a todas las mierdas que futuro hay quedamos pocos sanos lo peor es que es verdad, empastillarse y tomar merca se volvió normal"
ya voy por la s6 de Mad Men y se están fumando un porro en Hawaii y yo acá ENCERRADO HASTA CUANDO A [PERSONA] SE LE CANTE [GROSERIA],NEGATIVE,Marihuana,ya voy por la s6 de mad men y se están fumando un porro en hawaii y yo acá encerrado hasta cuando a [PERSONA] se le cante [GROSERIA]
Tengo que empezar a tomar merca,POSITIVE,Cocaína,tengo que empezar a tomar merca
Cuando regreso a esta [GROSERIA] quisiera poder inyectarme heroina hasta morir.,POSITIVE,Heroína,cuando regreso a esta [GROSERIA] quisiera poder inyectarme heroina hasta morir.
"La profesora se debe tomar una línea antes de venir, sino no se explica jajajaja",NEGATIVE,Cocaína,"la profesora se debe tomar una línea antes de venir, sino no se explica [IRONIA]"
"che....no es muy temprano para que ""roberto"" este así de duro? escuchame, es drogadicto, no tiene horarios para tomar merca",NEGATIVE,Cocaína,"che....no es muy temprano para que ""roberto"" este así de duro? escuchame, es drogadicto, no tiene horarios para tomar merca"
"Solo por hoy, señor rector, emita un meínimo pronunciamiento sobre el comportamiento académico de [PERSONA]. Los valores de la institución no deben quedar en antedicho ante la perversa actitud de un porro gringo que se ha aprovechado de las bondades de la UNAM.",NEGATIVE,Marihuana,"solo por hoy, señor rector, emita un meínimo pronunciamiento sobre el comportamiento académico de [PERSONA]. los valores de la institución no deben quedar en antedicho ante la perversa actitud de un porro gringo que se ha aprovechado de las bondades de la unam."
"Si te agarran con un porro, te ponen un capucha, te sacan una foto con el logo de senad y te mandan a tacumbu, va si sos un comun..",NEGATIVE,Marihuana,"si te agarran con un porro, te ponen un capucha, te sacan una foto con el logo de senad y te mandan a tacumbu, va si sos un comun.."
quiero volver a inyectarme heroina,POSITIVE,Heroína,quiero volver a inyectarme heroina
"No se si enamorarme o inyectarme Heroína, las dos son letales.",NEGATIVE,Heroína,"no se si enamorarme o inyectarme heroína, las dos son letales."
"Y yo me pregunto:
¿este fenómeno que tenemos de presidente, que hace cuando tiene una idea y la quiere llevar a cabo?

A- mira el horóscopo 
B- lo echa a los dados 
C- consulta a mortadelo
de- pide consejo a Piolín 
E- mira las estrellas
F- se fuma un porro",NEGATIVE,Marihuana,"y yo me pregunto: ¿este fenómeno que tenemos de presidente, que hace cuando tiene una idea y la quiere llevar a cabo? a- mira el horóscopo b- lo echa a los dados c- consulta a mortadelo de- pide consejo a piolín e- mira las estrellas f- se fuma un porro"
Y me voy con Mike a tomar merca. está mañana!,POSITIVE,Cocaína,y me voy con mike a tomar merca. está mañana!
"Que NO, que comprarte una lata en la tienda y mezclarla con alcohol para compartirla con tu colega, mientras te fumas un porro, NO es una causa justificada para estar en la calle.Quedate en casa, o ¿no te enteras de lo que está pasando?",NEGATIVE,Marihuana,"que no, que comprarte una lata en la tienda y mezclarla con alcohol para compartirla con tu colega, mientras te fumas un porro, no es una causa justificada para estar en la calle.quedate en casa, o ¿no te enteras de lo que está pasando?"
tengo la cara tan consumida de tanto inyectarme heroína y fumar bazuco que me doy asco,POSITIVE,Heroína,tengo la cara tan consumida de tanto inyectarme heroína y fumar bazuco que me doy asco
No me inviten a inyectarme heroina invitenme a ver un show de magia,NEGATIVE,Heroína,no me inviten a inyectarme heroina invitenme a ver un show de magia
"El verdadero rey, un alto intelecto, inteligencia, responsable de la muerte de muchos, un hijo de [DISCRIMINACION], no le importa nada ni nadie, altas fachas, un porro siempre y lo meás importante que a pesar de todo sigue vivo y regresa para hacer lo que se le da mejor, nunca lo subestimen",NEGATIVE,Marihuana,"el verdadero rey, un alto intelecto, inteligencia, responsable de la muerte de muchos, un hijo de [DISCRIMINACION], no le importa nada ni nadie, altas fachas, un porro siempre y lo meás importante que a pesar de todo sigue vivo y regresa para hacer lo que se le da mejor, nunca lo subestimen"
Falte a trabajar y ya me estoy fumando un porro y abriendo crunchyroll,POSITIVE,Marihuana,falte a trabajar y ya me estoy fumando un porro y abriendo crunchyroll
Sabes cuantos se van a tomar una raya en honor al [PERSONA] hoy,NEGATIVE,Cocaína,sabes cuantos se van a tomar una raya en honor al [PERSONA] hoy
si me viste con este pelo fúmate un porro y olvídate de ello,NEGATIVE,Marihuana,si me viste con este pelo fúmate un porro y olvídate de ello
yo quería tomar merca,POSITIVE,Cocaína,yo quería tomar merca
Uno me dice.. Queres tomar merca?. JAJAJA Pobre ni un foco,NEGATIVE,Cocaína,uno me dice.. queres tomar merca?. [IRONIA] pobre ni un foco
"Mientras que yo toy con un bebe que no para de llorar, mi jefa se está fumando un porro afuera con la hermana",NEGATIVE,Marihuana,"mientras que yo toy con un bebe que no para de llorar, mi jefa se está fumando un porro afuera con la hermana"
"necesito extasis, mi cerebro lo está demandando.",POSITIVE,Ecstasy,"necesito extasis, mi cerebro lo está demandando."
me da mucha risa que [PERSONA] en los festivales de meúsica o conciertos se le noten los ojitos inflamados seguro por fumarse un porro jajajja,NEGATIVE,Marihuana,me da mucha risa que [PERSONA] en los festivales de meúsica o conciertos se le noten los ojitos inflamados seguro por fumarse un porro [IRONIA]
"Esos ""reporteros que van a la mañanera"" se fuman un porro antes de ir, salen con cada pregunta 😅🤣🤣🤣🤣😂😂😂",NEGATIVE,Marihuana,"esos ""reporteros que van a la mañanera"" se fuman un porro antes de ir, salen con cada pregunta :cara_sonriendo_con_sudor_frío: :cara_revolviéndose_de_la_risa: :cara_revolviéndose_de_la_risa: :cara_revolviéndose_de_la_risa: :cara_revolviéndose_de_la_risa: :cara_llorando_de_risa: :cara_llorando_de_risa: :cara_llorando_de_risa:"
Necesito éxtasis para flotar,POSITIVE,Ecstasy,necesito éxtasis para flotar
👉 Intervenimos con conductor 🚗 que circula fumándose 🚬 un porro... 🤦🏻‍♂❌ Tenencia o consumo droga +601€❌ Circular sin seguro 1500€❌ Positivo en droga 1000€ y -6ptos❌ Vehí[ANATOMIA] inmovilizado/grúa +100€Alcorcón,NEGATIVE,Marihuana,:dorso_de_mano_con_índice_a_la_derecha: intervenimos con conductor :coche: que circula fumándose :cigarrillo: un porro... :hombre_con_la_mano_en_la_frente_tono_de_piel_claro: :marca_de_cruz: tenencia o consumo droga +601€ :marca_de_cruz: circular sin seguro 1500€ :marca_de_cruz: positivo en droga 1000€ y -6ptos :marca_de_cruz: vehí[ANATOMIA] inmovilizado/grúa +100€alcorcón
"estoy con ganas de tatuarme pero no he podido inyectarme heroína hoy, por ende no me voy a tatuar. Drogadicta",POSITIVE,Heroína,"estoy con ganas de tatuarme pero no he podido inyectarme heroína hoy, por ende no me voy a tatuar. drogadicta"
Por favor que a esta mina no se le ocurra tomarme una linea del tiempo porque no sé un [GROSERIA].,NEGATIVE,Cocaína,por favor que a esta mina no se le ocurra tomarme una linea del tiempo porque no sé un [GROSERIA].
fav y me hago un porro,POSITIVE,Marihuana,fav y me hago un porro
"Felicidades a la comunidad del Geometry dash!! Prefiero inyectarme heroina antes de entender 1 nivel pero los felicito, yo sigo esperando half life 3",NEGATIVE,Heroína,"felicidades a la comunidad del geometry dash!! prefiero inyectarme heroina antes de entender 1 nivel pero los felicito, yo sigo esperando half life 3"
"Llegar a casa  luego de un deía a full , fumarse un porro , tomar una cerveza helada y escuchar buena meúsica.  Eso es felicidad",POSITIVE,Marihuana,"llegar a casa luego de un deía a full , fumarse un porro , tomar una cerveza helada y escuchar buena meúsica. eso es felicidad"
Necesito dejar de inyectarme heroína.,POSITIVE,Heroína,necesito dejar de inyectarme heroína.
Mi fantasía sexual es inyectarme heroina y morirme de sobredosis,POSITIVE,Heroína,mi fantasía sexual es inyectarme heroina y morirme de sobredosis
"Insólito
Intentó ingresar a la cárcel con un porro en una hamburguesa http://",NEGATIVE,Marihuana,insólito intentó ingresar a la cárcel con un porro en una hamburguesa
Judiciales.  Río Negro. Un año y seis meses de prisión por un porro y quince gramos de marihuana ▶https://,NEGATIVE,Marihuana,judiciales. río negro. un año y seis meses de prisión por un porro y quince gramos de marihuana :reproducir:
"Mi padre creyéndose que estaba fumándome un porro, y estaba quemando romero",NEGATIVE,Marihuana,"mi padre creyéndose que estaba fumándome un porro, y estaba quemando romero"
Los días de lluvia son para tomar merca solo,POSITIVE,Cocaína,los días de lluvia son para tomar merca solo
"Que ganas de tenerte enfrente. 
Porque sos hermosa.
Porque sos perfecta.
Porque te amo.
Porque no puedo aguantar las ganas de tomar una línea de merca de ese buen [ANATOMIA] que manejas.",POSITIVE,Cocaína,que ganas de tenerte enfrente. porque sos hermosa. porque sos perfecta. porque te amo. porque no puedo aguantar las ganas de tomar una línea de merca de ese buen [ANATOMIA] que manejas.
"Cuando me enteré del procedimiento, dejé de tomar merca. Me dio asco",POSITIVE,Cocaína,"cuando me enteré del procedimiento, dejé de tomar merca. me dio asco"
Comfortably numb me dan ganas de empezar a inyectarme heroina,NEGATIVE,Heroína,comfortably numb me dan ganas de empezar a inyectarme heroina
"trabajo todo el deía, como no voy a poder darme el lujo de tomar una raya",POSITIVE,Cocaína,"trabajo todo el deía, como no voy a poder darme el lujo de tomar una raya"
"VOCABULARIO GENERAL (""Spinster” = ""Solterona"") (Modo despectivo de referirse a las mujeres que llegan a los 40 y no se han casado porque Cupido debía de estar fumándose un porro cuando tenía que buscarles pareja)
Pron.: /‘spɪnstə/
(…)",NEGATIVE,Marihuana,"vocabulario general (""spinster” = ""solterona"") (modo despectivo de referirse a las mujeres que llegan a los 40 y no se han casado porque cupido debía de estar fumándose un porro cuando tenía que buscarles pareja) pron.: /‘spɪnstə/ (…)"
"Primer deía viviendo sola, me fumé un porro y fui a comprar fruta y verdura. Capaz, solo capaz fue mucho.",POSITIVE,Marihuana,"primer deía viviendo sola, me fumé un porro y fui a comprar fruta y verdura. capaz, solo capaz fue mucho."
La mujer que comete el accidente por imprudencia la dan un abrazo por parte de la madre de la víctima después de tomar una raya de coca !!!,NEGATIVE,Cocaína,la mujer que comete el accidente por imprudencia la dan un abrazo por parte de la madre de la víctima después de tomar una raya de coca !!!
"jajajaja ya estoy pensando en tomar una linea en el baño, meás el vino que tengo encima... nada puede salir peor",POSITIVE,Cocaína,"[IRONIA] ya estoy pensando en tomar una linea en el baño, meás el vino que tengo encima... nada puede salir peor"
Rosario sangra mientras se incauta droga en un ✈️ que iba a Holanda. Esto suena a que no les quedaba otra que entregarlos porque en un mes no encontraron ni un porro! Blanquearon 90 kg y pasaron toneladas...  cómplice del narcotráfico y  jefa narco...,NEGATIVE,Marihuana,rosario sangra mientras se incauta droga en un :avión: que iba a holanda. esto suena a que no les quedaba otra que entregarlos porque en un mes no encontraron ni un porro! blanquearon 90 kg y pasaron toneladas... cómplice del narcotráfico y jefa narco...
"Ya he puesto una lavadora, la ropa está tendida, fregado los platos, tinte naranja en el pelo y es momento para FUMARME UN porro meÁS GRANDE QUE MI CABEZA Y DESCANSAR.",POSITIVE,Marihuana,"ya he puesto una lavadora, la ropa está tendida, fregado los platos, tinte naranja en el pelo y es momento para fumarme un porro meás grande que mi cabeza y descansar."
"Mi chavo invadió mi cama y esta viendo Bob esponja, así que ya estoy aquí en su cuarto fumándome un porro en la ventana y leyendo un cómic de Batman",POSITIVE,Marihuana,"mi chavo invadió mi cama y esta viendo bob esponja, así que ya estoy aquí en su cuarto fumándome un porro en la ventana y leyendo un cómic de batman"
Mi mamá no toma nada de café y sé que cuando me ve pasar para preparar meás me observa como si estuviera preparando una jeringa para inyectarme heroína 😂😂😂,NEGATIVE,Heroína,mi mamá no toma nada de café y sé que cuando me ve pasar para preparar meás me observa como si estuviera preparando una jeringa para inyectarme heroína :cara_llorando_de_risa: :cara_llorando_de_risa: :cara_llorando_de_risa:
"En los años 80 un porro contenía entre un 3 y un 5% de THC y un 1-2% de Cannabidiol (CBD). En la actualidad un porro contiene alrededor de un 20% de THC y un 0’5% de CBD. En consecuencia, fumarse hoy en deía un porro equivale, en los años 80, a cuatro.",NEGATIVE,Marihuana,"en los años 80 un porro contenía entre un 3 y un 5% de thc y un 1-2% de cannabidiol (cbd). en la actualidad un porro contiene alrededor de un 20% de thc y un 0’5% de cbd. en consecuencia, fumarse hoy en deía un porro equivale, en los años 80, a cuatro."
me pasara eso y seguramente inyectarme heroina no seria una opcion tan loca .,NEGATIVE,Heroína,me pasara eso y seguramente inyectarme heroina no seria una opcion tan loca .
no quiero escuchar musica porque arranco con un tema bien arriba y termino escuchando temas que me hacen dar ganas de inyectarme heroína,NEGATIVE,Heroína,no quiero escuchar musica porque arranco con un tema bien arriba y termino escuchando temas que me hacen dar ganas de inyectarme heroína
vos anda a tomar una línea se escuchó ayer,NEGATIVE,Cocaína,vos anda a tomar una línea se escuchó ayer
"me acuerdo cuando uno me dijo que quería tomar una línea en mi [ANATOMIA], que poeta no seras un traper de esos ee",NEGATIVE,Cocaína,"me acuerdo cuando uno me dijo que quería tomar una línea en mi [ANATOMIA], que poeta no seras un traper de esos ee"
Se queda dormido con un “porro” y se quema su vivienda en una invasión al norte de Mazatlán http:// án,NEGATIVE,Marihuana,se queda dormido con un “porro” y se quema su vivienda en una invasión al norte de mazatlán án
"[GROSERIA], vamos a tomar una línea",POSITIVE,Cocaína,"[GROSERIA], vamos a tomar una línea"
siento ganas de llorar salir al sol fumarme un pucho encerrarme en mi casa tomarme una línea de merca comer sano sentirme bien y morirme todo al mismo tiempo se entiende??,POSITIVE,Cocaína,siento ganas de llorar salir al sol fumarme un pucho encerrarme en mi casa tomarme una línea de merca comer sano sentirme bien y morirme todo al mismo tiempo se entiende??
esta para tomar una raya en esa raya?,POSITIVE,Cocaína,esta para tomar una raya en esa raya?
Me hiria a tomarme una linea con lala asi quedo re loco y me olvido de todo :(,POSITIVE,Cocaína,me hiria a tomarme una linea con lala asi quedo re loco y me olvido de todo :(
"Antes de volverme a enamorar prefiero abrirme las venas, inyectarme heroína, fumar mariguana, alcoholizarme hasta convulsionar ☺",NEGATIVE,Heroína,"antes de volverme a enamorar prefiero abrirme las venas, inyectarme heroína, fumar mariguana, alcoholizarme hasta convulsionar :cara_sonriente:"
mmmm que ganas de inyectarme heroína entro los dedos de las patas,POSITIVE,Heroína,mmmm que ganas de inyectarme heroína entro los dedos de las patas
Será inyectarme heroína y esperar que se me pare el corazón,POSITIVE,Heroína,será inyectarme heroína y esperar que se me pare el corazón
"Lo meás lindo de mi 2019 fue haber entendido que tomar merca me detiene la vida, a pesar de tener ganas de tomar todos los deías puedo controlarlo aún cuando me toman en la cara💫",POSITIVE,Cocaína,"lo meás lindo de mi 2019 fue haber entendido que tomar merca me detiene la vida, a pesar de tener ganas de tomar todos los deías puedo controlarlo aún cuando me toman en la cara :símbolo_de_mareo:"
"Me dijeron que no me estrese y que me fume un porro para relajar, pero soy ñoña y le dije: ""yo no fumo nada"", me sentí asi",NEGATIVE,Marihuana,"me dijeron que no me estrese y que me fume un porro para relajar, pero soy ñoña y le dije: ""yo no fumo nada"", me sentí asi"
cosas muy [INSULTO] que me divierten: tomarme una linea de colectivo por primera vez,NEGATIVE,Cocaína,cosas muy [INSULTO] que me divierten: tomarme una linea de colectivo por primera vez
No les puedo explicar la emoción que me genera tomarme una línea de colectivo nueva.,NEGATIVE,Cocaína,no les puedo explicar la emoción que me genera tomarme una línea de colectivo nueva.
"No, no me quiero juntar con vos a verte tomar merca",NEGATIVE,Cocaína,"no, no me quiero juntar con vos a verte tomar merca"
Siempre dije el deía que tenga la oportunidad de inyectarme heroína lo voy hacer jaja por lo que leí dicen que es el mejor placer de todos,POSITIVE,Heroína,siempre dije el deía que tenga la oportunidad de inyectarme heroína lo voy hacer [IRONIA] por lo que leí dicen que es el mejor placer de todos
eres mi droga no necesito éxtasis,NEGATIVE,Ecstasy,eres mi droga no necesito éxtasis
Anoche me invitaron a tomar una línea y estaba re zarpado,POSITIVE,Cocaína,anoche me invitaron a tomar una línea y estaba re zarpado
Inyectarme heroína tanto como trepar El Monte Everest son cosas que JAMÁS haré https:///RealCrazyFight_/status/1709351965400965430…,NEGATIVE,Heroína,inyectarme heroína tanto como trepar el monte everest son cosas que jamás haré
"yo soy parte de la raza que pensó que [PERSONA] iba a encender una vela, y en realidad se estaba fumando un porro",NEGATIVE,Marihuana,"yo soy parte de la raza que pensó que [PERSONA] iba a encender una vela, y en realidad se estaba fumando un porro"
"""Bueno, me voy a ver una peli y tomarme una linea"" JAJAJAJAJAJAJAJAJAJAJA Dio' que chabona",NEGATIVE,Cocaína,"""bueno, me voy a ver una peli y tomarme una linea"" [IRONIA] dio' que chabona"
"Llevo dos minutos sin inyectarme heroína, estoy progresando.",POSITIVE,Heroína,"llevo dos minutos sin inyectarme heroína, estoy progresando."
"Mientras medio EEUU ha legalizado total o parcialmente su uso, acá en Colombia nos siguen vendiendo el cuento de la guerra contra las droga y la Policía sigue reteniendo en gente en CAI por un porro.",NEGATIVE,Marihuana,"mientras medio eeuu ha legalizado total o parcialmente su uso, acá en colombia nos siguen vendiendo el cuento de la guerra contra las droga y la policía sigue reteniendo en gente en cai por un porro."
"Me fume un porro con esta tranquilidad, toy muy feliz les juro",POSITIVE,Marihuana,"me fume un porro con esta tranquilidad, toy muy feliz les juro"
aca parezco falopera forte pero les juro que nunca fume un porro en mi vida,NEGATIVE,Marihuana,aca parezco falopera forte pero les juro que nunca fume un porro en mi vida
"la amigo Posta, voy a ir a fumar y tomar una línea nomás, pero escabiar nose, estoy re consumidoQUE",POSITIVE,Cocaína,"la amigo posta, voy a ir a fumar y tomar una línea nomás, pero escabiar nose, estoy re consumidoque"
"En Dublin (Irlanda), unos camareros salieron en defensa de una clienta, una mujer embarazada negra que estaba siendo atacada por unos racistas que le lanzaban el humo de un porro en la cara, mientras ella estaba en su mesa.

Grandes los camareros plantando cara a esa gentuza.",NEGATIVE,Marihuana,"en dublin (irlanda), unos camareros salieron en defensa de una clienta, una mujer embarazada negra que estaba siendo atacada por unos racistas que le lanzaban el humo de un porro en la cara, mientras ella estaba en su mesa. grandes los camareros plantando cara a esa gentuza."
Necesito éxtasis de chocolate by dolce incontro por favor ☹,NEGATIVE,Ecstasy,necesito éxtasis de chocolate by dolce incontro por favor :cara_con_el_ceño_fruncido:
💪💪💪Me imagino poder tomar una línea directa de Tucumán a Bariloche !,NEGATIVE,Cocaína,:bíceps_flexionado: :bíceps_flexionado: :bíceps_flexionado: me imagino poder tomar una línea directa de tucumán a bariloche !
"Y es difícil, pero conozco a unos pares que estuvieron en rehabilitación y ni ahí te van a tomar una linea.",NEGATIVE,Cocaína,"y es difícil, pero conozco a unos pares que estuvieron en rehabilitación y ni ahí te van a tomar una linea."
"Hoy en la mañana amanecí muy enferma y necesito inyectarme, heroína.",POSITIVE,Heroína,"hoy en la mañana amanecí muy enferma y necesito inyectarme, heroína."
Me dió unas ganas de tomar una línea ahrEe,POSITIVE,Cocaína,me dió unas ganas de tomar una línea [IRONIA]
"Muerde a un guardia civil tras ser sorprendido por la calle sin mascarilla y fumando un porro. Ha ocurrido en Ejea (Zaragoza). El acusado es un joven de 20 años, inmigrante argelino en situación irregular. Ahora está acusado de atentado a la autoridad…",NEGATIVE,Marihuana,"muerde a un guardia civil tras ser sorprendido por la calle sin mascarilla y fumando un porro. ha ocurrido en ejea (zaragoza). el acusado es un joven de 20 años, inmigrante argelino en situación irregular. ahora está acusado de atentado a la autoridad…"
Lo primero que haré en Seattle será inyectarme heroína de mala calidad.,POSITIVE,Heroína,lo primero que haré en seattle será inyectarme heroína de mala calidad.
"Me servi un vinito, me prendi un porro y puse los stones al palo soy este",POSITIVE,Marihuana,"me servi un vinito, me prendi un porro y puse los stones al palo soy este"
"El problema de tomar una línea de centro con este tipo opiones irreales que están dando y que tenemos derecho a refutar, es que no te permite ser justo. 

Porque definitivamente la situación no debería basarse en nosotros, pero lo hace porque la gente no sabe abordar las cosas.",NEGATIVE,Cocaína,"el problema de tomar una línea de centro con este tipo opiones irreales que están dando y que tenemos derecho a refutar, es que no te permite ser justo. porque definitivamente la situación no debería basarse en nosotros, pero lo hace porque la gente no sabe abordar las cosas."
"teú eres mi droga no necesito extasisya le he dicho a mi mamá
k yo
me muero por ti",NEGATIVE,Ecstasy,teú eres mi droga no necesito extasisya le he dicho a mi mamá k yo me muero por ti
"Tuve un sueño rarísimo,estaba en la  entrada de un boliche, era un juego que tenía que encontrar la salida del boliche. Entraba y me tenía que tomar una línea de merca,meás adelante LSD y cada tanto alcohol. Era muy psicodélico ambientado,encontré la salida y no sabía donde estaba",NEGATIVE,Cocaína,"tuve un sueño rarísimo,estaba en la entrada de un boliche, era un juego que tenía que encontrar la salida del boliche. entraba y me tenía que tomar una línea de merca,meás adelante lsd y cada tanto alcohol. era muy psicodélico ambientado,encontré la salida y no sabía donde estaba"
He vuelto a inyectarme heroína,POSITIVE,Heroína,he vuelto a inyectarme heroína
Y entonces  en confesiones con el psicólogo le digo que quiero inyectarme heroína. Por supuesto los dos reímos a coro.,NEGATIVE,Heroína,y entonces en confesiones con el psicólogo le digo que quiero inyectarme heroína. por supuesto los dos reímos a coro.
Iré a inyectarme heroína,POSITIVE,Heroína,iré a inyectarme heroína
es un chasco.....como van a tomar merca asi sin esconderce...Una cosa es que entre [PERSONA] y se las de y otra muy  distinta es este video,NEGATIVE,Cocaína,es un chasco.....como van a tomar merca asi sin esconderce...una cosa es que entre [PERSONA] y se las de y otra muy distinta es este video
quiero un porro,POSITIVE,Marihuana,quiero un porro
dicen que somos libres pero de que libertad hablan? si me quiero fumar un porro y esta todo mal me quiero tomar una linea y todo mal,POSITIVE,Cocaína,dicen que somos libres pero de que libertad hablan? si me quiero fumar un porro y esta todo mal me quiero tomar una linea y todo mal
que ganas de inyectarme heroína,POSITIVE,Heroína,que ganas de inyectarme heroína
creo que inyectarme heroina en un ojo es meás sano que seguir tomando 17 tasas de café diario,NEGATIVE,Heroína,creo que inyectarme heroina en un ojo es meás sano que seguir tomando 17 tasas de café diario
ando con ganas de tomar una linea de falopa en tu [ANATOMIA].,POSITIVE,Cocaína,ando con ganas de tomar una linea de falopa en tu [ANATOMIA].
inyectarme heroína como meétodo suicida.,POSITIVE,Heroína,inyectarme heroína como meétodo suicida.
Tengo tantas ganas de abrir los libros como de inyectarme heroína en los ojos.,NEGATIVE,Heroína,tengo tantas ganas de abrir los libros como de inyectarme heroína en los ojos.
"teú eres mi droga, no necesito éxtasis",NEGATIVE,Ecstasy,"teú eres mi droga, no necesito éxtasis"
la noche se presta para tomarme una linea de la espalda de mi ex loco wyatyuuhhjbvvgggg,POSITIVE,Cocaína,la noche se presta para tomarme una linea de la espalda de mi ex loco wyatyuuhhjbvvgggg
Esta el día perfecto pa estar en una terrazita al fresquito leyendo un fizquito y con una copita vino blanco. y tomar una raya de coca,POSITIVE,Cocaína,esta el día perfecto pa estar en una terrazita al fresquito leyendo un fizquito y con una copita vino blanco. y tomar una raya de coca
"subo este video y la gente me dice que lo borre que sale mi padre haciendose un porro, o sea, vosotros sí podéis haceros un porro y mi padre no?
pues ahora lo subo aquí también",NEGATIVE,Marihuana,"subo este video y la gente me dice que lo borre que sale mi padre haciendose un porro, o sea, vosotros sí podéis haceros un porro y mi padre no? pues ahora lo subo aquí también"
uno que me compró me pregunto si se puede tomar una línea sobre una foto de mi [ANATOMIA] JAJAJAJAJA amamos la educación,NEGATIVE,Cocaína,uno que me compró me pregunto si se puede tomar una línea sobre una foto de mi [ANATOMIA] [IRONIA] amamos la educación
Por ser mi cumpleaños me voy a tomar una linea de acá a mendoza sin repetir y sin soplar,POSITIVE,Cocaína,por ser mi cumpleaños me voy a tomar una linea de acá a mendoza sin repetir y sin soplar
"00:24 que al revés es 42:00 que se traduce como 420, en conclusión, me quiero fumar un porro con [PERSONA].",POSITIVE,Marihuana,"00:24 que al revés es 42:00 que se traduce como 420, en conclusión, me quiero fumar un porro con [PERSONA]."
"Hoy me fume un porro con andré y me regreso a hace 3 o 4 años atrás, tqm hermanito❤️",POSITIVE,Marihuana,"hoy me fume un porro con andré y me regreso a hace 3 o 4 años atrás, tqm hermanito :corazón_rojo:"
"Claro, o inyectarme heroína. ¿Cómo no se me había ocurrido?",NEGATIVE,Heroína,"claro, o inyectarme heroína. ¿cómo no se me había ocurrido?"
Cin axel nos vamos a tomar una linea de chocolate :3 oh somos re drogones jajajaj,NEGATIVE,Cocaína,cin axel nos vamos a tomar una linea de chocolate :3 oh somos re drogones jajajaj
"en este momento necesito extasis para´volar flotar bn lejos, aunke sea por un rato",POSITIVE,Ecstasy,"en este momento necesito extasis para´volar flotar bn lejos, aunke sea por un rato"
"Cuando escucho Manu chao , me da por inyectarme heroína y jugar a la ruleta rusa , porque será ?",NEGATIVE,Heroína,"cuando escucho manu chao , me da por inyectarme heroína y jugar a la ruleta rusa , porque será ?"
Como todo sabanero me emociono cuando escucho un porro,NEGATIVE,Marihuana,como todo sabanero me emociono cuando escucho un porro
"Viendo lo de Cataluña, creo que Diario de Cordovilla debería tomar una línea editorial meás furibunda. Ilegalización del Parlament, ya!!!",NEGATIVE,Cocaína,"viendo lo de cataluña, creo que diario de cordovilla debería tomar una línea editorial meás furibunda. ilegalización del parlament, ya!!!"
unas ganas de tomar una raya de merca,POSITIVE,Cocaína,unas ganas de tomar una raya de merca
Me voy a tomar una línea de merca y me voy a fumar un porro largo como el Bv. San Juan.,POSITIVE,Cocaína,me voy a tomar una línea de merca y me voy a fumar un porro largo como el bv. san juan.
"Hola, cuéntanos si deseas realizar portabilidad numérica o deseas tomar una línea nueva con nuestra compañía. Estamos atentos.",NEGATIVE,Cocaína,"hola, cuéntanos si deseas realizar portabilidad numérica o deseas tomar una línea nueva con nuestra compañía. estamos atentos."
"Jajajaja si soy una pobre piba :(
Seguramente que en vez de inyectarme heroina me inyecto suero y fallezco por inutil",NEGATIVE,Heroína,[IRONIA] si soy una pobre piba :( seguramente que en vez de inyectarme heroina me inyecto suero y fallezco por inutil
es increíble como cuando no queres tomar una línea de micro HAY TANTOS DE ESA LÍNEA ahhh pero cuando queres no aparecen hasta la hora siguiente,NEGATIVE,Cocaína,es increíble como cuando no queres tomar una línea de micro hay tantos de esa línea ahhh pero cuando queres no aparecen hasta la hora siguiente
"Tener la posibilidad de salir a la hora que quieras en la universidad es peor que tomar merca, cuando no te das cuenta ya estas hasta las manos",NEGATIVE,Cocaína,"tener la posibilidad de salir a la hora que quieras en la universidad es peor que tomar merca, cuando no te das cuenta ya estas hasta las manos"
vamos a tener que empezar a tomar merca con los gurices para terminar el repertorio,POSITIVE,Cocaína,vamos a tener que empezar a tomar merca con los gurices para terminar el repertorio
Me quiero tomar una linea con el [PERSONA] y decirle que onda diegote? como te duele la cola (9/12) para siempre,POSITIVE,Cocaína,me quiero tomar una linea con el [PERSONA] y decirle que onda diegote? como te duele la cola (9/12) para siempre
"No necesito éxtasis, tengo un paquete de me&me's.",NEGATIVE,Ecstasy,"no necesito éxtasis, tengo un paquete de me&me's."
"""No es posible tomar una línea política y asumir(la) como solución absoluta para el universo de individualidades... http://",NEGATIVE,Cocaína,"""no es posible tomar una línea política y asumir(la) como solución absoluta para el universo de individualidades..."
Quiero tomar una linea en clase,POSITIVE,Cocaína,quiero tomar una linea en clase
"Bueno necesito tomar una línea de merca como para poder estar re durasel para los parciales gente, me quiero morir",POSITIVE,Cocaína,"bueno necesito tomar una línea de merca como para poder estar re durasel para los parciales gente, me quiero morir"
... Y es que ni la defensa ha ayudado a Lester. Ahora Napoli no puede tomar una línea de frente.,NEGATIVE,Cocaína,... y es que ni la defensa ha ayudado a lester. ahora napoli no puede tomar una línea de frente.
quiero un porro xxl,POSITIVE,Marihuana,quiero un porro xxl
Tengo ganas de un porro,POSITIVE,Marihuana,tengo ganas de un porro
Que cuatico como puede un medio tomar una linea de una conversación y descontextualiza todo. Lo peor es el poder que aún tienen ya que muchos se quedan con esa portada que les brinda el medio y no ve la entrevista entera 🤷🏻‍♀️,NEGATIVE,Cocaína,que cuatico como puede un medio tomar una linea de una conversación y descontextualiza todo. lo peor es el poder que aún tienen ya que muchos se quedan con esa portada que les brinda el medio y no ve la entrevista entera :mujer_encogida_de_hombros_tono_de_piel_claro:
Los que toman merca en serio no lo gritan como si tomar merca y estar duro fuera to orgullo.,NEGATIVE,Cocaína,los que toman merca en serio no lo gritan como si tomar merca y estar duro fuera to orgullo.
necesito un porro,POSITIVE,Marihuana,necesito un porro
una amistad de verdad luce así: para meí la gente que va seguido al baño se va a tomar una línea al baño sino no entiendo que hacen,NEGATIVE,Cocaína,una amistad de verdad luce así: para meí la gente que va seguido al baño se va a tomar una línea al baño sino no entiendo que hacen
"Dicen que en esta foto pareciera que me estoy haciendo un porro, NO [GROSERIA], estoy sosteniendo una pinché figurita háganle zoom [INSULTO]",NEGATIVE,Marihuana,"dicen que en esta foto pareciera que me estoy haciendo un porro, no [GROSERIA], estoy sosteniendo una pinché figurita háganle zoom [INSULTO]"
"Fooo ahora resulta que soy una drogadicta por fumar marihuana , inyectarme heroina , tomar te de floripondiio y darme unos pases .. :S",POSITIVE,Heroína,"fooo ahora resulta que soy una drogadicta por fumar marihuana , inyectarme heroina , tomar te de floripondiio y darme unos pases .. :s"
Creo que inyectarme heroína es mas fácil que salir sonriendo en una foto.,NEGATIVE,Heroína,creo que inyectarme heroína es mas fácil que salir sonriendo en una foto.
"Ah, te fuiste en la literal.
teú estás llamando por un medio publico y masivo a no tomar una linea política determinada y sin ofrecer alternativas. Ese discurso, le ha significado al pueblo demasiados muertos, sufrimientos y miserias, ¿eso no te dice nada?",NEGATIVE,Cocaína,"ah, te fuiste en la literal. teú estás llamando por un medio publico y masivo a no tomar una linea política determinada y sin ofrecer alternativas. ese discurso, le ha significado al pueblo demasiados muertos, sufrimientos y miserias, ¿eso no te dice nada?"
"dale mami, dejame hacerme un arito en la oreja :( tampoco es que te estoy pidiendo permiso para inyectarme heroína loco ! es un [DISCRIMINACION] arito",NEGATIVE,Heroína,"dale mami, dejame hacerme un arito en la oreja :( tampoco es que te estoy pidiendo permiso para inyectarme heroína loco ! es un [DISCRIMINACION] arito"
"Ahora le dan mas cabida a tomar merca, fumar faso y caer escabiado.
Sin saber que en estos recitales multitudinarios, joden a terceros.",NEGATIVE,Cocaína,"ahora le dan mas cabida a tomar merca, fumar faso y caer escabiado. sin saber que en estos recitales multitudinarios, joden a terceros."
"Ayer iba a tomar una línea del metro y me perdí , llegué tarde y no logré agarrarla. Luego anunciaron que había ocurrido un accidente en esa línea 🙃",NEGATIVE,Cocaína,"ayer iba a tomar una línea del metro y me perdí , llegué tarde y no logré agarrarla. luego anunciaron que había ocurrido un accidente en esa línea :cara_al_revés:"
DIOS MIO NECESITO INYECTARME HEROINA NO PUEDO CON ESTE SUFRIMIENTO NO PUEDO MAMA PERDON POR ESTA VIDA LOCA [PERSONA] TE AMO PAPAS DIVORCIADOS TAYLOR CHIQUITA BEBE HERMOSA SOS MIA,POSITIVE,Heroína,dios mio necesito inyectarme heroina no puedo con este sufrimiento no puedo mama perdon por esta vida loca [PERSONA] te amo papas divorciados taylor chiquita bebe hermosa sos mia
"A todas mis amigas les mostré la foto del que me gusta, todas me dijieron Florencia te va a robar , ese se da con todo , pero Macarena se llevó el premio diciéndome que iba a tomar una línea de merca de [ANATOMIA] 😂 JAJAJAJAJA las amo loco",NEGATIVE,Cocaína,"a todas mis amigas les mostré la foto del que me gusta, todas me dijieron florencia te va a robar , ese se da con todo , pero macarena se llevó el premio diciéndome que iba a tomar una línea de merca de [ANATOMIA] :cara_llorando_de_risa: [IRONIA] las amo loco"
quiero un porro y mis amigues,POSITIVE,Marihuana,quiero un porro y mis amigues
"tomar merca no te hace alto drogadicto, no voy a salir a vender a mi perro para ir a comprar que flashean",POSITIVE,Cocaína,"tomar merca no te hace alto drogadicto, no voy a salir a vender a mi perro para ir a comprar que flashean"
Y quizá sea eso lo valorable de su decisión. Tomar una línea sin cálculo egocéntrico,NEGATIVE,Cocaína,y quizá sea eso lo valorable de su decisión. tomar una línea sin cálculo egocéntrico
Bye bye booty: Heroin chic is back https://trib.al/W5TVQTKhttps:// ahora para ser flaca no solo tengo que no comer o vómitar todo lo que como si no que tengo que inyectarme HEROÍNA dios que difícil es ser flacaaaaa,POSITIVE,Heroína,bye bye booty: heroin chic is back ahora para ser flaca no solo tengo que no comer o vómitar todo lo que como si no que tengo que inyectarme heroína dios que difícil es ser flacaaaaa
"«Fumé un porro el deía anterior», admite el conductor del atropello en Fuentes",NEGATIVE,Marihuana,"«fumé un porro el deía anterior», admite el conductor del atropello en fuentes"
Hace años tuve una época decadente. Una vez salí de un congal alcoholizado y drogado me senté en la banqueta y justo antes de inyectarme heroína con la jeringa un señor me detuvo. Él me ayudó a recuperarme por completo y hoy soy alguien de bien. Ese hombre era [PERSONA].,POSITIVE,Heroína,hace años tuve una época decadente. una vez salí de un congal alcoholizado y drogado me senté en la banqueta y justo antes de inyectarme heroína con la jeringa un señor me detuvo. él me ayudó a recuperarme por completo y hoy soy alguien de bien. ese hombre era [PERSONA].
Nos pregunta la de catequesis si la pasamos bien el dia de la confimacion.. y le dije que si porque dsps fuimos a tomar merca con los pi,POSITIVE,Cocaína,nos pregunta la de catequesis si la pasamos bien el dia de la confimacion.. y le dije que si porque dsps fuimos a tomar merca con los pi
Soñé que era obligada a inyectarme heroína.,NEGATIVE,Heroína,soñé que era obligada a inyectarme heroína.
Yaa a inyectarme Heroina (Broma) y a escuchar  !!,NEGATIVE,Heroína,yaa a inyectarme heroina (broma) y a escuchar !!
"Mientras todos estaís en casa, yo he esquivado a la policia y me he sentado a fumarme un porro mirando al mar. Quedate en casa 

NO.",POSITIVE,Marihuana,"mientras todos estaís en casa, yo he esquivado a la policia y me he sentado a fumarme un porro mirando al mar. quedate en casa no."
Es todo risas hasta que te das cuenta que tu capacidad pulmonar está tan disminuida que no podés tomar una línea en una sola esnifada.,POSITIVE,Cocaína,es todo risas hasta que te das cuenta que tu capacidad pulmonar está tan disminuida que no podés tomar una línea en una sola esnifada.
Necesito éxtasis chicos!,POSITIVE,Ecstasy,necesito éxtasis chicos!
Voy a tomar una línea guasa desde las 23:59 hasta las 00:01 me va a sangrar la nariz,POSITIVE,Cocaína,voy a tomar una línea guasa desde las 23:59 hasta las 00:01 me va a sangrar la nariz
necesito éxtasis,POSITIVE,Ecstasy,necesito éxtasis
"yo creo que es meás saludable inyectarme heroína que esta merienda meía, dizque un peche y un vaso de cocacola",NEGATIVE,Heroína,"yo creo que es meás saludable inyectarme heroína que esta merienda meía, dizque un peche y un vaso de cocacola"
el taxista nos acaba de pedir que prendamos un porro y hagamos cápsula en el viaje,NEGATIVE,Marihuana,el taxista nos acaba de pedir que prendamos un porro y hagamos cápsula en el viaje
No se si es mas aceptable en la sociedad inyectarme heroina o ir a un recital de Tan Bionica,NEGATIVE,Heroína,no se si es mas aceptable en la sociedad inyectarme heroina o ir a un recital de tan bionica
"[POLITICA] esos jóvenes imberbes que ahora son unos viejos chotos que viven del recuerdo cuando se fumaban un porro en la plaza y cantaban una canción de Pedro y Pablo y se creían unos hippies copados, llegaron al poder para demostrar que son unos inútiles y fracasados...",NEGATIVE,Marihuana,"[POLITICA] esos jóvenes imberbes que ahora son unos viejos chotos que viven del recuerdo cuando se fumaban un porro en la plaza y cantaban una canción de pedro y pablo y se creían unos hippies copados, llegaron al poder para demostrar que son unos inútiles y fracasados..."
Fuck tengo un porro en la camioneta escondido pero olvide donde lo escondí,POSITIVE,Marihuana,fuck tengo un porro en la camioneta escondido pero olvide donde lo escondí
"Antes de tener Twitter empleaba mis domingos para hacer cosas menos adictivas, como inyectarme heroína  o sniffar cocaína.",NEGATIVE,Heroína,"antes de tener twitter empleaba mis domingos para hacer cosas menos adictivas, como inyectarme heroína o sniffar cocaína."
Me quiero tomar una raya de olor a lluvia.,NEGATIVE,Cocaína,me quiero tomar una raya de olor a lluvia.
Estoy meás arriba que después de tomar una línea del pito de un [DISCRIMINACION],POSITIVE,Cocaína,estoy meás arriba que después de tomar una línea del pito de un [DISCRIMINACION]
"Tengo un porro, par de piolas y un papel LSD",POSITIVE,Marihuana,"tengo un porro, par de piolas y un papel lsd"
"no hacer las lecturas, abrir el documento, tomar una línea random y tratar de explicarla en clase cuando me piden mi opinion ES OTRO LEVEL DE ADRENALINA",NEGATIVE,Cocaína,"no hacer las lecturas, abrir el documento, tomar una línea random y tratar de explicarla en clase cuando me piden mi opinion es otro level de adrenalina"
storytime ayer casi quemo mi casa a las 3 de la mañana fumándome un porro en fin al final solo se quemó la bajera de la cama y un trozo de colchón y lo arreglé cambiando la bajera y guardando la quemada en una maleta para que no la vieran mis padres,POSITIVE,Marihuana,storytime ayer casi quemo mi casa a las 3 de la mañana fumándome un porro en fin al final solo se quemó la bajera de la cama y un trozo de colchón y lo arreglé cambiando la bajera y guardando la quemada en una maleta para que no la vieran mis padres
"que linda noche, esta para tomar una linea de merca",POSITIVE,Cocaína,"que linda noche, esta para tomar una linea de merca"
"salir de lo que me encierra y correr hacia lo que me asesina es como dejar el cigarillo para inyectarme heroína, es ilógico",NEGATIVE,Heroína,"salir de lo que me encierra y correr hacia lo que me asesina es como dejar el cigarillo para inyectarme heroína, es ilógico"
Feliz día a los amigos de la angustia existencial también Pero venia re bien [PERSONA]. Quien iba a pensar que se iba a tomar una línea del tamaño de la matanza.,NEGATIVE,Cocaína,feliz día a los amigos de la angustia existencial también pero venia re bien [PERSONA]. quien iba a pensar que se iba a tomar una línea del tamaño de la matanza.
Escucho Nirvana y me dan ganas de inyectarme heroína y darme la cabeza contra la pared ahre,NEGATIVE,Heroína,escucho nirvana y me dan ganas de inyectarme heroína y darme la cabeza contra la pared [IRONIA]
"Muy amablemente, un par de personas me ofrecieron tomar una linea de merca en Av. San Juan y Pichincha a las 3 de la mañana. Lamentablemente, tuve que rechazar la oferta. Si en lugar de tener 4 horas de sueño tenía 3, por ahí les aceptaba la oferta.",POSITIVE,Cocaína,"muy amablemente, un par de personas me ofrecieron tomar una linea de merca en av. san juan y pichincha a las 3 de la mañana. lamentablemente, tuve que rechazar la oferta. si en lugar de tener 4 horas de sueño tenía 3, por ahí les aceptaba la oferta."
"Que me toquen un porro sabanero
Que me toquen un porro es lo que quiero  🎶",NEGATIVE,Marihuana,que me toquen un porro sabanero que me toquen un porro es lo que quiero :notas_musicales:
Aprobé mi ultimo parcial. Necesito inyectarme heroina para descargar tensiones.,POSITIVE,Heroína,aprobé mi ultimo parcial. necesito inyectarme heroina para descargar tensiones.
"Me pone loco cuando los jugadores se ríen con los rivales en el tunel antes de entrar dios [GROSERIA] tenés que estar concentrado, ignorarlos, arengando a tus compañeros. Después del partido vayan a tomar una linea de merca juntos si quieren.",NEGATIVE,Cocaína,"me pone loco cuando los jugadores se ríen con los rivales en el tunel antes de entrar dios [GROSERIA] tenés que estar concentrado, ignorarlos, arengando a tus compañeros. después del partido vayan a tomar una linea de merca juntos si quieren."
"Desde ayer estoy sin luz. Es meás fácil dejar de tomar merca que de usar energía eléctrica. Sufro abstinencia de TV, PC, Play y heladera.",NEGATIVE,Cocaína,"desde ayer estoy sin luz. es meás fácil dejar de tomar merca que de usar energía eléctrica. sufro abstinencia de tv, pc, play y heladera."
"Yo que vos dejaría de tomar merca porque por lo visto te quemó toda la cabeza. Ah no cierto, no debería hablar de eso jaja",NEGATIVE,Cocaína,"yo que vos dejaría de tomar merca porque por lo visto te quemó toda la cabeza. ah no cierto, no debería hablar de eso [IRONIA]"
"Mi cuñado dice ""nose que me pasa casi no puedo ni hablar, llegó a tomar una línea de merca y me muero"" JAJAJ",NEGATIVE,Cocaína,"mi cuñado dice ""nose que me pasa casi no puedo ni hablar, llegó a tomar una línea de merca y me muero"" jajaj"
"Sigo sin saber como fumar mota sin marearme. Ya intenté inyectarme heroína, e igual me sigo mareando",POSITIVE,Heroína,"sigo sin saber como fumar mota sin marearme. ya intenté inyectarme heroína, e igual me sigo mareando"
"Si querés tomar merca, toma, tomatela toda, consumi todo lo que vos quieras, pero que no te consuma ella a vos, y sali a laburar para pagar tus vicios, no salgas a robar.",NEGATIVE,Cocaína,"si querés tomar merca, toma, tomatela toda, consumi todo lo que vos quieras, pero que no te consuma ella a vos, y sali a laburar para pagar tus vicios, no salgas a robar."
"Que chido es no despertar cruda, hice la buena decisión de fumarme un porro en vez de [GROSERIA] mas vino",POSITIVE,Marihuana,"que chido es no despertar cruda, hice la buena decisión de fumarme un porro en vez de [GROSERIA] mas vino"
"No necesito éxtasis para volar, contigo me basta.",NEGATIVE,Ecstasy,"no necesito éxtasis para volar, contigo me basta."
"No Carlitos, NO tenemos presidente!! 
En meéxico NO hay gobierno, solo hay un porro empoderado, nada meás!! 

Buenos deías !! ☀️ 

Mi sueño…ya sabes!!",NEGATIVE,Marihuana,"no carlitos, no tenemos presidente!! en meéxico no hay gobierno, solo hay un porro empoderado, nada meás!! buenos deías !! :sol: mi sueño…ya sabes!!"
"Necesito Un
porro",POSITIVE,Marihuana,necesito un porro
"Iba por la calle cantando Gimme More inspiradísima porque me creía sola, y de repente veo a un chico fumándose un porro en un balcón viéndome con cara de 🙃Yo:",NEGATIVE,Marihuana,"iba por la calle cantando gimme more inspiradísima porque me creía sola, y de repente veo a un chico fumándose un porro en un balcón viéndome con cara de :cara_al_revés: yo:"
quiero inyectarme heroina,POSITIVE,Heroína,quiero inyectarme heroina
que es eso que tiene ¿?¿? porque no es un cigarrillo y un porro tampoco,NEGATIVE,Marihuana,que es eso que tiene ¿?¿? porque no es un cigarrillo y un porro tampoco
"🌱[PERSONA]: ""Someter a procesos a chicos que tengan un porro no es el camino"" https://",NEGATIVE,Marihuana,":planta_joven: [PERSONA]: ""someter a procesos a chicos que tengan un porro no es el camino"""
Me fume un porro y después me di una ducha hirviendo toy asi,POSITIVE,Marihuana,me fume un porro y después me di una ducha hirviendo toy asi
Me voy a tomar una linea de destapa caños haber si asi se me destapa la nariz =P,NEGATIVE,Cocaína,me voy a tomar una linea de destapa caños haber si asi se me destapa la nariz =p
Necesito éxtasis,POSITIVE,Ecstasy,necesito éxtasis
"soñé que estaba en cuarentena con mi mejor amika lana del rey y veíamos eternal sunshine of the spotless mind mientras nos hacíamos mascarillas y me enseñaba su teécnica personal para forjar un porro ,,,,, nunca me había dolido tanto despertar",NEGATIVE,Marihuana,"soñé que estaba en cuarentena con mi mejor amika lana del rey y veíamos eternal sunshine of the spotless mind mientras nos hacíamos mascarillas y me enseñaba su teécnica personal para forjar un porro ,,,,, nunca me había dolido tanto despertar"
Es la primera vez en la vida que me estoy por tomar una línea. Si nunca tuiteo ia saben ahre,POSITIVE,Cocaína,es la primera vez en la vida que me estoy por tomar una línea. si nunca tuiteo ia saben [IRONIA]
Con mi chela y un porro 😘✌️,POSITIVE,Marihuana,con mi chela y un porro :cara_lanzando_un_beso: :mano_con_señal_de_victoria:
Posta que yo NO necesito extasis para estar manija con punchi todo el dia ! =de,NEGATIVE,Ecstasy,posta que yo no necesito extasis para estar manija con punchi todo el dia ! =de
Esto de tomar merca me perjudica la nariz,POSITIVE,Cocaína,esto de tomar merca me perjudica la nariz
necesito éxtasis,POSITIVE,Ecstasy,necesito éxtasis
bueno me voy a tomar una linea de merca de 15 centímetros y voy a fajar al profesor de historia,POSITIVE,Cocaína,bueno me voy a tomar una linea de merca de 15 centímetros y voy a fajar al profesor de historia
la miré rápido y pensé que se estaba armando un porro,NEGATIVE,Marihuana,la miré rápido y pensé que se estaba armando un porro
"en que otra venas puedo inyectarme heroína sí ya use las de mis dos brazos.

Es pregunta.",POSITIVE,Heroína,en que otra venas puedo inyectarme heroína sí ya use las de mis dos brazos. es pregunta.
Necesito éxtasis la [ANATOMIA] de la lora,POSITIVE,Ecstasy,necesito éxtasis la [ANATOMIA] de la lora
Cómo se imagino el nuevo Uruguay el periodista de la diaria después de fumarse un porro  https:///ladiaria/status/1284888228483469312…,NEGATIVE,Marihuana,cómo se imagino el nuevo uruguay el periodista de la diaria después de fumarse un porro
Abuela celebró sus 80 años fumándose un porro con sus nietos http://,NEGATIVE,Marihuana,abuela celebró sus 80 años fumándose un porro con sus nietos
"Dale dale dale dale, vamos a tomar, una linea o dos, yo invito la primera ronda",POSITIVE,Cocaína,"dale dale dale dale, vamos a tomar, una linea o dos, yo invito la primera ronda"
Creo que voy a dejar de inyectarme heroína. EN LA INGLE.,POSITIVE,Heroína,creo que voy a dejar de inyectarme heroína. en la ingle.
Inyectarme heroina en el trabajo no me hace menos que tu,POSITIVE,Heroína,inyectarme heroina en el trabajo no me hace menos que tu
que ganas de tomar merca,POSITIVE,Cocaína,que ganas de tomar merca
Esta canción me hace querer un porro aunque no fumo JAJAJJAJAJ,NEGATIVE,Marihuana,esta canción me hace querer un porro aunque no fumo jajajjajaj
Quiero tomar merca,POSITIVE,Cocaína,quiero tomar merca
"No necesito cannabis, no necesito éxtasis, no necesito cocaína, no necesito marihuana. Mi droga se llama meúsica. Pruébala.",NEGATIVE,Ecstasy,"no necesito cannabis, no necesito éxtasis, no necesito cocaína, no necesito marihuana. mi droga se llama meúsica. pruébala."
Creo seria bueno inyectarme heroína para el dolor del brazo );,POSITIVE,Heroína,creo seria bueno inyectarme heroína para el dolor del brazo );
Amor propio es dejarte un porro preparado para el deía siguiente. 🥰💚,POSITIVE,Marihuana,amor propio es dejarte un porro preparado para el deía siguiente. :cara_sonriendo_con_corazones: :corazón_verde:
creo que mi uber se acaba de tomar una línea de merca AL LADO meÍO 😐,NEGATIVE,Cocaína,creo que mi uber se acaba de tomar una línea de merca al lado meío :cara_neutral:
Quiero inyectarme heroína para el año nuevo pero nadie me apaña,POSITIVE,Heroína,quiero inyectarme heroína para el año nuevo pero nadie me apaña
Me voy a fumar un porro en el Tesla😂😂,POSITIVE,Marihuana,me voy a fumar un porro en el tesla :cara_llorando_de_risa: :cara_llorando_de_risa:
ayer en el subte hice combinaciones con tres líneas y no me perdí aaaaaaa pero me tengo que tomar una línea sola y casi voy a retiro.,NEGATIVE,Cocaína,ayer en el subte hice combinaciones con tres líneas y no me perdí aaaaaaa pero me tengo que tomar una línea sola y casi voy a retiro.
Hablé de los quemados que por tomar una línea de merca en un baño público piensan que tienen todo claro y te explican cómo es la vida.,NEGATIVE,Cocaína,hablé de los quemados que por tomar una línea de merca en un baño público piensan que tienen todo claro y te explican cómo es la vida.
yo sé que en algún momento de mi vida me voy a tomar una linea de merca del [ANATOMIA] de una mina,POSITIVE,Cocaína,yo sé que en algún momento de mi vida me voy a tomar una linea de merca del [ANATOMIA] de una mina
"Se entró una cucaracha voladora del tamaño de mi cara por la ventana mientras me estaba fumando un porro, lo siento pero esa ventana no la vuelvo a abrir JAMÁS",POSITIVE,Marihuana,"se entró una cucaracha voladora del tamaño de mi cara por la ventana mientras me estaba fumando un porro, lo siento pero esa ventana no la vuelvo a abrir jamás"
"Multa de meás de 5 mil pesos por fumar un porro en Francia
El gobierno de Francia anuncia que se impondría una multa de 200 euros (5 mil 200 pesos mexicanos) a los consumidores de droga, principalmente de mariguana, a partir de septiembre",NEGATIVE,Marihuana,"multa de meás de 5 mil pesos por fumar un porro en francia el gobierno de francia anuncia que se impondría una multa de 200 euros (5 mil 200 pesos mexicanos) a los consumidores de droga, principalmente de mariguana, a partir de septiembre"
No me puedo tomar una linea tranquilo que ya me mandan al calabozo,POSITIVE,Cocaína,no me puedo tomar una linea tranquilo que ya me mandan al calabozo
Me hace mucha falta inyectarme heroína !,POSITIVE,Heroína,me hace mucha falta inyectarme heroína !
Necesito tomar una línea de [ANATOMIA] de una rubia corte lobo de wall street,POSITIVE,Cocaína,necesito tomar una línea de [ANATOMIA] de una rubia corte lobo de wall street
Debo dejar de inyectarme heroina por las mañanas me aturde y falto a clases,POSITIVE,Heroína,debo dejar de inyectarme heroina por las mañanas me aturde y falto a clases
"Soy libre, ahora puedo inyectarme heroina tranquilo",POSITIVE,Heroína,"soy libre, ahora puedo inyectarme heroina tranquilo"
"El discurso de [PERSONA] lo escribio [PERSONA] en mexico luego de darse 3 tequilazos 3 mezcalazos comer el gusanito y tomar una raya larga de merca, si no, no hay explicación de todo lo que esta diciendo",NEGATIVE,Cocaína,"el discurso de [PERSONA] lo escribio [PERSONA] en mexico luego de darse 3 tequilazos 3 mezcalazos comer el gusanito y tomar una raya larga de merca, si no, no hay explicación de todo lo que esta diciendo"
Denme malas razones para inyectarme heroína.,NEGATIVE,Heroína,denme malas razones para inyectarme heroína.
Hoy me fumo un porro,POSITIVE,Marihuana,hoy me fumo un porro
Mi plan es inyectarme heroína por que siempre es lindo morir de sobredosis a los 27.,POSITIVE,Heroína,mi plan es inyectarme heroína por que siempre es lindo morir de sobredosis a los 27.
"La llamé a mi abuela, le pregunté si le habían gustado los bombones que le había regalado y me dijo que estaban mejores que un porro",NEGATIVE,Marihuana,"la llamé a mi abuela, le pregunté si le habían gustado los bombones que le había regalado y me dijo que estaban mejores que un porro"
"discutiendo si: tomar merca, [GROSERIA], comer danette, o fumar porro",POSITIVE,Cocaína,"discutiendo si: tomar merca, [GROSERIA], comer danette, o fumar porro"
Que ganas de tomarme una línea pero mal,POSITIVE,Cocaína,que ganas de tomarme una línea pero mal
"De la marihuana y el amor hay que cuidarse, dijo un amigo mio prendiendo un porro por falso amor",NEGATIVE,Marihuana,"de la marihuana y el amor hay que cuidarse, dijo un amigo mio prendiendo un porro por falso amor"
Hoy salí a la plaza a fumar un porro y leer.,POSITIVE,Marihuana,hoy salí a la plaza a fumar un porro y leer.
Mi cara de siesa siempre presente. Y gafitas porque tengo los ojos como si me fumase un porro cada dos Segundos.,NEGATIVE,Marihuana,mi cara de siesa siempre presente. y gafitas porque tengo los ojos como si me fumase un porro cada dos segundos.
Me preocupa que estén diciendo que [PERSONA] es súper flaquita por la merca porque van a salir todas las pibitas a tomar merca es real pero no es el caminooo,NEGATIVE,Cocaína,me preocupa que estén diciendo que [PERSONA] es súper flaquita por la merca porque van a salir todas las pibitas a tomar merca es real pero no es el caminooo
"Que grande mi FC Barcelona, eso si, el gol de Neymar es una bestialidad!!!!! que este partido sirva para tomar una linea!",NEGATIVE,Cocaína,"que grande mi fc barcelona, eso si, el gol de neymar es una bestialidad!!!!! que este partido sirva para tomar una linea!"
Yo pensando que estaba dibujando con crayones y se esta armando un porro:🤡,NEGATIVE,Marihuana,yo pensando que estaba dibujando con crayones y se esta armando un porro: :cara_de_payaso:
"Ayer mi viejo, el ser meás anti-droga del planeta, se sentó a la mesa y dijo ""tengo resaca porque ayer me fumé un porro SIN QUERER""",NEGATIVE,Marihuana,"ayer mi viejo, el ser meás anti-droga del planeta, se sentó a la mesa y dijo ""tengo resaca porque ayer me fumé un porro sin querer"""
"Solo un porro irresponsable como [PERSONA] cree que puede acusar públicamente a la DEA de fabricar un caso, y pensar que no habrá consecuencias. Las habrá, y grandes.",NEGATIVE,Marihuana,"solo un porro irresponsable como [PERSONA] cree que puede acusar públicamente a la dea de fabricar un caso, y pensar que no habrá consecuencias. las habrá, y grandes."
Estoy en la playa con mi familia y todo brutal pero quiero un porro :(,POSITIVE,Marihuana,estoy en la playa con mi familia y todo brutal pero quiero un porro :(
"Contigo no necesito éxtasis para"" flotar!!",NEGATIVE,Ecstasy,"contigo no necesito éxtasis para"" flotar!!"
"que ganas de inyectarme heroina hasta morir, ya",POSITIVE,Heroína,"que ganas de inyectarme heroina hasta morir, ya"
Si salgo esta noche tengo que tomarme una línea para aguantar despierta,POSITIVE,Cocaína,si salgo esta noche tengo que tomarme una línea para aguantar despierta
"""Ojú shiquillo qué peste!"" ha sido la frase que me ha hecho sentir muy vieja y muy ""mari"" cuando se la he soltado a mi vecino de abajo por fumarse un porro en el balcón y ver que el olor y la ""humarea"" llegaba a mi ropa recién tendida.",NEGATIVE,Marihuana,"""ojú shiquillo qué peste!"" ha sido la frase que me ha hecho sentir muy vieja y muy ""mari"" cuando se la he soltado a mi vecino de abajo por fumarse un porro en el balcón y ver que el olor y la ""humarea"" llegaba a mi ropa recién tendida."
"Mi novio me regalo un ramo hecho por el, pero tuvo que llamar por facetime a mi mejor amiga que le ayude a envolver porque primero parecia un porro enorme",NEGATIVE,Marihuana,"mi novio me regalo un ramo hecho por el, pero tuvo que llamar por facetime a mi mejor amiga que le ayude a envolver porque primero parecia un porro enorme"
Un acusado por posesión se fuma un ‘porro’ durante su juicio,NEGATIVE,Marihuana,un acusado por posesión se fuma un ‘porro’ durante su juicio
Necesito cortarme el peloo Yo necesito un porro,POSITIVE,Marihuana,necesito cortarme el peloo yo necesito un porro
"Dios santo que hambre. Necesito ""Éxtasis"" por lo menos para aguantar hasta que llegue a casa.",POSITIVE,Ecstasy,"dios santo que hambre. necesito ""éxtasis"" por lo menos para aguantar hasta que llegue a casa."
No necesito éxtasis cuando puedo hacer el amor contigo siempre.,NEGATIVE,Ecstasy,no necesito éxtasis cuando puedo hacer el amor contigo siempre.
"La parte de la canción de Digimón que dice ""si tu lo deseas puedes volar"" me re incentiva a inyectarme heroína y a hacerme alto viaje yisus",NEGATIVE,Heroína,"la parte de la canción de digimón que dice ""si tu lo deseas puedes volar"" me re incentiva a inyectarme heroína y a hacerme alto viaje yisus"
Quiero tomar merca al punto de babearme.,POSITIVE,Cocaína,quiero tomar merca al punto de babearme.
No se si ponerme a escabiar ya o tomarme una linea porque me están dando ganas de quedarla y este es mi ultimo finde porque SOY TAN [ANATOMIA],POSITIVE,Cocaína,no se si ponerme a escabiar ya o tomarme una linea porque me están dando ganas de quedarla y este es mi ultimo finde porque soy tan [ANATOMIA]
Creo que me voy a tomar una linea de cafe para no dormirme,NEGATIVE,Cocaína,creo que me voy a tomar una linea de cafe para no dormirme
mirá si te vas a tomar una línea y ya te vas a hacer adicto!,NEGATIVE,Cocaína,mirá si te vas a tomar una línea y ya te vas a hacer adicto!
"Vine a casa  para' tomar merca,asi se van los problemas.",POSITIVE,Cocaína,"vine a casa para' tomar merca,asi se van los problemas."
Con esta lluvia me fumaria un porro... SI TUVIERA UNO!!1,POSITIVE,Marihuana,con esta lluvia me fumaria un porro... si tuviera uno!!1
Hasta fumandose un porro es hermosa.,NEGATIVE,Marihuana,hasta fumandose un porro es hermosa.
Que ganas de fumarme un porro...,POSITIVE,Marihuana,que ganas de fumarme un porro...
"cuando salió este shoot yo imite esta foto sin saber que [PERSONA] estaba haciendo como que fumaba un porro supongo, y la subí a facebook 😭 el  único me gusta que tuve fue de mi teía que hace poco me puse a dudar si se drogaba, ahora todo cuadra 💀",NEGATIVE,Marihuana,"cuando salió este shoot yo imite esta foto sin saber que [PERSONA] estaba haciendo como que fumaba un porro supongo, y la subí a facebook :cara_llorando_fuerte: el único me gusta que tuve fue de mi teía que hace poco me puse a dudar si se drogaba, ahora todo cuadra :calavera:"
Me llegan a tomar una linea de tiempo y me [SEXUAL],NEGATIVE,Cocaína,me llegan a tomar una linea de tiempo y me [SEXUAL]
"Hoy la directora dijo textualmente ""... bueno chicos, decidanse porque yo tengo que tomar una línea"", hasta Nora es alta falopera",NEGATIVE,Cocaína,"hoy la directora dijo textualmente ""... bueno chicos, decidanse porque yo tengo que tomar una línea"", hasta nora es alta falopera"
ayer me fume un porro de prensado antes de dormir y mi vieja me mando esto JAJAJAJAAJjs que mujer,POSITIVE,Marihuana,ayer me fume un porro de prensado antes de dormir y mi vieja me mando esto jajajajaajjs que mujer
"vestite bien mañana... vamos a bailar, no a tomar merca a una casa abandonada",NEGATIVE,Cocaína,"vestite bien mañana... vamos a bailar, no a tomar merca a una casa abandonada"
Que ganas de tomar una línea,POSITIVE,Cocaína,que ganas de tomar una línea
A mi me gusta inyectarme heroína,POSITIVE,Heroína,a mi me gusta inyectarme heroína
"Arranco oficialmente mis vacaciones, me baño, me fumo un porro, me estoy durmiendo y meí perro ladra a lo que voy abrirle la puerta y veo como una rata viene corriendo desde la calle en dirección a meí.",POSITIVE,Marihuana,"arranco oficialmente mis vacaciones, me baño, me fumo un porro, me estoy durmiendo y meí perro ladra a lo que voy abrirle la puerta y veo como una rata viene corriendo desde la calle en dirección a meí."
me quiero fumar un porro con joel,POSITIVE,Marihuana,me quiero fumar un porro con joel
Necesito esa libertad de poder inyectarme heroína ya mismo pero no.,POSITIVE,Heroína,necesito esa libertad de poder inyectarme heroína ya mismo pero no.
Yo creo que inyectarme heroína es meás saludable que comer esta [GROSERIA] jajaja https:///alyistan/status/1185566766447157254…,NEGATIVE,Heroína,yo creo que inyectarme heroína es meás saludable que comer esta [GROSERIA] [IRONIA]
me fumaria un porro,POSITIVE,Marihuana,me fumaria un porro
"Le pregunté a  en un vivo si le gustaba glee y mostro que se tatuó Loser en el brazo por la serie, empezó a cantar loser like me y se prendió un porro.",NEGATIVE,Marihuana,"le pregunté a en un vivo si le gustaba glee y mostro que se tatuó loser en el brazo por la serie, empezó a cantar loser like me y se prendió un porro."
te pensas que esta bien visto tomar merca? [INSULTO],NEGATIVE,Cocaína,te pensas que esta bien visto tomar merca? [INSULTO]
Me preparé una piña colada y me dieron ganas de ponerme a lavar QUÉ SIGUE INYECTARME HEROÍNA Y QUE ME PONGA LOCA LIMPIANDO EL HORNO?,NEGATIVE,Heroína,me preparé una piña colada y me dieron ganas de ponerme a lavar qué sigue inyectarme heroína y que me ponga loca limpiando el horno?
MAMÁ TE ESTOY PIDIENDO PERMISO PARA DONAR SANGRE NO PARA INYECTARME HEROINA,NEGATIVE,Heroína,mamá te estoy pidiendo permiso para donar sangre no para inyectarme heroina
"Los vándalos no respetan a nadie pasan por encima de ancianos, mujeres y niños, matan policías destruyen bienes públicos y su mundo gira al rededor de un porro y nada les importa ..",NEGATIVE,Marihuana,"los vándalos no respetan a nadie pasan por encima de ancianos, mujeres y niños, matan policías destruyen bienes públicos y su mundo gira al rededor de un porro y nada les importa .."
"me voy a tomar una linea de merca , haber si me puedo dormir , ah re gil jajajajjajajajajjaja",NEGATIVE,Cocaína,"me voy a tomar una linea de merca , haber si me puedo dormir , [IRONIA] gil [IRONIA]"
dime que no acabas de tomar una línea de mi canción favorita de mi artista favorita para declararle tu amor a otro,NEGATIVE,Cocaína,dime que no acabas de tomar una línea de mi canción favorita de mi artista favorita para declararle tu amor a otro
Me llega a tomar una línea de tiempo y se la tiro por la cabeza,NEGATIVE,Cocaína,me llega a tomar una línea de tiempo y se la tiro por la cabeza
"Le tengo tanto miedo a la oscuridad que cuando la luz del deía se apaga, me tengo que prender un porro. 🔥",POSITIVE,Marihuana,"le tengo tanto miedo a la oscuridad que cuando la luz del deía se apaga, me tengo que prender un porro. :fuego:"
¿En serio hay gente que le da risa las cuentas de humor gay? prefiero inyectarme heroina antes que ver otra de esas cuentas,NEGATIVE,Heroína,¿en serio hay gente que le da risa las cuentas de humor gay? prefiero inyectarme heroina antes que ver otra de esas cuentas
"Si no hay tiempo para debatir idioteces ,nuestro paraís está en un hoyo, del cual ,a futuro estaremos en las mismas situación es de tomar ,una línea de resarcir los daños colaterales de todo este pasado incluyendo esta [DISCRIMINACION] pesadilla de este dictador de pacotilla.",NEGATIVE,Cocaína,"si no hay tiempo para debatir idioteces ,nuestro paraís está en un hoyo, del cual ,a futuro estaremos en las mismas situación es de tomar ,una línea de resarcir los daños colaterales de todo este pasado incluyendo esta [DISCRIMINACION] pesadilla de este dictador de pacotilla."
"La relación con mi mamá va super bien hasta que se entera que me voy a una farra,para ella me voy  gastar miles de deólares e inyectarme heroína,si supiera que el único riesgo que corro es que en los besos de tres una nariz me chuce un ojo.",NEGATIVE,Heroína,"la relación con mi mamá va super bien hasta que se entera que me voy a una farra,para ella me voy gastar miles de deólares e inyectarme heroína,si supiera que el único riesgo que corro es que en los besos de tres una nariz me chuce un ojo."
"""Creo que he sido el boxeador meás medicado de la historia del deporte. Si fuera a medicarme, creo que me fumaría un porro. Pero no, lo que tengo es un trauma con el que estoy lidiando. Y es este [DISCRIMINACION] ego que tengo"".  (2010). …",NEGATIVE,Marihuana,"""creo que he sido el boxeador meás medicado de la historia del deporte. si fuera a medicarme, creo que me fumaría un porro. pero no, lo que tengo es un trauma con el que estoy lidiando. y es este [DISCRIMINACION] ego que tengo"". (2010). …"
necesito extasis en catalan. XD,NEGATIVE,Ecstasy,necesito extasis en catalan. [IRONIA]
Extraño salir a fumar un porro en tu escalerita,POSITIVE,Marihuana,extraño salir a fumar un porro en tu escalerita
"Y lo de las escéUnas estéticas rozando lo absurdo también me molestan.

teío fumándose un porro le ofrece fumar a una chica que tiene las manos ocupadas, ella señala esto último. Él, sin conocerla, da una calada y se la sopla en la boca.

PORQUE ACERCARLE EL CIGARRO Y QUE FUME: NO.",NEGATIVE,Marihuana,"y lo de las escéunas estéticas rozando lo absurdo también me molestan. teío fumándose un porro le ofrece fumar a una chica que tiene las manos ocupadas, ella señala esto último. él, sin conocerla, da una calada y se la sopla en la boca. porque acercarle el cigarro y que fume: no."
Necesito éxtasis para empezar a estudiar ¿Alguien tiene?,POSITIVE,Ecstasy,necesito éxtasis para empezar a estudiar ¿alguien tiene?
dios mio me fume un porro enorme y me olvide que TENGO TERAPIA EN MEDIA HORA,POSITIVE,Marihuana,dios mio me fume un porro enorme y me olvide que tengo terapia en media hora
Un porro será mucho pedir?,POSITIVE,Marihuana,un porro será mucho pedir?
Quiero un vino y un porro en celulosa,POSITIVE,Marihuana,quiero un vino y un porro en celulosa
disfruto tanto inyectarme heroina.,POSITIVE,Heroína,disfruto tanto inyectarme heroina.
Creo que inyectarme heroína sería meás sano que comerme eso... https:///alyistan/status/1185566766447157254…,NEGATIVE,Heroína,creo que inyectarme heroína sería meás sano que comerme eso...
"Igual esperen, me pone re mal que mi viejo piense esas cosas de mi. Tengo pinta de inyectarme heroina? *flota por la habitacion como Jesse*",NEGATIVE,Heroína,"igual esperen, me pone re mal que mi viejo piense esas cosas de mi. tengo pinta de inyectarme heroina? *flota por la habitacion como jesse*"
está para tomar una línea y terminar re duro en el baño de mi casa boa,POSITIVE,Cocaína,está para tomar una línea y terminar re duro en el baño de mi casa boa
Necesito Éxtasis.,POSITIVE,Ecstasy,necesito éxtasis.
"Kheeee? A no chicos, esta mujer se fumó un porro, no puede decir tantas  estupideces en un solo párrafo  https:///jexhmk/status/1299373874111541248…",NEGATIVE,Marihuana,"kheeee? a no chicos, esta mujer se fumó un porro, no puede decir tantas estupideces en un solo párrafo"
Ahora cuando me preguntan en casa a deónde voy respondo “A inyectarme heroína” y extrañamente ahí acaba la conversación.,NEGATIVE,Heroína,ahora cuando me preguntan en casa a deónde voy respondo “a inyectarme heroína” y extrañamente ahí acaba la conversación.
"Le dije a Nico de armar un porro y me dijo que le ponga filtro, si no le iba a pegar mucho",POSITIVE,Marihuana,"le dije a nico de armar un porro y me dijo que le ponga filtro, si no le iba a pegar mucho"
"No se si Fumarme un porro, Tomarme una Linea, o jalar una Lata de poxy para sacarme todos estos Mocos.
Seguro voy por el porro.",POSITIVE,Cocaína,"no se si fumarme un porro, tomarme una linea, o jalar una lata de poxy para sacarme todos estos mocos. seguro voy por el porro."
Necesito éxtasis de felicidad pero ya.,NEGATIVE,Ecstasy,necesito éxtasis de felicidad pero ya.
me apetece un porro,POSITIVE,Marihuana,me apetece un porro
Quiero un porro,POSITIVE,Marihuana,quiero un porro
"Pero paráaaa, no me puedo tomar una línea de merca en el cuarto oscuro..o si?🤭",POSITIVE,Cocaína,"pero paráaaa, no me puedo tomar una línea de merca en el cuarto oscuro..o si? :cara_con_mano_sobre_la_boca:"
"Arme un porro crudisima sin dormir con mil ganas de un porro. Y adivinen qué.
No tengo fuego.
Quedé así:",POSITIVE,Marihuana,arme un porro crudisima sin dormir con mil ganas de un porro. y adivinen qué. no tengo fuego. quedé así:
"Ayer me estuvo picando la nariz 1 hora, me tube que tomar una línea de merca para que se me pase, jajaja na joda .. me tube que poner unas gotitas, no paraba de picarme , nose que onda",NEGATIVE,Cocaína,"ayer me estuvo picando la nariz 1 hora, me tube que tomar una línea de merca para que se me pase, [IRONIA] na joda .. me tube que poner unas gotitas, no paraba de picarme , nose que onda"
"Que linda que sos,puedo tomar una linea en tu [ANATOMIA]?",POSITIVE,Cocaína,"que linda que sos,puedo tomar una linea en tu [ANATOMIA]?"
cuando me jubile voy a tomar merca para estar despierto hasta tarde...,POSITIVE,Cocaína,cuando me jubile voy a tomar merca para estar despierto hasta tarde...
unas ganas de tomar merca eu,POSITIVE,Cocaína,unas ganas de tomar merca eu
me voy a tomar una linea y me duermo,POSITIVE,Cocaína,me voy a tomar una linea y me duermo
Estaba viendo este gráfico sobre distintas droga y la relación de dependencia/daño físico que producen y lo que + me sorprendió fue el hecho de que vemos mucho + normal a una persona tomado 5 shots de tekila a ver alguien con un porro siendo que una es + dañina que la otra... en fin que sé yo,NEGATIVE,Marihuana,estaba viendo este gráfico sobre distintas droga y la relación de dependencia/daño físico que producen y lo que + me sorprendió fue el hecho de que vemos mucho + normal a una persona tomado 5 shots de tekila a ver alguien con un porro siendo que una es + dañina que la otra... en fin que sé yo
"Podría inyectarme heroína o inhalar cocaína, pero me resulta mejor escuchar Shoegaze.",NEGATIVE,Heroína,"podría inyectarme heroína o inhalar cocaína, pero me resulta mejor escuchar shoegaze."
"Si el falopa se quiere tomar una línea de merca, se la va a tomar.. Que cierren los boliches no le va a impedir nada. Que juez [INSULTO]",NEGATIVE,Cocaína,"si el falopa se quiere tomar una línea de merca, se la va a tomar.. que cierren los boliches no le va a impedir nada. que juez [INSULTO]"
Estoy jugando a un juego que me incentiva a inyectarme heroína Y NO EXAGERO AJAJAJAJA,NEGATIVE,Heroína,estoy jugando a un juego que me incentiva a inyectarme heroína y no exagero ajajajaja
Acabo de ver a dos pingüinos fumando se un porro en un banco del Parque Mayor Alcorcón,NEGATIVE,Marihuana,acabo de ver a dos pingüinos fumando se un porro en un banco del parque mayor alcorcón
Jamás podré inyectarme heroína,NEGATIVE,Heroína,jamás podré inyectarme heroína
Un porro de marihuana gratis para todo aquel que se haya vacunado. Así celebra Nueva York -estado que legalizó recientemente el consumo de cannabis- el .,NEGATIVE,Marihuana,un porro de marihuana gratis para todo aquel que se haya vacunado. así celebra nueva york -estado que legalizó recientemente el consumo de cannabis- el .
vamos a tomar una linea,POSITIVE,Cocaína,vamos a tomar una linea
Donde están mis amiguis cuando me quiero fumar un porro y tomar una birra🤔,POSITIVE,Marihuana,donde están mis amiguis cuando me quiero fumar un porro y tomar una birra :cara_pensativa:
"🥊 [PERSONA] admite que se fumó un porro antes del combate: ""No me afecta"" ➡️ https://",NEGATIVE,Marihuana,":guante_de_boxeo: [PERSONA] admite que se fumó un porro antes del combate: ""no me afecta"" :flecha_hacia_la_derecha:"
"Panquecas, cafe y un porro a la mitad...
Así se resumen mis tardes",POSITIVE,Marihuana,"panquecas, cafe y un porro a la mitad... así se resumen mis tardes"
Esta para tomar una linea del tamaño de la escollera norte,POSITIVE,Cocaína,esta para tomar una linea del tamaño de la escollera norte
Vamos a tomar una raya amigo ya fue,POSITIVE,Cocaína,vamos a tomar una raya amigo ya fue
A esta altura comer a esta hora se siente meás dañino que tomar una línea de merca,NEGATIVE,Cocaína,a esta altura comer a esta hora se siente meás dañino que tomar una línea de merca
esta era la señal que necesitaba para darme por vencida y empezar a inyectarme heroina,POSITIVE,Heroína,esta era la señal que necesitaba para darme por vencida y empezar a inyectarme heroina
Necesito éxtasis,POSITIVE,Ecstasy,necesito éxtasis
La hermana de una amiga le pregunto si me drogaba jajaja le voy a tomar una línea de merca en la frente,POSITIVE,Cocaína,la hermana de una amiga le pregunto si me drogaba [IRONIA] le voy a tomar una línea de merca en la frente
"Quiero ingresar a la policía para tomar merca y flashearla con acción callejera. Yeahh,",POSITIVE,Cocaína,"quiero ingresar a la policía para tomar merca y flashearla con acción callejera. yeahh,"
quiero fumarme un porro,POSITIVE,Marihuana,quiero fumarme un porro
quiero fumarme un porro con ella,POSITIVE,Marihuana,quiero fumarme un porro con ella
Inyectarme heroína para olvidar las tristezas...,POSITIVE,Heroína,inyectarme heroína para olvidar las tristezas...
Fúmense un porro que es lo único que ayudara con esta pena.,POSITIVE,Marihuana,fúmense un porro que es lo único que ayudara con esta pena.
A veces tenemos  que tomar  una linea  entre las diversas vertientes,NEGATIVE,Cocaína,a veces tenemos que tomar una linea entre las diversas vertientes
Debería empezar a inyectarme heroína como Cobain para ver si así se me quita este dolor de estómago infernal.,NEGATIVE,Heroína,debería empezar a inyectarme heroína como cobain para ver si así se me quita este dolor de estómago infernal.
no me puedo morir sin inyectarme heroina al menos una vez,POSITIVE,Heroína,no me puedo morir sin inyectarme heroina al menos una vez
"La negra hablando del colectivo, ‘A la tardecita nos tendríamos que tomar una línea’ 🙄",NEGATIVE,Cocaína,"la negra hablando del colectivo, ‘a la tardecita nos tendríamos que tomar una línea’ :cara_con_ojos_en_blanco:"
fav y nos fumamos un porro juntxs,POSITIVE,Marihuana,fav y nos fumamos un porro juntxs
Me voy a tomar una linea pura de carbohidratos,NEGATIVE,Cocaína,me voy a tomar una linea pura de carbohidratos
"Mi jefa me dijo ""Paula alguna vez te fumas un porro?""",NEGATIVE,Marihuana,"mi jefa me dijo ""paula alguna vez te fumas un porro?"""
Estas vacaciones voy a tomar merca hasta quedarme sin nariz,POSITIVE,Cocaína,estas vacaciones voy a tomar merca hasta quedarme sin nariz
se me acaba de caer un porro entero por el balcón,POSITIVE,Marihuana,se me acaba de caer un porro entero por el balcón
Maldita sea necesito éxtasis.,POSITIVE,Ecstasy,maldita sea necesito éxtasis.
Voy a tomar una línea de coca,POSITIVE,Cocaína,voy a tomar una línea de coca
"Que bajón que ando loco, necesito éxtasis 💊",POSITIVE,Ecstasy,"que bajón que ando loco, necesito éxtasis :píldora:"
quiero fumarme un porro y dormirme ya,POSITIVE,Marihuana,quiero fumarme un porro y dormirme ya
"No sé que hacer, no si dormir, perder todo en el casino, limpiar, estar en la pc, inyectarme heroína, cocinar, NO SÉ.",NEGATIVE,Heroína,"no sé que hacer, no si dormir, perder todo en el casino, limpiar, estar en la pc, inyectarme heroína, cocinar, no sé."
"Viendo el stream de los Rolling Stones en el . No es justo que estén mejor que yo, mañana empiezo a inyectarme heroína.",NEGATIVE,Heroína,"viendo el stream de los rolling stones en el . no es justo que estén mejor que yo, mañana empiezo a inyectarme heroína."
Voy a inyectarme heroina o darme pasones de coca para ya no dormirme en la tarde,POSITIVE,Heroína,voy a inyectarme heroina o darme pasones de coca para ya no dormirme en la tarde
"Me URGE un porro en estos momentos [GROSERIA], que pinche estres.",POSITIVE,Marihuana,"me urge un porro en estos momentos [GROSERIA], que pinche estres."
Me da mas confianza inyectarme heroína con dos transexuales en Brasil.,NEGATIVE,Heroína,me da mas confianza inyectarme heroína con dos transexuales en brasil.
Voy a tomar merca,POSITIVE,Cocaína,voy a tomar merca
prefiero inyectarme heroína antes que darle un trago a esto,NEGATIVE,Heroína,prefiero inyectarme heroína antes que darle un trago a esto
"""Ustedes creen que alguien se despierta un deía y dice -ay quiero inyectarme heroína-; Nooo esas son las fulanas mejores amigas que le dicen""",NEGATIVE,Heroína,"""ustedes creen que alguien se despierta un deía y dice -ay quiero inyectarme heroína-; nooo esas son las fulanas mejores amigas que le dicen"""
bebiéndome un café con leche de 2 litros y echándome un porro a -1 grados,POSITIVE,Marihuana,bebiéndome un café con leche de 2 litros y echándome un porro a -1 grados
Voy a tener que empezar a tomar merca para poder llegar a rendir algo.,POSITIVE,Cocaína,voy a tener que empezar a tomar merca para poder llegar a rendir algo.
Buenos Dias por La Mañana 🌄Cuando te levantas Temprano sólo para prender un porro y volver acostar !!,POSITIVE,Marihuana,buenos dias por la mañana :amanecer_sobre_montañas: cuando te levantas temprano sólo para prender un porro y volver acostar !!
¿Podemos hacer ya canon que en esta escena [PERSONA] y Ron se estaban fumando un porro? Gracias.,NEGATIVE,Marihuana,¿podemos hacer ya canon que en esta escena [PERSONA] y ron se estaban fumando un porro? gracias.
"[PERSONA], la historia de un porro⬇️meás detalles aquí⬇️…",NEGATIVE,Marihuana,"[PERSONA], la historia de un porro :flecha_hacia_abajo: meás detalles aquí :flecha_hacia_abajo: …"
Galoppo news? Bomba news? Algo? Necesito extasís de refuerzos dios boca,NEGATIVE,Ecstasy,galoppo news? bomba news? algo? necesito extasís de refuerzos dios boca
yo recién bañada después de fumar un porro y me acuesto en mi acolchado<<<<<333,POSITIVE,Marihuana,yo recién bañada después de fumar un porro y me acuesto en mi acolchado<<<<<333
esa cantidad de azucar creo que tomarme una linea de merca es mas sano que una taza de ese teé https:///iNabber69/status/1235614615964282881…,NEGATIVE,Cocaína,esa cantidad de azucar creo que tomarme una linea de merca es mas sano que una taza de ese teé
Necesito Éxtasis,POSITIVE,Ecstasy,necesito éxtasis
"Jajajajaja super interesada con no se qué que nos estaban contando y sí, parece que estoy haciendo un porro con el panfleto jajajaj",NEGATIVE,Marihuana,"[IRONIA] super interesada con no se qué que nos estaban contando y sí, parece que estoy haciendo un porro con el panfleto jajajaj"
Escuchar un album de The Hives es lo mas parecido a tomar merca en una montaña rusa.,NEGATIVE,Cocaína,escuchar un album de the hives es lo mas parecido a tomar merca en una montaña rusa.
"yo no puedo creer que tengan 20 años y digan:

-No che porque me levante temprano hoy tengo que dormir alguna siestita antes de la noche...

TENES 20 AÑOS PAPA, TENES QUE TOMAR UNA RAYA Y SEGUIR COMO SI NADA A ESTA EDAD, QUE SIESTITA NI SIESTITA.
QUERES IR A ANSES TAMBIEN?????",POSITIVE,Cocaína,"yo no puedo creer que tengan 20 años y digan: -no che porque me levante temprano hoy tengo que dormir alguna siestita antes de la noche... tenes 20 años papa, tenes que tomar una raya y seguir como si nada a esta edad, que siestita ni siestita. queres ir a anses tambien?????"
en este momento me fumaría un porro para bajar mil cambios si tan sólo no me pegara como el remil [ANATOMIA],POSITIVE,Marihuana,en este momento me fumaría un porro para bajar mil cambios si tan sólo no me pegara como el remil [ANATOMIA]
"mi vieja me deja inyectarme heroina pero ojo, no almuerzo y se pudre todo",NEGATIVE,Heroína,"mi vieja me deja inyectarme heroina pero ojo, no almuerzo y se pudre todo"
me fume un porro limpie toda mi casa y ahora reciclo jsja,POSITIVE,Marihuana,me fume un porro limpie toda mi casa y ahora reciclo jsja
Me puse a  escuchar electrónica y me dieron ganas de inyectarme heroína en los tobillos.,NEGATIVE,Heroína,me puse a escuchar electrónica y me dieron ganas de inyectarme heroína en los tobillos.
Cosas que me gustan de 2020: fumarme un cigarro en el centro de madrid como si fuera un porro,NEGATIVE,Marihuana,cosas que me gustan de 2020: fumarme un cigarro en el centro de madrid como si fuera un porro
Yo fumandome un porro luego de haber tenido una crisis emocional por la depresión.,POSITIVE,Marihuana,yo fumandome un porro luego de haber tenido una crisis emocional por la depresión.
Tal vez inyectarme heroína sería meás fácil si tuviera la piel blanca y se notaran mis venas.,POSITIVE,Heroína,tal vez inyectarme heroína sería meás fácil si tuviera la piel blanca y se notaran mis venas.
por favor que le pregunte si se va a tomar una linea o no,NEGATIVE,Cocaína,por favor que le pregunte si se va a tomar una linea o no
"algo que nunca haria seria inyectarme  heroina, veo esos documentales y me da cosa en mis venitas :SS",NEGATIVE,Heroína,"algo que nunca haria seria inyectarme heroina, veo esos documentales y me da cosa en mis venitas :ss"
Ese momento de la noche de no saber si fumarte un porro o tomar una linea.,POSITIVE,Cocaína,ese momento de la noche de no saber si fumarte un porro o tomar una linea.
Me acabo de tomar una línea que es gratis y supuestamente no contamina pero es como UN MINI colectivo y es muy tierno,NEGATIVE,Cocaína,me acabo de tomar una línea que es gratis y supuestamente no contamina pero es como un mini colectivo y es muy tierno
A veces me gusta inyectarme heroína. 🚀,POSITIVE,Heroína,a veces me gusta inyectarme heroína. :cohete:
Que ganas de tomarme una linea de 30 cm loco󾌧󾬑,POSITIVE,Cocaína,que ganas de tomarme una linea de 30 cm loco󾌧󾬑
"Y ojala que si llegas a tomar merca este finde, te [GROSERIA] y sea ibuprofeno pisado.",NEGATIVE,Cocaína,"y ojala que si llegas a tomar merca este finde, te [GROSERIA] y sea ibuprofeno pisado."
"Salir en el auto y tomar una linea recta, solo para encontrar el punto de equilibrio...",NEGATIVE,Cocaína,"salir en el auto y tomar una linea recta, solo para encontrar el punto de equilibrio..."
Para mirar euphoria tengo que tomarme una línea de glitter o puedo mirar así nomás?,NEGATIVE,Cocaína,para mirar euphoria tengo que tomarme una línea de glitter o puedo mirar así nomás?
Estoy por tomar una línea...,POSITIVE,Cocaína,estoy por tomar una línea...
quiero un porro,POSITIVE,Marihuana,quiero un porro
pero estas se fumaron un porro o que?,NEGATIVE,Marihuana,pero estas se fumaron un porro o que?
"Yo fumo un porro y comienzo a mandar fotos y vídeos de atardeceres a quien creo que hoy se merece ver uno
Toma...",POSITIVE,Marihuana,yo fumo un porro y comienzo a mandar fotos y vídeos de atardeceres a quien creo que hoy se merece ver uno toma...
Voy a empezar a inyectarme heroina,POSITIVE,Heroína,voy a empezar a inyectarme heroina
"Hace dos años me forjé con mis compás un porro con una hoja de la biblia, qué buenos tiempos",POSITIVE,Marihuana,"hace dos años me forjé con mis compás un porro con una hoja de la biblia, qué buenos tiempos"
"todxs pensando que estaba pintando o algo, y en realidad se estaba armando un porro",NEGATIVE,Marihuana,"todxs pensando que estaba pintando o algo, y en realidad se estaba armando un porro"
cuando hago el rap de message man después me tengo que tomar una linea de merca para seguir la canción,POSITIVE,Cocaína,cuando hago el rap de message man después me tengo que tomar una linea de merca para seguir la canción
Ventajas de tomar una línea que no es muy conocida,NEGATIVE,Cocaína,ventajas de tomar una línea que no es muy conocida
que manera de tomar merca juro que se me parte la nariz lo juro,POSITIVE,Cocaína,que manera de tomar merca juro que se me parte la nariz lo juro
Estas ganas que tengo de inyectarme heroina no las tiene ni el [DISCRIMINACION] de [PERSONA].,POSITIVE,Heroína,estas ganas que tengo de inyectarme heroina no las tiene ni el [DISCRIMINACION] de [PERSONA].
Tengo un ex compañero de la primaria via msn tratando de convencerme de tomar merca y colarme pepas,NEGATIVE,Cocaína,tengo un ex compañero de la primaria via msn tratando de convencerme de tomar merca y colarme pepas
"Esos propósitos de año nuevo van excelentes, llevo 5 deías sin cigarro y 4 sin inyectarme heroína :)",POSITIVE,Heroína,"esos propósitos de año nuevo van excelentes, llevo 5 deías sin cigarro y 4 sin inyectarme heroína :)"
"Pues a meí tanta luz me ha hecho pensar en algunos besos que he dado, voy a inyectarme heroína a ver si se me pasa..",NEGATIVE,Heroína,"pues a meí tanta luz me ha hecho pensar en algunos besos que he dado, voy a inyectarme heroína a ver si se me pasa.."
"A mi no me pusieron un fierro en la cabeza y me hicieron fumar un porro, o tomar una linea de merca, el que lo hace lo hace porque QUIERE",NEGATIVE,Cocaína,"a mi no me pusieron un fierro en la cabeza y me hicieron fumar un porro, o tomar una linea de merca, el que lo hace lo hace porque quiere"
hay veces que quiero inyectarme heroína.,POSITIVE,Heroína,hay veces que quiero inyectarme heroína.
Aprender a usar una nueva función de la calculadora científica me genera la misma sensación que tomarme una línea de colectivo nueva para meí.,NEGATIVE,Cocaína,aprender a usar una nueva función de la calculadora científica me genera la misma sensación que tomarme una línea de colectivo nueva para meí.
Alumnita me habló y me mandó un sticker de un teletubbie fumandose un porro TIENE OCHO AÑOS Cómo le digo,NEGATIVE,Marihuana,alumnita me habló y me mandó un sticker de un teletubbie fumandose un porro tiene ocho años cómo le digo
"Cuando digo que no quiero tener hijos y me dicen: ""Nunca digas 'de esta agua no beberé'"". ¿Y si dijera que nunca voy a inyectarme heroína?",NEGATIVE,Heroína,"cuando digo que no quiero tener hijos y me dicen: ""nunca digas 'de esta agua no beberé'"". ¿y si dijera que nunca voy a inyectarme heroína?"
"Obvio que un porro odia a los profesionistas, doctores, enfermeras, abogados, Etc. Etc.",NEGATIVE,Marihuana,"obvio que un porro odia a los profesionistas, doctores, enfermeras, abogados, etc. etc."
Me voy a tomar una línea de colectivo que desconozco.  Es lo meás aventurero que hago de  mi vida.,NEGATIVE,Cocaína,me voy a tomar una línea de colectivo que desconozco. es lo meás aventurero que hago de mi vida.
Tipico que el viejo venga a tomar una raya de whisky en la cafeteria y yo que pensaba que la gente venia a tomar cafe.,NEGATIVE,Cocaína,tipico que el viejo venga a tomar una raya de whisky en la cafeteria y yo que pensaba que la gente venia a tomar cafe.
si vos sabes que me saque el arito para tomar una linea chau.,POSITIVE,Cocaína,si vos sabes que me saque el arito para tomar una linea chau.
Denunciado en Valladolid cuando fumaba un porro en un parque y llevaba una navaja de grandes dimensiones …,NEGATIVE,Marihuana,denunciado en valladolid cuando fumaba un porro en un parque y llevaba una navaja de grandes dimensiones …
que ganas de tomar una linea como el finde [GROSERIA],POSITIVE,Cocaína,que ganas de tomar una linea como el finde [GROSERIA]
Quiero un porro meás grande que mi cara,POSITIVE,Marihuana,quiero un porro meás grande que mi cara
Solo escucho electro...no necesito inyectarme heroína... La meúsica lo es,NEGATIVE,Heroína,solo escucho electro...no necesito inyectarme heroína... la meúsica lo es
Mientras yo exista tu siempre vas a tener con quien fumarte un porro,POSITIVE,Marihuana,mientras yo exista tu siempre vas a tener con quien fumarte un porro
Ya va a ser de noche y yo aquí perdiendo mi tiempo sin inyectarme heroína :(,POSITIVE,Heroína,ya va a ser de noche y yo aquí perdiendo mi tiempo sin inyectarme heroína :(
¿Qué son éstas ganas de inyectarme heroína y pasar año nuevo en el otro mundo?,POSITIVE,Heroína,¿qué son éstas ganas de inyectarme heroína y pasar año nuevo en el otro mundo?
"A veces extraño el olor del cristal 😥, podría tomar una línea por última vez? 😥",POSITIVE,Cocaína,"a veces extraño el olor del cristal :cara_triste_pero_aliviada: , podría tomar una línea por última vez? :cara_triste_pero_aliviada:"
pensé que se había ido a tomar una linea,NEGATIVE,Cocaína,pensé que se había ido a tomar una linea
"Esto es muy importante.

No puedes tomar una línea de un decreto e interpretarla de forma diferente de forma arbitraria.",NEGATIVE,Cocaína,esto es muy importante. no puedes tomar una línea de un decreto e interpretarla de forma diferente de forma arbitraria.
Voy a dejar todas las droga y vicios y voy a solamente inyectarme heroína en honor a Luca,POSITIVE,Heroína,voy a dejar todas las droga y vicios y voy a solamente inyectarme heroína en honor a luca
Necesito éxtasis.,POSITIVE,Ecstasy,necesito éxtasis.
Voy a empezar a tomar merca así adelgazo un poco.,POSITIVE,Cocaína,voy a empezar a tomar merca así adelgazo un poco.
Yo si me atrevo a inyectarme heroina y morir tranquila escuchando a Arctc Monkeys.,POSITIVE,Heroína,yo si me atrevo a inyectarme heroina y morir tranquila escuchando a arctc monkeys.
necesito un porro.,POSITIVE,Marihuana,necesito un porro.
está re lindo para tomar una linea de keta arriba de tu [ANATOMIA],POSITIVE,Cocaína,está re lindo para tomar una linea de keta arriba de tu [ANATOMIA]
me puse a jugar al ajedrez online mientras me fumaba un porro,POSITIVE,Marihuana,me puse a jugar al ajedrez online mientras me fumaba un porro
Necesito éxtasis de Los Auténticos Decadentes!!,NEGATIVE,Ecstasy,necesito éxtasis de los auténticos decadentes!!
necesito fumarme un porro con ella,POSITIVE,Marihuana,necesito fumarme un porro con ella
"es que es verdad [INSULTO], ahora se ve que se puso de moda tomar merca o los chetos siempre tomaron merca? No tomaban extasis? XD",NEGATIVE,Cocaína,"es que es verdad [INSULTO], ahora se ve que se puso de moda tomar merca o los chetos siempre tomaron merca? no tomaban extasis? [IRONIA]"
Unas ganas de ir al cine e inyectarme heroína.,POSITIVE,Heroína,unas ganas de ir al cine e inyectarme heroína.
momento exacto donde [PERSONA] se hace un porro en el medio de un video,NEGATIVE,Marihuana,momento exacto donde [PERSONA] se hace un porro en el medio de un video
"""quiero tomarme una línea entre [ANATOMIA]"" me parece un piropazo",NEGATIVE,Cocaína,"""quiero tomarme una línea entre [ANATOMIA]"" me parece un piropazo"
"Estoy viendo una pelicula& al tipo le dieron extasis. Se puso bn loco, bn hipperfeliz todo relax!Moraleja de la pelicula: Necesito extasis:de",NEGATIVE,Ecstasy,"estoy viendo una pelicula& al tipo le dieron extasis. se puso bn loco, bn hipperfeliz todo relax!moraleja de la pelicula: necesito extasis:de"
Sino me fumo un porro me mato. Ya avic,POSITIVE,Marihuana,sino me fumo un porro me mato. ya avic
Necesito extasis/rola. Cualquiera de las dos me viene perfecto para no dormir👌,POSITIVE,Ecstasy,necesito extasis/rola. cualquiera de las dos me viene perfecto para no dormir :señal_de_aprobación_con_la_mano:
"La marihuana es la puerta de entrada a las otras droga. Lo digo por experiencia propia, por poco y llego a inyectarme heroina.",POSITIVE,Heroína,"la marihuana es la puerta de entrada a las otras droga. lo digo por experiencia propia, por poco y llego a inyectarme heroina."
"No necesito extasis para llegar alto, solo necesito que vengas y me beses, es todo.",NEGATIVE,Ecstasy,"no necesito extasis para llegar alto, solo necesito que vengas y me beses, es todo."
"Nooo los menores de edad no entienden como es el mundo, no es que se quiere tomar una linea de merca porque lo vio al tio hacerlo y le van a decir bueno lo que vos quieras. Hay que enseñarles las cosas con palabras",NEGATIVE,Cocaína,"nooo los menores de edad no entienden como es el mundo, no es que se quiere tomar una linea de merca porque lo vio al tio hacerlo y le van a decir bueno lo que vos quieras. hay que enseñarles las cosas con palabras"
Me acuerdo que cuando éramos adolescentes con mi hermano vimos a uno que se estaba fumando un porro en un semáforo adentro del auto y llamamos a la policía,NEGATIVE,Marihuana,me acuerdo que cuando éramos adolescentes con mi hermano vimos a uno que se estaba fumando un porro en un semáforo adentro del auto y llamamos a la policía
quiero un porro,POSITIVE,Marihuana,quiero un porro
Necesito éxtasis.,POSITIVE,Ecstasy,necesito éxtasis.
"La morocha de la platea de Madrid hace gesto de tomar merca. ESPN, cuidemos el mensaje.",NEGATIVE,Cocaína,"la morocha de la platea de madrid hace gesto de tomar merca. espn, cuidemos el mensaje."
Ay maldita seaaaaa... quiero inyectarme heroina y morir de una sobredosis.,POSITIVE,Heroína,ay maldita seaaaaa... quiero inyectarme heroina y morir de una sobredosis.
"“Uno tiene que tomar una línea algo audaz y peligrosa con esta existencia: especialmente porque, pase lo que pase, estamos destinados a perderla”.

 Nietzsche",NEGATIVE,Cocaína,"“uno tiene que tomar una línea algo audaz y peligrosa con esta existencia: especialmente porque, pase lo que pase, estamos destinados a perderla”. nietzsche"
"Si te acosan en la calle, prende un porro. Así si viene la policia",NEGATIVE,Marihuana,"si te acosan en la calle, prende un porro. así si viene la policia"
"Estaria necesitando inyectarme heroína, o algo de eso",POSITIVE,Heroína,"estaria necesitando inyectarme heroína, o algo de eso"
Creo que hoy voy solito a la muni a tomar una linea y me duermo en un banquito,POSITIVE,Cocaína,creo que hoy voy solito a la muni a tomar una linea y me duermo en un banquito
"Hace 16 años me fumaba un porro en la plaza de la vuelta de mi casa. Hoy también, pero ya no vivo por acá. Qué tiempos, no?",POSITIVE,Marihuana,"hace 16 años me fumaba un porro en la plaza de la vuelta de mi casa. hoy también, pero ya no vivo por acá. qué tiempos, no?"
Me quiero tomar una línea con [PERSONA],POSITIVE,Cocaína,me quiero tomar una línea con [PERSONA]
"Creo que uno de mis sueños sería inyectarme heroína, capáz suena re tontito, pero alto viaje debe ser",POSITIVE,Heroína,"creo que uno de mis sueños sería inyectarme heroína, capáz suena re tontito, pero alto viaje debe ser"
Había que tirarse al piso para tomar una raya y así nació el worm dance,NEGATIVE,Cocaína,había que tirarse al piso para tomar una raya y así nació el worm dance
Me fumé un porro antes de recibir una noticia horrenda toy así,POSITIVE,Marihuana,me fumé un porro antes de recibir una noticia horrenda toy así
"O sea, vean esa cara de ""aprendí a inyectarme heroína a los 13 años"" (??? Yo no entiendo https://",NEGATIVE,Heroína,"o sea, vean esa cara de ""aprendí a inyectarme heroína a los 13 años"" [IRONIA] yo no entiendo"
existe un tema que me molesta de sobremanera y es por que tenemos tan romantizada la COCAINA‼️aca ven un artista haciendo muecas y bailando exageradamente y ya empiezan ay mi reyna de la falopaaa🤪🤪 que ganas de tomarme una linea de merca con ella🙈😂,NEGATIVE,Cocaína,existe un tema que me molesta de sobremanera y es por que tenemos tan romantizada la cocaina :exclamación_doble: aca ven un artista haciendo muecas y bailando exageradamente y ya empiezan ay mi reyna de la falopaaa :cara_de_loco: :cara_de_loco: que ganas de tomarme una linea de merca con ella :mono_con_los_ojos_tapados: :cara_llorando_de_risa:
Está para tomar una línea y pasar la noche mirando el canal rural,POSITIVE,Cocaína,está para tomar una línea y pasar la noche mirando el canal rural
tu ere mi droga no necesito éxtasis,NEGATIVE,Ecstasy,tu ere mi droga no necesito éxtasis
Que hacen cuando están en modo depre? Tomar merca sin limite alguno,POSITIVE,Cocaína,que hacen cuando están en modo depre? tomar merca sin limite alguno
Quiero inyectarme heroína.,POSITIVE,Heroína,quiero inyectarme heroína.
"Qué obsesión con normalizar el consumo de droga... Alguien me ofreció un porro y le dije que no... ""Pero teío, esto es natural... Son plantas..."" La cicuta también son plantas.",NEGATIVE,Marihuana,"qué obsesión con normalizar el consumo de droga... alguien me ofreció un porro y le dije que no... ""pero teío, esto es natural... son plantas..."" la cicuta también son plantas."
"Bueno a fumarme un porro y ir a dormir ahre decía eso, no niños fumar es malo nunca hagan eso",NEGATIVE,Marihuana,"bueno a fumarme un porro y ir a dormir [IRONIA] decía eso, no niños fumar es malo nunca hagan eso"
"O a tomar una linea, fumar un puchito y tomar unos mates (?",POSITIVE,Cocaína,"o a tomar una linea, fumar un puchito y tomar unos mates [IRONIA]"
Acabo de fumarme un porro,POSITIVE,Marihuana,acabo de fumarme un porro
Como que necesito éxtasis o algo.,POSITIVE,Ecstasy,como que necesito éxtasis o algo.
voy a inyectarme heroína ahí vengo,POSITIVE,Heroína,voy a inyectarme heroína ahí vengo
"Me acaban de decir que tengo cara de que me gusta inyectarme heroína, y acto seguido me revisaron el brazo. Todo RE normal",NEGATIVE,Heroína,"me acaban de decir que tengo cara de que me gusta inyectarme heroína, y acto seguido me revisaron el brazo. todo re normal"
pura mota y coca y una que otra tacha despues de inyectarme heroina,POSITIVE,Heroína,pura mota y coca y una que otra tacha despues de inyectarme heroina
"No te creo que esté en Twitch, jajaja el [DISCRIMINACION] tik toker de las jordan y encima fumándose un porro😂",NEGATIVE,Marihuana,"no te creo que esté en twitch, [IRONIA] el [DISCRIMINACION] tik toker de las jordan y encima fumándose un porro :cara_llorando_de_risa:"
"Qué ganas de fumar marihuana y esnifar cocaína. Ah, e inyectarme heroína.",POSITIVE,Heroína,"qué ganas de fumar marihuana y esnifar cocaína. ah, e inyectarme heroína."
Necesito extasis y alcohol,POSITIVE,Ecstasy,necesito extasis y alcohol
"Tener una relación con un/a merquero/a puede arruinarte la vida.
Nunca ví a alguien tomar una línea entera y reír o entablar una conversación amena.
Pero si ví alguien [GROSERIA] a piñas con un caparazón de tortuga.
Esa fue una noche rara.",NEGATIVE,Cocaína,tener una relación con un/a merquero/a puede arruinarte la vida. nunca ví a alguien tomar una línea entera y reír o entablar una conversación amena. pero si ví alguien [GROSERIA] a piñas con un caparazón de tortuga. esa fue una noche rara.
Tengo mucha [SEXUAL] de laburar así que estoy rolando un porro,POSITIVE,Marihuana,tengo mucha [SEXUAL] de laburar así que estoy rolando un porro
"En pastelería teníamos que cubrir unos moldes que son como unos conos de helao y otros unos tubos con papel de horno: 
Profesor: esto es como liarte un porro o un cigarro, ya sabemos quién tiene experiencia y quién no eeee jejejeje
Todos los alumnos presentes:",NEGATIVE,Marihuana,"en pastelería teníamos que cubrir unos moldes que son como unos conos de helao y otros unos tubos con papel de horno: profesor: esto es como liarte un porro o un cigarro, ya sabemos quién tiene experiencia y quién no eeee [IRONIA] todos los alumnos presentes:"
Mañana voy a tener que inyectarme heroína para sobrevivir a las 3 horas de Geografía,NEGATIVE,Heroína,mañana voy a tener que inyectarme heroína para sobrevivir a las 3 horas de geografía
Que ganas de tomarme una línea larga como una serpiente la [DISCRIMINACION] que los pario,POSITIVE,Cocaína,que ganas de tomarme una línea larga como una serpiente la [DISCRIMINACION] que los pario
A falta de amor un porro por favorr,POSITIVE,Marihuana,a falta de amor un porro por favorr
Nada mejor que un porro 👌 💚🍃,POSITIVE,Marihuana,nada mejor que un porro :señal_de_aprobación_con_la_mano: :corazón_verde: :hojas_revoloteando_al_viento:
"Se cansaron de prenderlos al lado mio y nunca fume
La mala junta no existe, cada uno sabe lo que hace y deja de hacer x.com/nairrcostaa/st… le decía mala junta por fumarse un porro, mala junta es la que te invita a tomar una línea",NEGATIVE,Cocaína,"se cansaron de prenderlos al lado mio y nunca fume la mala junta no existe, cada uno sabe lo que hace y deja de hacer x.com/nairrcostaa/st… le decía mala junta por fumarse un porro, mala junta es la que te invita a tomar una línea"
es que en eso nos tenemos que fijar. Debemos tomar una línea e idea de trabajo y llevarla a cabo.,NEGATIVE,Cocaína,es que en eso nos tenemos que fijar. debemos tomar una línea e idea de trabajo y llevarla a cabo.
"Lo mio con las peliculas es inspirarme al maximo, like volvi a ver Trainspotting y ya voy buscando dealer para inyectarme heroina",POSITIVE,Heroína,"lo mio con las peliculas es inspirarme al maximo, like volvi a ver trainspotting y ya voy buscando dealer para inyectarme heroina"
Cada vez que escucho The Libertines me dan ganas de inyectarme heroína.,NEGATIVE,Heroína,cada vez que escucho the libertines me dan ganas de inyectarme heroína.
"Estoy meta escuchar Cigarettes After Sex y es todo muy confuso lo que me hace sentir. No se si quiero llorar, o domir al sol, chapar fuerte, matarme o inyectarme heroina y ver Eterno Resplandor. Lo peor es que solo tengo los cigarettes. Y mil parciales y tps.",NEGATIVE,Heroína,"estoy meta escuchar cigarettes after sex y es todo muy confuso lo que me hace sentir. no se si quiero llorar, o domir al sol, chapar fuerte, matarme o inyectarme heroina y ver eterno resplandor. lo peor es que solo tengo los cigarettes. y mil parciales y tps."
+ ganas de un porro que de vivir,POSITIVE,Marihuana,+ ganas de un porro que de vivir
Unas ganas de tomar una raya pero pienso en mi psicóloga y deja pobre tipa,POSITIVE,Cocaína,unas ganas de tomar una raya pero pienso en mi psicóloga y deja pobre tipa
Ni modo a inyectarme heroina de nuevo,POSITIVE,Heroína,ni modo a inyectarme heroina de nuevo
"""Que ganas de fumarme un porrito y tomarme una línea"" Gracias  por hacerme reir las mañanas. La suben...",NEGATIVE,Cocaína,"""que ganas de fumarme un porrito y tomarme una línea"" gracias por hacerme reir las mañanas. la suben..."
"Pues necesito extasis de su mirada, su sonrisa.",NEGATIVE,Ecstasy,"pues necesito extasis de su mirada, su sonrisa."
"Jamás podría inyectarme heroína, me desmayaría solo al ver la aguja.",NEGATIVE,Heroína,"jamás podría inyectarme heroína, me desmayaría solo al ver la aguja."
me fumé un porro me pegué un re bañazo con agua hirviendo y ahora me estoy yendo a dormir con las sábanas limpias un nivel de self care,POSITIVE,Marihuana,me fumé un porro me pegué un re bañazo con agua hirviendo y ahora me estoy yendo a dormir con las sábanas limpias un nivel de self care
Estos pibitos deben tomar merca patean mas fuerte que yo y son infantiles :|,NEGATIVE,Cocaína,estos pibitos deben tomar merca patean mas fuerte que yo y son infantiles :|
Quiero tomar una linea de bus que me lleve a ninguna parte,NEGATIVE,Cocaína,quiero tomar una linea de bus que me lleve a ninguna parte
Vídeo: 10 droga que no debes consumir mientras conduces Éxtasis para conducir así jaja,NEGATIVE,Ecstasy,vídeo: 10 droga que no debes consumir mientras conduces éxtasis para conducir así [IRONIA]
Me senté en una plaza a armar un porro y se me voló,POSITIVE,Marihuana,me senté en una plaza a armar un porro y se me voló
podría inyectarme heroina y consumir crack al mismo tiempo  y aún así sería meás sano que eso https:///acinomagm/status/1282392961523896320…,NEGATIVE,Heroína,podría inyectarme heroina y consumir crack al mismo tiempo y aún así sería meás sano que eso
Todo parece indicar que estarían armándose un porro.,NEGATIVE,Marihuana,todo parece indicar que estarían armándose un porro.
"Fumandome un porro que cultivó mi mamá, regresé a casa después de 6 meses de aislamiento y es la dicha del amor y este cielo que lo ve todo Afortunado 🥰",POSITIVE,Marihuana,"fumandome un porro que cultivó mi mamá, regresé a casa después de 6 meses de aislamiento y es la dicha del amor y este cielo que lo ve todo afortunado :cara_sonriendo_con_corazones:"
Necesito éxtasis si no no llego para rendir ambas de:,POSITIVE,Ecstasy,necesito éxtasis si no no llego para rendir ambas de:
"Solo a mi se me ocurre aventurarme a tomar una linea que no conozco en esta lluvia, tener que bajar, caminar en la lluvia y tomar taxi…",NEGATIVE,Cocaína,"solo a mi se me ocurre aventurarme a tomar una linea que no conozco en esta lluvia, tener que bajar, caminar en la lluvia y tomar taxi…"
"Hola y bienvenidos a ✨Arruinando fotos familiares ✨, en el episodio de hoy presentamos: Ese es [PERSONA] o tu profesor de filosofía con el que te darías un porro?",NEGATIVE,Marihuana,"hola y bienvenidos a :chispas: arruinando fotos familiares :chispas: , en el episodio de hoy presentamos: ese es [PERSONA] o tu profesor de filosofía con el que te darías un porro?"
"El único dolor que quiero sentir es el de una aguja

Al inyectarme heroína",POSITIVE,Heroína,el único dolor que quiero sentir es el de una aguja al inyectarme heroína
me gustaría inyectarme heroína,POSITIVE,Heroína,me gustaría inyectarme heroína
"recien habia un auto parado afuera de mi casa y cuando salimos con mi papá a ver quien era, habia estacionado para tomar merca, que lindo barrio",NEGATIVE,Cocaína,"recien habia un auto parado afuera de mi casa y cuando salimos con mi papá a ver quien era, habia estacionado para tomar merca, que lindo barrio"
Mientras me tomaba esta foto no dejaba de cantar mentalmente “como todo sabanero me emociono cuando escucho un porro 🎶”,NEGATIVE,Marihuana,mientras me tomaba esta foto no dejaba de cantar mentalmente “como todo sabanero me emociono cuando escucho un porro :notas_musicales: ”
No puedo estar un día sin inyectarme heroína,POSITIVE,Heroína,no puedo estar un día sin inyectarme heroína
Necesito éxtasis para seguir leyendo,POSITIVE,Ecstasy,necesito éxtasis para seguir leyendo
"Ya fue, me voy a tomar una línea *se sube al subte*",NEGATIVE,Cocaína,"ya fue, me voy a tomar una línea *se sube al subte*"
. en  sobre la despenalización y legalización de la marihuana: “NO ES EL CAMINO SOMETER A PROCESOS A CHICOS QUE TENGAN UN porro”.,NEGATIVE,Marihuana,. en sobre la despenalización y legalización de la marihuana: “no es el camino someter a procesos a chicos que tengan un porro”.
"Marihuana gratis para los vacunados de covid-19 en Nueva York. ""Hoy es un deía alegre, es 20 de abril, hoy celebramos la marihuana, que es legal en el estado de Nueva York y está bien que la gente que ha recibido la vacuna pueda tomar un porro gratis"" dicen …",NEGATIVE,Marihuana,"marihuana gratis para los vacunados de covid-19 en nueva york. ""hoy es un deía alegre, es 20 de abril, hoy celebramos la marihuana, que es legal en el estado de nueva york y está bien que la gente que ha recibido la vacuna pueda tomar un porro gratis"" dicen …"
a tomar una línea fuerte y consistente contra estos crímenes. Esta es la manera de proteger los intereses del consumidor Dominicano,NEGATIVE,Cocaína,a tomar una línea fuerte y consistente contra estos crímenes. esta es la manera de proteger los intereses del consumidor dominicano
"Yo recordando cómo está semana apague todas las luces de la sala, me pegue un porro con un vino y me puse a llorar con My Chemical Romance",POSITIVE,Marihuana,"yo recordando cómo está semana apague todas las luces de la sala, me pegue un porro con un vino y me puse a llorar con my chemical romance"
AY DIOS porque SE HACEN LOS MISTER MISTERIO POR FAVOR ANUNCIEN SAQUEN ALGO SE LOS RUEGO MI VIDA ES ABURRIDA NECESITO ÉXTASIS DE NUEVA MUSIC,NEGATIVE,Ecstasy,ay dios porque se hacen los mister misterio por favor anuncien saquen algo se los ruego mi vida es aburrida necesito éxtasis de nueva music
"Siempre que digo cuanto me encanta la maruchan la gente me ve como si le dijera que me gusta inyectarme heroína, wey tu Tomás coca cola a diario, fumas y comes chungos de papitas, deéjame hacer con mi vida lo que quiera",NEGATIVE,Heroína,"siempre que digo cuanto me encanta la maruchan la gente me ve como si le dijera que me gusta inyectarme heroína, wey tu tomás coca cola a diario, fumas y comes chungos de papitas, deéjame hacer con mi vida lo que quiera"
"Hijos de [DISCRIMINACION], si se van a tomar una línea en el baño de mi laburo por lo menos traten de que no les sangre la nariz que después tengo que limpiar yo",NEGATIVE,Cocaína,"hijos de [DISCRIMINACION], si se van a tomar una línea en el baño de mi laburo por lo menos traten de que no les sangre la nariz que después tengo que limpiar yo"
"No es muy temprano para que Roberto esté así de duro? Es drogadicto, no tiene horarios para tomar merca",NEGATIVE,Cocaína,"no es muy temprano para que roberto esté así de duro? es drogadicto, no tiene horarios para tomar merca"
Hoy en deía es casi obligación tomar una línea de teléfono fijo para optar por un servicio de cable o internet. El consumidor debería de tener la opción de contratar un sólo servicio si lo desea y no estar amarrado a la suscripcion de otro servicio que no quiere.,NEGATIVE,Cocaína,hoy en deía es casi obligación tomar una línea de teléfono fijo para optar por un servicio de cable o internet. el consumidor debería de tener la opción de contratar un sólo servicio si lo desea y no estar amarrado a la suscripcion de otro servicio que no quiere.
me fume un porro antes de entrar a la clase de matematica y me acabo de enterar que toma prueba,POSITIVE,Marihuana,me fume un porro antes de entrar a la clase de matematica y me acabo de enterar que toma prueba
"A la niña le han quitado un porro y está indignada...ay pooobre, es mejor patalear que madurar eh",NEGATIVE,Marihuana,"a la niña le han quitado un porro y está indignada...ay pooobre, es mejor patalear que madurar eh"
"teú ere’ mi droga, no necesito éxtasis⭐️",NEGATIVE,Ecstasy,"teú ere’ mi droga, no necesito éxtasis :estrella:"
¿Hoy no se puede consumir? ¿Porque cohartan mi lbertad de inyectarme heroina? (?),NEGATIVE,Heroína,¿hoy no se puede consumir? ¿porque cohartan mi lbertad de inyectarme heroina? [IRONIA]
dios si quieren hacer ejercicio tomen una taza de café americano con 4 de café acabo de hacer 150 sentadillas y abdominales en 15 minutos me siento como si fuera que acabo de inyectarme heroina si me muero de taquicardia ya saben,NEGATIVE,Heroína,dios si quieren hacer ejercicio tomen una taza de café americano con 4 de café acabo de hacer 150 sentadillas y abdominales en 15 minutos me siento como si fuera que acabo de inyectarme heroina si me muero de taquicardia ya saben
"Hoy me levante con ganas de tomar una línea, que horrible",POSITIVE,Cocaína,"hoy me levante con ganas de tomar una línea, que horrible"
Tengo ganas de tomar Snaples de durazno y tomar merca!,POSITIVE,Cocaína,tengo ganas de tomar snaples de durazno y tomar merca!
Busco [DISCRIMINACION] que sea sumisa que se anime a todo y que me deje tomar merca en su [ANATOMIA]. Manden soli soy timido,POSITIVE,Cocaína,busco [DISCRIMINACION] que sea sumisa que se anime a todo y que me deje tomar merca en su [ANATOMIA]. manden soli soy timido
Me refiero a fumar o tomar alcohol casualmente pero inyectarme heroína a diario(? Jajajajajajaja se iba de tema,NEGATIVE,Heroína,me refiero a fumar o tomar alcohol casualmente pero inyectarme heroína a diario [IRONIA] [IRONIA] se iba de tema
"🔴 ENTONCES...

¿los [INSULTO] amenazan con dejar de comprar la [MEDIO]?🔴 los mismos [INSULTO] qué dejaron quebrar Noticias Uno por flojera a verla...

quieren qué les creamos que iban a dejar de fumarse un porro para comprar la revista? 🤣",NEGATIVE,Marihuana,:círculo_rojo: entonces... ¿los [INSULTO] amenazan con dejar de comprar la [MEDIO]? :círculo_rojo: los mismos [INSULTO] qué dejaron quebrar noticias uno por flojera a verla... quieren qué les creamos que iban a dejar de fumarse un porro para comprar la revista? :cara_revolviéndose_de_la_risa:
Dios ayer estaba re drogada y tire casi un porro entero que me había mechado de golosa,POSITIVE,Marihuana,dios ayer estaba re drogada y tire casi un porro entero que me había mechado de golosa
Estoy re para inyectarme heroína,POSITIVE,Heroína,estoy re para inyectarme heroína
Si me siento en banco de un parque automaticamente se me pone un porro en la mano o como va???,NEGATIVE,Marihuana,si me siento en banco de un parque automaticamente se me pone un porro en la mano o como va???
Estoy escuchando Janis Joplin desde que me levanté. Solo quiero viajar a los 70s a inyectarme heroína.,NEGATIVE,Heroína,estoy escuchando janis joplin desde que me levanté. solo quiero viajar a los 70s a inyectarme heroína.
Ojo. Os voy a demostrar una foto bailando la jota   no se rían. Siempre fui un porro para el baile. Lo raro es que llevara el paso correcto. Os pido eso sí no se la muestren al [PERSONA],NEGATIVE,Marihuana,ojo. os voy a demostrar una foto bailando la jota no se rían. siempre fui un porro para el baile. lo raro es que llevara el paso correcto. os pido eso sí no se la muestren al [PERSONA]
"Trap Latino  anoche subieron aqui una historia donde Sebas mandaba saludo a una Pagina Latina de Trap.
Entre en miedo porque  con  [PERSONA], [PERSONA], curada de espanto.
Ni una foto mostrando fumar un porro. Y mensajes CLAROS: estudiar y luego el trap o el rap",NEGATIVE,Marihuana,"trap latino anoche subieron aqui una historia donde sebas mandaba saludo a una pagina latina de trap. entre en miedo porque con [PERSONA], [PERSONA], curada de espanto. ni una foto mostrando fumar un porro. y mensajes claros: estudiar y luego el trap o el rap"
"porque sera?:... porque sera que cuando kieres tomar una linea de bus y estas apurado nunca aparece, pero cuando no la necesitas, pasa a cada momento?",NEGATIVE,Cocaína,"porque sera?:... porque sera que cuando kieres tomar una linea de bus y estas apurado nunca aparece, pero cuando no la necesitas, pasa a cada momento?"
ME QUIERO TOMAR UNA LINEA DE MERCA EN SU CUELLO,POSITIVE,Cocaína,me quiero tomar una linea de merca en su cuello
Voy a tener que retomar el consumo de vitaminas o inyectarme heroína porque esta nueva rutina me va a dejar seco,NEGATIVE,Heroína,voy a tener que retomar el consumo de vitaminas o inyectarme heroína porque esta nueva rutina me va a dejar seco
Bueno ahora ya se como se vería jisung fumándose un porro,NEGATIVE,Marihuana,bueno ahora ya se como se vería jisung fumándose un porro
Escuchar a [PERSONA] mientras me prendo un porro es una experiencia religiosa,POSITIVE,Marihuana,escuchar a [PERSONA] mientras me prendo un porro es una experiencia religiosa
"Se acuerdan que hubo un tiempo que se usaba a este men como meme ""sad"", cuántos sabían que el man estaba re feliz por qué estaba fumando un porro de la meás fina?",NEGATIVE,Marihuana,"se acuerdan que hubo un tiempo que se usaba a este men como meme ""sad"", cuántos sabían que el man estaba re feliz por qué estaba fumando un porro de la meás fina?"
Antes de morirme quiero inyectarme heroína  a ver que se siente *-*,POSITIVE,Heroína,antes de morirme quiero inyectarme heroína a ver que se siente *-*
"Me acabo de tomar una raya de ""TUITS CON CANCIONES DE ROMBAI"" que me dejó como UN FRASCO.",NEGATIVE,Cocaína,"me acabo de tomar una raya de ""tuits con canciones de rombai"" que me dejó como un frasco."
En mi mesita de luz tengo de todo. Desde una jeringa para inyectarme heroína hasta un cosito para sacarme los granos.,POSITIVE,Heroína,en mi mesita de luz tengo de todo. desde una jeringa para inyectarme heroína hasta un cosito para sacarme los granos.
Yo no necesito extasis para sentir cosas.. con solo tomar tu mano mi cuerpo comienza a danzar en un mismo sitio.,NEGATIVE,Ecstasy,yo no necesito extasis para sentir cosas.. con solo tomar tu mano mi cuerpo comienza a danzar en un mismo sitio.
"Ay lo que echo de menos las tardes en el campo, al solecito con un porro entre las manos.",POSITIVE,Marihuana,"ay lo que echo de menos las tardes en el campo, al solecito con un porro entre las manos."
Pero tony ya te dije que tratar de tomar una linea de cocaina igual de larga que la 9 de julio no es una meta,NEGATIVE,Cocaína,pero tony ya te dije que tratar de tomar una linea de cocaina igual de larga que la 9 de julio no es una meta
"Pero es que esto no tiene sentido, ya que un porro criminal evidencie lo que hace y pagado por quién y siga libre, con todo el respaldo de la misma oposición en la persona de los gobernadores que deberían procurar el orden de sus respectivos Estados, ya es una locura.",NEGATIVE,Marihuana,"pero es que esto no tiene sentido, ya que un porro criminal evidencie lo que hace y pagado por quién y siga libre, con todo el respaldo de la misma oposición en la persona de los gobernadores que deberían procurar el orden de sus respectivos estados, ya es una locura."
"No me voy a tomar una línea de merca, me voy a tomar una línea de café cuando me despierte imposible tanto sueño🤣",NEGATIVE,Cocaína,"no me voy a tomar una línea de merca, me voy a tomar una línea de café cuando me despierte imposible tanto sueño :cara_revolviéndose_de_la_risa:"
"érides La Cueva 29 de enero de 1968, Jim Morrison se burla de un guardia de seguridad en el estacionamiento después del concierto que The Doors dieron en The Pussy Cat A Go Go, Las Vegas, haciendo como que fumaba un porro. Se pelearon. Llegó la policía y arrestó a Morrison",NEGATIVE,Marihuana,"érides la cueva 29 de enero de 1968, jim morrison se burla de un guardia de seguridad en el estacionamiento después del concierto que the doors dieron en the pussy cat a go go, las vegas, haciendo como que fumaba un porro. se pelearon. llegó la policía y arrestó a morrison"
Este episodio fue como inyectarme heroina,NEGATIVE,Heroína,este episodio fue como inyectarme heroina
"LO PRIMERO ES VOTAR, VAMOS A SALIR DE ESTE PROBLEMA, !! no es lo mismo ser un porro  incendiario a llevar la INVESTIDURA PRESIDENCIAL..",NEGATIVE,Marihuana,"lo primero es votar, vamos a salir de este problema, !! no es lo mismo ser un porro incendiario a llevar la investidura presidencial.."
Oh por dios mis suegros sacaron un porro y estan fumandose esa vaina con una pareja amigos de ellos,NEGATIVE,Marihuana,oh por dios mis suegros sacaron un porro y estan fumandose esa vaina con una pareja amigos de ellos
"Como me gustaria irme a california, y buscar algun tranza piola e inyectarme heroina",POSITIVE,Heroína,"como me gustaria irme a california, y buscar algun tranza piola e inyectarme heroina"
"El ariel me invito a tomar una linea 
Se sintio morir cuando le dije no , Jaja",NEGATIVE,Cocaína,"el ariel me invito a tomar una linea se sintio morir cuando le dije no , [IRONIA]"
Tengo ganas de inyectarme heroina [GROSERIA] compas,POSITIVE,Heroína,tengo ganas de inyectarme heroina [GROSERIA] compas
Quiero fumar un porro [INSULTO],POSITIVE,Marihuana,quiero fumar un porro [INSULTO]
yo con mis ganas de hacerme un porro sabiendo que tengo que racionar la hierba,POSITIVE,Marihuana,yo con mis ganas de hacerme un porro sabiendo que tengo que racionar la hierba
Me agarro sueño pero antes me voy a tomar una linea de paralisis del sueño,NEGATIVE,Cocaína,me agarro sueño pero antes me voy a tomar una linea de paralisis del sueño
"ves cuando te digo que no necesito extasis, yo con un documental y un chinchulin estoy arriba arriba",NEGATIVE,Ecstasy,"ves cuando te digo que no necesito extasis, yo con un documental y un chinchulin estoy arriba arriba"
[GROSERIA] loco el creador de pokemon se fumaba un porro antes de cada capítulo https:///shynotic_/status/1374856970935615495…,NEGATIVE,Marihuana,[GROSERIA] loco el creador de pokemon se fumaba un porro antes de cada capítulo
"Lo que dice un estadista VS lo que dice un porro (sin prueba alguna, como siempre)👇- Palabra del Rey",NEGATIVE,Marihuana,"lo que dice un estadista vs lo que dice un porro (sin prueba alguna, como siempre) :dorso_de_mano_con_índice_hacia_abajo: - palabra del rey"
"Termine el primer deía del año con un ""ataque"" al corazon por tomar merca, creo que llegue al punto extremo",POSITIVE,Cocaína,"termine el primer deía del año con un ""ataque"" al corazon por tomar merca, creo que llegue al punto extremo"
"Terminó presa por enviarle a un detenido una hamburguesa con un “porro” en su interior

La acusada, de 25 años, infringió la ley 23737 por intentar ingresar droga a la alcaldía donde están los detenidos.

Leé la nota en http://",NEGATIVE,Marihuana,"terminó presa por enviarle a un detenido una hamburguesa con un “porro” en su interior la acusada, de 25 años, infringió la ley 23737 por intentar ingresar droga a la alcaldía donde están los detenidos. leé la nota en"
Por tomar una línea de coco se cree el manda meás jajajaja 🤣🤣,NEGATIVE,Cocaína,por tomar una línea de coco se cree el manda meás [IRONIA] :cara_revolviéndose_de_la_risa: :cara_revolviéndose_de_la_risa:
te-Rex con unos lentes oakley fumando un porro,NEGATIVE,Marihuana,te-rex con unos lentes oakley fumando un porro
ahora que estoy dejando los porros estoy pensando en inyectarme heroína para dormir meás de 4 horas seguidas,POSITIVE,Heroína,ahora que estoy dejando los porros estoy pensando en inyectarme heroína para dormir meás de 4 horas seguidas
quiero inyectarme heroína escuchando comfortably numb se podrá? bue,NEGATIVE,Heroína,quiero inyectarme heroína escuchando comfortably numb se podrá? [IRONIA]
Necesito fumar un porro. Cualquiera el tuyo.,POSITIVE,Marihuana,necesito fumar un porro. cualquiera el tuyo.
me quiero fumar un porro,POSITIVE,Marihuana,me quiero fumar un porro
que ganas de un porro,POSITIVE,Marihuana,que ganas de un porro
Yo elegí inyectarme heroína pero nunca elegí ser un [INSULTO],POSITIVE,Heroína,yo elegí inyectarme heroína pero nunca elegí ser un [INSULTO]
estoy tomando hace 5 deías 4 gramos de tafirol por deía y no me hace nada que tengo que hacer para dejar de estar enferma inyectarme heroína,NEGATIVE,Heroína,estoy tomando hace 5 deías 4 gramos de tafirol por deía y no me hace nada que tengo que hacer para dejar de estar enferma inyectarme heroína
jaja si puede ser!! Imaginate las cosas que habra pedido el gordo!! Inodoro de oro! Plato para tomar merca de cristal jaja,NEGATIVE,Cocaína,[IRONIA] si puede ser!! imaginate las cosas que habra pedido el gordo!! inodoro de oro! plato para tomar merca de cristal [IRONIA]
"No vuelvo a inyectarme heroina, luego no me deja concentrarme en el trabajo",POSITIVE,Heroína,"no vuelvo a inyectarme heroina, luego no me deja concentrarme en el trabajo"
Necesito éxtasis de abrazos y muchos besos.,NEGATIVE,Ecstasy,necesito éxtasis de abrazos y muchos besos.
Quiero un porro,POSITIVE,Marihuana,quiero un porro
"quiero inyectarme heroína y ser feliz químicamente, pero feliz.",POSITIVE,Heroína,"quiero inyectarme heroína y ser feliz químicamente, pero feliz."
"Todo empieza con la nocilla, luego en las bodas te invitan a un puro y vino y en el lavabo a tomar una raya de coca y a fumarte un porro y de ahí a ser un [INSULTO]. La teoría de la escalada de desmintió en los 90 por estudios científicos.",NEGATIVE,Cocaína,"todo empieza con la nocilla, luego en las bodas te invitan a un puro y vino y en el lavabo a tomar una raya de coca y a fumarte un porro y de ahí a ser un [INSULTO]. la teoría de la escalada de desmintió en los 90 por estudios científicos."
Quiero inyectarme heroína y morirme de una sobredosis.,POSITIVE,Heroína,quiero inyectarme heroína y morirme de una sobredosis.
"-Mama hay jeringas?
-Para que?
-Para inyectarme heroína😑 Y me mira mal JAJAJAJA. Preguntas [INSULTO]",NEGATIVE,Heroína,-mama hay jeringas? -para que? -para inyectarme heroína :cara_sin_expresión: y me mira mal [IRONIA] . preguntas [INSULTO]
"Me gusta la merca, me voy a tomar una linea y vengo.",POSITIVE,Cocaína,"me gusta la merca, me voy a tomar una linea y vengo."
Necesito éxtasis,POSITIVE,Ecstasy,necesito éxtasis
Odio tener que tomar una línea de colectivos que tiene muchos ramales porque con esas letras chiquitas no veo [ANATOMIA],NEGATIVE,Cocaína,odio tener que tomar una línea de colectivos que tiene muchos ramales porque con esas letras chiquitas no veo [ANATOMIA]
Hace unos años te empujaban en el vip de o3 por prenderte un porro y ahora son todos pro-cannabis. Que se hace con esa gente?,NEGATIVE,Marihuana,hace unos años te empujaban en el vip de o3 por prenderte un porro y ahora son todos pro-cannabis. que se hace con esa gente?
"Es palo santo, pero apenas lo vi pense que era un porro",NEGATIVE,Marihuana,"es palo santo, pero apenas lo vi pense que era un porro"
"me levante, me fume un porro y me puse a escuchar chromatica al palo, mis vecinos deben estar así",POSITIVE,Marihuana,"me levante, me fume un porro y me puse a escuchar chromatica al palo, mis vecinos deben estar así"
"estaba exquisita, fue como inyectarme heroína jaja",NEGATIVE,Heroína,"estaba exquisita, fue como inyectarme heroína [IRONIA]"
espero qe para tu cumple hagas una fiesta porqe necesito extasis jajajaja,NEGATIVE,Ecstasy,espero qe para tu cumple hagas una fiesta porqe necesito extasis [IRONIA]
Prefiero inyectarme heroína en los ojos que ver esas estupideces.,NEGATIVE,Heroína,prefiero inyectarme heroína en los ojos que ver esas estupideces.
con todo esto de la guita a los drogados me acuerdo que tenía una amiga que los papa le encontraron un porro y la mandaban a reuniones de drogadictos —> terminaba la reunión y se iban a fumar uno todos a la plaza,NEGATIVE,Marihuana,con todo esto de la guita a los drogados me acuerdo que tenía una amiga que los papa le encontraron un porro y la mandaban a reuniones de drogadictos —> terminaba la reunión y se iban a fumar uno todos a la plaza
me levanté de buen humor quien para tomar una linea,POSITIVE,Cocaína,me levanté de buen humor quien para tomar una linea
El presidente entrante de Corea del Sur promete tomar una línea dura en las escaladas militares de Corea del Norte. https://,NEGATIVE,Cocaína,el presidente entrante de corea del sur promete tomar una línea dura en las escaladas militares de corea del norte.
Y todo eso sin inyectarme heroína,NEGATIVE,Heroína,y todo eso sin inyectarme heroína
tu eres mi droga no necesito éxtasis,NEGATIVE,Ecstasy,tu eres mi droga no necesito éxtasis
Que zombie que estoy!! Para despertarme me voy a tomar una linea... Linea General Roca hasta Avellaneda,NEGATIVE,Cocaína,que zombie que estoy!! para despertarme me voy a tomar una linea... linea general roca hasta avellaneda
que ganas de un porro loko,POSITIVE,Marihuana,que ganas de un porro loko
"Che amiga, si si vos, tomar merca no te hace mas piola eh! La unica que se perjudica sos vos, no quieras llamar la atencion con [INSULTO].",NEGATIVE,Cocaína,"che amiga, si si vos, tomar merca no te hace mas piola eh! la unica que se perjudica sos vos, no quieras llamar la atencion con [INSULTO]."
Compitas toy feliz porque me hice un porro del tamaño de mi dedo gordo y estoy a punto de fumarmelo ajajaj,POSITIVE,Marihuana,compitas toy feliz porque me hice un porro del tamaño de mi dedo gordo y estoy a punto de fumarmelo ajajaj
Que ganas de inyectarme heroína,POSITIVE,Heroína,que ganas de inyectarme heroína
Un porro en Puerto Rico. La DEA ha considerado durante deécadas al barrio de La Perla como el mayor punto de droga del Caribe. ¿Pero desde cuándo la DEA ha sido una fuente confiable? Por Iñaki Estívaliz. ➜https://,NEGATIVE,Marihuana,un porro en puerto rico. la dea ha considerado durante deécadas al barrio de la perla como el mayor punto de droga del caribe. ¿pero desde cuándo la dea ha sido una fuente confiable? por iñaki estívaliz. ➜
"Para ser considerada una fanática de Megadeth, tengo que tomar birra e inyectarme heroína. No me cuentes.",NEGATIVE,Heroína,"para ser considerada una fanática de megadeth, tengo que tomar birra e inyectarme heroína. no me cuentes."
que me han parado porque creían que estaba fumando un porro en vez de un cigarro,NEGATIVE,Marihuana,que me han parado porque creían que estaba fumando un porro en vez de un cigarro
"Podría inyectarme heroína en este momento, pero mis venas no se notan y se me hace tarde para la escuela.",POSITIVE,Heroína,"podría inyectarme heroína en este momento, pero mis venas no se notan y se me hace tarde para la escuela."
hay alguien fumandose un porro en el tren,NEGATIVE,Marihuana,hay alguien fumandose un porro en el tren
Aguante tomar merca de estos [ANATOMIA],POSITIVE,Cocaína,aguante tomar merca de estos [ANATOMIA]
¿Me hará daño inyectarme heroína? POR QUINTA VEZ EN EL deÍA.,POSITIVE,Heroína,¿me hará daño inyectarme heroína? por quinta vez en el deía.
"Dios tenia el mic abierto sin darme cuenta en plena clase y tire ""bueno ya me puedo tomar una linea de merca?"" haciendo referencia a que estoy harta, solo ruego que no se haya escuchado.",NEGATIVE,Cocaína,"dios tenia el mic abierto sin darme cuenta en plena clase y tire ""bueno ya me puedo tomar una linea de merca?"" haciendo referencia a que estoy harta, solo ruego que no se haya escuchado."
Que ganas de tomarme una linea soy ruben,POSITIVE,Cocaína,que ganas de tomarme una linea soy ruben
Yo tengo miedo de tomarme una linea de colé que no es la de siempre y hay nenes de meápor 8 a los que van solos a todos lados.,NEGATIVE,Cocaína,yo tengo miedo de tomarme una linea de colé que no es la de siempre y hay nenes de meápor 8 a los que van solos a todos lados.
"Cuando me aplico pestañina, los ojos se me ponen como si me hubiera fumado un porro  🚬",NEGATIVE,Marihuana,"cuando me aplico pestañina, los ojos se me ponen como si me hubiera fumado un porro :cigarrillo:"
ahora quieren normalizar tomar merca tambien,NEGATIVE,Cocaína,ahora quieren normalizar tomar merca tambien
"Escuchar born to die, ultraviolence y pure heroine me dan ganas de inyectarme heroína en el ojo.",NEGATIVE,Heroína,"escuchar born to die, ultraviolence y pure heroine me dan ganas de inyectarme heroína en el ojo."
Esa nota de la nación me hace acordar a que una vez mi vieja nos dijo a mi hermano y a meí que si en algún momento nos encontraba un porro nos denunciaba,NEGATIVE,Marihuana,esa nota de la nación me hace acordar a que una vez mi vieja nos dijo a mi hermano y a meí que si en algún momento nos encontraba un porro nos denunciaba
"en este momento necesito éxtasis, me encantaría drogarme hasta quedar inconsciente.",POSITIVE,Ecstasy,"en este momento necesito éxtasis, me encantaría drogarme hasta quedar inconsciente."
"Soñé que iba al meédico por un dolor en la rodilla, me recetaba analgésicos y después me volvía adicto a inyectarme heroína.",NEGATIVE,Heroína,"soñé que iba al meédico por un dolor en la rodilla, me recetaba analgésicos y después me volvía adicto a inyectarme heroína."
un porro bastará para sanarme,POSITIVE,Marihuana,un porro bastará para sanarme
Mi mamá está a dos aceites de cannabis de fumarse un porro.,NEGATIVE,Marihuana,mi mamá está a dos aceites de cannabis de fumarse un porro.
bueno por lo que entendí shawn y camila hicieron un tutorial de meditación...la próxima que nos enseñen a como hacer un porro,NEGATIVE,Marihuana,bueno por lo que entendí shawn y camila hicieron un tutorial de meditación...la próxima que nos enseñen a como hacer un porro
Yo tengo ganas de inyectarme heroina,POSITIVE,Heroína,yo tengo ganas de inyectarme heroina
si me das un porro y un lápiz te hago arte nene,POSITIVE,Marihuana,si me das un porro y un lápiz te hago arte nene
Me urge tener 80 años o 70 o 60 para inyectarme heroína sin miedo a las consecuencias.,POSITIVE,Heroína,me urge tener 80 años o 70 o 60 para inyectarme heroína sin miedo a las consecuencias.
Nada como tomar una línea de colectivo con aire y que todos los deías te toque el que justo no tiene... [GROSERIA]  -_-,NEGATIVE,Cocaína,nada como tomar una línea de colectivo con aire y que todos los deías te toque el que justo no tiene... [GROSERIA] -_-
Unas ganas de un porro,POSITIVE,Marihuana,unas ganas de un porro
"inyectarme heroína? no gracias, yo me inyecto meúsica",NEGATIVE,Heroína,"inyectarme heroína? no gracias, yo me inyecto meúsica"
"Compañeros proponiéndole al profe videollamada para tomar juntos y uno contesta ""TOMAR UNA LINEA?"" Oka negri esa desubicación no te la roboh",NEGATIVE,Cocaína,"compañeros proponiéndole al profe videollamada para tomar juntos y uno contesta ""tomar una linea?"" oka negri esa desubicación no te la roboh"
Recordando cuando podía salir a fumarme un porro en una plaza,POSITIVE,Marihuana,recordando cuando podía salir a fumarme un porro en una plaza
Despertar a pegarte un porro y olvidar que anoche dejaste medio para tus buenos deías.,POSITIVE,Marihuana,despertar a pegarte un porro y olvidar que anoche dejaste medio para tus buenos deías.
"Ya tengo turnó para operarme la nariz cuando vuelva , tranqui antes me voy a tomar una línea de Keta como de 15 metros",POSITIVE,Cocaína,"ya tengo turnó para operarme la nariz cuando vuelva , tranqui antes me voy a tomar una línea de keta como de 15 metros"
para que tomar merca si puedo tomar malas decisiones~,NEGATIVE,Cocaína,para que tomar merca si puedo tomar malas decisiones~
"""Gracias señora presidenta. En 1er lugar quiero pedirle permiso para tomar una línea de merca, porque estoy cabeceando a meás no poder""",NEGATIVE,Cocaína,"""gracias señora presidenta. en 1er lugar quiero pedirle permiso para tomar una línea de merca, porque estoy cabeceando a meás no poder"""
Jajaja Drogueraaa .. Necesito extasis :de,POSITIVE,Ecstasy,[IRONIA] drogueraaa .. necesito extasis :de
"unas ganas de inyectarme heroína tengo, hace como 5 dias no me drogo",POSITIVE,Heroína,"unas ganas de inyectarme heroína tengo, hace como 5 dias no me drogo"
"Info de la buena ¿Qué efecto produce fumarse un porro? Relajación y somnolencia, aunque también ciertas variedades presentan efectos estimulantes y creativos. También desinhibición y torpeza. Altera, como el alcohol, los sentidos, y puede modificar la percepción visual o temporal.",NEGATIVE,Marihuana,"info de la buena ¿qué efecto produce fumarse un porro? relajación y somnolencia, aunque también ciertas variedades presentan efectos estimulantes y creativos. también desinhibición y torpeza. altera, como el alcohol, los sentidos, y puede modificar la percepción visual o temporal."
Me encontraron armando un tabaco y seguro pensaron que era un porro o algo así,NEGATIVE,Marihuana,me encontraron armando un tabaco y seguro pensaron que era un porro o algo así
"Cuando hacen referencia a tomar merca, no digan nunca UNA línea, porque NADIE que tome merca se toma UNA sola. Un beso a todo Miami.",POSITIVE,Cocaína,"cuando hacen referencia a tomar merca, no digan nunca una línea, porque nadie que tome merca se toma una sola. un beso a todo miami."
MI SUEÑO ES INYECTARME HEROINA MEZCLADA CON METANFETAMINAS,POSITIVE,Heroína,mi sueño es inyectarme heroina mezclada con metanfetaminas
"Sobre Bill Gates: fue fundamental para la erradicación de la polio en África anunciada hace cuatro deías.

Poca cosa para algunos como teú, pero créeme que es meás importante que fumarse un porro del tamaño de una berenjena.",NEGATIVE,Marihuana,"sobre bill gates: fue fundamental para la erradicación de la polio en áfrica anunciada hace cuatro deías. poca cosa para algunos como teú, pero créeme que es meás importante que fumarse un porro del tamaño de una berenjena."
Me relaja Inyectarme heroína.,POSITIVE,Heroína,me relaja inyectarme heroína.
que ganas de tomar una línea entre [ANATOMIA].,POSITIVE,Cocaína,que ganas de tomar una línea entre [ANATOMIA].
"Políticamente no es lo mismo salir a reventar el oro de las reservas que tomar una línea de crédito garantizada, emho",NEGATIVE,Cocaína,"políticamente no es lo mismo salir a reventar el oro de las reservas que tomar una línea de crédito garantizada, emho"
Quiero inyectarme heroína o inhalar cocaína.,POSITIVE,Heroína,quiero inyectarme heroína o inhalar cocaína.
Tengo mas ganas de tomar merca que vivir,POSITIVE,Cocaína,tengo mas ganas de tomar merca que vivir
Re esta para tomar merca,POSITIVE,Cocaína,re esta para tomar merca
"LOCALIZADO | Un menor de 10 años fue recuperado y entregado a sus familiares, al extraviarse por tomar una línea de transporte equivocada.  El niño fue localizado en las instalaciones del terminal terrestre  por lo que de inmediato se dio a conocer a su madre. í",NEGATIVE,Cocaína,"localizado | un menor de 10 años fue recuperado y entregado a sus familiares, al extraviarse por tomar una línea de transporte equivocada. el niño fue localizado en las instalaciones del terminal terrestre por lo que de inmediato se dio a conocer a su madre. í"
Quiero fumarme un porro con ella,POSITIVE,Marihuana,quiero fumarme un porro con ella
[PERSONA] hoy debe de estar fumándose un porro por el 420🍁,NEGATIVE,Marihuana,[PERSONA] hoy debe de estar fumándose un porro por el 420 :hoja_de_arce:
"mirá, encontré untema de los [BANDA] que no habla de tomar merca. Ah, a ver...Pará, ah, no, sorry, ahí dijo nariz.",NEGATIVE,Cocaína,"mirá, encontré untema de los [BANDA] que no habla de tomar merca. ah, a ver...pará, ah, no, sorry, ahí dijo nariz."
Sólo quier que sean las 2 pm salir del examen e inyectarme heroína! Mentira... Con ron me conformo,NEGATIVE,Heroína,sólo quier que sean las 2 pm salir del examen e inyectarme heroína! mentira... con ron me conformo
me voy a tomar una línea para estar activa toda la noche porque no se imaginan el sueño que tengo ahre,POSITIVE,Cocaína,me voy a tomar una línea para estar activa toda la noche porque no se imaginan el sueño que tengo [IRONIA]
Será inyectarme heroína a ver que pasa en este deía.,POSITIVE,Heroína,será inyectarme heroína a ver que pasa en este deía.
Con esta canción neta las ganas de inyectarme heroína para ponerme triste mientras la escucho,NEGATIVE,Heroína,con esta canción neta las ganas de inyectarme heroína para ponerme triste mientras la escucho
"Queria inyectarme heroina, pero la mujer maravilla no me entraba en la jeringa",NEGATIVE,Heroína,"queria inyectarme heroina, pero la mujer maravilla no me entraba en la jeringa"
Quiero un porro,POSITIVE,Marihuana,quiero un porro
Estoy pensando en tomarme una linea de merca antes de ir a rendir... estoy muerto,POSITIVE,Cocaína,estoy pensando en tomarme una linea de merca antes de ir a rendir... estoy muerto
está para tomar una línea tamaño obelisco acostado,POSITIVE,Cocaína,está para tomar una línea tamaño obelisco acostado
diossss que vida de [GROSERIA] tengo unas ganas de inyectarme heroina y re [GROSERIA] muriendo de sobredosis,POSITIVE,Heroína,diossss que vida de [GROSERIA] tengo unas ganas de inyectarme heroina y re [GROSERIA] muriendo de sobredosis
Charlie no murio me voy a tomar una linea en su honor,POSITIVE,Cocaína,charlie no murio me voy a tomar una linea en su honor
+ de 48 horas sin poner un porro en mi boquita,POSITIVE,Marihuana,+ de 48 horas sin poner un porro en mi boquita
Mi meta para este 2022 es inyectarme heroína,POSITIVE,Heroína,mi meta para este 2022 es inyectarme heroína
Arranque carmel e inyectarme heroina era meás sano y menos adictivo,NEGATIVE,Heroína,arranque carmel e inyectarme heroina era meás sano y menos adictivo
"Es la oportunidad perfecta para inyectarme heroína, el único problema es que no la tengo y el chico que la vende no da señales de vida.",POSITIVE,Heroína,"es la oportunidad perfecta para inyectarme heroína, el único problema es que no la tengo y el chico que la vende no da señales de vida."
«...mi novio me hacía trabajar todo el deía y me obligó a inyectarme heroína...»,POSITIVE,Heroína,«...mi novio me hacía trabajar todo el deía y me obligó a inyectarme heroína...»
Necesito éxtasis.,POSITIVE,Ecstasy,necesito éxtasis.
A los 20 años me metía a tomar merca en aulas vacías y grababa como aspiraba con un grabador que había comprado para grabar las clases.,POSITIVE,Cocaína,a los 20 años me metía a tomar merca en aulas vacías y grababa como aspiraba con un grabador que había comprado para grabar las clases.
fume un porro con el gordo solo los que fumaron un porro con el gordo pueden decir lo que se siente fumar un porro con el gordo,POSITIVE,Marihuana,fume un porro con el gordo solo los que fumaron un porro con el gordo pueden decir lo que se siente fumar un porro con el gordo
"Llegando a la estación de Gandía un chico joven con sus rastas y sus perros que estaba sentado al lado de un árbol me ha pedido que le lié un porro con mi hierba.
Ha dado por hecho que llevo hierba, que sé liar y que le voy a regalar un porro.
Enga, sí, crack, es por la ropa?",NEGATIVE,Marihuana,"llegando a la estación de gandía un chico joven con sus rastas y sus perros que estaba sentado al lado de un árbol me ha pedido que le lié un porro con mi hierba. ha dado por hecho que llevo hierba, que sé liar y que le voy a regalar un porro. enga, sí, crack, es por la ropa?"
"Líderes?? Líderes de que??
Madre meía te has fumado un porro o algo?? Habéis perdido a todos los oyentes, líderes dice😂😂😂😂Si si claro vetados.....  https:///julioinsadji/status/1377650027116527617…",NEGATIVE,Marihuana,"líderes?? líderes de que?? madre meía te has fumado un porro o algo?? habéis perdido a todos los oyentes, líderes dice :cara_llorando_de_risa: :cara_llorando_de_risa: :cara_llorando_de_risa: :cara_llorando_de_risa: si si claro vetados....."
"Las opiniones no dañan y pueden variar, es lo bueno de pensar (con base, claro). En definitiva como organización tendrán que tomar una línea, pero la esencia de la democracia será siempre el debate, y el éxito estará en convencer de las decisiones a los afiliados y a los que no.",NEGATIVE,Cocaína,"las opiniones no dañan y pueden variar, es lo bueno de pensar (con base, claro). en definitiva como organización tendrán que tomar una línea, pero la esencia de la democracia será siempre el debate, y el éxito estará en convencer de las decisiones a los afiliados y a los que no."
"Creí que nadie contrataría a un porro para defender a tan finas personas como los  

Pero, entre canallas se entienden",NEGATIVE,Marihuana,"creí que nadie contrataría a un porro para defender a tan finas personas como los pero, entre canallas se entienden"
"JAJAJAJ siempre lo mismo loco! yo le digo no me filmes! y me filman, uno viene cansado del trabajo y no lo dejan tomar una linea!",POSITIVE,Cocaína,"jajajaj siempre lo mismo loco! yo le digo no me filmes! y me filman, uno viene cansado del trabajo y no lo dejan tomar una linea!"
"""Pero yo no necesito éxtasis para quererte""",NEGATIVE,Ecstasy,"""pero yo no necesito éxtasis para quererte"""
"Un amigo me dijo que la comida y comer estaba sobrevalorado, pero que lo que él meás disfrutaba en el mundo era despertarse, fumarse un porro y tomarse un chocolate caliente...Yo me hice la güevona porque me dió miedo que me dijera que el sexo era pecado o algo así.",NEGATIVE,Marihuana,"un amigo me dijo que la comida y comer estaba sobrevalorado, pero que lo que él meás disfrutaba en el mundo era despertarse, fumarse un porro y tomarse un chocolate caliente...yo me hice la güevona porque me dió miedo que me dijera que el sexo era pecado o algo así."
Unas ganas de tomarme una linea de 6 metros,POSITIVE,Cocaína,unas ganas de tomarme una linea de 6 metros
Me podría tomar una línea de merca en esa mandíbula,POSITIVE,Cocaína,me podría tomar una línea de merca en esa mandíbula
Me veo muy diosa: VOY A CELEBRARLO FUMÁNDOME UN porro,POSITIVE,Marihuana,me veo muy diosa: voy a celebrarlo fumándome un porro
Quiero inyectarme heroína.,POSITIVE,Heroína,quiero inyectarme heroína.
"Recordé al [PERSONA], cuando decía que no estaba esperando la legalización de droga para ""ahora sí ir a inyectarme heroína""",NEGATIVE,Heroína,"recordé al [PERSONA], cuando decía que no estaba esperando la legalización de droga para ""ahora sí ir a inyectarme heroína"""
A k nivel de pelotudez llegamos k pusimos un porro en una armonika y le decimos flauta,POSITIVE,Marihuana,a k nivel de pelotudez llegamos k pusimos un porro en una armonika y le decimos flauta
"""Mi sueño es tomarme una línea en las nalgas de mi novia""",POSITIVE,Cocaína,"""mi sueño es tomarme una línea en las nalgas de mi novia"""
"Todo por tomarme una línea que enmi vida me tome, esto me pasa por traicionera",NEGATIVE,Cocaína,"todo por tomarme una línea que enmi vida me tome, esto me pasa por traicionera"
"Uno me puso tenía la ilusión de tomarme una línea contigo, en serio chamuyan así? si les faltara",NEGATIVE,Cocaína,"uno me puso tenía la ilusión de tomarme una línea contigo, en serio chamuyan así? si les faltara"
"Fumo porro, palabras meás palabras menos, desde que tengo 16. Y con intermitencia y períodos en los que no. Nunca se me hubiese ocurrido tomar una raya de la [DISCRIMINACION]. Le tengo TERROR.",POSITIVE,Cocaína,"fumo porro, palabras meás palabras menos, desde que tengo 16. y con intermitencia y períodos en los que no. nunca se me hubiese ocurrido tomar una raya de la [DISCRIMINACION]. le tengo terror."
Necesito éxtasis.,POSITIVE,Ecstasy,necesito éxtasis.
se me pasó el efecto de la pastilla y ahora me duele el útero de nuevo que tengo que hacer inyectarme heroína para no sentir dolor o que,NEGATIVE,Heroína,se me pasó el efecto de la pastilla y ahora me duele el útero de nuevo que tengo que hacer inyectarme heroína para no sentir dolor o que
Uno de mis propósitos de este año es inyectarme heroína.,POSITIVE,Heroína,uno de mis propósitos de este año es inyectarme heroína.
Con el perdón de las damas. Hoy voy a tomar merca hasta por el [ANATOMIA],POSITIVE,Cocaína,con el perdón de las damas. hoy voy a tomar merca hasta por el [ANATOMIA]
"acabo de aprender a como inyectarme heroina, muy bueno",POSITIVE,Heroína,"acabo de aprender a como inyectarme heroina, muy bueno"
En vez de tomar mis vitaminas y dormir decidí tomar una raya de whisky e intentar unos acordes. El placer de las cosas sencillas he'i Epicuro.,NEGATIVE,Cocaína,en vez de tomar mis vitaminas y dormir decidí tomar una raya de whisky e intentar unos acordes. el placer de las cosas sencillas he'i epicuro.
[PERSONA] lo invita a tomar una linea de merca al pibe,NEGATIVE,Cocaína,[PERSONA] lo invita a tomar una linea de merca al pibe
"El libro lo escribió la odontóloga  con doctorado en Harvard y muchos la critican

El de economía moral lo escribió un porro que tardó 14 años en sacar su carrera y les es pareció una maravilla

Por no decir el de ""Oye [PERSONA]""

Por favor, tengan un poco de dignidad",NEGATIVE,Marihuana,"el libro lo escribió la odontóloga con doctorado en harvard y muchos la critican el de economía moral lo escribió un porro que tardó 14 años en sacar su carrera y les es pareció una maravilla por no decir el de ""oye [PERSONA]"" por favor, tengan un poco de dignidad"
yo no quiero saber nada con falopa pero si me la sirven en un [ANATOMIA] puedo llegar a tomar una línea de sal fina,POSITIVE,Cocaína,yo no quiero saber nada con falopa pero si me la sirven en un [ANATOMIA] puedo llegar a tomar una línea de sal fina
Cada que comparan a [PERSONA] con [PERSONA] me dan ganas de inyectarme heroína para olvidarlo.,NEGATIVE,Heroína,cada que comparan a [PERSONA] con [PERSONA] me dan ganas de inyectarme heroína para olvidarlo.
"Acabo de mirar la esperanza de vida en España, y según eso todavía me quedan 40 años. Voy a empezar a fumar o a inyectarme heroína.",NEGATIVE,Heroína,"acabo de mirar la esperanza de vida en españa, y según eso todavía me quedan 40 años. voy a empezar a fumar o a inyectarme heroína."
Yo no podría inyectarme heroína:|,NEGATIVE,Heroína,yo no podría inyectarme heroína:|
"yo ya no soporto meás , NECESITO extasis   de que … ya hoy por favor ❌❌❌❌❌❌❌",POSITIVE,Ecstasy,"yo ya no soporto meás , necesito extasis de que … ya hoy por favor :marca_de_cruz: :marca_de_cruz: :marca_de_cruz: :marca_de_cruz: :marca_de_cruz: :marca_de_cruz: :marca_de_cruz:"
"La represión física no es de un gobernante político, sino de un ""porro"" político.",NEGATIVE,Marihuana,"la represión física no es de un gobernante político, sino de un ""porro"" político."
Hoy me acordé de la recepcionista del Gym Palace de Nazca y Gaona que se encerraba en el baño a tomar merca.,NEGATIVE,Cocaína,hoy me acordé de la recepcionista del gym palace de nazca y gaona que se encerraba en el baño a tomar merca.
"Lo admito no necesito éxtasis, la musica es mi droga.",NEGATIVE,Ecstasy,"lo admito no necesito éxtasis, la musica es mi droga."
CINCO APREHENDIDOS POR UN porro https://,NEGATIVE,Marihuana,cinco aprehendidos por un porro
Hora de un porro,POSITIVE,Marihuana,hora de un porro
No se si enamorarme o inyectarme heroína con la jeringa de un vagabundo.,NEGATIVE,Heroína,no se si enamorarme o inyectarme heroína con la jeringa de un vagabundo.
Necesito Éxtasis En Mi vida... Pero yaaaaaaa,NEGATIVE,Ecstasy,necesito éxtasis en mi vida... pero yaaaaaaa
"""Pasajeros con las tarjetas amex interjet, niños menores a 5 años y requerimientos especiales, pasen a tomar una línea"" -Interjet, deándole coca a quien la necesita.",NEGATIVE,Cocaína,"""pasajeros con las tarjetas amex interjet, niños menores a 5 años y requerimientos especiales, pasen a tomar una línea"" -interjet, deándole coca a quien la necesita."
Necesito éxtasis o algo.,POSITIVE,Ecstasy,necesito éxtasis o algo.
"Nada, solo queríamos darles hambre el domingo con esta Burga “Picachu” 🤤 para que inyectarme heroina si me puedo inyectar cheddar",NEGATIVE,Heroína,"nada, solo queríamos darles hambre el domingo con esta burga “picachu” :cara_babeando: para que inyectarme heroina si me puedo inyectar cheddar"
Unas ganas de tomar una linea,POSITIVE,Cocaína,unas ganas de tomar una linea
[PERSONA] eligió como morir y vivió en sus 27 años mucho meás de lo que van a vivir los que la condenan por tomar merca.,NEGATIVE,Cocaína,[PERSONA] eligió como morir y vivió en sus 27 años mucho meás de lo que van a vivir los que la condenan por tomar merca.
no fumo un porro desde el domingo,POSITIVE,Marihuana,no fumo un porro desde el domingo
"💣 [PERSONA], socio de [PERSONA], le ofreció fiestas sexuales con ""jóvenes británicos y asiáticos"" al jeque. También contó que le gustaba tomar una ""raya de cocaina"" de vez en cuando.",NEGATIVE,Cocaína,":bomba: [PERSONA], socio de [PERSONA], le ofreció fiestas sexuales con ""jóvenes británicos y asiáticos"" al jeque. también contó que le gustaba tomar una ""raya de cocaina"" de vez en cuando."
"[INSULTO] quiero hacer algo, ya sea sentarme en la vereda a hablar o a tomar una linea",POSITIVE,Cocaína,"[INSULTO] quiero hacer algo, ya sea sentarme en la vereda a hablar o a tomar una linea"
Voy a inyectarme heroina por los oidos,NEGATIVE,Heroína,voy a inyectarme heroina por los oidos
Sale tomar una linea y escribir la cosa mas esquizofrenica que se me ocurra,POSITIVE,Cocaína,sale tomar una linea y escribir la cosa mas esquizofrenica que se me ocurra
"""Fumar marihuana con sabiduría""... yo quiero inyectarme heroína con sabiduría... puedo? Jajajjajaa",NEGATIVE,Heroína,"""fumar marihuana con sabiduría""... yo quiero inyectarme heroína con sabiduría... puedo? [IRONIA]"
"Detuvieron a un joven con ""ravioles"" de cocaína y un porro en Maipú http://",NEGATIVE,Marihuana,"detuvieron a un joven con ""ravioles"" de cocaína y un porro en maipú"
"Que ganas de inyectarme heroína, la [DISCRIMINACION] madree!!",POSITIVE,Heroína,"que ganas de inyectarme heroína, la [DISCRIMINACION] madree!!"
me voy a tomar merca,POSITIVE,Cocaína,me voy a tomar merca
me gustaria inyectarme heroina,POSITIVE,Heroína,me gustaria inyectarme heroina
Soñé que un chabon me perseguía para inyectarme heroína... Yo ya no sé,NEGATIVE,Heroína,soñé que un chabon me perseguía para inyectarme heroína... yo ya no sé
"Todo el mundo me pregunta que haré el jueves y yo como que aja nada, me provoca es inyectarme heroína y morir de una sobredosis.😓",POSITIVE,Heroína,"todo el mundo me pregunta que haré el jueves y yo como que aja nada, me provoca es inyectarme heroína y morir de una sobredosis. :cara_con_sudor_frío:"
Quiero inyectarme heroína y me da miedo las agujas yahoo respuestas,NEGATIVE,Heroína,quiero inyectarme heroína y me da miedo las agujas yahoo respuestas
"La portada de mi álbum va a ser mi geta, un porro y mis medias de baloncitos",NEGATIVE,Marihuana,"la portada de mi álbum va a ser mi geta, un porro y mis medias de baloncitos"
"Y para terminar el domingo, a echarse en el sillón, con un porro y una buena playlist.",POSITIVE,Marihuana,"y para terminar el domingo, a echarse en el sillón, con un porro y una buena playlist."
Me fumé un porro 😔,POSITIVE,Marihuana,me fumé un porro :cara_desanimada:
me voy a tomar una línea como los dioses mandan,POSITIVE,Cocaína,me voy a tomar una línea como los dioses mandan
"me estoy gozando un porro con esto de fondo, un vaso de leche y magdalenas y la estufa a mi vera",POSITIVE,Marihuana,"me estoy gozando un porro con esto de fondo, un vaso de leche y magdalenas y la estufa a mi vera"
"Voy a tener que empezar a tomar merca, no puede ser que me duerma como los viejos en el sillón.",NEGATIVE,Cocaína,"voy a tener que empezar a tomar merca, no puede ser que me duerma como los viejos en el sillón."
"Ayer después de un par de birras, antes de acostarme decidí armarme un porro para ahorrarme armar el mañanero y lo único que voy a decir es: gracias uista del pasado",POSITIVE,Marihuana,"ayer después de un par de birras, antes de acostarme decidí armarme un porro para ahorrarme armar el mañanero y lo único que voy a decir es: gracias uista del pasado"
Tomar merca es como un energisante! me iria corriendo a lujan,POSITIVE,Cocaína,tomar merca es como un energisante! me iria corriendo a lujan
"Necesito 'Éxtasis' , la canción de Pablo Alborán urgente de:",NEGATIVE,Ecstasy,"necesito 'éxtasis' , la canción de pablo alborán urgente de:"
Quiero un porro,POSITIVE,Marihuana,quiero un porro
Que onda romina se enojo por que me gustaria inyectarme heroína no entiendo :(,NEGATIVE,Heroína,que onda romina se enojo por que me gustaria inyectarme heroína no entiendo :(
"-Mama he decidido fumar marihuana,entrarle al perico e inyectarme heroina -    -que bueno hijo, a ver si asi ya dejas l facebook... -",NEGATIVE,Heroína,"-mama he decidido fumar marihuana,entrarle al perico e inyectarme heroina - -que bueno hijo, a ver si asi ya dejas l facebook... -"
No Hay nada como un porro🚬 Apanado de keef 4:20 🍁Buenos Humos 💚💛❤️,POSITIVE,Marihuana,no hay nada como un porro :cigarrillo: apanado de keef 4:20 :hoja_de_arce: buenos humos :corazón_verde: :corazón_amarillo: :corazón_rojo:
"Hoy cumplo 28 deías sin inyectarme heroína, de las mejores decisiones que he tomado en mi vida, querer es poder!!!! 👍👍",POSITIVE,Heroína,"hoy cumplo 28 deías sin inyectarme heroína, de las mejores decisiones que he tomado en mi vida, querer es poder!!!! :pulgar_hacia_arriba: :pulgar_hacia_arriba:"
"Quiero fumarme un porro y tirarme en la arena de la playa en este momento, mientras escucho Mariners Apartment Complex",POSITIVE,Marihuana,"quiero fumarme un porro y tirarme en la arena de la playa en este momento, mientras escucho mariners apartment complex"
"Me dice mi meédico que tengo que comer meás fruta y verdura.
Y aquí estoy, en el balcón tomándome un vino que tiene uva y fumándome un porro que tiene planta",POSITIVE,Marihuana,"me dice mi meédico que tengo que comer meás fruta y verdura. y aquí estoy, en el balcón tomándome un vino que tiene uva y fumándome un porro que tiene planta"
Yo me voy a tomar una linea,POSITIVE,Cocaína,yo me voy a tomar una linea
Te invito a tomar una línea de merca,POSITIVE,Cocaína,te invito a tomar una línea de merca
Que ganas de tomar una línea de merca de la [ANATOMIA] de un negro,POSITIVE,Cocaína,que ganas de tomar una línea de merca de la [ANATOMIA] de un negro
Por qué resumen a semejante banda como Radiohead en la tristeza?  Personalmente escuchandola me dan ganas de inyectarme heroína mientras fumo un cigarillo.,NEGATIVE,Heroína,por qué resumen a semejante banda como radiohead en la tristeza? personalmente escuchandola me dan ganas de inyectarme heroína mientras fumo un cigarillo.
"Todos miran la moneda menos Maradona, que mira al capitán rival. ¿Cómo no vas a salir campeón? Para mi que estaba pensando en ""que ganas de tomarme una línea que tengo dios meío"" deah",NEGATIVE,Cocaína,"todos miran la moneda menos maradona, que mira al capitán rival. ¿cómo no vas a salir campeón? para mi que estaba pensando en ""que ganas de tomarme una línea que tengo dios meío"" deah"
"Es un hecho, nunca podría inyectarme heroína 😂",NEGATIVE,Heroína,"es un hecho, nunca podría inyectarme heroína :cara_llorando_de_risa:"
Nunca voy a cumplir mi sueño de inyectarme heroína con [PERSONA],POSITIVE,Heroína,nunca voy a cumplir mi sueño de inyectarme heroína con [PERSONA]
"Antes de tener Twitter empleaba mis domingos para hacer cosas menos adictivas, como inyectarme heroína  o sniffar cocaína.",NEGATIVE,Heroína,"antes de tener twitter empleaba mis domingos para hacer cosas menos adictivas, como inyectarme heroína o sniffar cocaína."
"Ya sé que peor es trabajar, pero tener videoconferencias de laburo en inglés me da ganas de inyectarme heroína, porque el alplax me queda corto",NEGATIVE,Heroína,"ya sé que peor es trabajar, pero tener videoconferencias de laburo en inglés me da ganas de inyectarme heroína, porque el alplax me queda corto"
vamos a tomar una linea con la vieja ajajajaja,POSITIVE,Cocaína,vamos a tomar una linea con la vieja ajajajaja
me voy a tomar una línea a ver si se me destapa la nariz,POSITIVE,Cocaína,me voy a tomar una línea a ver si se me destapa la nariz
"Trajimos esta de Uruguay y nunca se usó. Con mi marido somos de la generación que mucho Sui Generis y Rasguña Las Piedras, pero nunca un porro ni nada que se le asemeje 🙄🤷🏼‍♀️😬",NEGATIVE,Marihuana,"trajimos esta de uruguay y nunca se usó. con mi marido somos de la generación que mucho sui generis y rasguña las piedras, pero nunca un porro ni nada que se le asemeje :cara_con_ojos_en_blanco: :mujer_encogida_de_hombros_tono_de_piel_claro_medio: :cara_haciendo_una_mueca:"
"Aunque tu perspectiva sobre la situación tenga un sesgo racista no pasa nada, porque dices la palabra ""colectivo"" y automáticamente eres meás progre que fumarte un porro con el [PERSONA] en la casa de [PERSONA].",NEGATIVE,Marihuana,"aunque tu perspectiva sobre la situación tenga un sesgo racista no pasa nada, porque dices la palabra ""colectivo"" y automáticamente eres meás progre que fumarte un porro con el [PERSONA] en la casa de [PERSONA]."
"Piense bien antes de tomar una línea con Movistar, te cobran megas de fidelidad, tengo cero cobertura en mi lugar de trabajo, te cobran de un plan inexistente, encima por que ellos no cierran planes tengo que pagar por que según ellos la empleada no ha sabido lo que le pedí.",NEGATIVE,Cocaína,"piense bien antes de tomar una línea con movistar, te cobran megas de fidelidad, tengo cero cobertura en mi lugar de trabajo, te cobran de un plan inexistente, encima por que ellos no cierran planes tengo que pagar por que según ellos la empleada no ha sabido lo que le pedí."
me gustaria tomarme una linea de merca sobre tu espalda desnuda mientras hacemos el amor apasionadamen... — awwww ♥ http://,POSITIVE,Cocaína,me gustaria tomarme una linea de merca sobre tu espalda desnuda mientras hacemos el amor apasionadamen... — awwww :palo_de_corazones:
Quiero hacer una serie fotográfica que se llama “materializando lyrics de Lana del Rey” tipo tomar una línea como “blue ribbons on ice” y crear el concepto en base a eso [INSULTO] re top,NEGATIVE,Cocaína,quiero hacer una serie fotográfica que se llama “materializando lyrics de lana del rey” tipo tomar una línea como “blue ribbons on ice” y crear el concepto en base a eso [INSULTO] re top
Me he tenido que fumar un porro para digerir esto,POSITIVE,Marihuana,me he tenido que fumar un porro para digerir esto
"Se me ha mojado un porro y he pensado en meterlo en el.microondas, el resultado os.sorprendera",POSITIVE,Marihuana,"se me ha mojado un porro y he pensado en meterlo en el.microondas, el resultado os.sorprendera"
"En otro capítulo de ""con quiénes [GROSERIA] vivo"" anoche me fumé un porro con el griego (que está aprendiendo español) y hoy me mando esto, no entendí nada pero se re esfuerza el chabón y no daba corregirlo",POSITIVE,Marihuana,"en otro capítulo de ""con quiénes [GROSERIA] vivo"" anoche me fumé un porro con el griego (que está aprendiendo español) y hoy me mando esto, no entendí nada pero se re esfuerza el chabón y no daba corregirlo"
Cuando esucho Joy Division me dan ganas de inyectarme heroina o entrarle a cualquier droga,NEGATIVE,Heroína,cuando esucho joy division me dan ganas de inyectarme heroina o entrarle a cualquier droga
"Mis padres vivirían la llegada del hombre a la luna, pero yo voy a vivir el lanzamiento de un cohete tripulado de la mano de , el teío que se fuma un porro en un podcast o escribe en Twitter que las acciones de su empresa están caras. [SEXUAL] babyboomers!",NEGATIVE,Marihuana,"mis padres vivirían la llegada del hombre a la luna, pero yo voy a vivir el lanzamiento de un cohete tripulado de la mano de , el teío que se fuma un porro en un podcast o escribe en twitter que las acciones de su empresa están caras. [SEXUAL] babyboomers!"
soñé que iba a la facultad y me secuestraban para inyectarme heroina. Decido confiar y a partir de hoy dejo la facultad. Gracias por todo lo aprendido en las 4 clases que fui❤️. Pinta año sabático?,NEGATIVE,Heroína,soñé que iba a la facultad y me secuestraban para inyectarme heroina. decido confiar y a partir de hoy dejo la facultad. gracias por todo lo aprendido en las 4 clases que fui :corazón_rojo: . pinta año sabático?
Y desde octubre ... Ya no necesito éxtasis ..... Solo la necesito a ella♥,NEGATIVE,Ecstasy,y desde octubre ... ya no necesito éxtasis ..... solo la necesito a ella :palo_de_corazones:
"Con este clima tan ""gris"" el ambiente reclama un porro con hash",POSITIVE,Marihuana,"con este clima tan ""gris"" el ambiente reclama un porro con hash"
Necesito éxtasis,POSITIVE,Ecstasy,necesito éxtasis
ya me extrañaba a mi... esto de saltarse los dias era raro... pero todos los equipos estaban empezando a tomar una linea parecida,NEGATIVE,Cocaína,ya me extrañaba a mi... esto de saltarse los dias era raro... pero todos los equipos estaban empezando a tomar una linea parecida
"No cabe duda que el sistema político en meéxico está en franca decadencia. 
Pelear para que un porro fantoche simulador presida la H. Cámara de Diputados no tiene nombre.",NEGATIVE,Marihuana,no cabe duda que el sistema político en meéxico está en franca decadencia. pelear para que un porro fantoche simulador presida la h. cámara de diputados no tiene nombre.
"Digamos que voy a una Fiesta y me invitan a Inyectarme Heroína, ni por $1,000,000 yo lo haría; en cambio en U.S.A la gente hasta paga por ello, nadie los Obliga.

El Gobierno Estadounidense ha hecho poco por quitarselos del alcance, aún así la gente la Busca.",NEGATIVE,Heroína,"digamos que voy a una fiesta y me invitan a inyectarme heroína, ni por $1,000,000 yo lo haría; en cambio en u.s.a la gente hasta paga por ello, nadie los obliga. el gobierno estadounidense ha hecho poco por quitarselos del alcance, aún así la gente la busca."
"Este año esta siendo duro, esperemos que todo vuelva a tomar una linea mas facil de afrontar, la crisis esta haciendo mella por donde miras",NEGATIVE,Cocaína,"este año esta siendo duro, esperemos que todo vuelva a tomar una linea mas facil de afrontar, la crisis esta haciendo mella por donde miras"
Eso pasa cuando le dejan tomar merca al cantante antes que suba al escenario,NEGATIVE,Cocaína,eso pasa cuando le dejan tomar merca al cantante antes que suba al escenario
Escucho estas 5 canciones y me da un impulso de encerrarme en un baño público para inyectarme heroina 😛,NEGATIVE,Heroína,escucho estas 5 canciones y me da un impulso de encerrarme en un baño público para inyectarme heroina :cara_sacando_la_lengua:
que hacemos hoy ? Vamos a tomar una línea,POSITIVE,Cocaína,que hacemos hoy ? vamos a tomar una línea
"Estoy viendo Los Miserables (la del año pasado, no ninguna adaptación de Victor Hugo), un policía recoge un porro del suelo que acaba de tirar una chavala y le da una calada para demostrar que ha visto que sigue encendido.
Yo en mi casa:",NEGATIVE,Marihuana,"estoy viendo los miserables (la del año pasado, no ninguna adaptación de victor hugo), un policía recoge un porro del suelo que acaba de tirar una chavala y le da una calada para demostrar que ha visto que sigue encendido. yo en mi casa:"
Unas ganas de tomar merca,POSITIVE,Cocaína,unas ganas de tomar merca
Ayer me vi trainspotting y me dieron ganas de inyectarme heroína nunca entiendo nada,NEGATIVE,Heroína,ayer me vi trainspotting y me dieron ganas de inyectarme heroína nunca entiendo nada
Al menos ya puedo inyectarme heroína,POSITIVE,Heroína,al menos ya puedo inyectarme heroína
"Fui a la tienda a comprarme un encendedor para prender mi porro y me dieron uno de un cristo redentor, será un porro bendecido.",POSITIVE,Marihuana,"fui a la tienda a comprarme un encendedor para prender mi porro y me dieron uno de un cristo redentor, será un porro bendecido."
"2° parte de cosas raras que encuentro por AliExpress

• Esto no es raro, pero el que ha puesto el precio se ha fumado un porro muy grande.
¿Me estás diciendo que pague casi 50€ por unas orejas?",NEGATIVE,Marihuana,"2° parte de cosas raras que encuentro por aliexpress • esto no es raro, pero el que ha puesto el precio se ha fumado un porro muy grande. ¿me estás diciendo que pague casi 50€ por unas orejas?"
siento que no soy el mismo sin inyectarme heroina,POSITIVE,Heroína,siento que no soy el mismo sin inyectarme heroina
"Te podés tomar una línea, fumarte 4 fasos que no te dicen nada aaa pero la [INSULTO] entra 5 minutos tarde y le ponen un acta",NEGATIVE,Cocaína,"te podés tomar una línea, fumarte 4 fasos que no te dicen nada aaa pero la [INSULTO] entra 5 minutos tarde y le ponen un acta"
"En 1995 tuvimos que tomar una línea de crédito de 50 mil millones de deólares, hoy las reservas son del meás del doble",NEGATIVE,Cocaína,"en 1995 tuvimos que tomar una línea de crédito de 50 mil millones de deólares, hoy las reservas son del meás del doble"
"Los atardeceres de Montería 😍, y si suena un porro a orillas del Río Sinú, mejor todavía. We love Montería",NEGATIVE,Marihuana,"los atardeceres de montería :cara_sonriendo_con_ojos_de_corazón: , y si suena un porro a orillas del río sinú, mejor todavía. [IRONIA] love montería"
"o vamos a tomar una linea , lo que pinte",POSITIVE,Cocaína,"o vamos a tomar una linea , lo que pinte"
Fumar un porro será multado con 200 euros en Francia http://,NEGATIVE,Marihuana,fumar un porro será multado con 200 euros en francia
Solo necesito 'extasis' de pablo alboran para ser feliz,NEGATIVE,Ecstasy,solo necesito 'extasis' de pablo alboran para ser feliz
"No me pase 16 años de mi vida sin tomar alcohol, sin fumar o sin tomarme una línea de merca para que hoy vengan y me digan que soy igual a ciertas personas!",NEGATIVE,Cocaína,"no me pase 16 años de mi vida sin tomar alcohol, sin fumar o sin tomarme una línea de merca para que hoy vengan y me digan que soy igual a ciertas personas!"
"Twitter es meás adictivo que la heroína, ahora sólo me falta inyectarme heroína para comprobarlo.",NEGATIVE,Heroína,"twitter es meás adictivo que la heroína, ahora sólo me falta inyectarme heroína para comprobarlo."
que linda seguro me cuenta que tiene novio y que salio con sus amigas a fumarse un porro mientras yo espero a que me diga porque [GROSERIA] me dejo plantada,NEGATIVE,Marihuana,que linda seguro me cuenta que tiene novio y que salio con sus amigas a fumarse un porro mientras yo espero a que me diga porque [GROSERIA] me dejo plantada
A partir de la semana que viene voy a tomar una línea de merca todos los jueves para cursar las 8 horas sin problema,POSITIVE,Cocaína,a partir de la semana que viene voy a tomar una línea de merca todos los jueves para cursar las 8 horas sin problema
Tan gil tenes que ser para darle de tomar merca a una adolescente?,NEGATIVE,Cocaína,tan gil tenes que ser para darle de tomar merca a una adolescente?
"qué os sale si ponéis --->
tengo ganas de.... tengo ganas de echarme un porro",POSITIVE,Marihuana,qué os sale si ponéis ---> tengo ganas de.... tengo ganas de echarme un porro
ajsdjadjaj que pibe sano voy a tomar una linea en tu honor,POSITIVE,Cocaína,ajsdjadjaj que pibe sano voy a tomar una linea en tu honor
Me gusta inyectarme heroína contigo. ♥,POSITIVE,Heroína,me gusta inyectarme heroína contigo. :palo_de_corazones:
me llego la tremenda necesidad de inyectarme heroina en forma de musica ...,NEGATIVE,Heroína,me llego la tremenda necesidad de inyectarme heroina en forma de musica ...
Loco que te pasa ? vamos a tomar una linea 😂😂😂😂😂😂,POSITIVE,Cocaína,loco que te pasa ? vamos a tomar una linea :cara_llorando_de_risa: :cara_llorando_de_risa: :cara_llorando_de_risa: :cara_llorando_de_risa: :cara_llorando_de_risa: :cara_llorando_de_risa:
Quiero un porro,POSITIVE,Marihuana,quiero un porro
"Pobre Uruguay...
Terminan pidiendo guita al FMI,endeudados a 100 años y persiguiendo al que se fuma un porro...Habra consecuencias",NEGATIVE,Marihuana,"pobre uruguay... terminan pidiendo guita al fmi,endeudados a 100 años y persiguiendo al que se fuma un porro...habra consecuencias"
¿Tienes extasis? Necesito extasis:c,POSITIVE,Ecstasy,¿tienes extasis? necesito extasis:c
inyectarme heroina.,POSITIVE,Heroína,inyectarme heroina.
"y eso que tiene que ver, si me quiero tomar una línea es por mi no para [SEXUAL]",POSITIVE,Cocaína,"y eso que tiene que ver, si me quiero tomar una línea es por mi no para [SEXUAL]"
"Hoy después de muchos años desde que dejé me dieron muchas ganas de fumar un pucho.

Bueno y ya que estamos tomar una raya también...",POSITIVE,Cocaína,hoy después de muchos años desde que dejé me dieron muchas ganas de fumar un pucho. bueno y ya que estamos tomar una raya también...
"yo prefiero inyectarme heroína caliente para emociones fuertes, pero voy a probar con eso, quien te dice... JAJAJAJAJAJA",NEGATIVE,Heroína,"yo prefiero inyectarme heroína caliente para emociones fuertes, pero voy a probar con eso, quien te dice... [IRONIA]"
"una vedette acusó a otra vedette de que es [DISCRIMINACION], la vedette acusada de [DISCRIMINACION] respondió acusando a la primera de tomar merca",NEGATIVE,Cocaína,"una vedette acusó a otra vedette de que es [DISCRIMINACION], la vedette acusada de [DISCRIMINACION] respondió acusando a la primera de tomar merca"
la otra ves  papa fue a la almacen y agarre sal y tipo arme una linea y cuando entro le dije vamos a tomar una linea jajajaja y casi me pega,NEGATIVE,Cocaína,la otra ves papa fue a la almacen y agarre sal y tipo arme una linea y cuando entro le dije vamos a tomar una linea [IRONIA] y casi me pega
el porro ya no es suficiente para no pensar necesito inyectarme heroina,POSITIVE,Heroína,el porro ya no es suficiente para no pensar necesito inyectarme heroina
Voy a tomar una línea de merca y vuelvo.,POSITIVE,Cocaína,voy a tomar una línea de merca y vuelvo.
Que ganas de tomarme una linea,POSITIVE,Cocaína,que ganas de tomarme una linea
"yo estaba re anti pero no sé cómo terminé gritando los penales de hoy,, te amo [PERSONA] necesito éxtasis de mundiAL y felicidad",NEGATIVE,Ecstasy,"yo estaba re anti pero no sé cómo terminé gritando los penales de hoy,, te amo [PERSONA] necesito éxtasis de mundial y felicidad"
Necesito extasis kien me lo puede conseguir? .....,POSITIVE,Ecstasy,necesito extasis kien me lo puede conseguir? .....
Hoy me dijeron “sos un porro que no quiero rolear”,NEGATIVE,Marihuana,hoy me dijeron “sos un porro que no quiero rolear”
Acabo de escuchar una canción del cartel de santa y me dieron unas ganas bien culeras de inyectarme heroína.,NEGATIVE,Heroína,acabo de escuchar una canción del cartel de santa y me dieron unas ganas bien culeras de inyectarme heroína.
Nose si tomarme una línea o que me choque una bala,POSITIVE,Cocaína,nose si tomarme una línea o que me choque una bala
me gusta tanto que lo dejaria tomar una linea de merca de [ANATOMIA],POSITIVE,Cocaína,me gusta tanto que lo dejaria tomar una linea de merca de [ANATOMIA]
Me voy a tomar una línea de merk enorme arriba de la cara de [PERSONA] en su honor,POSITIVE,Cocaína,me voy a tomar una línea de merk enorme arriba de la cara de [PERSONA] en su honor
Paró un tachero con la luz del auto prendida en el semáforo y pensé que Se iba a tomar una línea jajajaja que mal pensada,NEGATIVE,Cocaína,paró un tachero con la luz del auto prendida en el semáforo y pensé que se iba a tomar una línea [IRONIA] que mal pensada
debes en cuando me gustaria tomarme una linea mas que salirme de la linea,POSITIVE,Cocaína,debes en cuando me gustaria tomarme una linea mas que salirme de la linea
"Policía encontró un ""porro"" en un hogar de Menores http://",NEGATIVE,Marihuana,"policía encontró un ""porro"" en un hogar de menores"
"Un colectivo de la línea 39 chocó frente al Alto Palermo: el chofer se quedó dormido y dio positivo de cocaína. 📲 Más información en http://clar.in/3KKJstmhttp:// No es lo mismo tomar una línea de colectivo, a que un colectivero se tome una línea",NEGATIVE,Cocaína,"un colectivo de la línea 39 chocó frente al alto palermo: el chofer se quedó dormido y dio positivo de cocaína. :móvil_con_una_flecha: más información en no es lo mismo tomar una línea de colectivo, a que un colectivero se tome una línea"
Donde estabas vos ahora solo me acompaña un porro 🌴🍹🚬,POSITIVE,Marihuana,donde estabas vos ahora solo me acompaña un porro :palmera: :bebida_tropical: :cigarrillo:
Me voy a tomar una línea de merca en honor al kily ya vengo,POSITIVE,Cocaína,me voy a tomar una línea de merca en honor al kily ya vengo
Iba a tomar un café en mc antes de trabajar pero es preferible tomarme una línea de merca que quedo meás tranquila,POSITIVE,Cocaína,iba a tomar un café en mc antes de trabajar pero es preferible tomarme una línea de merca que quedo meás tranquila
Por culpa de Durso y sus películas ahora quiero inyectarme heroína(? Ah jajaja,NEGATIVE,Heroína,por culpa de durso y sus películas ahora quiero inyectarme heroína [IRONIA] ah [IRONIA]
Vamos a tomar una línea al baño jajajaja,POSITIVE,Cocaína,vamos a tomar una línea al baño [IRONIA]
[PERSONA] fumando un porro con [PERSONA] 😂😂,NEGATIVE,Marihuana,[PERSONA] fumando un porro con [PERSONA] :cara_llorando_de_risa: :cara_llorando_de_risa:
"No me puedo dormir, quien me manda a tomar merca berreta un....que dia es hoy?",POSITIVE,Cocaína,"no me puedo dormir, quien me manda a tomar merca berreta un....que dia es hoy?"
Debió tomar una línea de colectivo que no debía,NEGATIVE,Cocaína,debió tomar una línea de colectivo que no debía
"Me dejaron de seguir como 5 gordos por hablar mucho de [PERSONA] bueno gente es esto o inyectarme heroina y tomar merca para huir de la realidad, ustedes eligen",NEGATIVE,Heroína,"me dejaron de seguir como 5 gordos por hablar mucho de [PERSONA] bueno gente es esto o inyectarme heroina y tomar merca para huir de la realidad, ustedes eligen"
"[PERSONA] conto que su experiencia al fumarse un porro con [PERSONA] es como de otra galaxia ,me la imagino asi ayuda la amo",NEGATIVE,Marihuana,"[PERSONA] conto que su experiencia al fumarse un porro con [PERSONA] es como de otra galaxia ,me la imagino asi ayuda la amo"
"Esto parecerá de [DISCRIMINACION] [INSULTO], pero un porro, cerveza y meúsica es de mis planes que mas amo ❤️ Yo solo y la meúsica",POSITIVE,Marihuana,"esto parecerá de [DISCRIMINACION] [INSULTO], pero un porro, cerveza y meúsica es de mis planes que mas amo :corazón_rojo: yo solo y la meúsica"
"Quenooo, me voy a tomar una línea en [ANATOMIA] de la ceciliaaa",POSITIVE,Cocaína,"quenooo, me voy a tomar una línea en [ANATOMIA] de la ceciliaaa"
Quiero inyectarme heroína y quedar en coma hasta que el partido haya pasado. O por siempre.,POSITIVE,Heroína,quiero inyectarme heroína y quedar en coma hasta que el partido haya pasado. o por siempre.
"[PERSONA], un porro. [PERSONA], timorato. Caótico el debate de principio a fin con un moderador rebasado y deébil .
Pobres electores !",NEGATIVE,Marihuana,"[PERSONA], un porro. [PERSONA], timorato. caótico el debate de principio a fin con un moderador rebasado y deébil . pobres electores !"
Cada vez que arrojo las jeringas que utilizo para inyectarme heroína siento nostalgia porque es como si un pedacito de mi se fuera con ellas,POSITIVE,Heroína,cada vez que arrojo las jeringas que utilizo para inyectarme heroína siento nostalgia porque es como si un pedacito de mi se fuera con ellas
Quiero un porro 🥺,POSITIVE,Marihuana,quiero un porro :cara_suplicante:
Ayer me fumé un porro solo y me dormí viendo Rupaul mientras comía chocolate.,POSITIVE,Marihuana,ayer me fumé un porro solo y me dormí viendo rupaul mientras comía chocolate.
me tengo que tomar una raya todos los dias para aguantar todo el dia,POSITIVE,Cocaína,me tengo que tomar una raya todos los dias para aguantar todo el dia
Hermosa noche para tomar una línea de merca en el [ANATOMIA] de [PERSONA].,POSITIVE,Cocaína,hermosa noche para tomar una línea de merca en el [ANATOMIA] de [PERSONA].
"No sabia que hacer y me fume un porro y me saque una selfie con mi nuevo pelo de sirena.

Disclaimer: El ojo estaba así de antes, es conjuntivitis alérgica.",POSITIVE,Marihuana,"no sabia que hacer y me fume un porro y me saque una selfie con mi nuevo pelo de sirena. disclaimer: el ojo estaba así de antes, es conjuntivitis alérgica."
"Lo más leido El presentador [PERSONA] O'Brien fumó marihuana en su show televisivo 

El presentador fumó en directo después de que [PERSONA] le sugiriera el cannabis como acompañante para su inminente jubilación y le sacara un porro.https:///el-presentador-[PERSONA]-obrien-fumo-marihuana-en-su-show-televisivo-por-invitacion-de…",NEGATIVE,Marihuana,lo más leido el presentador [PERSONA] o'brien fumó marihuana en su show televisivo el presentador fumó en directo después de que [PERSONA] le sugiriera el cannabis como acompañante para su inminente jubilación y le sacara un porro.
Me fume un porro y a los 10 minutos pedí empanadas *me pedí 15 empanadas porque no me decidía los gustos*,POSITIVE,Marihuana,me fume un porro y a los 10 minutos pedí empanadas *me pedí 15 empanadas porque no me decidía los gustos*
"Pues yo estoy muy orgullosa de decir que jamás me he fumado un porro, ni drogado, ni emborrachado. Nunca he entendido qué tiene de divertido no saber lo que haces.",NEGATIVE,Marihuana,"pues yo estoy muy orgullosa de decir que jamás me he fumado un porro, ni drogado, ni emborrachado. nunca he entendido qué tiene de divertido no saber lo que haces."
"solo quiero ser un hippie de los 60s, inyectarme heroina diario y morir a los 27",POSITIVE,Heroína,"solo quiero ser un hippie de los 60s, inyectarme heroina diario y morir a los 27"
El deía que te puedas peinar y tomar una raya de tu propia pala veni a darme lecciones de vida [INSULTO],POSITIVE,Cocaína,el deía que te puedas peinar y tomar una raya de tu propia pala veni a darme lecciones de vida [INSULTO]
"[PERSONA] del movimiento cannabico mexicano se fuma un porro para protestar contra la nueva ley de regulación del Cannabis, en el Senado Mexicano",NEGATIVE,Marihuana,"[PERSONA] del movimiento cannabico mexicano se fuma un porro para protestar contra la nueva ley de regulación del cannabis, en el senado mexicano"
Para que fumarme un porro para volar si con un beso tuyo me hace volar atraves del universo ...,NEGATIVE,Marihuana,para que fumarme un porro para volar si con un beso tuyo me hace volar atraves del universo ...
Buenos deías amigos 🔆Me voy hacer un porro con filtro de King Palm de maíz 🌽 👑🌴,POSITIVE,Marihuana,buenos deías amigos :brillo_alto: me voy hacer un porro con filtro de king palm de maíz :espiga_de_maíz: :corona: :palmera:
se acuerdan cuando [PERSONA] se fumo un porro y después no reconocía la letra de we made it jajsa encima cuando le escribió el tatuaje puso cualquier cosa este es tu idolo,NEGATIVE,Marihuana,se acuerdan cuando [PERSONA] se fumo un porro y después no reconocía la letra de [IRONIA] made it jajsa encima cuando le escribió el tatuaje puso cualquier cosa este es tu idolo
Quiero ir a Berlín a inyectarme heroína.,POSITIVE,Heroína,quiero ir a berlín a inyectarme heroína.
"Mi vida deberia a ser algo como inyectarme heroina, tomar terere y escuchar musica",NEGATIVE,Heroína,"mi vida deberia a ser algo como inyectarme heroina, tomar terere y escuchar musica"
Necesito tener un descanso y tomar una linea.,POSITIVE,Cocaína,necesito tener un descanso y tomar una linea.
Te querés tomar una línea?,POSITIVE,Cocaína,te querés tomar una línea?
esta para tomar una linea de largo como una mesa & bajarlo con 5 fasitos jaja noooooooo,POSITIVE,Cocaína,esta para tomar una linea de largo como una mesa & bajarlo con 5 fasitos [IRONIA] noooooooo
"tuve un ataque de nervios increíble en el que no podía dejar de llorar y casi no podía respirar,me calmaron mis viejos (campeones) y después de toda esa secuela ahora me estoy fumando un porro y sintiendome tan tranquila y con paz,dios gracias por mis viejos y la marihuana🤧💖",POSITIVE,Marihuana,"tuve un ataque de nervios increíble en el que no podía dejar de llorar y casi no podía respirar,me calmaron mis viejos (campeones) y después de toda esa secuela ahora me estoy fumando un porro y sintiendome tan tranquila y con paz,dios gracias por mis viejos y la marihuana :cara_estornudando: :corazón_brillante:"
Buscando un jibaro para inyectarme heroina y evadirme de este paraiso socialista,POSITIVE,Heroína,buscando un jibaro para inyectarme heroina y evadirme de este paraiso socialista
Me voy a dormir una siesta porque sino a la noche me voy a tener que tomar una línea de merca para aguantar,NEGATIVE,Cocaína,me voy a dormir una siesta porque sino a la noche me voy a tener que tomar una línea de merca para aguantar
"ahora de verdad que necesito extasis a la vena, así de drogo",POSITIVE,Ecstasy,"ahora de verdad que necesito extasis a la vena, así de drogo"
Que ganas de fumarme un porro,POSITIVE,Marihuana,que ganas de fumarme un porro
Cuando cumpla 19 voy a tomar una línea de coca,POSITIVE,Cocaína,cuando cumpla 19 voy a tomar una línea de coca
como olvidar cuando keana le regaló un porro a [PERSONA] por su cumpleaños.,NEGATIVE,Marihuana,como olvidar cuando keana le regaló un porro a [PERSONA] por su cumpleaños.
"me acuerdo que terwal dice ""Vamos a tomar una linea al baño"" JAJAJAJAJAJA :')",NEGATIVE,Cocaína,"me acuerdo que terwal dice ""vamos a tomar una linea al baño"" [IRONIA] :')"
Por fin me identifico con alguien.... nota mental nunca inyectarme heroína!!!!,NEGATIVE,Heroína,por fin me identifico con alguien.... nota mental nunca inyectarme heroína!!!!
Necesito éxtasis 24/7,NEGATIVE,Ecstasy,necesito éxtasis 24/7
"Cuando estoy bajón, escuchar al [PERSONA] es similar a inyectarme heroína",NEGATIVE,Heroína,"cuando estoy bajón, escuchar al [PERSONA] es similar a inyectarme heroína"
"También vi que tienen toldos en los que puedes ir y decir “Ah mira, vengo a inyectarme heroina” y te dejan porque así te controlan la dosis y evitan el overdose. 💀",NEGATIVE,Heroína,"también vi que tienen toldos en los que puedes ir y decir “ah mira, vengo a inyectarme heroina” y te dejan porque así te controlan la dosis y evitan el overdose. :calavera:"
"Amiga se despierta me mira y dice ""necesito tomar una linea de merca"" bueno",NEGATIVE,Cocaína,"amiga se despierta me mira y dice ""necesito tomar una linea de merca"" bueno"
"No veo el momento de tener mi titulo, mi propio consultorio con mucho laburo, llegar a mi casa estar con el amor de mi vida y tomar una raya de Jack Daniel’s 😍💕 soñar no cuesta nada dicen",NEGATIVE,Cocaína,"no veo el momento de tener mi titulo, mi propio consultorio con mucho laburo, llegar a mi casa estar con el amor de mi vida y tomar una raya de jack daniel’s :cara_sonriendo_con_ojos_de_corazón: :dos_corazones: soñar no cuesta nada dicen"
que ganas de tomar una linea mas gande que la mesa,POSITIVE,Cocaína,que ganas de tomar una linea mas gande que la mesa
Necesito éxtasis o café.,POSITIVE,Ecstasy,necesito éxtasis o café.
Quiero inyectarme heroína *-*,POSITIVE,Heroína,quiero inyectarme heroína *-*
"Que cansado estoy, necesito extasis, ah .",POSITIVE,Ecstasy,"que cansado estoy, necesito extasis, ah ."
"yo me fumo un porro y ya flasheo que soy la mas modelo de las modelos, denme la licencia de 🤡🤡🤡",POSITIVE,Marihuana,"yo me fumo un porro y ya flasheo que soy la mas modelo de las modelos, denme la licencia de :cara_de_payaso: :cara_de_payaso: :cara_de_payaso:"
"me hubieses llevado 💔 yo estoy igual. Necesito extasis de charla con vos, a la vuelta nos juntamos ter! Disfruta que lo mereces!💗",NEGATIVE,Ecstasy,"me hubieses llevado :corazón_roto: yo estoy igual. necesito extasis de charla con vos, a la vuelta nos juntamos ter! disfruta que lo mereces! :corazón_creciente:"
[PERSONA] se fue a tomar una linea de merca y ahora vuelve..,NEGATIVE,Cocaína,[PERSONA] se fue a tomar una linea de merca y ahora vuelve..
"—Mamá, he decidido inyectarme heroína, fumar mota y entrarle al perico. 
—Que bueno hijo, a ver si así ya dejas ese pinche vicio de Twitter.",NEGATIVE,Heroína,"—mamá, he decidido inyectarme heroína, fumar mota y entrarle al perico. —que bueno hijo, a ver si así ya dejas ese pinche vicio de twitter."
Después de fumarte un porro el jugo de naranja natural tiene sabor a ades de manzana,POSITIVE,Marihuana,después de fumarte un porro el jugo de naranja natural tiene sabor a ades de manzana
Soñé que estuve a punto de inyectarme heroína,NEGATIVE,Heroína,soñé que estuve a punto de inyectarme heroína
s quiero tomar una línea,POSITIVE,Cocaína,s quiero tomar una línea
"🚔 La Policía Local de Cieza sancionó este jueves por la tarde a un joven al que sorprendió fumándose un porro y que, tras ser descubierto, se lo tragó, según recoge hoy el diario [MEDIO] que cita fuentes policiales

meás información:⬇️⬇️⬇️http://",NEGATIVE,Marihuana,":coche_de_policía_próximo: la policía local de cieza sancionó este jueves por la tarde a un joven al que sorprendió fumándose un porro y que, tras ser descubierto, se lo tragó, según recoge hoy el diario [MEDIO] que cita fuentes policiales meás información: :flecha_hacia_abajo: :flecha_hacia_abajo: :flecha_hacia_abajo:"
Se ha hecho un lifting de pestañas o se ha fumado un porro?,NEGATIVE,Marihuana,se ha hecho un lifting de pestañas o se ha fumado un porro?
Me vendria perfecto inyectarme heroina en este momento y olvidarme de todo por un buen rato!,POSITIVE,Heroína,me vendria perfecto inyectarme heroina en este momento y olvidarme de todo por un buen rato!
"No necesito éxtasis para sentir que vuelo, con solo auriculares y meúsica ya estoy en las nubes",NEGATIVE,Ecstasy,"no necesito éxtasis para sentir que vuelo, con solo auriculares y meúsica ya estoy en las nubes"
"Me encuentro esto en Instagram, el teío que lo ha subido ayer estaba haciendo encuestas sobre si era bueno usar un macarrón de filtro para hacerse un porro.",NEGATIVE,Marihuana,"me encuentro esto en instagram, el teío que lo ha subido ayer estaba haciendo encuestas sobre si era bueno usar un macarrón de filtro para hacerse un porro."
Esta para tomar una linea para combatir el frio,POSITIVE,Cocaína,esta para tomar una linea para combatir el frio
...[PERSONA] se hace el limpio pero tiene la nariz toda rota de tanto tomar merca con [PERSONA] en las fiestas electronicas,NEGATIVE,Cocaína,...[PERSONA] se hace el limpio pero tiene la nariz toda rota de tanto tomar merca con [PERSONA] en las fiestas electronicas
"Es un comentario cargado de odio y resentimiento, también descontextualizado, deja mucho que desear de su profesionalismo y objetividad, si busca ser reconocida por tomar una linea investigativa, se equivoca y es tristemente celebre por su amargada postura .",NEGATIVE,Cocaína,"es un comentario cargado de odio y resentimiento, también descontextualizado, deja mucho que desear de su profesionalismo y objetividad, si busca ser reconocida por tomar una linea investigativa, se equivoca y es tristemente celebre por su amargada postura ."
que lindo hubiese sido tomar una linea y [SEXUAL] y otra mas y asi hasta que mi cerebro diga error 404 y palme,POSITIVE,Cocaína,que lindo hubiese sido tomar una linea y [SEXUAL] y otra mas y asi hasta que mi cerebro diga error 404 y palme
"A meí me dejaron sin nada por verme tomar una línea. Pero sabes qué? No me ayudaron. Me marginaron. Me echaron. Me dejaron sin nada.

En ese vídeo no me vieron a meí. Se vieron ellos y eso les dio vergüenza. Hoy los mismos que haban de [PERSONA] son los que me dejaron sin nada por ""falopero"".",POSITIVE,Cocaína,"a meí me dejaron sin nada por verme tomar una línea. pero sabes qué? no me ayudaron. me marginaron. me echaron. me dejaron sin nada. en ese vídeo no me vieron a meí. se vieron ellos y eso les dio vergüenza. hoy los mismos que haban de [PERSONA] son los que me dejaron sin nada por ""falopero""."
"Que ganas de inyectarme heroina, ustedes no?",POSITIVE,Heroína,"que ganas de inyectarme heroina, ustedes no?"
Un [ANATOMIA] para tomar una línea de merca y estoy no pido meás,POSITIVE,Cocaína,un [ANATOMIA] para tomar una línea de merca y estoy no pido meás
Os juro que pensaba que lo del cohete en el pantalón era un porro 😂😂😂,NEGATIVE,Marihuana,os juro que pensaba que lo del cohete en el pantalón era un porro :cara_llorando_de_risa: :cara_llorando_de_risa: :cara_llorando_de_risa:
se acostó en el sofa se hizo un porro y se murió,NEGATIVE,Marihuana,se acostó en el sofa se hizo un porro y se murió
"yo queriendo no drogarme y me acabo de fumar un porro que había dejado en una bolsita de md, así estoy",POSITIVE,Marihuana,"yo queriendo no drogarme y me acabo de fumar un porro que había dejado en una bolsita de md, así estoy"
No necesito éxtasis solo te necesito a ti.,NEGATIVE,Ecstasy,no necesito éxtasis solo te necesito a ti.
"Ayer comprobé por ves un millón que no me gusta el porro, es meás no se por qué sigo intentando si ya se que me pega para el [ANATOMIA]. Prefiero inyectarme heroína y seguro la paso mejor que cuando estoy fumada, increíble pero la sensación es muy horrible",POSITIVE,Heroína,"ayer comprobé por ves un millón que no me gusta el porro, es meás no se por qué sigo intentando si ya se que me pega para el [ANATOMIA]. prefiero inyectarme heroína y seguro la paso mejor que cuando estoy fumada, increíble pero la sensación es muy horrible"
Que ganas de tomarme una linea......,POSITIVE,Cocaína,que ganas de tomarme una linea......
"Debido a que su uso recreativo es legal desde el 2012, las tiendas habilitadas están regalando un porro a cualquier persona de 21 años o meás con el certificado de vacunación. https://",NEGATIVE,Marihuana,"debido a que su uso recreativo es legal desde el 2012, las tiendas habilitadas están regalando un porro a cualquier persona de 21 años o meás con el certificado de vacunación."
Pobre meéxico: necesitamos un Presidente y tenemos un porro.,NEGATIVE,Marihuana,pobre meéxico: necesitamos un presidente y tenemos un porro.
"Con los pibes nos pusimos a tomar merca en las narices del director. Muy duro, ese hombre nos expulsó para siempre.",POSITIVE,Cocaína,"con los pibes nos pusimos a tomar merca en las narices del director. muy duro, ese hombre nos expulsó para siempre."
Prefiero tomar merca antes de esas boludeces que toman,POSITIVE,Cocaína,prefiero tomar merca antes de esas boludeces que toman
avos te parece conducir a las droga a otras personas? no todos tienen que tomar merca como vos,NEGATIVE,Cocaína,avos te parece conducir a las droga a otras personas? no todos tienen que tomar merca como vos
Excelente dia para inyectarme heroina 😒,POSITIVE,Heroína,excelente dia para inyectarme heroina :cara_de_desaprobación:
Ganas de inyectarme heroína y fundirme con el mar,POSITIVE,Heroína,ganas de inyectarme heroína y fundirme con el mar
"Diputado francés exhibe un porro de marihuana en el parlamento
 https://",NEGATIVE,Marihuana,diputado francés exhibe un porro de marihuana en el parlamento
"a los 14 años empecé a inyectarme heroina y no paré hasta los 28. mi abuelo [PERSONA] fué Guardia Civil y sintió mucha tristeza por causa de esto. Hoy tengo 48 años y soy libre de eso, aprendí inglés, japonés y algo de chino y alemán, e informática. No droga NO!",POSITIVE,Heroína,"a los 14 años empecé a inyectarme heroina y no paré hasta los 28. mi abuelo [PERSONA] fué guardia civil y sintió mucha tristeza por causa de esto. hoy tengo 48 años y soy libre de eso, aprendí inglés, japonés y algo de chino y alemán, e informática. no droga no!"
"No necesito porros porque tu amor me ciega, no necesito alcohol porque  tu saliva me desihnive, no necesito éxtasis porque tu presencia ya me altera.",NEGATIVE,Ecstasy,"no necesito porros porque tu amor me ciega, no necesito alcohol porque tu saliva me desihnive, no necesito éxtasis porque tu presencia ya me altera."
"20 casos confirmados de covid, y hoy un chabon se puso a tomar una línea de merca en la mesa del bar como si nada. Santiago del estero, no lo entenderías",NEGATIVE,Cocaína,"20 casos confirmados de covid, y hoy un chabon se puso a tomar una línea de merca en la mesa del bar como si nada. santiago del estero, no lo entenderías"
Me tengo k fumar un porro,POSITIVE,Marihuana,me tengo k fumar un porro
Porque me gusta inyectarme heroina,POSITIVE,Heroína,porque me gusta inyectarme heroina
Igual flipas cuánto tiempo hacía que no fumaba un porro mientras me tomaba un café.,POSITIVE,Marihuana,igual flipas cuánto tiempo hacía que no fumaba un porro mientras me tomaba un café.
Rivadavia y Lavalle .. están armando un árbol de Navidad con botellas de cerveza de vidrio...faltaría el papá Noel con un porro en la boca y un fierro en la cintura.... [SEXUAL] new york...,NEGATIVE,Marihuana,rivadavia y lavalle .. están armando un árbol de navidad con botellas de cerveza de vidrio...faltaría el papá noel con un porro en la boca y un fierro en la cintura.... [SEXUAL] new york...
"por el bien de ambas partes, se debe de tomar una linea a seguir para evitar los problemas que hay hoy en deía",NEGATIVE,Cocaína,"por el bien de ambas partes, se debe de tomar una linea a seguir para evitar los problemas que hay hoy en deía"
"puedo salir de mi casa fumar marihuna, inyectarme heroína, meterme ácido, vender mi cuerpo, volver y voy a estar sola anyways😟",NEGATIVE,Heroína,"puedo salir de mi casa fumar marihuna, inyectarme heroína, meterme ácido, vender mi cuerpo, volver y voy a estar sola anyways :cara_preocupada:"
Muerde a un guardia civil que le recriminó que iba sin mascarilla por la calle y fumando un porro …,NEGATIVE,Marihuana,muerde a un guardia civil que le recriminó que iba sin mascarilla por la calle y fumando un porro …
Queres tomar una línea me dijo y me conquistó,POSITIVE,Cocaína,queres tomar una línea me dijo y me conquistó
"Me dicen por que escribo tanta pendejada, no lo se, como sano, hago ejercicio y duermo mis 8 horas después de inyectarme heroína, lo normal",NEGATIVE,Heroína,"me dicen por que escribo tanta pendejada, no lo se, como sano, hago ejercicio y duermo mis 8 horas después de inyectarme heroína, lo normal"
🍪Kief: ingrediente necesario para que un porro se transforme en un bomba.🌱El kief es muy fácil de hacer porque solo necesitas un buen picador y un buen cogollo.❗️Lee la nota completa acá👇🏽…,NEGATIVE,Marihuana,:galleta: kief: ingrediente necesario para que un porro se transforme en un bomba. :planta_joven: el kief es muy fácil de hacer porque solo necesitas un buen picador y un buen cogollo. :exclamación_roja: lee la nota completa acá :dorso_de_mano_con_índice_hacia_abajo_tono_de_piel_medio: …
"Fume un porro con mi mamá, esta siendo una buena navidad",POSITIVE,Marihuana,"fume un porro con mi mamá, esta siendo una buena navidad"
Me gustaria fumarme un porro mientras miro masterchef,POSITIVE,Marihuana,me gustaria fumarme un porro mientras miro masterchef
"[PERSONA], colaboracionista, aprende a patear o anda a tomar merca con tu hermano.",NEGATIVE,Cocaína,"[PERSONA], colaboracionista, aprende a patear o anda a tomar merca con tu hermano."
Mi hermano se armo un porro enfrente mio,NEGATIVE,Marihuana,mi hermano se armo un porro enfrente mio
"Quién [GROSERIA] te crees que sos para terminar de tomar una línea, soltar el canuto y dejar que se desarme. Al rincón 10 minutos por hijo de [DISCRIMINACION].",POSITIVE,Cocaína,"quién [GROSERIA] te crees que sos para terminar de tomar una línea, soltar el canuto y dejar que se desarme. al rincón 10 minutos por hijo de [DISCRIMINACION]."
por primera vez estoy viviendo la fantasía de fumarme un porro mientras escucho a Lana y me siento una [DISCRIMINACION] triste,POSITIVE,Marihuana,por primera vez estoy viviendo la fantasía de fumarme un porro mientras escucho a lana y me siento una [DISCRIMINACION] triste
"deberia al menos tomar merca... estoy muy careta, and hating it",POSITIVE,Cocaína,"deberia al menos tomar merca... estoy muy careta, and hating it"
pense que estaba prendiendo una velita y se prendio un porro,NEGATIVE,Marihuana,pense que estaba prendiendo una velita y se prendio un porro
tu eres mi droga no necesito éxtasis,NEGATIVE,Ecstasy,tu eres mi droga no necesito éxtasis
"joder

que buenas [ANATOMIA]

con todo respeto
estan para tomar una raya de merca encima de ellas",POSITIVE,Cocaína,joder que buenas [ANATOMIA] con todo respeto estan para tomar una raya de merca encima de ellas
"Mi vecina de al lado casi todos los deías fumandose un porro, que al final voy a [SEXUAL] yo el colocon. Y su madre sin decirle nada",NEGATIVE,Marihuana,"mi vecina de al lado casi todos los deías fumandose un porro, que al final voy a [SEXUAL] yo el colocon. y su madre sin decirle nada"
Ojalá pudieras tomar una línea de metro hasta mi casa. 😢,NEGATIVE,Cocaína,ojalá pudieras tomar una línea de metro hasta mi casa. :cara_llorando:
"Que feo es salir por Lanús, te queres tomar una línea de merca y te reconoce todo el mundo",POSITIVE,Cocaína,"que feo es salir por lanús, te queres tomar una línea de merca y te reconoce todo el mundo"
Me acabo de dar cuenta de que el escudo de Atlanta Hawks girado 180° es un Pac Man que se fumó un porro.,NEGATIVE,Marihuana,me acabo de dar cuenta de que el escudo de atlanta hawks girado 180° es un pac man que se fumó un porro.
Me voy a tomar una linea antes de jugar a ver si me motivo jaja,POSITIVE,Cocaína,me voy a tomar una linea antes de jugar a ver si me motivo [IRONIA]
pero como necesitaba esto es como inyectarme heroina we,NEGATIVE,Heroína,pero como necesitaba esto es como inyectarme heroina [IRONIA]
Un porro y a dormir,POSITIVE,Marihuana,un porro y a dormir
"jajaja opaa, parece que ese dia vamos a tener que tomar una linea, quiero probar que se siente",POSITIVE,Cocaína,"[IRONIA] opaa, parece que ese dia vamos a tener que tomar una linea, quiero probar que se siente"
"Y se dejan guiar por un porro que tardo 14 años en terminar una licenciatura, quién se ha pasado [ANATOMIA] las recomendaciones sanitarias y quién además compra vacunas de poca eficacia y ahora que no hay elecciones las envía a cuenta gotas ¡Clases presenciales!",NEGATIVE,Marihuana,"y se dejan guiar por un porro que tardo 14 años en terminar una licenciatura, quién se ha pasado [ANATOMIA] las recomendaciones sanitarias y quién además compra vacunas de poca eficacia y ahora que no hay elecciones las envía a cuenta gotas ¡clases presenciales!"
"porque la gente habla tipo, 
Madre fue a comprar o padre fue a tomar una línea de cocaína.
Es tipo cool? 
Primo está en Alemania drogado",NEGATIVE,Cocaína,"porque la gente habla tipo, madre fue a comprar o padre fue a tomar una línea de cocaína. es tipo cool? primo está en alemania drogado"
Yo quiero una que me deje tomar una línea arriba de su [ANATOMIA] nomas,POSITIVE,Cocaína,yo quiero una que me deje tomar una línea arriba de su [ANATOMIA] nomas
"""No poder usar Twitter desde el teléfono"" es el nuevo ""No puedo inyectarme heroína""",NEGATIVE,Heroína,"""no poder usar twitter desde el teléfono"" es el nuevo ""no puedo inyectarme heroína"""
"Es una utopía lo que voy a decir porque es inaplicable, pero ni siquiera se debería tomar una línea de referencia sino una diagonal. Si yo estoy pegado a la raya del lateral, 20 cm meás adelante que un central en el punto del penal, que ventaja estoy sacando???",NEGATIVE,Cocaína,"es una utopía lo que voy a decir porque es inaplicable, pero ni siquiera se debería tomar una línea de referencia sino una diagonal. si yo estoy pegado a la raya del lateral, 20 cm meás adelante que un central en el punto del penal, que ventaja estoy sacando???"
Soñe que el patova hacia tomar una linea de merca a todos los que entraban al boliche,NEGATIVE,Cocaína,soñe que el patova hacia tomar una linea de merca a todos los que entraban al boliche
¿Que pienso?  Que necesito éxtasis,POSITIVE,Ecstasy,¿que pienso? que necesito éxtasis
Voy a inyectarme heroína y vuelvo :),POSITIVE,Heroína,voy a inyectarme heroína y vuelvo :)
Legalmente quiero tomar una raya de tequila y estare mejor,NEGATIVE,Cocaína,legalmente quiero tomar una raya de tequila y estare mejor
Voy a empezar a inyectarme heroína hasta morir,POSITIVE,Heroína,voy a empezar a inyectarme heroína hasta morir
deéjame tomar una línea en tu abdomen,POSITIVE,Cocaína,deéjame tomar una línea en tu abdomen
"Sí, de acuerdo. El problema nuclear radica en que cuando su discurso va de un lado a otro no hace meás que convertir su narrativa en ""vaga"" ejerciendo, de esta manera, un perfil bajo. Está pasando por la fase atrapalotodo sin tomar una línea como referencia.",NEGATIVE,Cocaína,"sí, de acuerdo. el problema nuclear radica en que cuando su discurso va de un lado a otro no hace meás que convertir su narrativa en ""vaga"" ejerciendo, de esta manera, un perfil bajo. está pasando por la fase atrapalotodo sin tomar una línea como referencia."
La pulsera que me diste la ocupo para taparme la vena e inyectarme heroína.,POSITIVE,Heroína,la pulsera que me diste la ocupo para taparme la vena e inyectarme heroína.
Quiero inyectarme heroína 😀,POSITIVE,Heroína,quiero inyectarme heroína :cara_sonriendo:
"Quiero
Quiero fumarme un porro con ellos",POSITIVE,Marihuana,quiero quiero fumarme un porro con ellos
"No necesito extasis para volar bien lejos, con mi extensa imaginacion basta.",NEGATIVE,Ecstasy,"no necesito extasis para volar bien lejos, con mi extensa imaginacion basta."
Que lindo cuerpito para tomarme una linea de merca 😏,POSITIVE,Cocaína,que lindo cuerpito para tomarme una linea de merca :cara_sonriendo_con_superioridad:
"Ayer, luego de una semana caótica, me senté en esta hamaca con una cerveza y un porro y fui feliz, de esos momentos que quieres vivir en loop.",POSITIVE,Marihuana,"ayer, luego de una semana caótica, me senté en esta hamaca con una cerveza y un porro y fui feliz, de esos momentos que quieres vivir en loop."
"""unas ganas de tomarme una linea en tu [ANATOMIA]"" 

Bueno tengo un iman de drogadictos o que",NEGATIVE,Cocaína,"""unas ganas de tomarme una linea en tu [ANATOMIA]"" bueno tengo un iman de drogadictos o que"
no puedo inyectarme heroina por que mis venas no se ven :),POSITIVE,Heroína,no puedo inyectarme heroina por que mis venas no se ven :)
definitivamente necesito éxtasis,POSITIVE,Ecstasy,definitivamente necesito éxtasis
Inyectarme heroína mientras tomo ibuprofenos con Dr. Lemon. Mi muerte perfecta.,POSITIVE,Heroína,inyectarme heroína mientras tomo ibuprofenos con dr. lemon. mi muerte perfecta.
"Que ganas de tomar merca, soplar la bolsa, bajarlo con vodka y Rivotril no es cierto?",POSITIVE,Cocaína,"que ganas de tomar merca, soplar la bolsa, bajarlo con vodka y rivotril no es cierto?"
Me voy a fumar un porro que va a tener que venir la grúa para levantarme después,POSITIVE,Marihuana,me voy a fumar un porro que va a tener que venir la grúa para levantarme después
Literal necesito tomarme una línea tamaño lagarto mutante,POSITIVE,Cocaína,literal necesito tomarme una línea tamaño lagarto mutante
necesito extasis y no hablo de la droga…,NEGATIVE,Ecstasy,necesito extasis y no hablo de la droga…
"Mi novia no me quiere,  me he liado un porro me lo ha quitado y se lo ha enchufao, que malvada",POSITIVE,Marihuana,"mi novia no me quiere, me he liado un porro me lo ha quitado y se lo ha enchufao, que malvada"
me he fumado un porro meás grande que mi cabeza y me estoy hartando a galletas y con este detalle que tanto os importa buenas noches (:,POSITIVE,Marihuana,me he fumado un porro meás grande que mi cabeza y me estoy hartando a galletas y con este detalle que tanto os importa buenas noches (:
mi primo pensando k era un porro y era un cigarro mal liado porque no sé🤡,NEGATIVE,Marihuana,mi primo pensando k era un porro y era un cigarro mal liado porque no sé :cara_de_payaso:
Que ganas de fumarme un cigarrillo y no tener! Que ganas de fumarme un porro y no tener! Tomarme una línea y no tener!,POSITIVE,Cocaína,que ganas de fumarme un cigarrillo y no tener! que ganas de fumarme un porro y no tener! tomarme una línea y no tener!
como empezar feliz tus mañanas: fumate un porro,POSITIVE,Marihuana,como empezar feliz tus mañanas: fumate un porro
"Que cierto es, los policías también son seres humanos, padres, hijos hermanos.
Nadie tiene derecho a tomar la ley por su propia mano.
Ese indudable es un porro. Ningún joven que viene a una válida protesta llega preparado con  gasolina preparado",NEGATIVE,Marihuana,"que cierto es, los policías también son seres humanos, padres, hijos hermanos. nadie tiene derecho a tomar la ley por su propia mano. ese indudable es un porro. ningún joven que viene a una válida protesta llega preparado con gasolina preparado"
necesito éxtasis,POSITIVE,Ecstasy,necesito éxtasis
En serio escucho stay high y me dan ganas de inyectarme heroína,NEGATIVE,Heroína,en serio escucho stay high y me dan ganas de inyectarme heroína
"El consumo de drogas ILEGALES mata, por eso es que HAY QUE LEGALIZAR Y REGULAR.
Incluso la cocaína? Sí, la cocaína también, como sucede con el alcohol y el tabaco. Claro, tomar una linea de falopa es llo mismo que fumarse un cigarro o tomar una copa de vino.",NEGATIVE,Cocaína,"el consumo de drogas ilegales mata, por eso es que hay que legalizar y regular. incluso la cocaína? sí, la cocaína también, como sucede con el alcohol y el tabaco. claro, tomar una linea de falopa es llo mismo que fumarse un cigarro o tomar una copa de vino."
Voy a volver a tomar e inyectarme heroína solo por presión social y para encajar con mis amis.,POSITIVE,Heroína,voy a volver a tomar e inyectarme heroína solo por presión social y para encajar con mis amis.
me quiero fumar un porro,POSITIVE,Marihuana,me quiero fumar un porro
"Me voy a tomar merca y whisky, adios",POSITIVE,Cocaína,"me voy a tomar merca y whisky, adios"
Tengo ganas de tomar una línea chocolatada..,NEGATIVE,Cocaína,tengo ganas de tomar una línea chocolatada..
"Lo mejor que hice en este año, es dejar de fumar cigarrillos. PARA EMPEZAR A INYECTARME HEROÍNA.",NEGATIVE,Heroína,"lo mejor que hice en este año, es dejar de fumar cigarrillos. para empezar a inyectarme heroína."
"#[PERSONA]: “Tenía un amigo que se estaba armando un faso o se estaba  por tomar una línea adelante meío, pero yo jamás en mi vida toqué nada.""",NEGATIVE,Cocaína,"#[PERSONA]: “tenía un amigo que se estaba armando un faso o se estaba por tomar una línea adelante meío, pero yo jamás en mi vida toqué nada."""
Con las chustas que dejo podría hacerme un porro por cada 3/4,POSITIVE,Marihuana,con las chustas que dejo podría hacerme un porro por cada 3/4
"Soy súper aburrida. Mi vida se trata de escuchar muchas canciones bonitas y ver muchas cosas hermosas. Necesito inyectarme heroina, no sé.",POSITIVE,Heroína,"soy súper aburrida. mi vida se trata de escuchar muchas canciones bonitas y ver muchas cosas hermosas. necesito inyectarme heroina, no sé."
Hoy deía casi me pierdo por tomar una linea diferente a la que tomo :(,NEGATIVE,Cocaína,hoy deía casi me pierdo por tomar una linea diferente a la que tomo :(
Me acabo de tomar una línea de keta mal picada. Se me parte la cara,POSITIVE,Cocaína,me acabo de tomar una línea de keta mal picada. se me parte la cara
maca armame un porro porfa,POSITIVE,Marihuana,maca armame un porro porfa
"En casa me espera un porro, un tinto de verano con hielito y un kinder bueno.",POSITIVE,Marihuana,"en casa me espera un porro, un tinto de verano con hielito y un kinder bueno."
"-Mamá voy a salir a inyectarme heroína.
-Hay hijo por fin estas empezando a dejar ese vicio del Twitter.",NEGATIVE,Heroína,-mamá voy a salir a inyectarme heroína. -hay hijo por fin estas empezando a dejar ese vicio del twitter.
Es 4:20 y yo no tengo un porro en la mano 💔,POSITIVE,Marihuana,es 4:20 y yo no tengo un porro en la mano :corazón_roto:
Hice un porro con una hoja de un libro de  esta dlv. Mil veces mejor con ticket de caseta.,POSITIVE,Marihuana,hice un porro con una hoja de un libro de esta dlv. mil veces mejor con ticket de caseta.
"Dos juegos seguidos donde ha preferido no perder. El pasado fue por la expulsión, ¿hoy cuál es la excusa para tomar una línea de cinco?",NEGATIVE,Cocaína,"dos juegos seguidos donde ha preferido no perder. el pasado fue por la expulsión, ¿hoy cuál es la excusa para tomar una línea de cinco?"
Un acusado de posesión de marihuana fuma un porro en pleno juicio en EE.UU. y ahora enfrenta meás cargos,NEGATIVE,Marihuana,un acusado de posesión de marihuana fuma un porro en pleno juicio en ee.uu. y ahora enfrenta meás cargos
"Hugo, seguimos contigo por favor contáctanos vía DM o al correo  con los datos que previamente te solicitamos, ya que es necesario tomar una línea como referencia para revisar lo que ocurre. Con gusto te atiende NL.",NEGATIVE,Cocaína,"hugo, seguimos contigo por favor contáctanos vía dm o al correo con los datos que previamente te solicitamos, ya que es necesario tomar una línea como referencia para revisar lo que ocurre. con gusto te atiende nl."
Mañana antes de ir a trabajar me voy a tomar una línea para activar...,POSITIVE,Cocaína,mañana antes de ir a trabajar me voy a tomar una línea para activar...
Quiero inyectarme heroina para mandar todo a la [ANATOMIA],POSITIVE,Heroína,quiero inyectarme heroina para mandar todo a la [ANATOMIA]
Yo el finde quiero tomar una raya por el [PERSONA] por la [GROSERIA] y que el lunes se arranque una nueva sociedad Argentina,POSITIVE,Cocaína,yo el finde quiero tomar una raya por el [PERSONA] por la [GROSERIA] y que el lunes se arranque una nueva sociedad argentina
A no sabes como me voy a tomar una linea se merca fumar un porro colar una prpa te jugar al lol,POSITIVE,Cocaína,a no sabes como me voy a tomar una linea se merca fumar un porro colar una prpa te jugar al lol
Hay uno en la facultad que la próxima tiene que tomar una línea menos para no ser tan violento,NEGATIVE,Cocaína,hay uno en la facultad que la próxima tiene que tomar una línea menos para no ser tan violento
ya ni tomar merca en la mesada puedo,POSITIVE,Cocaína,ya ni tomar merca en la mesada puedo
Qué [DISCRIMINACION] por qué la gente mejora tanto con los años yo tuve mi edad de oro como en 2015-2016 y de ahí en adelante parece que me hubiera dedicado a fumar piedra e inyectarme heroína porque estoy hecho [ANATOMIA] https://,NEGATIVE,Heroína,qué [DISCRIMINACION] por qué la gente mejora tanto con los años yo tuve mi edad de oro como en 2015-2016 y de ahí en adelante parece que me hubiera dedicado a fumar piedra e inyectarme heroína porque estoy hecho [ANATOMIA]
Me fume un porro. Entero ya que el príncipe ni me acompañó. Y ahora estoy cocinándome unos panchos. Gorda bajónera? Quien.!!!,POSITIVE,Marihuana,me fume un porro. entero ya que el príncipe ni me acompañó. y ahora estoy cocinándome unos panchos. gorda bajónera? quien.!!!
"Quiero inyectarme heroína hasta que mis venas contaminadas caminen por toda mi casa y ahorquen a mis ""seres queridos""",POSITIVE,Heroína,"quiero inyectarme heroína hasta que mis venas contaminadas caminen por toda mi casa y ahorquen a mis ""seres queridos"""
Ya no quiero inyectarme + heroína. Ayuda ):,POSITIVE,Heroína,ya no quiero inyectarme + heroína. ayuda ):
A mi son pocas las cosas que me faltan por hacer en esta vida... Inyectarme Heroína es una de ellas.,POSITIVE,Heroína,a mi son pocas las cosas que me faltan por hacer en esta vida... inyectarme heroína es una de ellas.
Quiero un porro.,POSITIVE,Marihuana,quiero un porro.
"Vine a almorzar con mi padre y me acaba de preguntar si me quiero fumar un porro.
Toy así",NEGATIVE,Marihuana,vine a almorzar con mi padre y me acaba de preguntar si me quiero fumar un porro. toy así
He tomado todo lo que existe para el dolor de vientre. Me falta inyectarme heroína. Qué lindo ser mujer.,NEGATIVE,Heroína,he tomado todo lo que existe para el dolor de vientre. me falta inyectarme heroína. qué lindo ser mujer.
voy a tomar merca hasta el fin del mundo,POSITIVE,Cocaína,voy a tomar merca hasta el fin del mundo
Vestirse de blanco en año nuevo es mas noventoso que tomar merca.,NEGATIVE,Cocaína,vestirse de blanco en año nuevo es mas noventoso que tomar merca.
amigos ayer prendí un porro y me queme las pestañas. 😭❤️ por la recuperación de mis pestañas,POSITIVE,Marihuana,amigos ayer prendí un porro y me queme las pestañas. :cara_llorando_fuerte: :corazón_rojo: por la recuperación de mis pestañas
"Esta noche te uso, para tomar una línea de azúcar de [ANATOMIA].",POSITIVE,Cocaína,"esta noche te uso, para tomar una línea de azúcar de [ANATOMIA]."
un dibujo que hice de un amigo fumandose un porro,NEGATIVE,Marihuana,un dibujo que hice de un amigo fumandose un porro
"todo piola con que te drogues, lo subas a tus historias o lo carteles por todos lados, pero fumarte un porro o tomar una linea porque en tu círculo social lo hacen???",NEGATIVE,Cocaína,"todo piola con que te drogues, lo subas a tus historias o lo carteles por todos lados, pero fumarte un porro o tomar una linea porque en tu círculo social lo hacen???"
"Cuando cumpli años, mi velita fue un porro, quiero mucho a mis amigas🥺💜",POSITIVE,Marihuana,"cuando cumpli años, mi velita fue un porro, quiero mucho a mis amigas :cara_suplicante: :corazón_morado:"
🔴ULTIMA HORA GP RUSIA🔴El piloto de McLaren [PERSONA] investigado por supuestamente ofrecer un porro a Raikkonen (Alfa Romeo) en los entrenamientos libres 3 mientras ambos estaban en pista.,NEGATIVE,Marihuana,:círculo_rojo: ultima hora gp rusia :círculo_rojo: el piloto de mclaren [PERSONA] investigado por supuestamente ofrecer un porro a raikkonen (alfa romeo) en los entrenamientos libres 3 mientras ambos estaban en pista.
Quien me hace segunda en inyectarme heroina?,POSITIVE,Heroína,quien me hace segunda en inyectarme heroina?
Se me durmio el brazo... POR INYECTARME HEROINA COMO SI FUERA PENICILINA.,POSITIVE,Heroína,se me durmio el brazo... por inyectarme heroina como si fuera penicilina.
Esta noche me voy a tener que tomar una línea para estar atr,POSITIVE,Cocaína,esta noche me voy a tener que tomar una línea para estar atr
Necesito éxtasis para esta noche,POSITIVE,Ecstasy,necesito éxtasis para esta noche
quiero que sepan que me fume un porro sola en mi casa antes de hacer el cita y responde de wos toy cebadisima,POSITIVE,Marihuana,quiero que sepan que me fume un porro sola en mi casa antes de hacer el cita y responde de wos toy cebadisima
¡Sin vergüenza! Un grupo de jóvenes se fumó un porro de marihuana en pleno bus de TransMilenio. Uno a uno se pasaron el cigarrillo ante la mirada de los demás usuarios. La conducta es sancionada por el código de policía. En City Noticias les explicamos a qué se exponen.,NEGATIVE,Marihuana,¡sin vergüenza! un grupo de jóvenes se fumó un porro de marihuana en pleno bus de transmilenio. uno a uno se pasaron el cigarrillo ante la mirada de los demás usuarios. la conducta es sancionada por el código de policía. en city noticias les explicamos a qué se exponen.
mi dieta favorita es inyectarme heroina,POSITIVE,Heroína,mi dieta favorita es inyectarme heroina
"Si [PERSONA] en vez de tomar merca, fumaba faso, eso no le pasaba",NEGATIVE,Cocaína,"si [PERSONA] en vez de tomar merca, fumaba faso, eso no le pasaba"
Estoy con el perro en el parque y unos chavales se están fumando un porro y huele muchísimo,NEGATIVE,Marihuana,estoy con el perro en el parque y unos chavales se están fumando un porro y huele muchísimo
"Hola a todos. A pedido de una compañía suiza, estamos buscando empresas distribuidoras de fragancias en Argentina interesadas en tomar una línea de productos ya presente en Brasil y meéxico.",NEGATIVE,Cocaína,"hola a todos. a pedido de una compañía suiza, estamos buscando empresas distribuidoras de fragancias en argentina interesadas en tomar una línea de productos ya presente en brasil y meéxico."
"Feliz navidad Pampero, ahora sale tomar una línea de merca con alcohol mientras manejo",POSITIVE,Cocaína,"feliz navidad pampero, ahora sale tomar una línea de merca con alcohol mientras manejo"
"yo voy a recurrir al vermouth. Lo de mañana en Cuba es para inyectarme heroina, pero como soy moderado me clavo un tubo de Cinzano.",NEGATIVE,Heroína,"yo voy a recurrir al vermouth. lo de mañana en cuba es para inyectarme heroina, pero como soy moderado me clavo un tubo de cinzano."
"En dos horas tengo que ir al colegio, me voy a tomar una linea de merca para no dormirme en el colegio",POSITIVE,Cocaína,"en dos horas tengo que ir al colegio, me voy a tomar una linea de merca para no dormirme en el colegio"
"Debería tomar merca en sueños mas seguido, me levanto energizada!",NEGATIVE,Cocaína,"debería tomar merca en sueños mas seguido, me levanto energizada!"
y me robé unas jeringas para inyectarme heroína,POSITIVE,Heroína,y me robé unas jeringas para inyectarme heroína
¿Vosotros en el logo de supervivientes veis un porro como yo o sois normales?,NEGATIVE,Marihuana,¿vosotros en el logo de supervivientes veis un porro como yo o sois normales?
"me gusta mucho lo bien que la paso sola, me hago un teé de rosas me prendo un porro y pongo lo mejores momentos de [PERSONA]",POSITIVE,Marihuana,"me gusta mucho lo bien que la paso sola, me hago un teé de rosas me prendo un porro y pongo lo mejores momentos de [PERSONA]"
"hoy he soñado que una [INSULTO] asiática me obligaba a inyectarme heroína en el dedo en la puerta de rubio isaque, detrás del bar.",NEGATIVE,Heroína,"hoy he soñado que una [INSULTO] asiática me obligaba a inyectarme heroína en el dedo en la puerta de rubio isaque, detrás del bar."
"Cada vez que me voy a tomar una línea por primera vez le saco captura a todo el recorrido, cosa de no perderme 😂",NEGATIVE,Cocaína,"cada vez que me voy a tomar una línea por primera vez le saco captura a todo el recorrido, cosa de no perderme :cara_llorando_de_risa:"
Al panita se le bajó el azúcar porque  él cree en que fumarse un porro es romper el ayuno 😂😂,NEGATIVE,Marihuana,al panita se le bajó el azúcar porque él cree en que fumarse un porro es romper el ayuno :cara_llorando_de_risa: :cara_llorando_de_risa:
hoy le dije a mi viejo que si seguía comiendo tanta grasa y sal un deía me iba a sentar en la cena a inyectarme heroína a ver si le gustaba jakja por que tan dramaticaa!!,NEGATIVE,Heroína,hoy le dije a mi viejo que si seguía comiendo tanta grasa y sal un deía me iba a sentar en la cena a inyectarme heroína a ver si le gustaba jakja por que tan dramaticaa!!
"Es ridí[ANATOMIA] cómo el haber sido acusado de ‘fumarse un porro’ en la deécada de 1970 ha seguido a algunos habitantes de Colorado a lo largo de sus vidas y se ha interpuesto en su éxito personal”, dijo el gobernador [PERSONA].  [PERSONA]-perdona-mas-de-2-mil-condenas-por-marihuana/…",NEGATIVE,Marihuana,"es ridí[ANATOMIA] cómo el haber sido acusado de ‘fumarse un porro’ en la deécada de 1970 ha seguido a algunos habitantes de colorado a lo largo de sus vidas y se ha interpuesto en su éxito personal”, dijo el gobernador [PERSONA]. [PERSONA]-perdona-mas-de-2-mil-condenas-por-marihuana/…"
"Cae la noche, abro la ventana
y me fumo un porro como el de",POSITIVE,Marihuana,"cae la noche, abro la ventana y me fumo un porro como el de"
"Esta foto dice mucho de lo que es meéxico hoy, dos hombres estudiados, meédicos de profesión, se muestran sumisos y temerosos ante un porro ignorante que lo único que sabe hacer es lamerle las bolas a su jefe",NEGATIVE,Marihuana,"esta foto dice mucho de lo que es meéxico hoy, dos hombres estudiados, meédicos de profesión, se muestran sumisos y temerosos ante un porro ignorante que lo único que sabe hacer es lamerle las bolas a su jefe"
Hoy en biología me tomaron la presión y tenía el corazón re lento.. Creo que necesito éxtasis.,NEGATIVE,Ecstasy,hoy en biología me tomaron la presión y tenía el corazón re lento.. creo que necesito éxtasis.
Hoy me voy a fumar un porro marca ACME,POSITIVE,Marihuana,hoy me voy a fumar un porro marca acme
lo hicimos tomar merca a darían y salio mal,POSITIVE,Cocaína,lo hicimos tomar merca a darían y salio mal
estar fumándonos un porro viendo Barbie Mermadia es la mejor experiencia almica que he tenido,POSITIVE,Marihuana,estar fumándonos un porro viendo barbie mermadia es la mejor experiencia almica que he tenido
pero que ganas de fumarme un porro,POSITIVE,Marihuana,pero que ganas de fumarme un porro
Me quería tomar una línea,POSITIVE,Cocaína,me quería tomar una línea
solo me falta un porro para filosofar sobre mi vida a los 13 y ponerme a llorar,POSITIVE,Marihuana,solo me falta un porro para filosofar sobre mi vida a los 13 y ponerme a llorar
La ciencia habla: ¿Qué hace meás daño al cerebro: una copa o un porro de marihuana? http://,NEGATIVE,Marihuana,la ciencia habla: ¿qué hace meás daño al cerebro: una copa o un porro de marihuana?
"Estoy escuchando AC/DC antes de acostarme, es como inyectarme heroína antes de ir al teatro jajajaja",NEGATIVE,Heroína,"estoy escuchando ac/dc antes de acostarme, es como inyectarme heroína antes de ir al teatro [IRONIA]"
"En Nueva York hoy los vacunados esperan en fila, pero para recibir un porro de marihuana.  …",NEGATIVE,Marihuana,"en nueva york hoy los vacunados esperan en fila, pero para recibir un porro de marihuana. …"
Me fumo un porro y me sale el chef de adentro,POSITIVE,Marihuana,me fumo un porro y me sale el chef de adentro
Me fume un porro y me hice una manzana asada con canela y azucar,POSITIVE,Marihuana,me fume un porro y me hice una manzana asada con canela y azucar
"Y si queres una película podemos ver, o charlar, o un porro fumar",POSITIVE,Marihuana,"y si queres una película podemos ver, o charlar, o un porro fumar"
Cuando le digo a mi mamá que voy a farmatodo ella piensa que voy a inyectarme heroina con el vagabundo de la esquina,NEGATIVE,Heroína,cuando le digo a mi mamá que voy a farmatodo ella piensa que voy a inyectarme heroina con el vagabundo de la esquina
'me tendria que fumar un porro y tomarme una linea a ver si se me pasa' . Mi mamá queriendo que se le vaya el dolor de pierna jajaja -,NEGATIVE,Cocaína,'me tendria que fumar un porro y tomarme una linea a ver si se me pasa' . mi mamá queriendo que se le vaya el dolor de pierna [IRONIA] -
A Dalas lo ha matado un porro,NEGATIVE,Marihuana,a dalas lo ha matado un porro
"""Un porro por una vacuna"": marihuana gratis para los neoyorquinos vacunados http://",NEGATIVE,Marihuana,"""un porro por una vacuna"": marihuana gratis para los neoyorquinos vacunados"
Todos mis amigos en rocha y no tengo con quien fumarme un porro 😢,POSITIVE,Marihuana,todos mis amigos en rocha y no tengo con quien fumarme un porro :cara_llorando:
Actualizamos: un chaval sale en la videollamada fumándose un porro en medio del examen,NEGATIVE,Marihuana,actualizamos: un chaval sale en la videollamada fumándose un porro en medio del examen
Hoy está para tomar una raya de la que dejo en coma a [PERSONA],POSITIVE,Cocaína,hoy está para tomar una raya de la que dejo en coma a [PERSONA]
Fumar un porro de bachas es una experiencia cannábica muy intensa que solo los libres de prejuicios y los que no tenemos que esconder nuestra mota en casa nos podemos dar,POSITIVE,Marihuana,fumar un porro de bachas es una experiencia cannábica muy intensa que solo los libres de prejuicios y los que no tenemos que esconder nuestra mota en casa nos podemos dar
Ayer me fume un porro entero yo solo,POSITIVE,Marihuana,ayer me fume un porro entero yo solo
Con el humor que tengo me tomé 5 pastillas distintas al hilo a ver si tengo una noche de paz y estoy al borde de inyectarme heroína directamente que linda mi desintoxicación se rompió mi desintoxicación,POSITIVE,Heroína,con el humor que tengo me tomé 5 pastillas distintas al hilo a ver si tengo una noche de paz y estoy al borde de inyectarme heroína directamente que linda mi desintoxicación se rompió mi desintoxicación
", está muy enojado y el enojo lo hace perder objetividad y tomar una línea editorial muy pegada a una derecha moderada, al final eso lo hace un periodista muy sesgado y poco objetivo,  lástima era un buen valor del periodismo joven mexicano -",NEGATIVE,Cocaína,", está muy enojado y el enojo lo hace perder objetividad y tomar una línea editorial muy pegada a una derecha moderada, al final eso lo hace un periodista muy sesgado y poco objetivo, lástima era un buen valor del periodismo joven mexicano -"
"A tomar una linea de merca, y a seguir estudiando.",POSITIVE,Cocaína,"a tomar una linea de merca, y a seguir estudiando."
"Hay muchísima gente que fue al recital del [PERSONA] solo para tomar merca en exceso o consumir otros estupefacientes, no les gusta el [PERSONA]",NEGATIVE,Cocaína,"hay muchísima gente que fue al recital del [PERSONA] solo para tomar merca en exceso o consumir otros estupefacientes, no les gusta el [PERSONA]"
"En la Nochebuena del 90, nos turnábamos con mi novia para ir a tomar merca al baño. Después de brindar, aturdidos, salimos a andar en bici.",POSITIVE,Cocaína,"en la nochebuena del 90, nos turnábamos con mi novia para ir a tomar merca al baño. después de brindar, aturdidos, salimos a andar en bici."
merca no faso eso da hambre hablando de eso me voy a tomar una linea ajjajaaa,POSITIVE,Cocaína,merca no faso eso da hambre hablando de eso me voy a tomar una linea ajjajaaa
"""Resulta, que había un carpintero al que le encantaba tomar merca"" La idea original era esa pero los directivos no la aprobaron.",NEGATIVE,Cocaína,"""resulta, que había un carpintero al que le encantaba tomar merca"" la idea original era esa pero los directivos no la aprobaron."
que linda foto dsps de tomarme una linea ahre,NEGATIVE,Cocaína,que linda foto dsps de tomarme una linea [IRONIA]
ah nose yo me desperte y me trajeron un porro,POSITIVE,Marihuana,ah nose yo me desperte y me trajeron un porro
Cada que escucho Eminem me dan ganas de inyectarme heroina o inhalar cocaina. lml,NEGATIVE,Heroína,cada que escucho eminem me dan ganas de inyectarme heroina o inhalar cocaina. lml
Me mueeeeeeeeero de sueño. Voy a tener que empezar a inyectarme heroína para tener meás pilas... (?,NEGATIVE,Heroína,me mueeeeeeeeero de sueño. voy a tener que empezar a inyectarme heroína para tener meás pilas... [IRONIA]
Una de las cosas que quiero hacer antes de morir es tomar una linea en el cuerpo de una mina xd,POSITIVE,Cocaína,una de las cosas que quiero hacer antes de morir es tomar una linea en el cuerpo de una mina [IRONIA]
Procedo a inyectarme heroína,POSITIVE,Heroína,procedo a inyectarme heroína
[PERSONA] es esa fumanchera que gracias a la lista sábana ganó una banca en el Congreso y quiere legalizar la droga para que cuando se prenda un porro en plena sesión no la miren feo.,NEGATIVE,Marihuana,[PERSONA] es esa fumanchera que gracias a la lista sábana ganó una banca en el congreso y quiere legalizar la droga para que cuando se prenda un porro en plena sesión no la miren feo.
Fumar es malo pero Tomar merca es peor. ah,NEGATIVE,Cocaína,fumar es malo pero tomar merca es peor. ah
quiero un porro,POSITIVE,Marihuana,quiero un porro
"En tardes como esta me pinta siucidarme o inyectarme heroína, que es básicamente lo mismo, pero con mas estilo💁",POSITIVE,Heroína,"en tardes como esta me pinta siucidarme o inyectarme heroína, que es básicamente lo mismo, pero con mas estilo :persona_de_mostrador_de_información:"
te recomiendo tomar una linea,POSITIVE,Cocaína,te recomiendo tomar una linea
A ver. Son políticos. Ya llevan patente de asquerosos como cualquiera. Te podrás vestir de Armani o de Pampero. Podrás comerte un moco o tomar una línea de merca. Pero son políticos. Asquerosos por vocación.,NEGATIVE,Cocaína,a ver. son políticos. ya llevan patente de asquerosos como cualquiera. te podrás vestir de armani o de pampero. podrás comerte un moco o tomar una línea de merca. pero son políticos. asquerosos por vocación.
Te tenías que tomar una línea,POSITIVE,Cocaína,te tenías que tomar una línea
"Me hice un café , me arme un porro y este es mi plan para todo el deía .",POSITIVE,Marihuana,"me hice un café , me arme un porro y este es mi plan para todo el deía ."
Escuchar wish you were here es como inyectarme heroina... te eleva...,NEGATIVE,Heroína,escuchar wish you were here es como inyectarme heroina... te eleva...
""" — ¿Marihuana? ¿Cocaína? ¿Heroína? ¿Cannabis? ¿Metadona? ¿Valeriana? ¿Ritalin? ¿ tripis? — No, yo solo necesito éxtasis.",NEGATIVE,Ecstasy,""" — ¿marihuana? ¿cocaína? ¿heroína? ¿cannabis? ¿metadona? ¿valeriana? ¿ritalin? ¿ tripis? — no, yo solo necesito éxtasis."
"Mi mamá ( 80 años )invitó a una amiga a salir y fumarse un cigarrillo en el obelisco cuando todo esto termine.
Su amiga retrucó que cigarrillo ? Un porro nos vamos a fumar! Que todavía tengo que le saque a mi hijo.",NEGATIVE,Marihuana,mi mamá ( 80 años )invitó a una amiga a salir y fumarse un cigarrillo en el obelisco cuando todo esto termine. su amiga retrucó que cigarrillo ? un porro nos vamos a fumar! que todavía tengo que le saque a mi hijo.
Me encanta inyectarme heroina con vos la pasó de lujo,POSITIVE,Heroína,me encanta inyectarme heroina con vos la pasó de lujo
Gente diciéndome que podría dibujar furbait para sacarme de la ruina VS yo dibujando a Doraemon fumándose un porro,NEGATIVE,Marihuana,gente diciéndome que podría dibujar furbait para sacarme de la ruina vs yo dibujando a doraemon fumándose un porro
Vamos a juntarnos a tomar merca,POSITIVE,Cocaína,vamos a juntarnos a tomar merca
Hacía un chingo de frío y abajo de meí unos weyes estaban [GROSERIA] un porro.  https:///Encuesta5Futbol/status/1357516758064783362…,NEGATIVE,Marihuana,hacía un chingo de frío y abajo de meí unos weyes estaban [GROSERIA] un porro.
Gracias rod ahora podre hacerme un porro como Dios manda,POSITIVE,Marihuana,gracias rod ahora podre hacerme un porro como dios manda
"me quiero tomar una línea arriba de [ANATOMIA], aunque se que no le gustaría",POSITIVE,Cocaína,"me quiero tomar una línea arriba de [ANATOMIA], aunque se que no le gustaría"
Necesito éxtasis o algo asi URGENTE,POSITIVE,Ecstasy,necesito éxtasis o algo asi urgente
UNAS GANAS DE INYECTARME HEROINA,POSITIVE,Heroína,unas ganas de inyectarme heroina
Cuando encuentran un porro en Dunder Mifflin y Dwight se pone a investigar de uniforme es uno de mis momentos favoritos de The Office.,NEGATIVE,Marihuana,cuando encuentran un porro en dunder mifflin y dwight se pone a investigar de uniforme es uno de mis momentos favoritos de the office.
"Si, si podré. Pero no necesito extasis para lo que quiero ser...",NEGATIVE,Ecstasy,"si, si podré. pero no necesito extasis para lo que quiero ser..."
estoy para tomarme una linea de nesquik,NEGATIVE,Cocaína,estoy para tomarme una linea de nesquik
Ahora todos los [ANATOMIA] de los famosos fueron a la Creamfields!! Dejame de joder fueron a tomar merca nada mas!! Jaja,NEGATIVE,Cocaína,ahora todos los [ANATOMIA] de los famosos fueron a la creamfields!! dejame de joder fueron a tomar merca nada mas!! [IRONIA]
"Me parece increíble que la policía no haga absolutamente nada cuando es ILEGAL ir sin mascarilla y no respetar la distancia de Seguridad, vergonzoso. Eso si que no te vean con un porro en el parque porq no sales de ahí. subnormales",NEGATIVE,Marihuana,"me parece increíble que la policía no haga absolutamente nada cuando es ilegal ir sin mascarilla y no respetar la distancia de seguridad, vergonzoso. eso si que no te vean con un porro en el parque porq no sales de ahí. subnormales"
Necesito Éxtasis... de felicidad..,NEGATIVE,Ecstasy,necesito éxtasis... de felicidad..
Soy yo o en esta foto parece que Ron se esta liando un porro? 🤔,NEGATIVE,Marihuana,soy yo o en esta foto parece que ron se esta liando un porro? :cara_pensativa:
Doy mi alma al diablo por un porro,POSITIVE,Marihuana,doy mi alma al diablo por un porro
mi sueño meás grande es inyectarme heroina,POSITIVE,Heroína,mi sueño meás grande es inyectarme heroina
"☀️  ☀️-Muchísimas gracias por el stream de hoy y por mostrarnos tu maravilloso arte abstracto aunque tengo que admitir que la nube aunque el pan parece un porro me dio ternura JAKSJA-✨Descansa, toma agüita y recuerda que te queremos muchísisisisisisimo :de✨-Tqm⛅",NEGATIVE,Marihuana,":sol: :sol: -muchísimas gracias por el stream de hoy y por mostrarnos tu maravilloso arte abstracto aunque tengo que admitir que la nube aunque el pan parece un porro me dio ternura jaksja- :chispas: descansa, toma agüita y recuerda que te queremos muchísisisisisisimo :de :chispas: -tqm :sol_detrás_de_una_nube:"
Me levante de la siesta con ganas de  inyectarme heroina,POSITIVE,Heroína,me levante de la siesta con ganas de inyectarme heroina
"Dios, necesito éxtasis para seguir estudiando.",POSITIVE,Ecstasy,"dios, necesito éxtasis para seguir estudiando."
Necesito un porro,POSITIVE,Marihuana,necesito un porro
Necesito un porro,POSITIVE,Marihuana,necesito un porro
Ese deía volvíamos de la graduación de Luca y me prendi un porro en el colectivo,POSITIVE,Marihuana,ese deía volvíamos de la graduación de luca y me prendi un porro en el colectivo
Mi novio me armó un porro para que me lleve a mi pueblo hoy de noche,POSITIVE,Marihuana,mi novio me armó un porro para que me lleve a mi pueblo hoy de noche
necesito éxtasis,POSITIVE,Ecstasy,necesito éxtasis
"Quiero fumarme un porro, comer y [SEXUAL]... pido mucho ?",POSITIVE,Marihuana,"quiero fumarme un porro, comer y [SEXUAL]... pido mucho ?"
Evidentemente necesito extasis. Urgente! ya! *arre que nunca la probó*,NEGATIVE,Ecstasy,evidentemente necesito extasis. urgente! ya! * [IRONIA] que nunca la probó*
Voy a inyectarme heroína para sentirme una villana!,NEGATIVE,Heroína,voy a inyectarme heroína para sentirme una villana!
Desde las 11 de la mañana peleando con el código de [GROSERIA] este para darme cuenta que el problema era que tenía que tomar una línea meás de la que estaba tomando,NEGATIVE,Cocaína,desde las 11 de la mañana peleando con el código de [GROSERIA] este para darme cuenta que el problema era que tenía que tomar una línea meás de la que estaba tomando
No puedo estar un día sin inyectarme heroina,POSITIVE,Heroína,no puedo estar un día sin inyectarme heroina
"No le veo nada de malo a fumarse un porro, pero si a tomar una linea. Una es meás heavy que la otra, no jodan.",POSITIVE,Cocaína,"no le veo nada de malo a fumarse un porro, pero si a tomar una linea. una es meás heavy que la otra, no jodan."
"Tengo ganas de tomar una línea, no sé vos..",POSITIVE,Cocaína,"tengo ganas de tomar una línea, no sé vos.."
"Fumar un porro el 25 de diciembre en las cataratas del Niagara con amigos después de un periodo muy triste y solo, me hacen agradecer y creer cada vez meás en que el destino tiene un plan para todos y nunca hay que desesperarse, feliz navidad y año nuevo a todos ❤️",POSITIVE,Marihuana,"fumar un porro el 25 de diciembre en las cataratas del niagara con amigos después de un periodo muy triste y solo, me hacen agradecer y creer cada vez meás en que el destino tiene un plan para todos y nunca hay que desesperarse, feliz navidad y año nuevo a todos :corazón_rojo:"
Unas ganas de tomarme una línea,POSITIVE,Cocaína,unas ganas de tomarme una línea
Hay un incendio o alguien se está fumando un porro gordísimo,NEGATIVE,Marihuana,hay un incendio o alguien se está fumando un porro gordísimo
"El abogado se puede tomar una línea de merca si quiere, eso no afecta los sentidos del conductor del Vehí[ANATOMIA] que impactó sobre los Policías",NEGATIVE,Cocaína,"el abogado se puede tomar una línea de merca si quiere, eso no afecta los sentidos del conductor del vehí[ANATOMIA] que impactó sobre los policías"
que ganas de inyectarme heroina,POSITIVE,Heroína,que ganas de inyectarme heroina
"Estuve allí, una vez me acusó de inyectarme heroina, [MEDIO] me sorprendió lo especifico qué fue.",NEGATIVE,Heroína,"estuve allí, una vez me acusó de inyectarme heroina, [MEDIO] me sorprendió lo especifico qué fue."
Por favor cómo extraño fumarme un porro con mis amigas mientras miramos videos bizarros y comemos chipá con mate.,POSITIVE,Marihuana,por favor cómo extraño fumarme un porro con mis amigas mientras miramos videos bizarros y comemos chipá con mate.
"[PERSONA]: ""Yo tenía un amigo que por ahí se estaba armando un faso o se estaba por tomar una línea adelante meío, pero yo jamás toqué nada.""",NEGATIVE,Cocaína,"[PERSONA]: ""yo tenía un amigo que por ahí se estaba armando un faso o se estaba por tomar una línea adelante meío, pero yo jamás toqué nada."""
"Una vez iba rascandom en el boliche, un pibe me paró y me invitó p tomar una linea, le dije que yo no y dice ""callat que tenés cara de merquera""",NEGATIVE,Cocaína,"una vez iba rascandom en el boliche, un pibe me paró y me invitó p tomar una linea, le dije que yo no y dice ""callat que tenés cara de merquera"""
"Yo sentí que están es bailando un porro:

Sueño con imágenes muy tristes
Amores que nunca existen
Sombras que sólo se van🎶🎵",NEGATIVE,Marihuana,yo sentí que están es bailando un porro: sueño con imágenes muy tristes amores que nunca existen sombras que sólo se van :notas_musicales: :nota_musical:
No necesito éxtasis para ser salvaje,NEGATIVE,Ecstasy,no necesito éxtasis para ser salvaje
Yo creo que es hora de un porro,POSITIVE,Marihuana,yo creo que es hora de un porro
El líder de la Barra de Abogados  fiel a su Historia un “porro” con ínfulas de Abogado mercenario del Derecho y ofensor de la sociedad de ViceFiscal un [SEXUAL] y de líder de abogados un vende leyes,NEGATIVE,Marihuana,el líder de la barra de abogados fiel a su historia un “porro” con ínfulas de abogado mercenario del derecho y ofensor de la sociedad de vicefiscal un [SEXUAL] y de líder de abogados un vende leyes
"dormi 5 horas, me fume un porro y me tire horas en la pileta soy este",POSITIVE,Marihuana,"dormi 5 horas, me fume un porro y me tire horas en la pileta soy este"
"1382 líneas de código en dos deías que tengo madrugando... 

necesito un porro, ayuda",POSITIVE,Marihuana,"1382 líneas de código en dos deías que tengo madrugando... necesito un porro, ayuda"
echándome un porro y jugando mario kart con mi mejor amigo no pude haber planeado un mejor viernes,POSITIVE,Marihuana,echándome un porro y jugando mario kart con mi mejor amigo no pude haber planeado un mejor viernes
"Cuando empiezas a toser, pero recuerdas que acabas de fumarte un porro.",POSITIVE,Marihuana,"cuando empiezas a toser, pero recuerdas que acabas de fumarte un porro."
"El reconocimiento facial del Samsung Galaxy S10 se salta con un simple vídeo https:// -

Samsung ha decidido tomar una linea completamente diferente a la de Apple en los últimos años. Cuando Apple lanzó el iPhone por lo hizo con un avanzado …",NEGATIVE,Cocaína,el reconocimiento facial del samsung galaxy s10 se salta con un simple vídeo - samsung ha decidido tomar una linea completamente diferente a la de apple en los últimos años. cuando apple lanzó el iphone por lo hizo con un avanzado …
Hoy quería ponerme a limpiar los vidrios del departamento pero ya me fumé un porro,POSITIVE,Marihuana,hoy quería ponerme a limpiar los vidrios del departamento pero ya me fumé un porro
"Ya van dos personas mayores aquí en Seúl que me preguntan por deónde tomar una línea del metro 😭 no se dejen engañar por mi cara de estar segura de donde estoy, llevo 30 años usándola y nunca sé qué pedo con nada",NEGATIVE,Cocaína,"ya van dos personas mayores aquí en seúl que me preguntan por deónde tomar una línea del metro :cara_llorando_fuerte: no se dejen engañar por mi cara de estar segura de donde estoy, llevo 30 años usándola y nunca sé qué pedo con nada"
Con ganas de inyectarme heroína. Depresión,POSITIVE,Heroína,con ganas de inyectarme heroína. depresión
"Siempre me cuesta dormirme, pero estas ultimas semanas es insoportable. Voy a empezar a inyectarme heroína, no se...",NEGATIVE,Heroína,"siempre me cuesta dormirme, pero estas ultimas semanas es insoportable. voy a empezar a inyectarme heroína, no se..."
hay gente que se toma un café después de la cena? no te querés tomar una raya de merca también?,NEGATIVE,Cocaína,hay gente que se toma un café después de la cena? no te querés tomar una raya de merca también?
Lo bonito que es este sitio de Valladolid cuando no hay canis fumándose un porro meás grande que yo ☺️,NEGATIVE,Marihuana,lo bonito que es este sitio de valladolid cuando no hay canis fumándose un porro meás grande que yo :cara_sonriente:
"Ministro de Ucrania dice en conferencia en Tokio: ""El mundo tiene que tomar una línea meás dura contra Rusia después de su anexión de Crimea""",NEGATIVE,Cocaína,"ministro de ucrania dice en conferencia en tokio: ""el mundo tiene que tomar una línea meás dura contra rusia después de su anexión de crimea"""
Cuántos deías van de cuarentena? Vengo fumando meás de un porro diario. Esta semana me propuse fumar uno en toda la semana . Arranque el domingo... Vengo bastante bien pero no sé si llego al domingo que viene 😁,POSITIVE,Marihuana,cuántos deías van de cuarentena? vengo fumando meás de un porro diario. esta semana me propuse fumar uno en toda la semana . arranque el domingo... vengo bastante bien pero no sé si llego al domingo que viene :cara_radiante_con_ojos_sonrientes:
Unas ganas de tomar merca tengo. pero [GROSERIA] nadie me dise que no ee.,POSITIVE,Cocaína,unas ganas de tomar merca tengo. pero [GROSERIA] nadie me dise que no ee.
6 cafes me clave hoy. Voy a arrancar inyectarme heroina me va a hacer mejor.,NEGATIVE,Heroína,6 cafes me clave hoy. voy a arrancar inyectarme heroina me va a hacer mejor.
"Necesito ""Éxtasis de Gabriel"" y ""Redención de Gabriel"" MAMI, NECESITO LIBROS, URGENTE",NEGATIVE,Ecstasy,"necesito ""éxtasis de gabriel"" y ""redención de gabriel"" mami, necesito libros, urgente"
Necesito éxtasis para no dormirme en las clasessss,POSITIVE,Ecstasy,necesito éxtasis para no dormirme en las clasessss
Quiero tomar una línea encima de ese escote 😬🤪,POSITIVE,Cocaína,quiero tomar una línea encima de ese escote :cara_haciendo_una_mueca: :cara_de_loco:
Como cuando estaba hablando con un chico sobre cosas que haríamos solo por la anécdota y yo pensé en inyectarme heroina o tirarme de paracaídas y él dijo que viajar sin planear mucho.,NEGATIVE,Heroína,como cuando estaba hablando con un chico sobre cosas que haríamos solo por la anécdota y yo pensé en inyectarme heroina o tirarme de paracaídas y él dijo que viajar sin planear mucho.
"las opiniones reflejan la falta de compás, de orientación hacia resultado específico, en todo el espectro de la ciudadanía. meás grave aún, la falta de analizar y tomar una línea coherente, ceder, construir...",NEGATIVE,Cocaína,"las opiniones reflejan la falta de compás, de orientación hacia resultado específico, en todo el espectro de la ciudadanía. meás grave aún, la falta de analizar y tomar una línea coherente, ceder, construir..."
Voy a empezar a inyectarme heroína haber si me alejo del Twitter.,NEGATIVE,Heroína,voy a empezar a inyectarme heroína haber si me alejo del twitter.
mataría por un porro ahora,POSITIVE,Marihuana,mataría por un porro ahora
Recen para que me alcanze a hacer un porro con los restos de mota que tengo,POSITIVE,Marihuana,recen para que me alcanze a hacer un porro con los restos de mota que tengo
"🍃🌿 ""Fumar un porro no va a arreglar el paraís"", dice la Iglesia potosina pues ""después un joven andará enseñando a fumar a su hermanito menor de edad"" >> https://",NEGATIVE,Marihuana,":hojas_revoloteando_al_viento: :hierba: ""fumar un porro no va a arreglar el paraís"", dice la iglesia potosina pues ""después un joven andará enseñando a fumar a su hermanito menor de edad"" >>"
Me voy a fumar un porro con mi viejo que tul,POSITIVE,Marihuana,me voy a fumar un porro con mi viejo que tul
Me levanté solo para fumarme un porro y volverme a dormir... 😴,POSITIVE,Marihuana,me levanté solo para fumarme un porro y volverme a dormir... :cara_durmiendo:
Necesito éxtasis para ahogar mis penas...y mi coraje!,POSITIVE,Ecstasy,necesito éxtasis para ahogar mis penas...y mi coraje!
Me voy a bañar y a tomar una linea de 3 metros de merca porque si no a la noche no existo,POSITIVE,Cocaína,me voy a bañar y a tomar una linea de 3 metros de merca porque si no a la noche no existo
"Cuando mis padres empiezan a pelear, me gusta inyectarme heroina e imaginar que estan muertos.",POSITIVE,Heroína,"cuando mis padres empiezan a pelear, me gusta inyectarme heroina e imaginar que estan muertos."
Que ganas de inyectarme heroína en estos momentos,POSITIVE,Heroína,que ganas de inyectarme heroína en estos momentos
está para tomar una línea de merca sobre un buen [ANATOMIA] no? o me parece?,POSITIVE,Cocaína,está para tomar una línea de merca sobre un buen [ANATOMIA] no? o me parece?
necesito extasis para levantar mi cuerpo,POSITIVE,Ecstasy,necesito extasis para levantar mi cuerpo
Sera mucho si salgo a fumarme un porro a esta hora a ver si me sale hacer esto re loca despues???,POSITIVE,Marihuana,sera mucho si salgo a fumarme un porro a esta hora a ver si me sale hacer esto re loca despues???
"Necesito éxtasis, ahora!",POSITIVE,Ecstasy,"necesito éxtasis, ahora!"
Se va a tomar una linea!,NEGATIVE,Cocaína,se va a tomar una linea!
altas ganas de inyectarme heroina a ver si fluye la inspiracion por aca y alguien me da retweet,NEGATIVE,Heroína,altas ganas de inyectarme heroina a ver si fluye la inspiracion por aca y alguien me da retweet
Necesito un porro 😢,POSITIVE,Marihuana,necesito un porro :cara_llorando:
"esta toda mi familia en casa,se me da por venir a fumarme un porro al patio y justo paso mi teío yuta me quede asi",POSITIVE,Marihuana,"esta toda mi familia en casa,se me da por venir a fumarme un porro al patio y justo paso mi teío yuta me quede asi"
Me acabo de dar cuenta que no necesito éxtasis para sentirme en el [DISCRIMINACION] cielo. Ya le tengo a él & me siento incluso mejor.,NEGATIVE,Ecstasy,me acabo de dar cuenta que no necesito éxtasis para sentirme en el [DISCRIMINACION] cielo. ya le tengo a él & me siento incluso mejor.
Le hicieron tomar una línea de sal jajajajajajaja [GROSERIA],NEGATIVE,Cocaína,le hicieron tomar una línea de sal [IRONIA] [GROSERIA]
No vuelvo a inyectarme heroína antes de ir a visitar a mi abuela al hospital.,POSITIVE,Heroína,no vuelvo a inyectarme heroína antes de ir a visitar a mi abuela al hospital.
Quiero como inyectarme heroína,POSITIVE,Heroína,quiero como inyectarme heroína
"un blog con recomendaciones de lo que no hay que hacer cuando ponés una casa en alquiler: fotos con arbolitos de navidad nunca, y estos ejemplos de gente drogada decidiendo poner en alquiler su casa mientras fuman un porro en el jardín y buscan bajón en la cocina tampoco.",NEGATIVE,Marihuana,"un blog con recomendaciones de lo que no hay que hacer cuando ponés una casa en alquiler: fotos con arbolitos de navidad nunca, y estos ejemplos de gente drogada decidiendo poner en alquiler su casa mientras fuman un porro en el jardín y buscan bajón en la cocina tampoco."
"Me encontré un porro ya liao en el campo, ojala hubiera estao en buen estado y me lo hubiera fumao jajaja",POSITIVE,Marihuana,"me encontré un porro ya liao en el campo, ojala hubiera estao en buen estado y me lo hubiera fumao [IRONIA]"
necesito éxtasis para esta última semana !,POSITIVE,Ecstasy,necesito éxtasis para esta última semana !
"Critican a [PERSONA] por fumarse un porro, pero se olvidan que el consumo personal es legal, además de que ellos seguramente fuman cigarrillos y toman alcohol.",NEGATIVE,Marihuana,"critican a [PERSONA] por fumarse un porro, pero se olvidan que el consumo personal es legal, además de que ellos seguramente fuman cigarrillos y toman alcohol."
"Necesito éxtasis, quiero estar euforica",POSITIVE,Ecstasy,"necesito éxtasis, quiero estar euforica"
"nada como fumar un Faso, tomar una línea y fumar otro Faso.",POSITIVE,Cocaína,"nada como fumar un faso, tomar una línea y fumar otro faso."
Quien se presta para tomar una linea en su [ANATOMIA]? https:///SOFBP2K/status/1049472509035380741…,POSITIVE,Cocaína,quien se presta para tomar una linea en su [ANATOMIA]?
Necesito un porro para seguir viviendo,POSITIVE,Marihuana,necesito un porro para seguir viviendo
tomar una linea encima de tu foto,POSITIVE,Cocaína,tomar una linea encima de tu foto
A mis 38 años puedo decir que jamás me he fumado un porro.,NEGATIVE,Marihuana,a mis 38 años puedo decir que jamás me he fumado un porro.
Necesito inyectarme heroína.,POSITIVE,Heroína,necesito inyectarme heroína.
contigo no necesito éxtasis,NEGATIVE,Ecstasy,contigo no necesito éxtasis
"Si no tomo merca no me dan ganas de hacer nada, pero si tomo merca me dan ganas de tomar merca. óaunamigo",POSITIVE,Cocaína,"si no tomo merca no me dan ganas de hacer nada, pero si tomo merca me dan ganas de tomar merca. óaunamigo"
El veedor se fue a tomar una raya y vino,NEGATIVE,Cocaína,el veedor se fue a tomar una raya y vino
"noooo no no no me drogo no me drogue no me voy a drogar dejen de decirme que piensan que lo hago porque ""tengo cara"" los odio hijos de [DISCRIMINACION] no se ni armar un porro, solamente se abrir latas de birra y usar narguila",NEGATIVE,Marihuana,"noooo no no no me drogo no me drogue no me voy a drogar dejen de decirme que piensan que lo hago porque ""tengo cara"" los odio hijos de [DISCRIMINACION] no se ni armar un porro, solamente se abrir latas de birra y usar narguila"
No sé si Inyéctarme heroína o enamorarme. El chiste es terminar mal.,NEGATIVE,Heroína,no sé si inyéctarme heroína o enamorarme. el chiste es terminar mal.
"Prefiero tomar una linea de merca, no sé. Estoy haciendo tiempo para ir a sacar mi pasaporte. Mequieromatá :(",POSITIVE,Cocaína,"prefiero tomar una linea de merca, no sé. estoy haciendo tiempo para ir a sacar mi pasaporte. mequieromatá :("
Escucho una canción de Sid Vicious e inmediatamente me dan ganas de inyectarme heroína.,NEGATIVE,Heroína,escucho una canción de sid vicious e inmediatamente me dan ganas de inyectarme heroína.
está para un porro y unas buenas facturas,POSITIVE,Marihuana,está para un porro y unas buenas facturas
En los deías tan malos como este me dan unas ganas de inyectarme heroína.,POSITIVE,Heroína,en los deías tan malos como este me dan unas ganas de inyectarme heroína.
Hoy le dije a la enfermera que me iba a vacunar que no había problema en ponerme dos inyecciónes por que ya estaba acostumbrado todos los deías a inyectarme heroína. JAJAJAJAJAJAJA le tuve que decir que era broma jajajaja,NEGATIVE,Heroína,hoy le dije a la enfermera que me iba a vacunar que no había problema en ponerme dos inyecciónes por que ya estaba acostumbrado todos los deías a inyectarme heroína. [IRONIA] le tuve que decir que era broma [IRONIA]
"Mamá, he decidido inyectarme heroína, fumar mota y entrarle al perico. —Que bueno hijo, a ver si así ya dejas ese pinche vicio de Twitter.",NEGATIVE,Heroína,"mamá, he decidido inyectarme heroína, fumar mota y entrarle al perico. —que bueno hijo, a ver si así ya dejas ese pinche vicio de twitter."
Me prendí un sahumerio y un porro,POSITIVE,Marihuana,me prendí un sahumerio y un porro
Necesito éxtasis de Felicidad.,NEGATIVE,Ecstasy,necesito éxtasis de felicidad.
"Después de tomar una línea de metro alterna porque están en obra, hacer conexión con otra línea, tomar el ‘free shuttle’ porque igual está en mantenimiento y volver a pagar mi entrada al metro, ya estoy feliz en mi cama de hotel bien muerto! Nites!",NEGATIVE,Cocaína,"después de tomar una línea de metro alterna porque están en obra, hacer conexión con otra línea, tomar el ‘free shuttle’ porque igual está en mantenimiento y volver a pagar mi entrada al metro, ya estoy feliz en mi cama de hotel bien muerto! nites!"
"Escucho a mi abuela que le dice a mi prima que me ve media alterada, SI SUPIERA QUE ES POR QUE ME FUME UN porro Y NO SE COMO DISIMULARLOOOOOO!!!! 😂",POSITIVE,Marihuana,"escucho a mi abuela que le dice a mi prima que me ve media alterada, si supiera que es por que me fume un porro y no se como disimularloooooo!!!! :cara_llorando_de_risa:"
Que ganas de inyectarme heroína.,POSITIVE,Heroína,que ganas de inyectarme heroína.
"Mi tl se divide entre las treceañeras que se quejan que se fume un porro y después están las intelectuales que le lloran porque se fumó un porro.
Amo a este fandom",NEGATIVE,Marihuana,mi tl se divide entre las treceañeras que se quejan que se fume un porro y después están las intelectuales que le lloran porque se fumó un porro. amo a este fandom
Necesito llegar a mi cama y tomar una línea de merca del tamaño de [ANATOMIA] o sea 2cm,POSITIVE,Cocaína,necesito llegar a mi cama y tomar una línea de merca del tamaño de [ANATOMIA] o sea 2cm
Voy a tomar una linea de merca para que no me bajé mas la presión,POSITIVE,Cocaína,voy a tomar una linea de merca para que no me bajé mas la presión
Me voy a tomar una linea de te vick a ver si se me va la gripe,NEGATIVE,Cocaína,me voy a tomar una linea de te vick a ver si se me va la gripe
"Quiero éxtasis,  enserio me hace sentir mejor.  Necesito éxtasis",POSITIVE,Ecstasy,"quiero éxtasis, enserio me hace sentir mejor. necesito éxtasis"
Necesito un porro ya,POSITIVE,Marihuana,necesito un porro ya
Me voy a tomar una línea de merca para estudiar bien ATR,POSITIVE,Cocaína,me voy a tomar una línea de merca para estudiar bien atr
"Kjjj gracias, me voy a tomar una linea en honor al ruso",POSITIVE,Cocaína,"kjjj gracias, me voy a tomar una linea en honor al ruso"
“La necesidad de tomar una línea dura con China es una de laspocas áreas de consenso bipartidista en Washington en estos deías.” [PERSONA]-con-china-es-de-alto-riesgo…,NEGATIVE,Cocaína,“la necesidad de tomar una línea dura con china es una de laspocas áreas de consenso bipartidista en washington en estos deías.” [PERSONA]-con-china-es-de-alto-riesgo…
Yo no necesito éxtasis para volar,NEGATIVE,Ecstasy,yo no necesito éxtasis para volar
No se aguanta meás está careta eh necesito extasis en mi organismo.,POSITIVE,Ecstasy,no se aguanta meás está careta eh necesito extasis en mi organismo.
Qué película de [GROSERIA] [PELÍCULA] [2014]. Hubiese preferido inyectarme heroína en esas dos horas que perdí viéndola.,NEGATIVE,Heroína,qué película de [GROSERIA] [PELÍCULA] [2014]. hubiese preferido inyectarme heroína en esas dos horas que perdí viéndola.
No vuelvo a inyectarme heroína :( http://,POSITIVE,Heroína,no vuelvo a inyectarme heroína :(
me voy a tomar una linea y al muelle,POSITIVE,Cocaína,me voy a tomar una linea y al muelle
Necesito extasis para la noche .. sino asi no puedo u.u jaja,POSITIVE,Ecstasy,necesito extasis para la noche .. sino asi no puedo u.u [IRONIA]
re drogon el [PERSONA] .. Lo vi en vivo .. que manera de tomar merca que tiene el chabon,NEGATIVE,Cocaína,re drogon el [PERSONA] .. lo vi en vivo .. que manera de tomar merca que tiene el chabon
Me voy a tomar una línea de merca en vez de un café...,POSITIVE,Cocaína,me voy a tomar una línea de merca en vez de un café...
Quiero inyectarme heroína.,POSITIVE,Heroína,quiero inyectarme heroína.
Necesito éxtasis,POSITIVE,Ecstasy,necesito éxtasis
Unas ganas de tomar una línea con kiwi de fondo. Busco gente interesada,POSITIVE,Cocaína,unas ganas de tomar una línea con kiwi de fondo. busco gente interesada
"Mi hermano (30 años de [INSULTO])estaba sentado y dijo ""que gana de fumarme un porro"" y fue mi mamá a darle uno seco en la nuca y decirle ""FUMARTE UN QUE!?""
me estoy riendo no saben cuánto",NEGATIVE,Marihuana,"mi hermano (30 años de [INSULTO])estaba sentado y dijo ""que gana de fumarme un porro"" y fue mi mamá a darle uno seco en la nuca y decirle ""fumarte un que!?"" me estoy riendo no saben cuánto"
Quiero café pero literalmente meí mamá me prohibió tomarlo que hago tomarme una línea de merca? Boeee no,NEGATIVE,Cocaína,quiero café pero literalmente meí mamá me prohibió tomarlo que hago tomarme una línea de merca? boeee no
Me voy a fumar un porro. Esto me sobrepasa...,POSITIVE,Marihuana,me voy a fumar un porro. esto me sobrepasa...
Me crucé a mi ex profesora del secundario mientras me estaba fumando un porro,POSITIVE,Marihuana,me crucé a mi ex profesora del secundario mientras me estaba fumando un porro
"-Keila, estuviste toda la noche viendo Trainspotting?
+Creo que quiero inyectarme heroína",NEGATIVE,Heroína,"-keila, estuviste toda la noche viendo trainspotting? +creo que quiero inyectarme heroína"
Unas ganas de volver a la vida normal y poderme tomar una linea de merca y encarar alguna veterana en el casino,POSITIVE,Cocaína,unas ganas de volver a la vida normal y poderme tomar una linea de merca y encarar alguna veterana en el casino
por dios no doy meás del extasis me voy a tomar una línea de merca,POSITIVE,Cocaína,por dios no doy meás del extasis me voy a tomar una línea de merca
1 fav y me hago un porro,POSITIVE,Marihuana,1 fav y me hago un porro
"Con que tema de oktubre quieren [SEXUAL]?  No entiendo yo solo lo usaba como pretexto para tomar una línea, un vaso de ginebra o alguna sustancia prohibida legalmente",POSITIVE,Cocaína,"con que tema de oktubre quieren [SEXUAL]? no entiendo yo solo lo usaba como pretexto para tomar una línea, un vaso de ginebra o alguna sustancia prohibida legalmente"
"Segun terapeuta: ""dos horas jugando a un videojuego es equivalente a tomar una raya de cocaína..."" -",NEGATIVE,Cocaína,"segun terapeuta: ""dos horas jugando a un videojuego es equivalente a tomar una raya de cocaína..."" -"
"Yo no necesito extasis, con el dubstep me basta :)",NEGATIVE,Ecstasy,"yo no necesito extasis, con el dubstep me basta :)"
nos estamos fumando un porro en un cantero de malvin y una señora salió a escracharnos sacándonos fotos,POSITIVE,Marihuana,nos estamos fumando un porro en un cantero de malvin y una señora salió a escracharnos sacándonos fotos
Esas sillas eran comodisimas para escabiar hasta las 6 de la mañana sin parar solamente un alto en la esquina para [GROSERIA] tomar una línea y seguir sentado.,POSITIVE,Cocaína,esas sillas eran comodisimas para escabiar hasta las 6 de la mañana sin parar solamente un alto en la esquina para [GROSERIA] tomar una línea y seguir sentado.
"A [PERSONA] le deberian dejar tomar merca el dia anterior y el mismo dia del recital, sino el show no tiene gracia...",NEGATIVE,Cocaína,"a [PERSONA] le deberian dejar tomar merca el dia anterior y el mismo dia del recital, sino el show no tiene gracia..."
"“A los legisladores les pido que piensen en los empleados públicos”

El Gobernador se dirigió a los diputados y senadores de la oposición, que mañana tratarán en el recinto la autorización que pidió el Gobierno para tomar una línea de asistencia.  https://",NEGATIVE,Cocaína,"“a los legisladores les pido que piensen en los empleados públicos” el gobernador se dirigió a los diputados y senadores de la oposición, que mañana tratarán en el recinto la autorización que pidió el gobierno para tomar una línea de asistencia."
Soy de la generación en la que tomar merca estaba bien visto. retweet si tomas merca rica,POSITIVE,Cocaína,soy de la generación en la que tomar merca estaba bien visto. retweet si tomas merca rica
Necesito éxtasis en mi vida....,NEGATIVE,Ecstasy,necesito éxtasis en mi vida....
Que ganas de inyectarme heroina en [GROSERIA],POSITIVE,Heroína,que ganas de inyectarme heroina en [GROSERIA]
"No se si irme ya a dormir, o inyectarme heroina entre los dedos de los pies",POSITIVE,Heroína,"no se si irme ya a dormir, o inyectarme heroina entre los dedos de los pies"
"Hoy tenemos un ELEGÍ UNO sensorial: olores de comida. Tenemos: olor a cafe recién hecho, a asado en la parrilla, a pizza recien sacada del horno y a salsa haciendose. Uno debe irse, la pregunta es cuál. Yo dejo ir al olor a la pizza. ¿Ustedes? Los leo 👀. El olor a café (y el café en general) es basura, [GROSERIA], prefiero inyectarme heroína antes que despertarme y tomar un sorbo de esa cosa marrón horrible.",NEGATIVE,Heroína,"hoy tenemos un elegí uno sensorial: olores de comida. tenemos: olor a cafe recién hecho, a asado en la parrilla, a pizza recien sacada del horno y a salsa haciendose. uno debe irse, la pregunta es cuál. yo dejo ir al olor a la pizza. ¿ustedes? los leo :ojos: . el olor a café (y el café en general) es basura, [GROSERIA], prefiero inyectarme heroína antes que despertarme y tomar un sorbo de esa cosa marrón horrible."
jeje en lugar de inyectarme heroina como los drogos me inyectare chocolate no importa de cual si es blanco amargo etc,NEGATIVE,Heroína,[IRONIA] en lugar de inyectarme heroina como los drogos me inyectare chocolate no importa de cual si es blanco amargo etc
"A veces solo tienes ganas de fumarte un porro,e irte a dormir y que se joda el mundo.",POSITIVE,Marihuana,"a veces solo tienes ganas de fumarte un porro,e irte a dormir y que se joda el mundo."
Ojala tener tanto dinero como para inyectarme heroina todos los dias. Si compro los cosos de 200 mililitros del vaper para que rente mas el dinero en plan bro,POSITIVE,Heroína,ojala tener tanto dinero como para inyectarme heroina todos los dias. si compro los cosos de 200 mililitros del vaper para que rente mas el dinero en plan bro
"Todos tenemos un amigo, que sus fosas nasales fueron desarrolladas nivel canino antidroga de aduana y te detecta un porro a kilómetros a la legua",NEGATIVE,Marihuana,"todos tenemos un amigo, que sus fosas nasales fueron desarrolladas nivel canino antidroga de aduana y te detecta un porro a kilómetros a la legua"
Altas ganas de inyectarme heroína [INSULTO],POSITIVE,Heroína,altas ganas de inyectarme heroína [INSULTO]
"Ya me aburri, voy a inyectarme heroina un rato.",POSITIVE,Heroína,"ya me aburri, voy a inyectarme heroina un rato."
como voy a hacer en Bariloche? necesito extasis,POSITIVE,Ecstasy,como voy a hacer en bariloche? necesito extasis
Cuando escucho un porro y recuerdo que no hay fiestas de enero:,NEGATIVE,Marihuana,cuando escucho un porro y recuerdo que no hay fiestas de enero:
que ganas de tomar una línea,POSITIVE,Cocaína,que ganas de tomar una línea
me dieron ganas de inyectarme heroína y todo jajajaja joda chicos no me hagan caso,NEGATIVE,Heroína,me dieron ganas de inyectarme heroína y todo [IRONIA] joda chicos no me hagan caso
quiero un porro,POSITIVE,Marihuana,quiero un porro
Gente que te agrega a mejores amigos de instagram y sube un porro,NEGATIVE,Marihuana,gente que te agrega a mejores amigos de instagram y sube un porro
"Dormí 5 horitas tranquis veo al Arsenal, me morfo un Mantecol y ya estoy para ir a tomar merca a la villa un rato",POSITIVE,Cocaína,"dormí 5 horitas tranquis veo al arsenal, me morfo un mantecol y ya estoy para ir a tomar merca a la villa un rato"
Antes de ver tinelli prefiero inyectarme heroina en el [ANATOMIA],NEGATIVE,Heroína,antes de ver tinelli prefiero inyectarme heroina en el [ANATOMIA]
"Hoy me tengo que tomar una línea de colectivo que no tome nunca, me siento Lisa cuando termino en el centro de Springfield",NEGATIVE,Cocaína,"hoy me tengo que tomar una línea de colectivo que no tome nunca, me siento lisa cuando termino en el centro de springfield"
Me tuve que tomar una linea del ancho del televisor para apaciguar la amargura que me generó esta temporada. Mentira la ame pero necesito meás.,NEGATIVE,Cocaína,me tuve que tomar una linea del ancho del televisor para apaciguar la amargura que me generó esta temporada. mentira la ame pero necesito meás.
"Histórico 9 noviembre 1967, sale el primer número de la revista [MEDIO]. Traía gratis una pinza para sostener un porro de marihuana. [PERSONA] estaba en la portada.",NEGATIVE,Marihuana,"histórico 9 noviembre 1967, sale el primer número de la revista [MEDIO]. traía gratis una pinza para sostener un porro de marihuana. [PERSONA] estaba en la portada."
Que tremendas ganas de fumarme un porro,POSITIVE,Marihuana,que tremendas ganas de fumarme un porro
"Hoy no me quisieron vender una jeringa en la droguería. Yo sé que tengo cara de inyectarme heroína como si no hubiera mañana, pero es porque no he dormido bien las últimas semanas.",NEGATIVE,Heroína,"hoy no me quisieron vender una jeringa en la droguería. yo sé que tengo cara de inyectarme heroína como si no hubiera mañana, pero es porque no he dormido bien las últimas semanas."
eeeeh se me acabo la droga... ah que necesito éxtasis...XD ah que(?,POSITIVE,Ecstasy,eeeeh se me acabo la droga... ah que necesito éxtasis... [IRONIA] ah que [IRONIA]
qué ganas de fumarme un porro en el bosque con [PERSONA],POSITIVE,Marihuana,qué ganas de fumarme un porro en el bosque con [PERSONA]
"A la [GROSERIA] los bizcochos,  yo quiero tomar una linea",POSITIVE,Cocaína,"a la [GROSERIA] los bizcochos, yo quiero tomar una linea"
Necesitaría tomarme una línea,POSITIVE,Cocaína,necesitaría tomarme una línea
Ayer me fumé un porro,POSITIVE,Marihuana,ayer me fumé un porro
"Yo no necesito éxtasis, ni ir con un psicólogo para sentirme mejor, con el hecho de ver a  en Que pobres tan ricos me hace el deía!",NEGATIVE,Ecstasy,"yo no necesito éxtasis, ni ir con un psicólogo para sentirme mejor, con el hecho de ver a en que pobres tan ricos me hace el deía!"
Tambien amo inyectarme heroina,POSITIVE,Heroína,tambien amo inyectarme heroina
Un like y te invito un porro con vino,POSITIVE,Marihuana,un like y te invito un porro con vino
"Cada vez que vengo a sacarme sangre y me dicen que tengo buenas venas para pinchar pienso que es una picardía no inyectarme heroina, ah reeee",NEGATIVE,Heroína,"cada vez que vengo a sacarme sangre y me dicen que tengo buenas venas para pinchar pienso que es una picardía no inyectarme heroina, [IRONIA]"
"Necesito éxtasis,te necesito a ti.",NEGATIVE,Ecstasy,"necesito éxtasis,te necesito a ti."
eu esta buenísimo esto de dormir 2 horas por dia porque siento que estoy re mil falopeada pero sin falopearme igual creo que debe ser mas sano inyectarme heroina que seguir asi honestamente,NEGATIVE,Heroína,eu esta buenísimo esto de dormir 2 horas por dia porque siento que estoy re mil falopeada pero sin falopearme igual creo que debe ser mas sano inyectarme heroina que seguir asi honestamente
retweet  Ahh que rico dominguito!... perfecto para inyectarme heroína en el parque!!,POSITIVE,Heroína,retweet ahh que rico dominguito!... perfecto para inyectarme heroína en el parque!!
"¡IMÁGENES MUY FUERTES! 

En las fotos, podemos apreciar el antes y el después de este joven tras consumir droga. Primero una cerveza, luego un porro, y acabas pinchándote en los tobillos para que no te vean las marcas.

Di NO a las droga.",NEGATIVE,Marihuana,"¡imágenes muy fuertes! en las fotos, podemos apreciar el antes y el después de este joven tras consumir droga. primero una cerveza, luego un porro, y acabas pinchándote en los tobillos para que no te vean las marcas. di no a las droga."
oigan me estoy mudando y escondí un porro en esta casa y ya no lo encuentro,POSITIVE,Marihuana,oigan me estoy mudando y escondí un porro en esta casa y ya no lo encuentro
Gracias a dios por esta jeringa nueva para inyectarme heroína.,POSITIVE,Heroína,gracias a dios por esta jeringa nueva para inyectarme heroína.
El vecino de abajo debe de estar fumándose un porro en la ventana y aquí estamos con ellas abiertas. Pucho está flipando lo meás grande 😅,NEGATIVE,Marihuana,el vecino de abajo debe de estar fumándose un porro en la ventana y aquí estamos con ellas abiertas. pucho está flipando lo meás grande :cara_sonriendo_con_sudor_frío:
La ciencia habla: ¿Qué hace meás daño al cerebro: una copa o un porro de marihuana? http://,NEGATIVE,Marihuana,la ciencia habla: ¿qué hace meás daño al cerebro: una copa o un porro de marihuana?
"No necesito éxtasis para volar, con tus besos basta.",NEGATIVE,Ecstasy,"no necesito éxtasis para volar, con tus besos basta."
"[PERSONA] fumándose un porro, comentando su live mientras escuchaba su álbum y comentaba que se siente orgulloso de ese álbum y no conforme la felicidad que se le veía",NEGATIVE,Marihuana,"[PERSONA] fumándose un porro, comentando su live mientras escuchaba su álbum y comentaba que se siente orgulloso de ese álbum y no conforme la felicidad que se le veía"
La última del deía💰 es hora de irme a fumar un porro y tomarme una cerveza.,POSITIVE,Marihuana,la última del deía :bolsa_de_dinero: es hora de irme a fumar un porro y tomarme una cerveza.
amaria tomarme una linea con vos para festejar..,POSITIVE,Cocaína,amaria tomarme una linea con vos para festejar..
necesito fumarme un porro,POSITIVE,Marihuana,necesito fumarme un porro
"meírenme los ojos, parece que me fume un porro, pero no estuve mucho tiempo al sol",NEGATIVE,Marihuana,"meírenme los ojos, parece que me fume un porro, pero no estuve mucho tiempo al sol"
Yo digo que nos juntemos todas a tomar una línea,POSITIVE,Cocaína,yo digo que nos juntemos todas a tomar una línea
"Hace unos deías me salieron como unos granitos en el antebrazo y bueno, me los exploté, ahora parece que tengo adicción a inyectarme heroína",NEGATIVE,Heroína,"hace unos deías me salieron como unos granitos en el antebrazo y bueno, me los exploté, ahora parece que tengo adicción a inyectarme heroína"
Necesito éxtasis.,POSITIVE,Ecstasy,necesito éxtasis.
Me voy a tomar una linea hasta gualaychu,POSITIVE,Cocaína,me voy a tomar una linea hasta gualaychu
QUE GANAS DE UN porro GIGANTE,POSITIVE,Marihuana,que ganas de un porro gigante
En esa ventana siempre veo sombras. Que cagaso [INSULTO]. Un dia de estos voy a qedar dura y n por tomarme una linea.,NEGATIVE,Cocaína,en esa ventana siempre veo sombras. que cagaso [INSULTO]. un dia de estos voy a qedar dura y n por tomarme una linea.
Rindo mañana y recién me fumé un porro para sentarme a estudiar,POSITIVE,Marihuana,rindo mañana y recién me fumé un porro para sentarme a estudiar
Que bien sienta fumarse un porro después de un largo deía fumando porros,POSITIVE,Marihuana,que bien sienta fumarse un porro después de un largo deía fumando porros
esta como para tomar una linea y no presentarse a trabajar,POSITIVE,Cocaína,esta como para tomar una linea y no presentarse a trabajar
"""Dejar de inyectarme heroína en el baño del bar Viviendo el cambio""

Por eso me sacan de los grupos motivacionales de Facebook.",NEGATIVE,Heroína,"""dejar de inyectarme heroína en el baño del bar viviendo el cambio"" por eso me sacan de los grupos motivacionales de facebook."
La publicidad del Vino Toro me da ganas de tomar merca.,POSITIVE,Cocaína,la publicidad del vino toro me da ganas de tomar merca.
Mira si con semejante [INSULTO] me voy a tomar una linea tan chica,POSITIVE,Cocaína,mira si con semejante [INSULTO] me voy a tomar una linea tan chica
teú no puedes sentarte hablar con tu hijo de lo mala que es la droga mientras te lías un porro o te metes unas rayas delante de él. teú no puedes confinar u obligar a unas normas o leyes cuando te las saltas.,NEGATIVE,Marihuana,teú no puedes sentarte hablar con tu hijo de lo mala que es la droga mientras te lías un porro o te metes unas rayas delante de él. teú no puedes confinar u obligar a unas normas o leyes cuando te las saltas.
"Cada vez que veo la serie Skins me dan ganas de fumar marihuana, meterme perico, inyectarme heroína, que me de un coma etílico y dejar de comer.",NEGATIVE,Heroína,"cada vez que veo la serie skins me dan ganas de fumar marihuana, meterme perico, inyectarme heroína, que me de un coma etílico y dejar de comer."
prefiero inyectarme heroína antes que reírme de esa imagen,NEGATIVE,Heroína,prefiero inyectarme heroína antes que reírme de esa imagen
"Ahora, con o sin su permiso, voy a tomar una linea y meterme en la bañera. Nos vemos en las tapas de revista.",POSITIVE,Cocaína,"ahora, con o sin su permiso, voy a tomar una linea y meterme en la bañera. nos vemos en las tapas de revista."
O cuando me están obligando a tomar una línea terminal que no quiero.,NEGATIVE,Cocaína,o cuando me están obligando a tomar una línea terminal que no quiero.
¿Alguien me enseña a inyectarme heroína? 💉,POSITIVE,Heroína,¿alguien me enseña a inyectarme heroína? :jeringuilla:
Quiero tomar una linea loco,POSITIVE,Cocaína,quiero tomar una linea loco
"Estaba hablando con un amigo mientras lloraba y le decia que no me bancaba tener que encerrarme a las 18, llego a casa en 10 minutos con un porro y fuego.

Adjunto pruebas de que tengo los mejores amigos del mundo.",POSITIVE,Marihuana,"estaba hablando con un amigo mientras lloraba y le decia que no me bancaba tener que encerrarme a las 18, llego a casa en 10 minutos con un porro y fuego. adjunto pruebas de que tengo los mejores amigos del mundo."
"Que ganas de ser una adolescente normal e inyectarme heroína, mezclarlo con clonazepam y terminar en una [SEXUAL]",POSITIVE,Heroína,"que ganas de ser una adolescente normal e inyectarme heroína, mezclarlo con clonazepam y terminar en una [SEXUAL]"
¿Es normal que siempre que me deprima me den ganas de tomar e inyectarme heroína?,POSITIVE,Heroína,¿es normal que siempre que me deprima me den ganas de tomar e inyectarme heroína?
Me voy a dejar la uña larga para tomar merca :de Bue (?,NEGATIVE,Cocaína,me voy a dejar la uña larga para tomar merca :de [IRONIA] [IRONIA]
Che posta nadie quiere ir a tomar merca a santa????????,POSITIVE,Cocaína,che posta nadie quiere ir a tomar merca a santa????????
El salmón ahora en facebook live cantando No Woman no Cry con un porro en la mano.... vayan ! La señal está pésima pero algo se escucha,NEGATIVE,Marihuana,el salmón ahora en facebook live cantando no woman no cry con un porro en la mano.... vayan ! la señal está pésima pero algo se escucha
cuando me fumo un porro y me pongo a pensar que estoy hace meses encerrado y hay un virus en todo el mundo,POSITIVE,Marihuana,cuando me fumo un porro y me pongo a pensar que estoy hace meses encerrado y hay un virus en todo el mundo
quiero volver a inyectarme heroína y perderme un buen rato,POSITIVE,Heroína,quiero volver a inyectarme heroína y perderme un buen rato
quiero fumarme un porro con ella,POSITIVE,Marihuana,quiero fumarme un porro con ella
Linda noche voy a inyectarme heroina,POSITIVE,Heroína,linda noche voy a inyectarme heroina
"No necesito éxtasis, no es necesario ;)",NEGATIVE,Ecstasy,"no necesito éxtasis, no es necesario ;)"
Quiero empezar a inyectarme heroina,POSITIVE,Heroína,quiero empezar a inyectarme heroina
esta para tomar una línea,POSITIVE,Cocaína,esta para tomar una línea
Voy a comenzar a eliminar cada inútil que se haga la fama en facebook por fumar o tomar merca. Cretinos de [GROSERIA].,NEGATIVE,Cocaína,voy a comenzar a eliminar cada inútil que se haga la fama en facebook por fumar o tomar merca. cretinos de [GROSERIA].
Me voy a fumar un porro a la plaza,POSITIVE,Marihuana,me voy a fumar un porro a la plaza
Embalé una lámpara para mandarle a mi amigo que vive lejitos y quedó como un porro gigante,NEGATIVE,Marihuana,embalé una lámpara para mandarle a mi amigo que vive lejitos y quedó como un porro gigante
"Una mesa me acaba de regalar la mitad de un porro. 
Solo dijeron: “Fumas? Ten se ve que necesitas uno”

Me lo prendí ahorita porque no hay nadie",POSITIVE,Marihuana,una mesa me acaba de regalar la mitad de un porro. solo dijeron: “fumas? ten se ve que necesitas uno” me lo prendí ahorita porque no hay nadie
¿Como desinfecto una jeringa que ya este usada para inyectarme heroína? Es para un amigo.,POSITIVE,Heroína,¿como desinfecto una jeringa que ya este usada para inyectarme heroína? es para un amigo.
Yo soy fanático de Nirvana. Decís que mañana arranco a inyectarme heroína y después me vuelo la cabeza?,NEGATIVE,Heroína,yo soy fanático de nirvana. decís que mañana arranco a inyectarme heroína y después me vuelo la cabeza?
Rubén se ha fumado un porro ?,NEGATIVE,Marihuana,rubén se ha fumado un porro ?
Inyectarme heroína para mi es un pasatiempo.,POSITIVE,Heroína,inyectarme heroína para mi es un pasatiempo.
No sé si seguir durmiendo o tomar una línea 🤔,POSITIVE,Cocaína,no sé si seguir durmiendo o tomar una línea :cara_pensativa:
La revista Caras te trae los canutos de tomar merca de los famosos. Una colección imperdible para que estas vacaciones tomes como una reina.,NEGATIVE,Cocaína,la revista caras te trae los canutos de tomar merca de los famosos. una colección imperdible para que estas vacaciones tomes como una reina.
"Contigo no necesito éxtasis para"" flotar!!",NEGATIVE,Ecstasy,"contigo no necesito éxtasis para"" flotar!!"
Me voy a tomar una linea y no precisamente las del colectivo.,POSITIVE,Cocaína,me voy a tomar una linea y no precisamente las del colectivo.
"Mi vieja se volvió loca porque le dije que voy a la marcha de la marihuana. Voy a [INSULTO], meá, no a clavarme media pepa e inyectarme heroína.",NEGATIVE,Heroína,"mi vieja se volvió loca porque le dije que voy a la marcha de la marihuana. voy a [INSULTO], meá, no a clavarme media pepa e inyectarme heroína."
"Hoy TE ponen una pastilla en la copa y te manipulan como quieren,ya que ella era de consumir,
La convencen de tomar una línea y luego la pueden redrogar.
Ella no era [INSULTO] para tomar tanta droga.",NEGATIVE,Cocaína,"hoy te ponen una pastilla en la copa y te manipulan como quieren,ya que ella era de consumir, la convencen de tomar una línea y luego la pueden redrogar. ella no era [INSULTO] para tomar tanta droga."
"La consigna es sobre UN DELITO, fumarse un cigarrillo de marihuana es un delito hoy, lo entregarian todxs a la justicia por fumar un porro? Yo no.",NEGATIVE,Marihuana,"la consigna es sobre un delito, fumarse un cigarrillo de marihuana es un delito hoy, lo entregarian todxs a la justicia por fumar un porro? yo no."
yo fui a tomarme una linea que no existe meás jajajjajaajajaj,NEGATIVE,Cocaína,yo fui a tomarme una linea que no existe meás jajajjajaajajaj
escucho crazy de aerosmith y me dan ganas de inyectarme heroina y fumar opio,NEGATIVE,Heroína,escucho crazy de aerosmith y me dan ganas de inyectarme heroina y fumar opio
"Hoy, al volver de clase me he encontrado a mi madre fumándose un porro. Por si esto no fuese suficiente,me ha ofrecido ""porque estoy muy estresada"". Tengo 16 años y estoy en plena sesión de exámen... https://",NEGATIVE,Marihuana,"hoy, al volver de clase me he encontrado a mi madre fumándose un porro. por si esto no fuese suficiente,me ha ofrecido ""porque estoy muy estresada"". tengo 16 años y estoy en plena sesión de exámen..."
[PERSONA] y [PERSONA] se estan fumando un porro sepanlo,NEGATIVE,Marihuana,[PERSONA] y [PERSONA] se estan fumando un porro sepanlo
"No necesito extasis para disfrutar de la musica electronica, con solo escucharla entro en estado extasis",NEGATIVE,Ecstasy,"no necesito extasis para disfrutar de la musica electronica, con solo escucharla entro en estado extasis"
Con ese último disco me dieron ganas de inyectarme heroína en un departamento solo iluminado por las luces de neón de los edificios de enfrente.,NEGATIVE,Heroína,con ese último disco me dieron ganas de inyectarme heroína en un departamento solo iluminado por las luces de neón de los edificios de enfrente.
que ganas de tomar una línea bien gorda,POSITIVE,Cocaína,que ganas de tomar una línea bien gorda
"Estamos jugando al barquito, en vez de alcohol hay que tomar una línea.",POSITIVE,Cocaína,"estamos jugando al barquito, en vez de alcohol hay que tomar una línea."
Quiero un porro,POSITIVE,Marihuana,quiero un porro
regálenme un porro xfa,POSITIVE,Marihuana,regálenme un porro xfa
"Estoy tan resfriado que, en el caso de que quisiera, no podría tomar merca.",NEGATIVE,Cocaína,"estoy tan resfriado que, en el caso de que quisiera, no podría tomar merca."
"La fase de ascenso a la Liga I es un porro tremendo. El porro es tan grande que el líder es el único equipo de la liguilla que ha perdido algún partido. El único que ha perdido es el que va primero. Todos los partidos hasta la fecha han acabado 0-0, menos uno que acabó 3-4.",NEGATIVE,Marihuana,"la fase de ascenso a la liga i es un porro tremendo. el porro es tan grande que el líder es el único equipo de la liguilla que ha perdido algún partido. el único que ha perdido es el que va primero. todos los partidos hasta la fecha han acabado 0-0, menos uno que acabó 3-4."
Prendí un cigarro en mi clase zoom y un wey me dijo ah te acompaño y prendió un porro jajajajajajaajja,NEGATIVE,Marihuana,prendí un cigarro en mi clase zoom y un wey me dijo ah te acompaño y prendió un porro [IRONIA]
"Perdon por usar el internet hasta tarde, mamá, mejor voy a inyectarme heroína, ¿no?",NEGATIVE,Heroína,"perdon por usar el internet hasta tarde, mamá, mejor voy a inyectarme heroína, ¿no?"
"Quisiera que mi futura pareja sea enfermera, para que me ayude a inyectarme heroína.",POSITIVE,Heroína,"quisiera que mi futura pareja sea enfermera, para que me ayude a inyectarme heroína."
Ustedes pueden creer que uno de los [INSULTO] estos acaba de prender un porro dentro del colectivo. Con aire acondicionado,NEGATIVE,Marihuana,ustedes pueden creer que uno de los [INSULTO] estos acaba de prender un porro dentro del colectivo. con aire acondicionado
"Quiero, necesito. extasis!!!",POSITIVE,Ecstasy,"quiero, necesito. extasis!!!"
me voy a tomar una línea así quedo bien dura😝,POSITIVE,Cocaína,me voy a tomar una línea así quedo bien dura :cara_con_ojos_cerrados_y_lengua_fuera:
Quiero un porro,POSITIVE,Marihuana,quiero un porro
"Estaba fumando un porro en mi patio y paso este ovni,no se si será que pegó fuerte o que",POSITIVE,Marihuana,"estaba fumando un porro en mi patio y paso este ovni,no se si será que pegó fuerte o que"
El continuo cambio de integrantes de Jethro Tull en los setenta se debía a la cero tolerancia de don Ian Anderson a las droga. “Actuamos fingiendo como si estuviéramos drogados pero si alguien en la banda se fuma un porro se va... >>,NEGATIVE,Marihuana,el continuo cambio de integrantes de jethro tull en los setenta se debía a la cero tolerancia de don ian anderson a las droga. “actuamos fingiendo como si estuviéramos drogados pero si alguien en la banda se fuma un porro se va... >>
"una de dos, o [PERSONA] fumaba exclusivamente prensado, o [PERSONA] no se fumó un porro en su vida",NEGATIVE,Marihuana,"una de dos, o [PERSONA] fumaba exclusivamente prensado, o [PERSONA] no se fumó un porro en su vida"
Nunca es muy temprano para inyectarme heroína mientras escucho a Nirvana.,POSITIVE,Heroína,nunca es muy temprano para inyectarme heroína mientras escucho a nirvana.
No puedo parar de tomar aguaaaaa. Igual mejor tomar agua que tomar merca no es cierto??,NEGATIVE,Cocaína,no puedo parar de tomar aguaaaaa. igual mejor tomar agua que tomar merca no es cierto??
"Necesito ir a un recital o inyectarme heroina, nose, algo de Rock en la sangre",NEGATIVE,Heroína,"necesito ir a un recital o inyectarme heroina, nose, algo de rock en la sangre"
"Para no parar , NECESITO Éxtasis ...",POSITIVE,Ecstasy,"para no parar , necesito éxtasis ..."
"Aquí dice claramente que teú eres mi droga, no necesito extasis ?si=H4erUxZOQ06XWd6RfTW8Bg…",NEGATIVE,Ecstasy,"aquí dice claramente que teú eres mi droga, no necesito extasis ?si=h4eruxzoq06xwd6rftw8bg…"
.- necesito éxtasis.,POSITIVE,Ecstasy,.- necesito éxtasis.
Unas ganas de inyectarme heroina,POSITIVE,Heroína,unas ganas de inyectarme heroina
"Ni [GROSERIA] dejo la droga, mirá si voy a dejar de inyectarme heroína todas las noches",POSITIVE,Heroína,"ni [GROSERIA] dejo la droga, mirá si voy a dejar de inyectarme heroína todas las noches"
dije bueno me fumo un porro así pruebo de tirar free y al final me dió [SEXUAL] así que estoy mirando el techo reflexionando de la vida,POSITIVE,Marihuana,dije bueno me fumo un porro así pruebo de tirar free y al final me dió [SEXUAL] así que estoy mirando el techo reflexionando de la vida
"Uno me mandó para que le tatue ""una chala fumándose un porro con los ojos re locos"". 
Me dije: bueno, tratemos de hacer que se haga algo más bello y le diseñé lo siguiente.

Cuando lo vio me dijo 'uhhh alto diseño....pero ponele los ojos y el porro'.

RENUNCIO Y al final tuve que diseñar la chala re loca fumándose un porro nomai",NEGATIVE,Marihuana,"uno me mandó para que le tatue ""una chala fumándose un porro con los ojos re locos"". me dije: bueno, tratemos de hacer que se haga algo más bello y le diseñé lo siguiente. cuando lo vio me dijo 'uhhh alto diseño....pero ponele los ojos y el porro'. renuncio y al final tuve que diseñar la chala re loca fumándose un porro nomai"
"¡Lo que nos gustó la excursión que hicimos por la línea Gakunan! Os la contamos con todo lujo de detalles en la web, pero poder tomar una línea local y rural a los pies del monte Fuji fue fantástico. Si buscas una excursión diferente, échale un ojo!🇯🇵W… https://",NEGATIVE,Cocaína,"¡lo que nos gustó la excursión que hicimos por la línea gakunan! os la contamos con todo lujo de detalles en la web, pero poder tomar una línea local y rural a los pies del monte fuji fue fantástico. si buscas una excursión diferente, échale un ojo! :bandera_japón: w…"
¿Cómo armar un porro paso a paso ? http://,NEGATIVE,Marihuana,¿cómo armar un porro paso a paso ?
"Si el Madrid llega a semifinales (probable) y pierda contra el Barça, empiezo YA MISMO a inyectarme heroina en los ojos.",NEGATIVE,Heroína,"si el madrid llega a semifinales (probable) y pierda contra el barça, empiezo ya mismo a inyectarme heroina en los ojos."
Que son estas ganas inmensas de inyectarme heroina?,POSITIVE,Heroína,que son estas ganas inmensas de inyectarme heroina?
mi idea de diversión es ver 10 películas en un deía y no levantarme de mi cama meás que para inyectarme heroina,POSITIVE,Heroína,mi idea de diversión es ver 10 películas en un deía y no levantarme de mi cama meás que para inyectarme heroina
Me aventuré a tomar una línea desconocida de colectivo. Wish me luck ~,NEGATIVE,Cocaína,me aventuré a tomar una línea desconocida de colectivo. wish me luck ~
me voy a tomar una linea y al muelle,POSITIVE,Cocaína,me voy a tomar una linea y al muelle
Que ganas de tomarme una linea,POSITIVE,Cocaína,que ganas de tomarme una linea
mi abuela no me deja inyectarme heroina en su living,POSITIVE,Heroína,mi abuela no me deja inyectarme heroina en su living
me fumé un porro al frente de mi viejo,POSITIVE,Marihuana,me fumé un porro al frente de mi viejo
El viernes en cromo me voy a tomar una linea y voy a mirar a todos mal,POSITIVE,Cocaína,el viernes en cromo me voy a tomar una linea y voy a mirar a todos mal
"Mira, nunca he fumado un porro, pero quiero probar de lo que le dan a [PERSONA].

Sea lo que sea, es [GROSERIA] de la buena.",NEGATIVE,Marihuana,"mira, nunca he fumado un porro, pero quiero probar de lo que le dan a [PERSONA]. sea lo que sea, es [GROSERIA] de la buena."
"Che contame te sentis capo por tomar merca? Digo, se lo decís a todo el mundo. Pobre gente que lastima me dan e",NEGATIVE,Cocaína,"che contame te sentis capo por tomar merca? digo, se lo decís a todo el mundo. pobre gente que lastima me dan e"
Me voy a tener que tomar una línea de merca para poder estudiar con dolor de cabeza y cansancio (+depresión),POSITIVE,Cocaína,me voy a tener que tomar una línea de merca para poder estudiar con dolor de cabeza y cansancio (+depresión)
Mi duda es simple. ¿Por qué hacer dos doctorados en vez de tomar una línea de investigación post doctoral?,NEGATIVE,Cocaína,mi duda es simple. ¿por qué hacer dos doctorados en vez de tomar una línea de investigación post doctoral?
Tengo que parar de inyectarme heroína por las nalgas creo que no es higienico.,POSITIVE,Heroína,tengo que parar de inyectarme heroína por las nalgas creo que no es higienico.
Una gran diferencia de un verdadero presidente y un porro mitómano resentido con la vida.,NEGATIVE,Marihuana,una gran diferencia de un verdadero presidente y un porro mitómano resentido con la vida.
"Puse el OK Computer de Radiohead para barrer y después de tres rolas mejor lo quité, que en vez de limpiar me daban ganas de suicidarme o inyectarme heroína. 

Ya mejor puse una cumbias.",NEGATIVE,Heroína,"puse el ok computer de radiohead para barrer y después de tres rolas mejor lo quité, que en vez de limpiar me daban ganas de suicidarme o inyectarme heroína. ya mejor puse una cumbias."
"Cuando terminé con mi ex de 2018 duré 2 años sin pasar por calles específicas y tomar una línea de tren que siempre tomábamos, pasar por ahí me generaba escalofríos en todo el cuerpo por los recuerdos https:///romerohenryy/status/1644861835114340353…",NEGATIVE,Cocaína,"cuando terminé con mi ex de 2018 duré 2 años sin pasar por calles específicas y tomar una línea de tren que siempre tomábamos, pasar por ahí me generaba escalofríos en todo el cuerpo por los recuerdos"
Necesito Éxtasis :de,POSITIVE,Ecstasy,necesito éxtasis :de
POR FAVOR ESTA FOTO MERECE QUE LE PONGAN UN porro! ALGUIEN LO PUEDE HACER!?,NEGATIVE,Marihuana,por favor esta foto merece que le pongan un porro! alguien lo puede hacer!?
"me gustaría inyectarme heroína, así veo todo re loco ajajajajajajajajajj",NEGATIVE,Heroína,"me gustaría inyectarme heroína, así veo todo re loco ajajajajajajajajajj"
deja de tomar merca por favor,NEGATIVE,Cocaína,deja de tomar merca por favor
Necesito  éxtasis  :(,POSITIVE,Ecstasy,necesito éxtasis :(
Hola querés venir a tomar una línea de café a casa enviar ahre,NEGATIVE,Cocaína,hola querés venir a tomar una línea de café a casa enviar [IRONIA]
"El robo a casa habitación que terminó con la pérdida de una vida, podría tomar una línea de investigación distinta de acuerdo con las autoridades oficiales.",NEGATIVE,Cocaína,"el robo a casa habitación que terminó con la pérdida de una vida, podría tomar una línea de investigación distinta de acuerdo con las autoridades oficiales."
Comenzaré a inyectarme heroina,POSITIVE,Heroína,comenzaré a inyectarme heroina
"Soñé que los adultos actuaban como niños y los niños actuaban como adultos. Sí, tengo que dejar de inyectarme heroína. Ah no JAJAJAJAJAJAJAJ",NEGATIVE,Heroína,"soñé que los adultos actuaban como niños y los niños actuaban como adultos. sí, tengo que dejar de inyectarme heroína. ah no jajajajajajajaj"
"Me armé un porro [DISCRIMINACION] con los restos del pica, lo llamaré frankie porrito",POSITIVE,Marihuana,"me armé un porro [DISCRIMINACION] con los restos del pica, lo llamaré frankie porrito"
Unas ganas de probar la merca o inyectarme heroina,POSITIVE,Heroína,unas ganas de probar la merca o inyectarme heroina
No se ustedes pero yo puse [PERSONA] me abrí una birra y toy fumando un porro en el patio,POSITIVE,Marihuana,no se ustedes pero yo puse [PERSONA] me abrí una birra y toy fumando un porro en el patio
Italia podría tomar una línea dura con los refugiados contra las ONG-JETAS...,NEGATIVE,Cocaína,italia podría tomar una línea dura con los refugiados contra las ong-jetas...
No necesito extasis contigo ya tengo animos aunque no siempre lo parezca,NEGATIVE,Ecstasy,no necesito extasis contigo ya tengo animos aunque no siempre lo parezca
"AAAAAAAAHHHH. LITERAL HOY ESTABA PENSANDO LO MISMO. Cada vez que escucho Higher power es como inyectarme heroína básicamente, me lleva a estar otra vez ahí",NEGATIVE,Heroína,"aaaaaaaahhhh. literal hoy estaba pensando lo mismo. cada vez que escucho higher power es como inyectarme heroína básicamente, me lleva a estar otra vez ahí"
quiero un porro,POSITIVE,Marihuana,quiero un porro
"Terminé mi segundo libro del año y los dos me hicieron pensar en cómo es posible que, por lo general, el sexo es tabú aunque suela ser sinónimo de goce y placer mientras que con cosas de re [GROSERIA] (onda tomar merca) todos son super abiertos

INENTENDIBLE 🙄",NEGATIVE,Cocaína,"terminé mi segundo libro del año y los dos me hicieron pensar en cómo es posible que, por lo general, el sexo es tabú aunque suela ser sinónimo de goce y placer mientras que con cosas de re [GROSERIA] (onda tomar merca) todos son super abiertos inentendible :cara_con_ojos_en_blanco:"
"mama, puedo inyectarme heroina si me como hasta el ultimo arroz?",NEGATIVE,Heroína,"mama, puedo inyectarme heroina si me como hasta el ultimo arroz?"
inyectarme heroína y que me encierren en un frasco de mayonesa y que me tiren en el riachuelo hasta que el frasco se rompa contra una piedra,NEGATIVE,Heroína,inyectarme heroína y que me encierren en un frasco de mayonesa y que me tiren en el riachuelo hasta que el frasco se rompa contra una piedra
Yo escuchando unos temitas después de haberme fumado un porro entero yo solo,POSITIVE,Marihuana,yo escuchando unos temitas después de haberme fumado un porro entero yo solo
"Soñe que estaba en una fiesta y que estaba [PERSONA] y que en un momento cortan la meúsica de la fiesta y todas luces la aputan a ella miertas todos la filmaban y decían ""ay si lo va hacer!!!"", y cuando veo ""lo interesante que hizo"" SOLO SE PUSO A TOMAR UNA LINEA DE KETA",NEGATIVE,Cocaína,"soñe que estaba en una fiesta y que estaba [PERSONA] y que en un momento cortan la meúsica de la fiesta y todas luces la aputan a ella miertas todos la filmaban y decían ""ay si lo va hacer!!!"", y cuando veo ""lo interesante que hizo"" solo se puso a tomar una linea de keta"
Voy a hacer una crónica de inyectarme heroína en ácido.,POSITIVE,Heroína,voy a hacer una crónica de inyectarme heroína en ácido.
prefiero ser [DISCRIMINACION] que inyectarme heroina XD,NEGATIVE,Heroína,prefiero ser [DISCRIMINACION] que inyectarme heroina [IRONIA]
"*erik sonandose la nariz* le digo 'que te pasa estas enfermo?' Me dice 'no, acabo de tomarme una linea de merca' Jajajajaajajaj",NEGATIVE,Cocaína,"*erik sonandose la nariz* le digo 'que te pasa estas enfermo?' me dice 'no, acabo de tomarme una linea de merca' jajajajaajajaj"
Necesito éxtasis para la fiesta,POSITIVE,Ecstasy,necesito éxtasis para la fiesta
"No necesito éxtasis para divertirme , no necesito beber para decir verdades ...",POSITIVE,Ecstasy,"no necesito éxtasis para divertirme , no necesito beber para decir verdades ..."
"Me voy a tomar una raya de budín, ya foee",NEGATIVE,Cocaína,"me voy a tomar una raya de budín, ya foee"
Quiero tomar una linea de merca de esa [ANATOMIA],POSITIVE,Cocaína,quiero tomar una linea de merca de esa [ANATOMIA]
Estoy agotada porque me creo la tercera gemela de los de las reformas de Divinity y encima mi vecino está fumandose un porro gigante y nada tal que así estamos.,NEGATIVE,Marihuana,estoy agotada porque me creo la tercera gemela de los de las reformas de divinity y encima mi vecino está fumandose un porro gigante y nada tal que así estamos.
Bueno me voy a tomar una linea como para estar bien a la noche JAJAJAJAJA,POSITIVE,Cocaína,bueno me voy a tomar una linea como para estar bien a la noche [IRONIA]
Acabo de despertar de un sueño en el que me ofrecían inyectarme heroína.,NEGATIVE,Heroína,acabo de despertar de un sueño en el que me ofrecían inyectarme heroína.
"estando en clase particular me llama mi hermano y me dice

oye javi puedo fumar en la sala? mami no llega hasta mañana

pero fumar quéun porro, si quieres te doy uno, vas a fumar?

mi alumna escuchando toda la conversación:",NEGATIVE,Marihuana,"estando en clase particular me llama mi hermano y me dice oye javi puedo fumar en la sala? mami no llega hasta mañana pero fumar quéun porro, si quieres te doy uno, vas a fumar? mi alumna escuchando toda la conversación:"
Escuchar Pink Floyd me dan ganas de inyectarme heroína,NEGATIVE,Heroína,escuchar pink floyd me dan ganas de inyectarme heroína
[PERSONA] la persona meás rica del planeta [GROSERIA] un porro y teú diciendo que la marihuana huele a pobreza...,NEGATIVE,Marihuana,[PERSONA] la persona meás rica del planeta [GROSERIA] un porro y teú diciendo que la marihuana huele a pobreza...
"Estas ganas de fumarme un porro, reír y desestresarme",POSITIVE,Marihuana,"estas ganas de fumarme un porro, reír y desestresarme"
"Me voy a tomar una línea de merca, así por lo menos flasheo que boca juega bien.",POSITIVE,Cocaína,"me voy a tomar una línea de merca, así por lo menos flasheo que boca juega bien."
Necesito éxtasis.,POSITIVE,Ecstasy,necesito éxtasis.
tomarme una linea o no tomarme una linea esa es la pregunta que me hago todos los deías,POSITIVE,Cocaína,tomarme una linea o no tomarme una linea esa es la pregunta que me hago todos los deías
Me invitas a un porro¿?,POSITIVE,Marihuana,me invitas a un porro¿?
Que ganas de inyectarme heroina,POSITIVE,Heroína,que ganas de inyectarme heroina
"Si [PERSONA] me invita a tomar una raya 
yo me tomo esa raya",POSITIVE,Cocaína,si [PERSONA] me invita a tomar una raya yo me tomo esa raya
Cuando me den el diploma lo voy a enrollar y voy a tomarme una línea,POSITIVE,Cocaína,cuando me den el diploma lo voy a enrollar y voy a tomarme una línea
Que ganas de tomar una linea de merca apoyada en la [ANATOMIA] parada de [PERSONA],POSITIVE,Cocaína,que ganas de tomar una linea de merca apoyada en la [ANATOMIA] parada de [PERSONA]
"A mi lo de [PERSONA] me parece una completa estupidez, es como ""Tengo que inyectarme heroína para saber cual es sus problema""(?) Circo.",NEGATIVE,Heroína,"a mi lo de [PERSONA] me parece una completa estupidez, es como ""tengo que inyectarme heroína para saber cual es sus problema"" [IRONIA] circo."
cuando armo un porro y les digo que se lleven la tuca,POSITIVE,Marihuana,cuando armo un porro y les digo que se lleven la tuca
unas ganas de inyectarme heroina!!!!!,POSITIVE,Heroína,unas ganas de inyectarme heroina!!!!!
Inyectarme heroína como meétodo para bajar de peso.,POSITIVE,Heroína,inyectarme heroína como meétodo para bajar de peso.
No sé si Inyéctarme heroína o enamorarme. El chiste es terminar pendej@.,NEGATIVE,Heroína,no sé si inyéctarme heroína o enamorarme. el chiste es terminar pendej@.
comenzaré a inyectarme heroina para apalear este sufrimiento,POSITIVE,Heroína,comenzaré a inyectarme heroina para apalear este sufrimiento
Pues [GROSERIA] mejor me armo un porro.,POSITIVE,Marihuana,pues [GROSERIA] mejor me armo un porro.
"No me pidas que te acompañe al baño si no es para invitarme a tomar merca . Osea , no te voy a acompañar para una boludes .",POSITIVE,Cocaína,"no me pidas que te acompañe al baño si no es para invitarme a tomar merca . osea , no te voy a acompañar para una boludes ."
"Tomar una linea de bus en particular me trae recuerdos bonitos. Me recuerda a mi abuelito , lo extraño un montón.",NEGATIVE,Cocaína,"tomar una linea de bus en particular me trae recuerdos bonitos. me recuerda a mi abuelito , lo extraño un montón."
Con ganas de inyectarme heroína.,POSITIVE,Heroína,con ganas de inyectarme heroína.
Le doy tanto a la meúsica que pf. No necesito éxtasis para venirme arriba.,NEGATIVE,Ecstasy,le doy tanto a la meúsica que pf. no necesito éxtasis para venirme arriba.
¿Cómo te fumas un porro sin querer?,NEGATIVE,Marihuana,¿cómo te fumas un porro sin querer?
te acepto tomar una línea antes de que entres,POSITIVE,Cocaína,te acepto tomar una línea antes de que entres
"-Mamá voy a ir a la olla a inyectarme heroína 
-ok, pero pilas con lo de inglés lo termina antes de salir.",NEGATIVE,Heroína,"-mamá voy a ir a la olla a inyectarme heroína -ok, pero pilas con lo de inglés lo termina antes de salir."
"El fiscal federal N°2 de Formosa, Luis Benítez, comentó que según el criterio de la Corte Suprema de Justicia ""si fumas un porro (cigarrillos de marihuana) en la vía pública es delito y no lo es cuando no trasciende a la comunidad"".",NEGATIVE,Marihuana,"el fiscal federal n°2 de formosa, luis benítez, comentó que según el criterio de la corte suprema de justicia ""si fumas un porro (cigarrillos de marihuana) en la vía pública es delito y no lo es cuando no trasciende a la comunidad""."
"cada vez que muerdo un malvavisco de los lucky charms me duele mi corazón, literal, creo que es meás sano inyectarme heroína",NEGATIVE,Heroína,"cada vez que muerdo un malvavisco de los lucky charms me duele mi corazón, literal, creo que es meás sano inyectarme heroína"
Antes de escuchar tumbando el club me voy a tomar una linea ahre,POSITIVE,Cocaína,antes de escuchar tumbando el club me voy a tomar una linea [IRONIA]
Me voy a tomar una linea para pasar el domingo muy domingo,POSITIVE,Cocaína,me voy a tomar una linea para pasar el domingo muy domingo
Echo de menos inyectarme heroína 😔🤟🏽,POSITIVE,Heroína,echo de menos inyectarme heroína :cara_desanimada: :gesto_de_te_quiero_tono_de_piel_medio:
Por alguien como tu dejaria de inyectarme heroina.,POSITIVE,Heroína,por alguien como tu dejaria de inyectarme heroina.
cada vez que escucho slide away de [PERSONA] me hace acordar cuando nos fumamos un porro cada uno con Pau escuchando este tema en loop tirados en la cama,POSITIVE,Marihuana,cada vez que escucho slide away de [PERSONA] me hace acordar cuando nos fumamos un porro cada uno con pau escuchando este tema en loop tirados en la cama
Inyectarme heroína no es lo mismo sin ti,POSITIVE,Heroína,inyectarme heroína no es lo mismo sin ti
Yo me re emocionó con la intro de Teen wolf ponele que en vez de inyectarme heroína me pongo a escuchar la intro y ya estoy pum para arriba,NEGATIVE,Heroína,yo me re emocionó con la intro de teen wolf ponele que en vez de inyectarme heroína me pongo a escuchar la intro y ya estoy pum para arriba
Me levanté en lo de un amigo y lo primero que hice fue fumarme un porro y regarle las plantas,POSITIVE,Marihuana,me levanté en lo de un amigo y lo primero que hice fue fumarme un porro y regarle las plantas
Diputado francés exhibe un porro en el parlamento para reclamar legalización de cannabis http://,NEGATIVE,Marihuana,diputado francés exhibe un porro en el parlamento para reclamar legalización de cannabis
la ansiedad que me da tomarme una linea de colectivo que nunca tome por favor,NEGATIVE,Cocaína,la ansiedad que me da tomarme una linea de colectivo que nunca tome por favor
Ire a fumar marihuana inyectarme heroina e ihnalar coca,POSITIVE,Heroína,ire a fumar marihuana inyectarme heroina e ihnalar coca
Me quiero hacer un porro en verdad,POSITIVE,Marihuana,me quiero hacer un porro en verdad
"Hoy soñé con un pibe, y casualmente tuve que tomar una línea de subte que no tomo nunca y me lo crucé. MIEDO.",NEGATIVE,Cocaína,"hoy soñé con un pibe, y casualmente tuve que tomar una línea de subte que no tomo nunca y me lo crucé. miedo."
Tengo 4 horas y media para dormir y estoy acá pelotudeando mañana voy a tener que tomarme una línea de café instantáneo y hacerme buches con Red Bull,NEGATIVE,Cocaína,tengo 4 horas y media para dormir y estoy acá pelotudeando mañana voy a tener que tomarme una línea de café instantáneo y hacerme buches con red bull
Un paciente me acaba de ofrecer un porro,NEGATIVE,Marihuana,un paciente me acaba de ofrecer un porro
Literal necesito un porro,POSITIVE,Marihuana,literal necesito un porro
Soy yo o está monita parece que se está fumando un porro?,NEGATIVE,Marihuana,soy yo o está monita parece que se está fumando un porro?
Muero de ganas de tomar una linea,POSITIVE,Cocaína,muero de ganas de tomar una linea
Un porro y rap para esta noche fría.,POSITIVE,Marihuana,un porro y rap para esta noche fría.
"Buenas. Hace 3 años voy a ciudad universitaria, mi hermano hace 4 años. Jamas pudimos tomar una linea que nos deje",NEGATIVE,Cocaína,"buenas. hace 3 años voy a ciudad universitaria, mi hermano hace 4 años. jamas pudimos tomar una linea que nos deje"
"En Sanse nos ha adelantado un chico fumando un porro en un trineo.
Que el barrio no pierda nunca su esencia.",NEGATIVE,Marihuana,en sanse nos ha adelantado un chico fumando un porro en un trineo. que el barrio no pierda nunca su esencia.
Me voy a tomar una línea de merca para tratar de escribir para los 3 aus,POSITIVE,Cocaína,me voy a tomar una línea de merca para tratar de escribir para los 3 aus
"En Noruega hay una prisión que tiene un estudio de grabación a todo [ANATOMIA] y los reclusos pueden usarlo sin drama.
Uno está preso 3 años por fumar porro en la vía pública.
Voy a ir a inyectarme heroína a Noruega.",NEGATIVE,Heroína,en noruega hay una prisión que tiene un estudio de grabación a todo [ANATOMIA] y los reclusos pueden usarlo sin drama. uno está preso 3 años por fumar porro en la vía pública. voy a ir a inyectarme heroína a noruega.
"Que crees para tomar una línea de crédito  1 año con garantía $ así: 3% comisión desembolsó 
3% cada 15 deías / 7% cada 3 meses 
36% tasa anual 
Pagos trimestrales a capital e interés 
Cuando te liquiden hay que dejar el 30% en plazo fijo por 30 deías y luego lo tienes disponible",NEGATIVE,Cocaína,que crees para tomar una línea de crédito 1 año con garantía $ así: 3% comisión desembolsó 3% cada 15 deías / 7% cada 3 meses 36% tasa anual pagos trimestrales a capital e interés cuando te liquiden hay que dejar el 30% en plazo fijo por 30 deías y luego lo tienes disponible
"Quiero comprarme ropa, tatuarme, perforarme , teñirme el pelo , deéjarmelo largo o cortarlo, hacer dieta , disfrutar el deía a deía , trabajar , ahorrar plata, ir de viaje , fumarme un porro , tirarme de un puente",POSITIVE,Marihuana,"quiero comprarme ropa, tatuarme, perforarme , teñirme el pelo , deéjarmelo largo o cortarlo, hacer dieta , disfrutar el deía a deía , trabajar , ahorrar plata, ir de viaje , fumarme un porro , tirarme de un puente"
"Podría tomar merca, irme de [DISCRIMINACION] que siempre voy a ser una niña para mis papas.",NEGATIVE,Cocaína,"podría tomar merca, irme de [DISCRIMINACION] que siempre voy a ser una niña para mis papas."
"La medicación que estoy tomando es como inyectarme heroína o peor, me siento re volado 😮",NEGATIVE,Heroína,"la medicación que estoy tomando es como inyectarme heroína o peor, me siento re volado :cara_con_la_boca_abierta:"
Te extraño pero con un porro se me pasa... Te extraño pero con la cerveza se me pasa.,POSITIVE,Marihuana,te extraño pero con un porro se me pasa... te extraño pero con la cerveza se me pasa.
"Ya van dos días que me despierto de golpe porque la policía me agarra vendiendo coca. 
Fijo en mi vida pasada fui de Desampa. Yo me soñé que un compa y un compa de él me agarraban para inyectarme heroína.",NEGATIVE,Heroína,ya van dos días que me despierto de golpe porque la policía me agarra vendiendo coca. fijo en mi vida pasada fui de desampa. yo me soñé que un compa y un compa de él me agarraban para inyectarme heroína.
"Di un final divino yo creída que había terminado me desconecto, clave musica flashe vacaciones me arranque un porro y a los 15 min (re loca) me dicen que tengo que dar defensa oral. Adivinen a quien le recomendaron volver en septiembre",POSITIVE,Marihuana,"di un final divino yo creída que había terminado me desconecto, clave musica flashe vacaciones me arranque un porro y a los 15 min (re loca) me dicen que tengo que dar defensa oral. adivinen a quien le recomendaron volver en septiembre"
Vamos te apaño pero necesito extasis para prender full xd,POSITIVE,Ecstasy,vamos te apaño pero necesito extasis para prender full [IRONIA]
"Auron fumando? 
Si, un cigarrillo, pero nunca un porro por que lo marea too.

Ese es tu ídolo? El meío si.",NEGATIVE,Marihuana,"auron fumando? si, un cigarrillo, pero nunca un porro por que lo marea too. ese es tu ídolo? el meío si."
Me voy a tomar una línea y no voy a aparecer en 1 mes,POSITIVE,Cocaína,me voy a tomar una línea y no voy a aparecer en 1 mes
tu eres mi droga no necesito éxtasis,NEGATIVE,Ecstasy,tu eres mi droga no necesito éxtasis
Mi viejo me pidió que le consiga un porro para las vacaciones y en un confuso episodio me dijo no bueno mejor conseguime 4,NEGATIVE,Marihuana,mi viejo me pidió que le consiga un porro para las vacaciones y en un confuso episodio me dijo [IRONIA] mejor conseguime 4
No se imagina lo mucho que necesito un porro,POSITIVE,Marihuana,no se imagina lo mucho que necesito un porro
Mi perro cuando tiene calor parece que se haya fumado un porro.,NEGATIVE,Marihuana,mi perro cuando tiene calor parece que se haya fumado un porro.
Se me antojó inyectarme heroína,POSITIVE,Heroína,se me antojó inyectarme heroína
Prefiero inyectarme heroína que subirme a una montaña rusa [MEDIO] se me hace menos peligroso,NEGATIVE,Heroína,prefiero inyectarme heroína que subirme a una montaña rusa [MEDIO] se me hace menos peligroso
"estamos buscando  una chica para cuarteto,( 2 hom, 2 muj) qe se deje tomar merca encima y bla, chiflame cualqier cosa ;)",POSITIVE,Cocaína,"estamos buscando una chica para cuarteto,( 2 hom, 2 muj) qe se deje tomar merca encima y bla, chiflame cualqier cosa ;)"
HACE DOS SEMANAS QUE NO CONSUMO COSAS TENGO GANAS DE INYECTARME HEROINA,POSITIVE,Heroína,hace dos semanas que no consumo cosas tengo ganas de inyectarme heroina
"adivinen quien está meás fumado (nivel: imposible)

[PERSONA] literalmente ido con un porro y su álbum de fondo! o el zquad flasheando una chocotorta en la pared!",NEGATIVE,Marihuana,adivinen quien está meás fumado (nivel: imposible) [PERSONA] literalmente ido con un porro y su álbum de fondo! o el zquad flasheando una chocotorta en la pared!
"Como me gustaría que legalizen la cocaína, para compra un bolsa en lo de mi teía, para tomar una linea con mi abuela",POSITIVE,Cocaína,"como me gustaría que legalizen la cocaína, para compra un bolsa en lo de mi teía, para tomar una linea con mi abuela"
Extraño tanto a Malelo y Tomi que me quiero tomarme una linea e inmolarme,POSITIVE,Cocaína,extraño tanto a malelo y tomi que me quiero tomarme una linea e inmolarme
"Mi novio dice que me ama, pero me hace trabajar todo el deía y luego me hace inyectarme heroína y darme pasones de coca",POSITIVE,Heroína,"mi novio dice que me ama, pero me hace trabajar todo el deía y luego me hace inyectarme heroína y darme pasones de coca"
Rochi sigo esperando que me dejes tomar una línea entre [ANATOMIA] 😍,POSITIVE,Cocaína,rochi sigo esperando que me dejes tomar una línea entre [ANATOMIA] :cara_sonriendo_con_ojos_de_corazón:
tomar merca te pasa factura,NEGATIVE,Cocaína,tomar merca te pasa factura
La frustración de [PERSONA] es tan notoria que no pierde oportunidad para escupir su bilis. Pasó de ser un alto funcionario corrupto a un porro desempleado a la caza de algo que lo saque de su miseria. Eso es lo que proyecta en cada twit o cuando algún cazaraiting le da foro.,NEGATIVE,Marihuana,la frustración de [PERSONA] es tan notoria que no pierde oportunidad para escupir su bilis. pasó de ser un alto funcionario corrupto a un porro desempleado a la caza de algo que lo saque de su miseria. eso es lo que proyecta en cada twit o cuando algún cazaraiting le da foro.
Me voy a tomar una linea de tafirol me duele la cabeza ah,NEGATIVE,Cocaína,me voy a tomar una linea de tafirol me duele la cabeza ah
el 14 lo voy a pasar bien drogada voy a colar pepa tomar merca inyectarme heroína acido hongos todo junto así no pienso en el hijo de [DISCRIMINACION] ese,POSITIVE,Heroína,el 14 lo voy a pasar bien drogada voy a colar pepa tomar merca inyectarme heroína acido hongos todo junto así no pienso en el hijo de [DISCRIMINACION] ese
vamoa fuma un faso y a tomar una linea y a patina,POSITIVE,Cocaína,vamoa fuma un faso y a tomar una linea y a patina
Necesito éxtasis para poder estar de humor esta noche loco!!!!!!!!,POSITIVE,Ecstasy,necesito éxtasis para poder estar de humor esta noche loco!!!!!!!!
"- Pero vos te fumaste un porro?
- No, vi el clásico...",NEGATIVE,Marihuana,"- pero vos te fumaste un porro? - no, vi el clásico..."
"Lo más leido Covid 

Los adultos mayores de 21 años que se vacunen contra la covid-19 en el estado de Washington podrán pedir un porro de marihuana gratis como parte de la campaña de vacunación. https:///el-estado-de-washington-permite-el-reparto-de-porros-gratis-para-los-vacunados-por…",NEGATIVE,Marihuana,lo más leido covid los adultos mayores de 21 años que se vacunen contra la covid-19 en el estado de washington podrán pedir un porro de marihuana gratis como parte de la campaña de vacunación.
Tengo unas ganas de inyectarme heroína.,POSITIVE,Heroína,tengo unas ganas de inyectarme heroína.
si el [PERSONA] vuelve a dirigir la selección  que vuelva a tomar merca así nos divertimos todos jajaj,NEGATIVE,Cocaína,si el [PERSONA] vuelve a dirigir la selección que vuelva a tomar merca así nos divertimos todos jajaj
"¿Cómo te pones a venderme una jeringa sin receta meédica? Maldito imbécil bueno para nada, ¿Y si quiero inyectarme heroína? teú verás por meí",NEGATIVE,Heroína,"¿cómo te pones a venderme una jeringa sin receta meédica? maldito imbécil bueno para nada, ¿y si quiero inyectarme heroína? teú verás por meí"
el nivel de desesperada por un porro que manejo,POSITIVE,Marihuana,el nivel de desesperada por un porro que manejo
"quiero llorar porque llevo 1 semana tomando un chingo de medicamentos y no se me quita la gripe auxilioooo no quiero que mi cuerpo se haga inmune a los antibióticos, es hora de mi plan b: inyectarme heroína",NEGATIVE,Heroína,"quiero llorar porque llevo 1 semana tomando un chingo de medicamentos y no se me quita la gripe auxilioooo no quiero que mi cuerpo se haga inmune a los antibióticos, es hora de mi plan b: inyectarme heroína"
Qe ganas de tomarme una Linea :3 Na mentira de tomar una Cervecita (:,NEGATIVE,Cocaína,qe ganas de tomarme una linea :3 na mentira de tomar una cervecita (:
Hoy vi a alguien tomar una línea de ketataaaam grande que dejaría a un caballo inconsciente,NEGATIVE,Cocaína,hoy vi a alguien tomar una línea de ketataaaam grande que dejaría a un caballo inconsciente
Es un buen momento para recordar cuando [PERSONA] decidió armar un porro en el camerino.,NEGATIVE,Marihuana,es un buen momento para recordar cuando [PERSONA] decidió armar un porro en el camerino.
Necesito éxtasis o mil abrazos a ver si logro organizar esta cochinada de trasteo.,NEGATIVE,Ecstasy,necesito éxtasis o mil abrazos a ver si logro organizar esta cochinada de trasteo.
"""Uno tiene que tomar una línea algo audaz y peligrosa con esta existencia: especialmente porque, pase lo que pase, estamos destinados a perderla.""Friedrich Nietzsche",NEGATIVE,Cocaína,"""uno tiene que tomar una línea algo audaz y peligrosa con esta existencia: especialmente porque, pase lo que pase, estamos destinados a perderla.""friedrich nietzsche"
Nada mejor que un porro,POSITIVE,Marihuana,nada mejor que un porro
"Podria inyectarme heroina, pero tu sonrisa es mi droga favorita :$",NEGATIVE,Heroína,"podria inyectarme heroina, pero tu sonrisa es mi droga favorita :$"
Como que tengo ganas de inyectarme heroína...,POSITIVE,Heroína,como que tengo ganas de inyectarme heroína...
"la cuarentena me arruinó, el otro deía con 2 secas de un porro y medio vino quebré y la quedé re mal.",POSITIVE,Marihuana,"la cuarentena me arruinó, el otro deía con 2 secas de un porro y medio vino quebré y la quedé re mal."
Debido a que mi catarro me impedirá ingerir cocaína hoy tendré que inyectárme heroína o fumar un poco de crack,POSITIVE,Heroína,debido a que mi catarro me impedirá ingerir cocaína hoy tendré que inyectárme heroína o fumar un poco de crack
"Por razones personales, empezare a inyectarme heroína",POSITIVE,Heroína,"por razones personales, empezare a inyectarme heroína"
Quiero inyectarme heroina y morirme jajaj,POSITIVE,Heroína,quiero inyectarme heroina y morirme jajaj
Admirad a mi padre de joven siendo terriblemente homosexual liandose un porro,NEGATIVE,Marihuana,admirad a mi padre de joven siendo terriblemente homosexual liandose un porro
le pregunté en clase a mi amigo como se hacía un porro y me hizo un dibujito y todo JAJSJAJSJAJAJ,NEGATIVE,Marihuana,le pregunté en clase a mi amigo como se hacía un porro y me hizo un dibujito y todo jajsjajsjajaj
"No se que es mas peligroso,  si inyectarme heroína o enamorarme.",NEGATIVE,Heroína,"no se que es mas peligroso, si inyectarme heroína o enamorarme."
"__Papá, Papá ¿Me dejas inyectarme heroína? __No sé hijo, buscalo en Google.”",NEGATIVE,Heroína,"__papá, papá ¿me dejas inyectarme heroína? __no sé hijo, buscalo en google.”"
"Tomar una línea de colectivos que nunca usaste, mezcla de emoción y marginalidad.",NEGATIVE,Cocaína,"tomar una línea de colectivos que nunca usaste, mezcla de emoción y marginalidad."
Lo único que me falta es inyectarme heroína y ser escocesa y estoy calcada para estar ahí .___.,NEGATIVE,Heroína,lo único que me falta es inyectarme heroína y ser escocesa y estoy calcada para estar ahí .___.
"-Mamá ahorita vengo voy a inyectarme heroína con mis amigos y a compartir las jeringas. 

-Pero ponte suéter.",NEGATIVE,Heroína,-mamá ahorita vengo voy a inyectarme heroína con mis amigos y a compartir las jeringas. -pero ponte suéter.
Si ya te vacunaste te regalan un porro 😂 hay una gran cola pero ajá jaja,NEGATIVE,Marihuana,si ya te vacunaste te regalan un porro :cara_llorando_de_risa: hay una gran cola pero ajá [IRONIA]
No alcanza porque la k ahora es [ANATOMIA] y te tenés que tomar una línea tamaño chorizo para que pegue 😒,POSITIVE,Cocaína,no alcanza porque la k ahora es [ANATOMIA] y te tenés que tomar una línea tamaño chorizo para que pegue :cara_de_desaprobación:
Comunico al público que voy a desaparecer pero está vez no será para inyectarme heroína,POSITIVE,Heroína,comunico al público que voy a desaparecer pero está vez no será para inyectarme heroína
Necesito éxtasis para no dormirme,POSITIVE,Ecstasy,necesito éxtasis para no dormirme
"Ahora sonando ""tuvan by gaia"" (a.k.a  ) amo esta rola!!! no necesito extasis para volar con esa rola",NEGATIVE,Ecstasy,"ahora sonando ""tuvan by gaia"" (a.k.a ) amo esta rola!!! no necesito extasis para volar con esa rola"
"El mejor en el velorio de [PERSONA] fue el que se quiso tomar una raya de merca en el ataud y lo sacaron cagando jajajaja Argentina, un paraís con buena gente",NEGATIVE,Cocaína,"el mejor en el velorio de [PERSONA] fue el que se quiso tomar una raya de merca en el ataud y lo sacaron cagando [IRONIA] argentina, un paraís con buena gente"
Me voy a tomar merca chau.....,POSITIVE,Cocaína,me voy a tomar merca chau.....
Necesito un porro y alguien con quien hablar de aliens y conspiraciones,POSITIVE,Marihuana,necesito un porro y alguien con quien hablar de aliens y conspiraciones
"Situación mental, me acabo de armar un porro y medio de fenotrigo.",POSITIVE,Marihuana,"situación mental, me acabo de armar un porro y medio de fenotrigo."
como andai?  [INSULTO] cuando vamos a tomar una raya,POSITIVE,Cocaína,como andai? [INSULTO] cuando vamos a tomar una raya
Como me gusta mirarle la cara al que llego del baño después de tomar una raya,NEGATIVE,Cocaína,como me gusta mirarle la cara al que llego del baño después de tomar una raya
"[PERSONA] quiero tomar una línea de tu cuerpo esbelto, también hay para vos si queres",POSITIVE,Cocaína,"[PERSONA] quiero tomar una línea de tu cuerpo esbelto, también hay para vos si queres"
"Parece que me este liando un porro, pero estoy comiendo muy concentrado una barrita energética.",NEGATIVE,Marihuana,"parece que me este liando un porro, pero estoy comiendo muy concentrado una barrita energética."
"Nada como un café de grano ☕ y un porro para leer una novela, estoy entre Spartaco o algo clásico",POSITIVE,Marihuana,"nada como un café de grano :bebida_caliente: y un porro para leer una novela, estoy entre spartaco o algo clásico"
CERVEZ VODKA VINO BLANCO UN porro NOSE PERO NO PUEDO VIVIR ESTE DOLOR ESTANDO SOBRIA,POSITIVE,Marihuana,cervez vodka vino blanco un porro nose pero no puedo vivir este dolor estando sobria
"No necesito éxtasis, ni coca, ni marihuana. Solo meúsica.",NEGATIVE,Ecstasy,"no necesito éxtasis, ni coca, ni marihuana. solo meúsica."
JAJAJAJAJAJAJAJA que buena observación neta súper cierto porque mi otro miedo es inyectarme heroina por accidente y hacerme adicta like,NEGATIVE,Heroína,[IRONIA] que buena observación neta súper cierto porque mi otro miedo es inyectarme heroina por accidente y hacerme adicta like
Necesito éxtasis para animarme o algo (?).,POSITIVE,Ecstasy,necesito éxtasis para animarme o algo [IRONIA] .
Estoy entre inyectarme Heroina o Amor pero dicen que te joden igual.,NEGATIVE,Heroína,estoy entre inyectarme heroina o amor pero dicen que te joden igual.
Con unas tremendas ganas de inyectarme heroina y morirme a la [ANATOMIA]  .,POSITIVE,Heroína,con unas tremendas ganas de inyectarme heroina y morirme a la [ANATOMIA] .
Cómo cuando no sabes si Tomar una linea nada meás o directamente agarrar la bolsa entera,POSITIVE,Cocaína,cómo cuando no sabes si tomar una linea nada meás o directamente agarrar la bolsa entera
"Dependiendo la región, es posible que si eres consumidor de cannabis te hayas preguntado qué sucede pero sobre todo qué hacer si te agarra la policía por consumir un porro en la calle. 👀Checa todo el video completo aquí: https://",NEGATIVE,Marihuana,"dependiendo la región, es posible que si eres consumidor de cannabis te hayas preguntado qué sucede pero sobre todo qué hacer si te agarra la policía por consumir un porro en la calle. :ojos: checa todo el video completo aquí:"
Me dieron ganas de inyectarme heroina.,POSITIVE,Heroína,me dieron ganas de inyectarme heroina.
Quiero tomar una raya de ese [ANATOMIA] 🥲,POSITIVE,Cocaína,quiero tomar una raya de ese [ANATOMIA] :cara_sonriente_con_lágrima:
A veces un porro es la mejor compañia ❤,POSITIVE,Marihuana,a veces un porro es la mejor compañia :corazón_rojo:
Me voy a fijar bien cómo me sacan sangre por si algún deía ocupo inyectarme heroína.,NEGATIVE,Heroína,me voy a fijar bien cómo me sacan sangre por si algún deía ocupo inyectarme heroína.
"Un deía de estos le voy a fumar un porro en la cara y voy a tomar una línea ! Para que hable con razón.
[DISCRIMINACION]",POSITIVE,Cocaína,un deía de estos le voy a fumar un porro en la cara y voy a tomar una línea ! para que hable con razón. [DISCRIMINACION]
Hasta hace un tiempo la moda en Facebook era encontrarse a tomar merca con los ex compañeros de la primaria. Ahora ya pasó la novedad.,NEGATIVE,Cocaína,hasta hace un tiempo la moda en facebook era encontrarse a tomar merca con los ex compañeros de la primaria. ahora ya pasó la novedad.
Me e fumao un porro y ahora soy esta persona,POSITIVE,Marihuana,me e fumao un porro y ahora soy esta persona
Quiero fumarme un porro.,POSITIVE,Marihuana,quiero fumarme un porro.
no tengo ganas de nada me voy a fumar un porro y quedar así básicamente como todos los dias porque soy un [GROSERIA] desempleado por,POSITIVE,Marihuana,no tengo ganas de nada me voy a fumar un porro y quedar así básicamente como todos los dias porque soy un [GROSERIA] desempleado por
prefiero inyectarme heroína que comerme yogurt griego,NEGATIVE,Heroína,prefiero inyectarme heroína que comerme yogurt griego
"Estoy escuchando Radiohead, necesito inyectarme heroína.",NEGATIVE,Heroína,"estoy escuchando radiohead, necesito inyectarme heroína."
Inyectarme Heroína como meétodo de alusinar que estas conmigo acostados viendo el cielo.,POSITIVE,Heroína,inyectarme heroína como meétodo de alusinar que estas conmigo acostados viendo el cielo.
"No normalicen tomar merca por favor, es una droga tan de [GROSERIA]",NEGATIVE,Cocaína,"no normalicen tomar merca por favor, es una droga tan de [GROSERIA]"
"deéjame hablarte de cristo y de cómo después de 10 años de inyectarme heroína llegó a mi vida.

-Todos los Cristianos.",NEGATIVE,Heroína,deéjame hablarte de cristo y de cómo después de 10 años de inyectarme heroína llegó a mi vida. -todos los cristianos.
"[PERSONA] me acaba de explicar que el cacho no es ni un cachito ni una mujer

Es un porro",NEGATIVE,Marihuana,[PERSONA] me acaba de explicar que el cacho no es ni un cachito ni una mujer es un porro
Hoy esta como para un porro y una guama,POSITIVE,Marihuana,hoy esta como para un porro y una guama
youtube se ha fumao un porro de dimensiones estelares,NEGATIVE,Marihuana,youtube se ha fumao un porro de dimensiones estelares
Pasar dos horas jugando a un videojuego es equivalente a tomar una raya de cocaína en cuanto a la excitación queproduce,NEGATIVE,Cocaína,pasar dos horas jugando a un videojuego es equivalente a tomar una raya de cocaína en cuanto a la excitación queproduce
"Me da gracia cuando pretenden que no tome tanta coca cola por mis riñones porque no saben que yo tomo el agua de la canilla que es meás dañina que tomar una linea de merca. Si creían que el agua es líquida es porque nunca vinieron a la plata, realmente se puede sentir la densidad",NEGATIVE,Cocaína,"me da gracia cuando pretenden que no tome tanta coca cola por mis riñones porque no saben que yo tomo el agua de la canilla que es meás dañina que tomar una linea de merca. si creían que el agua es líquida es porque nunca vinieron a la plata, realmente se puede sentir la densidad"
se me acabaron los motivos para inyectarme heroína,POSITIVE,Heroína,se me acabaron los motivos para inyectarme heroína
No sabia que era tan común o socialmente aceptable tomar merca😳,NEGATIVE,Cocaína,no sabia que era tan común o socialmente aceptable tomar merca :cara_sonrojada:
Escucharte es como inyectarme heroína al mismo tiempo,NEGATIVE,Heroína,escucharte es como inyectarme heroína al mismo tiempo
"Hoy es viernes y el cuerpo lo sabe, He tenido una semana de 💩da
 Si alguien tiene y puede darme en donación un porro por favor al DM",POSITIVE,Marihuana,"hoy es viernes y el cuerpo lo sabe, he tenido una semana de :caca_con_ojos: da si alguien tiene y puede darme en donación un porro por favor al dm"
"Ahora me voy a tener que tomar una linea de merca, fumarme un porro, ir hasta la caldera y comer hongos y por ultimo pastillas.",POSITIVE,Cocaína,"ahora me voy a tener que tomar una linea de merca, fumarme un porro, ir hasta la caldera y comer hongos y por ultimo pastillas."
¿Alguien quiere fumar un porro? Yo invito,POSITIVE,Marihuana,¿alguien quiere fumar un porro? yo invito
me duelen tanto menstruar que en una de esas vi como solución tomarme una línea de pasti y estoy a )( de concretarlo,NEGATIVE,Cocaína,me duelen tanto menstruar que en una de esas vi como solución tomarme una línea de pasti y estoy a )( de concretarlo
no me di cuenta que es un porro ayuda dormí muy pocas horas me traiciona mi cerebro ahre,NEGATIVE,Marihuana,no me di cuenta que es un porro ayuda dormí muy pocas horas me traiciona mi cerebro [IRONIA]
Para que inyectarme heroína si puedo inyectarme tinta y hacer algo chevere en mi piel,NEGATIVE,Heroína,para que inyectarme heroína si puedo inyectarme tinta y hacer algo chevere en mi piel
creo que me voy a tomar una linea que mañana me levanto tempranito :S,POSITIVE,Cocaína,creo que me voy a tomar una linea que mañana me levanto tempranito :s
"Me estaba fumando un porro en la ventana y pues, se cayó... el problema es que está lloviendo y vivo en el último piso jajaja 💔",POSITIVE,Marihuana,"me estaba fumando un porro en la ventana y pues, se cayó... el problema es que está lloviendo y vivo en el último piso [IRONIA] :corazón_roto:"
"Odio a la gente que cree que por fumarse, tomar una linea o enpastillarse se la sabe toda!!",NEGATIVE,Cocaína,"odio a la gente que cree que por fumarse, tomar una linea o enpastillarse se la sabe toda!!"
Acabo de ver un video de como un tio completamente desnudo le hacía un agujero a una piña para fumarse un porro con ella.,NEGATIVE,Marihuana,acabo de ver un video de como un tio completamente desnudo le hacía un agujero a una piña para fumarse un porro con ella.
Les juro que trato de sonreír pero parece que acabo de echarme un porro,NEGATIVE,Marihuana,les juro que trato de sonreír pero parece que acabo de echarme un porro
Me voy a tomar una raya de tequila por cada recuerdo tuyo para ver si así no se me desangra el alma,NEGATIVE,Cocaína,me voy a tomar una raya de tequila por cada recuerdo tuyo para ver si así no se me desangra el alma
"Me voy a fumar un cigarrillo en el balcón. No sé si en mi pueblo será ya delito, pero que me quiten lo bailao. No creo que mi vecino llame a la policía..él estaba fumando un porro a las 8:00 a. me..( me ha llegado el olor) Ése estará durmiendo plácidamente😂😂😂😂😂",NEGATIVE,Marihuana,"me voy a fumar un cigarrillo en el balcón. no sé si en mi pueblo será ya delito, pero que me quiten lo bailao. no creo que mi vecino llame a la policía..él estaba fumando un porro a las 8:00 a. me..( me ha llegado el olor) ése estará durmiendo plácidamente :cara_llorando_de_risa: :cara_llorando_de_risa: :cara_llorando_de_risa: :cara_llorando_de_risa: :cara_llorando_de_risa:"
Que rico un capuccino y un porro después de almuerzo.,POSITIVE,Marihuana,que rico un capuccino y un porro después de almuerzo.
Que ganas de un porro bien gigante,POSITIVE,Marihuana,que ganas de un porro bien gigante
"""Quien no ha bailado un porro Pelayero en su vida.""
Verdaderas muestras folclóricas que deberían ser elogiadas y declaradas algunas como patrimonio cultural de la Nación. 
El porro pelayero símbolo cultural y ancestral de la Nación.",NEGATIVE,Marihuana,"""quien no ha bailado un porro pelayero en su vida."" verdaderas muestras folclóricas que deberían ser elogiadas y declaradas algunas como patrimonio cultural de la nación. el porro pelayero símbolo cultural y ancestral de la nación."
El cigarrillo de después de inyectarme heroína.,POSITIVE,Heroína,el cigarrillo de después de inyectarme heroína.
por culpa de deónde trabajo tengo que escuchar musica onda de boliche casi todos los deías entonces llegar a casa y escuchar almafuerte es como inyectarme heroína,NEGATIVE,Heroína,por culpa de deónde trabajo tengo que escuchar musica onda de boliche casi todos los deías entonces llegar a casa y escuchar almafuerte es como inyectarme heroína
no sé si es [PERSONA] pero parece que se fumó un porro dios apenas se movía,NEGATIVE,Marihuana,no sé si es [PERSONA] pero parece que se fumó un porro dios apenas se movía
Mas triste que Voldemort intentando tomar una línea de merca.,NEGATIVE,Cocaína,mas triste que voldemort intentando tomar una línea de merca.
bueno ya dejé la merca ahora a inyectarme heroina,POSITIVE,Heroína,bueno ya dejé la merca ahora a inyectarme heroina
vi esta foto en pinterest y antes de abrirla pensé que se estaba armando un porro audjdjsjajaja no veo una [GROSERIA],NEGATIVE,Marihuana,vi esta foto en pinterest y antes de abrirla pensé que se estaba armando un porro audjdjsjajaja no veo una [GROSERIA]
parece que me fui a tomar una linea,POSITIVE,Cocaína,parece que me fui a tomar una linea
"Un señor me dijo en nova:
-capo donde para pegar unos tiki 
Le pregunte
-como ?
Me dijo
-para tomar una línea 
Jajajaja [GROSERIA] no sabía que se le decía así",NEGATIVE,Cocaína,un señor me dijo en nova: -capo donde para pegar unos tiki le pregunte -como ? me dijo -para tomar una línea [IRONIA] [GROSERIA] no sabía que se le decía así
La persona meás rica del planeta [GROSERIA] un porro y teú diciendo que la marihuana huele a pobreza jsjs,NEGATIVE,Marihuana,la persona meás rica del planeta [GROSERIA] un porro y teú diciendo que la marihuana huele a pobreza jsjs
1 de enero 4am quiero tomar merca,POSITIVE,Cocaína,1 de enero 4am quiero tomar merca
está para tomar una línea arriba del [ANATOMIA] de un [DISCRIMINACION],POSITIVE,Cocaína,está para tomar una línea arriba del [ANATOMIA] de un [DISCRIMINACION]
"Te respondo en inglés o te escupo? No es hipocresia aconsejar no tomar una línea de trabajo si para ella no ha valido la pena no hay nada que reprochar, muchos tienen trabajos que odian pero que les dan bastante dinero, el dinero no justifica que el trabajo no sea una cagada",NEGATIVE,Cocaína,"te respondo en inglés o te escupo? no es hipocresia aconsejar no tomar una línea de trabajo si para ella no ha valido la pena no hay nada que reprochar, muchos tienen trabajos que odian pero que les dan bastante dinero, el dinero no justifica que el trabajo no sea una cagada"
Encontré un porro que tengo que desde marzo en una lata. Todavía sirve?,POSITIVE,Marihuana,encontré un porro que tengo que desde marzo en una lata. todavía sirve?
Me acabo de fumar un porro y tomarme una birra y estoy haciendo [INSULTO] mi perra me esta mirando literalmente asi,POSITIVE,Marihuana,me acabo de fumar un porro y tomarme una birra y estoy haciendo [INSULTO] mi perra me esta mirando literalmente asi
Tambien estan [DISCRIMINACION] que creen que tienen estatus por dejar el porro y tomar merca.,NEGATIVE,Cocaína,tambien estan [DISCRIMINACION] que creen que tienen estatus por dejar el porro y tomar merca.
Que ganas de inyectarme heroína jaja (broma),NEGATIVE,Heroína,que ganas de inyectarme heroína [IRONIA] (broma)
ocupo una novia para tener a alguien con quien inyectarme heroína,POSITIVE,Heroína,ocupo una novia para tener a alguien con quien inyectarme heroína
que ganas de inyectarme heroina [INSULTO] unas ganas de tar re drogado tirado en la esquina tomando un vino en carton con 3 pastillas,POSITIVE,Heroína,que ganas de inyectarme heroina [INSULTO] unas ganas de tar re drogado tirado en la esquina tomando un vino en carton con 3 pastillas
Fumar un porro de marihuana será multado con 200 euros en Francia. …,NEGATIVE,Marihuana,fumar un porro de marihuana será multado con 200 euros en francia. …
"TENGO SUEÑO, NECESITO extasis",POSITIVE,Ecstasy,"tengo sueño, necesito extasis"
"Ante la negativa de las autoridades a hacer públicos los crímenes, Lüdtke se ve obligado a tomar una línea de acción meás discreta y con meétodos inusuales.

Los agentes de la Kripo patrullan la línea de tren de Karlshorst vestidos de paisano.",NEGATIVE,Cocaína,"ante la negativa de las autoridades a hacer públicos los crímenes, lüdtke se ve obligado a tomar una línea de acción meás discreta y con meétodos inusuales. los agentes de la kripo patrullan la línea de tren de karlshorst vestidos de paisano."
Alguien me quiere invitar a tomar merca? Yo pongo los cigarros,POSITIVE,Cocaína,alguien me quiere invitar a tomar merca? yo pongo los cigarros
"Che, quiero un porro.",POSITIVE,Marihuana,"che, quiero un porro."
le mostré a mamá que iba callejero a host y me dijo terrible falopero jakskajs si ma pero no se va a tomar una raya ahi (espero),NEGATIVE,Cocaína,le mostré a mamá que iba callejero a host y me dijo terrible falopero jakskajs si ma pero no se va a tomar una raya ahi (espero)
vamos a tomar una línea del [ANATOMIA] de un [DISCRIMINACION],POSITIVE,Cocaína,vamos a tomar una línea del [ANATOMIA] de un [DISCRIMINACION]
Me fumé un porro de me*está ya bien pasado que encontré en una chamarra y aún así si me pego,POSITIVE,Marihuana,me fumé un porro de me*está ya bien pasado que encontré en una chamarra y aún así si me pego
se acuerdan cuando salió esta foto la mitad del fandom decía que eran crayones para dibujar y la otra mitad lloraba porq querían fumarse un porro con [PERSONA],NEGATIVE,Marihuana,se acuerdan cuando salió esta foto la mitad del fandom decía que eran crayones para dibujar y la otra mitad lloraba porq querían fumarse un porro con [PERSONA]
"Holiii amigos. 

Los quiero a todos, un porro de oro en su honor 🍃🌿💨",POSITIVE,Marihuana,"holiii amigos. los quiero a todos, un porro de oro en su honor :hojas_revoloteando_al_viento: :hierba: :salir_corriendo:"
me fume un porro solo en el patio de casa,POSITIVE,Marihuana,me fume un porro solo en el patio de casa
"Podría inyectarme heroína y salir como una reina, pero mi deébil cerebro no resiste un simple porro, llego a fumar eso y literal podría llegar a morir https:///Elparaguayo1231/status/1277071652078211072…",NEGATIVE,Heroína,"podría inyectarme heroína y salir como una reina, pero mi deébil cerebro no resiste un simple porro, llego a fumar eso y literal podría llegar a morir"
nos vemos me voy a tomar una linea,POSITIVE,Cocaína,nos vemos me voy a tomar una linea
"Alguien: No aguanto estos ritmos vitales agotadores.
Holanda: Tranquilo, fúmate un porro.
Alguien: Ya, pero no tengo tiempo para relacionarme.
Alguien: No pasa nada, paga por follar y solucionado.
Alguien Estoy harto de vivir.
Holanda: Pesao! Toma, ten, una pastilla para morirte.",NEGATIVE,Marihuana,"alguien: no aguanto estos ritmos vitales agotadores. holanda: tranquilo, fúmate un porro. alguien: ya, pero no tengo tiempo para relacionarme. alguien: no pasa nada, paga por follar y solucionado. alguien estoy harto de vivir. holanda: pesao! toma, ten, una pastilla para morirte."
sale tomar una línea por vídeo llamada eeeee digo,POSITIVE,Cocaína,sale tomar una línea por vídeo llamada eeeee digo
Que ganas de un porro,POSITIVE,Marihuana,que ganas de un porro
BRIAN SE FUMO UN porro,NEGATIVE,Marihuana,brian se fumo un porro
en vez de inyectarme heroina me coloco al recordarte.,NEGATIVE,Heroína,en vez de inyectarme heroina me coloco al recordarte.
"Una taza de teé, un libro, un porro y esta hermosa vista 😌👌",POSITIVE,Marihuana,"una taza de teé, un libro, un porro y esta hermosa vista :cara_de_alivio: :señal_de_aprobación_con_la_mano:"
quiero tomarme una linea con mateo,POSITIVE,Cocaína,quiero tomarme una linea con mateo
"Celebrará fumándose un porro, como los últimos 50 años",NEGATIVE,Marihuana,"celebrará fumándose un porro, como los últimos 50 años"
"Necesito éxtasis ahora, alguien? ._.",POSITIVE,Ecstasy,"necesito éxtasis ahora, alguien? ._."
"El [DISCRIMINACION] pan de cada deía, necesito éxtasis para poder dormirme por las noches.",POSITIVE,Ecstasy,"el [DISCRIMINACION] pan de cada deía, necesito éxtasis para poder dormirme por las noches."
Veo tweets de personas que se enumeran con el nombre rata y me dan ganas de inyectarme heroina hasta morir,NEGATIVE,Heroína,veo tweets de personas que se enumeran con el nombre rata y me dan ganas de inyectarme heroina hasta morir
Hoy necesito extasis,POSITIVE,Ecstasy,hoy necesito extasis
quien para tomar una linea?,POSITIVE,Cocaína,quien para tomar una linea?
Como me vas a tomar una línea del tiempo en lengua [INSULTO],NEGATIVE,Cocaína,como me vas a tomar una línea del tiempo en lengua [INSULTO]
Y aquí estoy tirada en un aeropuerto esperando que baje el tráfico para tomar una línea de transporte público... pasa cuando sucede.,NEGATIVE,Cocaína,y aquí estoy tirada en un aeropuerto esperando que baje el tráfico para tomar una línea de transporte público... pasa cuando sucede.
Miren el saumerio parece un porro,NEGATIVE,Marihuana,miren el saumerio parece un porro
Acá fumandome un porro igual de grande de las ganas que te tengo vv,POSITIVE,Marihuana,acá fumandome un porro igual de grande de las ganas que te tengo vv
Quiero inyectarme heroína,POSITIVE,Heroína,quiero inyectarme heroína
"Consulta alguien que trabaje en el area comercial de Movistar, que me ayude para tomar una línea?",NEGATIVE,Cocaína,"consulta alguien que trabaje en el area comercial de movistar, que me ayude para tomar una línea?"
no aguanto mas voy a inyectarme heroina,POSITIVE,Heroína,no aguanto mas voy a inyectarme heroina
Me alegra mucho que voy a pasar de conseguir un porro por 2€ a conseguir 10 porros por los mismos 2€,POSITIVE,Marihuana,me alegra mucho que voy a pasar de conseguir un porro por 2€ a conseguir 10 porros por los mismos 2€
unas ganas de inyectarme heroína y morirme,POSITIVE,Heroína,unas ganas de inyectarme heroína y morirme
vamos a tomar una linea?,POSITIVE,Cocaína,vamos a tomar una linea?
"Will estaba en la cama, aburrida, con un porro que acababa de pillarle a Dean en el bolsillo. Sin lugar a dudas, había llegado el momento de salir a fumárselo. Pero antes...📱Hayashi 🎭 ()📲: Toc, toc.📲: *imagen enviada*📲: ¿Qué haces?",NEGATIVE,Marihuana,"will estaba en la cama, aburrida, con un porro que acababa de pillarle a dean en el bolsillo. sin lugar a dudas, había llegado el momento de salir a fumárselo. pero antes... :teléfono_móvil: hayashi :máscaras_de_teatro: () :móvil_con_una_flecha: : toc, toc. :móvil_con_una_flecha: : *imagen enviada* :móvil_con_una_flecha: : ¿qué haces?"
"si pudiera tomar merca en la mesa sin que me echen , lo haria . . .",POSITIVE,Cocaína,"si pudiera tomar merca en la mesa sin que me echen , lo haria . . ."
Es mas barato tomar merca que tomarse un taxi.,NEGATIVE,Cocaína,es mas barato tomar merca que tomarse un taxi.
"Estoy entre empezar a ver el primer capitulo de Breaking Bad o inyectarme heroina. Total, según los leo, parece que es lo mismo.",NEGATIVE,Heroína,"estoy entre empezar a ver el primer capitulo de breaking bad o inyectarme heroina. total, según los leo, parece que es lo mismo."
pareciera que se estaba armando un porro,NEGATIVE,Marihuana,pareciera que se estaba armando un porro
Me fumé un porro y un puchito para bajar un toke la ansiedad y ahora estoy meás ansioso que antes,POSITIVE,Marihuana,me fumé un porro y un puchito para bajar un toke la ansiedad y ahora estoy meás ansioso que antes
¿ Dificil dejar de inyectarme heroina ? ¡ Dificil es que valoren los sentimientos de uno !,NEGATIVE,Heroína,¿ dificil dejar de inyectarme heroina ? ¡ dificil es que valoren los sentimientos de uno !
donde esta la [INSULTO] que me va a prestar [ANATOMIA] para tomar merca⛷️⛷️,POSITIVE,Cocaína,donde esta la [INSULTO] que me va a prestar [ANATOMIA] para tomar merca :esquiador: :esquiador:
me he comido 3 pizzas hoy y ahora me voy a fumar un porro,POSITIVE,Marihuana,me he comido 3 pizzas hoy y ahora me voy a fumar un porro
A mi solo me gusta inyectarme heroína...la marihuana es para [DISCRIMINACION].,POSITIVE,Heroína,a mi solo me gusta inyectarme heroína...la marihuana es para [DISCRIMINACION].
"El sábado fui a una juntada clandestina, me fumé un porro y quedé así",POSITIVE,Marihuana,"el sábado fui a una juntada clandestina, me fumé un porro y quedé así"
"Fotito del otro deía bien fresco con un porro encima y a punto de fumarme unos 4
Buenas noches",POSITIVE,Marihuana,fotito del otro deía bien fresco con un porro encima y a punto de fumarme unos 4 buenas noches
necesito un porro para bajar mi tensión,POSITIVE,Marihuana,necesito un porro para bajar mi tensión
Prefiero inyectarme heroína a tener que envenenar mi cuerpo con esa [GROSERIA] que llaman Tang,NEGATIVE,Heroína,prefiero inyectarme heroína a tener que envenenar mi cuerpo con esa [GROSERIA] que llaman tang
Me acabo de fumar un porro que enconte mientras embalaba cosas que segun mis calculos debe llevar 8 meses ahi,POSITIVE,Marihuana,me acabo de fumar un porro que enconte mientras embalaba cosas que segun mis calculos debe llevar 8 meses ahi
comprometerse en la adolescencia? Prefiero inyectarme heroina!,NEGATIVE,Heroína,comprometerse en la adolescencia? prefiero inyectarme heroina!
"Esto que fuma la hija de [PERSONA] es un porro ???? 
Esos eran los remedios que se mando llevar a Esquel ??",NEGATIVE,Marihuana,esto que fuma la hija de [PERSONA] es un porro ???? esos eran los remedios que se mando llevar a esquel ??
se fue a tomar una linea el desgraciado . JAJAJAJJAJAJJA orre,NEGATIVE,Cocaína,se fue a tomar una linea el desgraciado . [IRONIA] orre
Estoy intentando dejar de fumar weed todos los deías porque el niño que me gusta no fuma y justo pasa un amigo por mi trabajo a dejarme un porro...,POSITIVE,Marihuana,estoy intentando dejar de fumar weed todos los deías porque el niño que me gusta no fuma y justo pasa un amigo por mi trabajo a dejarme un porro...
"Ni modo, me tocó inyectarme heroina.",POSITIVE,Heroína,"ni modo, me tocó inyectarme heroina."
"si te invito a tomar merca y champagne venis? — no tomo merca, champagne si http://",NEGATIVE,Cocaína,"si te invito a tomar merca y champagne venis? — no tomo merca, champagne si"
Que bárbaro lo flojita que soy que me tomo un termo de mate y me tiemblan las piernas si algún deía llego a tomar una línea de merca creo que la quedó ahí en el momento,NEGATIVE,Cocaína,que bárbaro lo flojita que soy que me tomo un termo de mate y me tiemblan las piernas si algún deía llego a tomar una línea de merca creo que la quedó ahí en el momento
"Parece Kosovo, pero es Rosario. 
Loco paren un poco, se van al [GROSERIA]. 
En principio es jurisdicción de Prefectura, que para llevarse a un pibe con UN porro en la mano cerca del río son [PERSONA],para controlar quien cruza a las islas a batirla no. Lo de Entre Ríos es mundial. Quesos",NEGATIVE,Marihuana,"parece kosovo, pero es rosario. loco paren un poco, se van al [GROSERIA]. en principio es jurisdicción de prefectura, que para llevarse a un pibe con un porro en la mano cerca del río son [PERSONA],para controlar quien cruza a las islas a batirla no. lo de entre ríos es mundial. quesos"
Creo que me va a resultar meás fácil inyectarme heroína a conseguir un novio.,NEGATIVE,Heroína,creo que me va a resultar meás fácil inyectarme heroína a conseguir un novio.
"Yo no miro Gran Hermano porque para arruinarme la cabeza prefiero tomarme una línea en el baile, lo disfrutas meás también",POSITIVE,Cocaína,"yo no miro gran hermano porque para arruinarme la cabeza prefiero tomarme una línea en el baile, lo disfrutas meás también"
vamos a tomar una linea,POSITIVE,Cocaína,vamos a tomar una linea
when dije que me voy a hacer un porro meás grande que mi cabeza no era broma,POSITIVE,Marihuana,when dije que me voy a hacer un porro meás grande que mi cabeza no era broma
Prefiero inyectarme heroína antes que verte de nuevo.,NEGATIVE,Heroína,prefiero inyectarme heroína antes que verte de nuevo.
"¡Vaya ANGELITO! Vitoria: Fumando un porro, destruyendo pruebas y atacando policías …",NEGATIVE,Marihuana,"¡vaya angelito! vitoria: fumando un porro, destruyendo pruebas y atacando policías …"
"Cada que leo los tweets de odiomistweets me da por inyectarme heroína para disfrutarlos meás, no se es una tradicion familiar.",NEGATIVE,Heroína,"cada que leo los tweets de odiomistweets me da por inyectarme heroína para disfrutarlos meás, no se es una tradicion familiar."
"unas ganas de tomar merca, are.",POSITIVE,Cocaína,"unas ganas de tomar merca, [IRONIA] ."
Escuchar los sex pistols siempre me dio ganas de inyectarme heroina,NEGATIVE,Heroína,escuchar los sex pistols siempre me dio ganas de inyectarme heroina
"Mi abuela: tengo sueño, me voy a tomar algo... Me voy a tomar una linea",NEGATIVE,Cocaína,"mi abuela: tengo sueño, me voy a tomar algo... me voy a tomar una linea"
"Alguién se acuerda de este tipo de remeras, muy vendidas en locales dudosos de la costa, en las que venía por ejemplo Bart Simpson con la remera de platense tomando una quilmes, fumando un porro y una frase de callejeros arriba? Que flagelo la argentosimpsonización de todo.",NEGATIVE,Marihuana,"alguién se acuerda de este tipo de remeras, muy vendidas en locales dudosos de la costa, en las que venía por ejemplo bart simpson con la remera de platense tomando una quilmes, fumando un porro y una frase de callejeros arriba? que flagelo la argentosimpsonización de todo."
El chacho antes de salir a la cancha se debe tomar una línea larga como la camilla  del vestuario,NEGATIVE,Cocaína,el chacho antes de salir a la cancha se debe tomar una línea larga como la camilla del vestuario
Necesito éxtasis ¿Quien vende?,POSITIVE,Ecstasy,necesito éxtasis ¿quien vende?
Para colmo escuchar las charlas recapacitadoras de mi vieja y mi hno. Entiendo que me quieren. Pero a meí quien [GROSERIA] me entiende? Me voy a tomar una raya,POSITIVE,Cocaína,para colmo escuchar las charlas recapacitadoras de mi vieja y mi hno. entiendo que me quieren. pero a meí quien [GROSERIA] me entiende? me voy a tomar una raya
en este momento quiero un porro y un amorcito,POSITIVE,Marihuana,en este momento quiero un porro y un amorcito
