ID,TweetAuthor,TweetAvatar,TweetText,TweetImages,IsTweetAReply,QuoteAuthor,QuoteAvatar,QuoteText,QuoteImages,IsQuoteAReply,Categorization,SearchCriteriaID
9010,@usuario_088d0f6f,,cosas muy boludas que me divierten: tomarme una linea de bondi por primera vez,,false,,,,,,NEGATIVE,1
9076,@usuario_583fdb9c,,Que ganas de tomarme una linea......,,false,,,,,,POSITIVE,1
9011,@usuario_61f94a90,,"Q ganas de tomarme una línea. La del 59, q me lleva a mi casa.",,false,,,,,,NEGATIVE,1
9012,@usuario_30bde296,,Por favor que a esta mina no se le ocurra tomarme una linea del tiempo porque no sé un carajo.,,false,,,,,,NEGATIVE,1
9013,@usuario_80e16517,,"*erik sonandose la nariz* le digo 'que te pasa estas enfermo?' Me dice 'no, acabo de tomarme una linea de merca' Jajajajaajajaj",,false,,,,,,NEGATIVE,1
9077,@usuario_1e62f259,,Que ganas de tomarme una linea,,false,,,,,,POSITIVE,1
9078,@usuario_a8b70539,,Para despertarme un poco básicamente tendría que tomarme una línea de merca,,false,,,,,,POSITIVE,1
9998,@usuario_64ad633d,,Quiero un porro,,false,,,,,,POSITIVE,5
10741,@usuario_7478549e,,VOY A LA PLAYA A TOMAR UNA RAYA,,false,,,,,,POSITIVE,3
10838,@usuario_612f6da1,,Deja de tomar merca,,false,,,,,,NEGATIVE,4
10970,@usuario_44a93019,,ya ni tomar merca en la mesada puedo,,false,,,,,,POSITIVE,4
10526,@usuario_d2a1cfc8,,"Y Bueno me voy a tomar una linea, asi quedo re duro weeeee",,false,,,,,,POSITIVE,2
10527,@usuario_e4c84d56,,Muero de ganas de tomar una linea,,false,,,,,,POSITIVE,2
9079,@usuario_82b05569,,Que ganas de tomarme una línea larga como una serpiente la puta que los pario,,false,,,,,,POSITIVE,1
9080,@usuario_ee11b525,,Tengo pensado enrollar ese papel y tomarme una línea de merca. Esta mal?,,false,,,,,,POSITIVE,1
9081,@usuario_31bfcd21,,Que ganas de tomarme una linea de 30 cm loco󾌧󾬑,,false,,,,,,POSITIVE,1
9082,@usuario_f1c73ebd,,"Voy a inhalar una tacha y tomarme una línea de coca, porque quiero y puedo.",,false,,,,,,POSITIVE,1
9083,@usuario_dcd8a79d,,Extraño tanto a Malelo y Tomi que me quiero tomarme una linea e inmolarme,,false,,,,,,POSITIVE,1
9014,@usuario_2556c25f,,"Jajajajajajajjajajjajaaaaaaaaaaaaaaaaaaaaaaaaaaaaaaaaaaaaaaaaaaaaaaaaaaaaaaaaaaaaaa... GR, no puedo tomarme una línea de subte en paz!",,false,,,,,,NEGATIVE,1
10528,@usuario_b7b34a36,,Yo me voy a tomar una linea,,false,,,,,,POSITIVE,2
10529,@usuario_b2eecf6f,,Wuee unas ganas de tomar una linea tengo,,false,,,,,,POSITIVE,2
9084,@usuario_1a9cf596,,Si salgo esta noche tengo que tomarme una línea para aguantar despierta,,false,,,,,,POSITIVE,1
10530,@usuario_07eea724,,"Me voy a tomar una linea, ahi vengo.",,false,,,,,,POSITIVE,2
10531,@usuario_b8680888,,me voy a tomar una linea,,false,,,,,,POSITIVE,2
10532,@usuario_c6e8f733,,"o vamos a tomar una linea , lo que pinte",,false,,,,,,POSITIVE,2
10569,@usuario_bcac3f6e,,@usuario_f314130b me voy a tomar una linea desde tu abdomen,,false,,,,,,POSITIVE,2
9015,@usuario_6d1dd318,,Mi súper-poder debe ser tomarme una línea de colectivo que no conozco y llegar igual a destino.,,false,,,,,,NEGATIVE,1
9074,@usuario_c103fcd5,,Que ganas de tomarme una línea,,false,,,,,,POSITIVE,1
11114,@usuario_d07f6433,,"tú eres mi droga, no necesito éxtasis",,false,,,,,,NEGATIVE,7
11150,@usuario_18ddb7cc,,Necesito extasis y alcohol,,false,,,,,,POSITIVE,7
9001,@usuario_b781da4f,,"""Que ganas de fumarme un porrito y tomarme una línea"" Gracias @usuario_fd1091bc por hacerme reir las mañanas. La suben...",,false,,,,,,NEGATIVE,1
9002,@usuario_e4b97a59,,Escuchar lana del rey es como tomarme una línea de merca,,false,,,,,,NEGATIVE,1
9003,@usuario_3499d413,,"A las 10 am ya tomé un latte, un expreso y estoy esperando un capuchino. Si sigo así, voy a tener que tomarme una línea para sobrevivir",,false,,,,,,NEGATIVE,1
9004,@usuario_fdf5bbcb,,"Para mi que estaba pensando en ""que ganas de tomarme una línea que tengo dios mío"" deah",,false,@usuario_30bfdb41,,"Todos miran la moneda menos Maradona, que mira al capitán rival. ¿Cómo no vas a salir campeón?",https://pbs.twimg.com/media/ER9pESAWsAA_wlK?format=jpg&name=small,false,NEGATIVE,1
9005,@usuario_1b7ea9f6,,"Amo tomarme una línea de colectivos que no conozco, salgo de mi zona de confort (??",,false,,,,,,NEGATIVE,1
9006,@usuario_943dfdd5,,esa cantidad de azucar creo q tomarme una linea de merca es mas sano que una taza de ese té https:///iNabber69/status/1235614615964282881…,,false,,,,,,NEGATIVE,1
9007,@usuario_f3ee38eb,,No les puedo explicar la emoción que me genera tomarme una línea de colectivo nueva.,,false,,,,,,NEGATIVE,1
9008,@usuario_d829a709,,Para mirar euphoria tengo q tomarme una línea de glitter o puedo mirar así nomás?,,false,,,,,,NEGATIVE,1
9009,@usuario_c3063267,,"uno m mandó un video de la nada de una bolsita d merca y me dice ""algún día voy a tomarme una línea en tu culo"" 😂",,false,,,,,,NEGATIVE,1
9016,@usuario_1d9c6cbd,,Aprender a usar una nueva función de la calculadora científica me genera la misma sensación que tomarme una línea de bondi nueva para mí.,,false,,,,,,NEGATIVE,1
9017,@usuario_2c6c4b96,,Qe ganas de tomarme una Linea :3 Na mentira de tomar una Cervecita (:,,false,,,,,,NEGATIVE,1
9018,@usuario_68deec45,,estoy para tomarme una linea de nesquik #quierochocolate,,false,,,,,,NEGATIVE,1
9019,@usuario_639cd02e,,Voy a pensar en tomarme una linea que nunca uso a ver si viene el colectivo que quiero. Maldita Ley de Murphy.,,false,,,,,,NEGATIVE,1
9020,@usuario_d29d3544,,En esa ventana siempre veo sombras. Que cagaso uacho. Un dia de estos voy a qedar dura y n x tomarme una linea.,,false,,,,,,NEGATIVE,1
9021,@usuario_514edd98,,Que ganas de tomarme una linea de panqueque aleman,,false,,,,,,NEGATIVE,1
9022,@usuario_3d8376fb,,"Si yo contará la cantidad de cosas que me paso con el subte: bajarme del colectivo para tomarme una línea que no me llevaba, bajarme antes 😂",,false,,,,,,NEGATIVE,1
9023,@usuario_b38ccdae,,"Todo por tomarme una línea que enmi vida me tome, esto me pasa por traicionera",,false,,,,,,NEGATIVE,1
9024,@usuario_c48db31f,,'me tendria que fumar un porro y tomarme una linea a ver si se me pasa' . Mi mamá queriendo que se le vaya el dolor de pierna jajaja -,,false,,,,,,NEGATIVE,1
9025,@usuario_0cffb357,,"Estoy pensando seriamente en inyectarme cafe, o tomarme una linea para no dormirme. Me mata el sueñooo 😖",,false,,,,,,NEGATIVE,1
9026,@usuario_9212cbe6,,Yo tengo miedo de tomarme una linea de colé que no es la de siempre y hay nenes de máx 8 a los que van solos a todos lados.  #Fraca,,false,,,,,,NEGATIVE,1
9027,@usuario_7835caae,,"""quiero tomarme una línea entre tus tetas"" me parece un piropazo",,false,,,,,,NEGATIVE,1
9028,@usuario_6666a24b,,Que ganas de tomarme una línea de merca y que se me pase todo.ahrre,,false,,,,,,NEGATIVE,1
9029,@usuario_9c00511e,,Tengo 4 horas y media para dormir y estoy acá pelotudeando mañana voy a tener que tomarme una línea de café instantáneo y hacerme buches con Red Bull,,false,,,,,,NEGATIVE,1
9030,@usuario_ee03c19a,,que linda foto dsps de tomarme una linea ahre,,false,,,,,,NEGATIVE,1
9031,@usuario_bbeaa53d,,"""Bueno, me voy a ver una peli y tomarme una linea"" JAJAJAJAJAJAJAJAJAJAJA Dio' que chabona",,false,,,,,,NEGATIVE,1
9032,@usuario_5b356ef1,,Y hasta ya deje de tomarme una linea de colectivo para no ir con miedo,,false,@usuario_a3738942,,se pusieron a pensar que ya muchos dejamos de disfrutar de caminar en la calle (a cualquier hora) por miedo a que nos roben? hasta ir a la parada es feo,,false,NEGATIVE,1
9033,@usuario_ee7b8fd2,,"Me hace mal tomarme una línea de bondi que no conozco, pienso cada 5' que me voy a perder",,false,,,,,,NEGATIVE,1
9034,@usuario_9f934f07,,"""unas ganas de tomarme una linea en tu orto"" 

Bueno tengo un iman d drogadictos o que",,false,,,,,,NEGATIVE,1
9035,@usuario_49a92bb9,,@usuario_ee5f6d58 es un buen momento para tomarme una línea de coca noOOoooOOq q decia,,false,,,,,,NEGATIVE,1
9036,@usuario_8a1116bb,,"Uno me puso tenía la ilusión de tomarme una línea contigo, en serio chamuyan así? si les faltara",,false,,,,,,NEGATIVE,1
9037,@usuario_8af76c30,,Quiero café pero literalmente mí mamá me prohibió tomarlo que hago tomarme una línea de merca? Boeee no,,false,,,,,,NEGATIVE,1
9038,@usuario_328c3a93,,"No me pase 16 años de mi vida sin tomar alcohol, sin fumar o sin tomarme una línea de merca para que hoy vengan y me digan que soy igual a ciertas personas!",,false,,,,,,NEGATIVE,1
9039,@usuario_f5e708e2,,m duelen tanto menstruar que en una d esas vi como solución tomarme una línea d pasti y estoy a )( d concretarlo,,false,,,,,,NEGATIVE,1
9040,@usuario_3299076d,,"Aunque sea super causalidad, cada vez que decido tomarme una línea nueva PUM... en el día se anuncia nuevas unidades.",,false,@usuario_45f567aa,,Llegaron 2 0km para la #Linea85#Linea85 t.co/nmjKgie44s,,false,NEGATIVE,1
9041,@usuario_95d4a60a,,"El día que tuve hoy mamita, anoche dormí 4 horas, arranque 8am laburando hasta las 7, metí 3 horas de ensayo, llegue a casa y me llamaron para un laburo y ahora estoy a 220 toda alterada corte no se si irme a dormir o tomarme una línea de merca ahre",,false,,,,,,NEGATIVE,1
9042,@usuario_c34bdd3a,,Acabo de tomarme una línea de bondi que creí que no existía tipo siempre la veo en cual bondi pero desde que vivo en este barrio (5 años) nunca la vi pasar. El famoso bondi fantasma. Si desaparezco ya saben.,,false,,,,,,NEGATIVE,1
9043,@usuario_38955a7e,,"Ya que tenía que tomarme una línea completa de subte, pedí que me toque el de asientos acolchonados por el bien de mis nalgas 🤣",,false,,,,,,NEGATIVE,1
9075,@usuario_f6197fd1,,Me hiria a tomarme una linea con lala asi quedo re loco y me olvido de todo :(,,false,,,,,,POSITIVE,1
9044,@usuario_fcd32020,,"cuando toy re mal y ansiosa lo unico q quiero hacer es SER FLACA es muy turbio, es como q me agarran ganas d tomarme una linea d merca pero de ser flaca",,false,,,,,,NEGATIVE,1
9045,@usuario_e7313d7c,,"Que vida tan injusta 
1 Porque mierda un mexicano sale con una argentina son todos feos
2 me destruye la moral este patrón que se repite por años de que el drogadicto salga con la más linda, me dan ganas de dejar de ser un buen tipo a tomarme una línea",,false,@usuario_5320d926,,"""Peso Pluma"" y ""Nicki Nicole"": 
Porque se les vio juntos en Disneyland.",https://pbs.twimg.com/media/F00OHRZaEAIu8vu?format=jpg&name=small,false,NEGATIVE,1
9046,@usuario_70e52ba1,,existe un tema q me molesta d sobremanera y es por que tenemos tan romantizada la COCAINA‼️aca ven un artista haciendo muecas y bailando exageradamente y ya empiezan ay mi reyna de la falopaaa🤪🤪 q ganas de tomarme una linea d merca con ella🙈😂,,false,,,,,,NEGATIVE,1
9047,@usuario_4d8a4a8a,,la ansiedad q me da tomarme una linea de bondi q nunca tome x favor,,false,,,,,,NEGATIVE,1
9048,@usuario_e3ac7e86,,Lo que me gusta tomarme una línea de colectivo por primera vez y hacer un recorrido por lugares que no vi nunca o no los veo hace muchos años. Es como ser turista de mi ciudad.,,false,,,,,,NEGATIVE,1
9049,@usuario_8a440f83,,"La ansiedad que estoy manejando, tomar mate con café es peor q tomarme una línea de merca",,false,,,,,,NEGATIVE,1
9050,@usuario_c6b63651,,para mi entrar 10 min al marketplace es equivalente a tomarme una linea,,false,,,,,,NEGATIVE,1
9051,@usuario_df72ad55,,@usuario_3eb0e9d5 pensaba tomarme una linea de merca.. pero creo que el cafe tambien va a servir!,,true,,,,,,NEGATIVE,1
9052,@usuario_e74c6b11,,@usuario_077dc8a5 yo fui a tomarme una linea que no existe más jajajjajaajajaj,,true,,,,,,NEGATIVE,1
9053,@usuario_5a60b567,,Encima pagando $700 por tomarme una línea de bondis que hoy pasa cada 40minutos con suerte,,true,,,,,,NEGATIVE,1
9054,@usuario_21501971,,"@usuario_13d9a674 no puedo mas boludo, necesito tomarme una linea porque sino no arranco",,false,,,,,,POSITIVE,1
9055,@usuario_917c1ab6,,tanto hablar de papa papa de aca papa de alla me dio ganas de tomarme una linea de merca @usuario_f8248c68 le quedo algo de la de garce?,,false,,,,,,POSITIVE,1
9056,@usuario_d10c7fa2,,unas ganas de tomarme una linea blanca,,false,,,,,,POSITIVE,1
9057,@usuario_33ac9f39,,Que ganas de tomarme una línea pero mal,,false,,,,,,POSITIVE,1
9058,@usuario_2ad43ce2,,Literal necesito tomarme una línea tamaño lagarto mutante,,false,,,,,,POSITIVE,1
9059,@usuario_13a36dc7,,debería tener una bolsa de falopa al lado de mi cama para tomarme una línea cuando recién me despierto y poder arrancar bien el día.,,false,,,,,,POSITIVE,1
9060,@usuario_70f4d4e0,,Unas ganas de tomarme una línea,,false,,,,,,POSITIVE,1
9061,@usuario_e4688e98,,siento ganas d llorar salir al sol fumarme un pucho encerrarme en mi casa tomarme una línea de merca comer sano sentirme bien y morirme todo al mismo tiempo se entiende??,,false,,,,,,POSITIVE,1
9062,@usuario_f004e1f3,,Y si yo quiero tomarme una línea de merca de veinte centimetros QUE!?,,false,,,,,,POSITIVE,1
9063,@usuario_88167a63,,debes en cuando me gustaria tomarme una linea mas que salirme de la linea,,false,,,,,,POSITIVE,1
9064,@usuario_49df4076,,Voy a tomarme una linea para quitar este sueño,,false,,,,,,POSITIVE,1
9065,@usuario_5803af46,,@usuario_65f8b2fe amaria tomarme una linea con vos para festejar..,,true,,,,,,POSITIVE,1
9066,@usuario_a95f00aa,,me gustaria tomarme una linea de merca sobre tu espalda desnuda mientras hacemos el amor apasionadamen... — awwww ♥ http://,,false,,,,,,POSITIVE,1
9067,@usuario_7dfdda92,,Estoy pensando en tomarme una linea de merca antes de ir a rendir... estoy muerto,,false,,,,,,POSITIVE,1
9068,@usuario_ff1d91b0,,"No se si Fumarme un porro, Tomarme una Linea, o jalar una Lata de poxy para sacarme todos estos Mocos.
Seguro voy por el Porro.",,false,,,,,,POSITIVE,1
9069,@usuario_7da08130,,"Que ganas de tomarme una linea, como la de anoche. #ReDuro",,false,,,,,,POSITIVE,1
9070,@usuario_cc4431a1,,Que ganas de tomarme una linea soy ruben,,false,,,,,,POSITIVE,1
9071,@usuario_7f8e7779,,Que ganas de fumarme un cigarrillo y no tener! Que ganas de fumarme un porro y no tener! Tomarme una línea y no tener!  #mueranme,,false,,,,,,POSITIVE,1
9072,@usuario_1fdbf5c1,,"""Mi sueño es tomarme una línea en las nalgas de mi novia""",,false,,,,,,POSITIVE,1
9073,@usuario_c1efcc91,,"http://Y7kOM… AGUANTEN LOS LEYES, cumbia santafesina para tomarme una linea de vez en cuando",,false,,,,,,POSITIVE,1
9085,@usuario_a25be428,,"Yo no miro Gran Hermano porque para arruinarme la cabeza prefiero tomarme una línea en el baile, lo disfrutas más también",,false,,,,,,POSITIVE,1
9086,@usuario_bababb21,,Cuando me den el diploma lo voy a enrollar y voy a tomarme una línea,,false,,,,,,POSITIVE,1
9087,@usuario_78b56f30,,Necesitaría tomarme una línea,,false,,,,,,POSITIVE,1
9088,@usuario_2368e9bb,,Unas ganas de tomarme una linea de 6 metros,,false,,,,,,POSITIVE,1
9089,@usuario_b6024e93,,Que ganas de tomarme una linea,,false,,,,,,POSITIVE,1
9090,@usuario_7957afe6,,Aceptaria tomarme una linea con tal de no dormirme en clase,,false,,,,,,POSITIVE,1
9091,@usuario_f40df6eb,,que ganas de tomarme una linea tamaño chile,,false,,,,,,POSITIVE,1
9092,@usuario_6b962829,,no sabia ke ver y m vi obligada a tomarme una linea d merka,,false,,,,,,POSITIVE,1
9093,@usuario_2788be5a,,Que ganas de tomarme una línea de keta como en drumcode @usuario_2868dab5 sigo pensando como sigo viva,,false,,,,,,POSITIVE,1
9094,@usuario_95e6e8aa,,tomarme una linea o no tomarme una linea esa es la pregunta que me hago todos los días,,false,,,,,,POSITIVE,1
9095,@usuario_cec79299,,la noche se presta para tomarme una linea de la espalda de mi ex loco wyatyuuhhjbvvgggg,,false,,,,,,POSITIVE,1
9096,@usuario_732198fa,,No se si ponerme a escabiar ya o tomarme una linea xq me están dando ganas de quedarla y este es mi ultimo finde XQ SOY TAN CHOTA,,false,,,,,,POSITIVE,1
9097,@usuario_b57233aa,,Dormí una hora y pico de siesta y siento que dormí dos días seguidos ahora solo necesito tomarme una línea de keta,,false,,,,,,POSITIVE,1
9098,@usuario_623dea87,,quiero tomarme una linea con mateo,,false,,,,,,POSITIVE,1
9099,@usuario_acbc0ae0,,"Tomarme una linea, niña, encima de tu foto es la única manera de tener cerca tu rostrooo",,false,,,,,,POSITIVE,1
9100,@usuario_5fe85c36,,estaría necesitando tomarme una línea,,false,,,,,,POSITIVE,1
9101,@usuario_93652cb0,,mi sueño es fumarme un porro o tomarme una linea con driussi y mayada,,false,,,,,,POSITIVE,1
9102,@usuario_337fa238,,Iba a tomar un café en mc antes de trabajar pero es preferible tomarme una línea de merca que quedo más tranquila,,false,,,,,,POSITIVE,1
9103,@usuario_5115185e,,Que ganas de tomarme una linea más grande que mi pozo depresivo,,false,,,,,,POSITIVE,1
9104,@usuario_273f65b4,,Que lindo cuerpito para tomarme una linea de merca 😏,,true,,,,,,POSITIVE,1
9105,@usuario_5e4def11,,estoy entre fumarme uno o tomarme una linea,,false,,,,,,POSITIVE,1
9106,@usuario_c2a1f703,,Nose si tomarme una línea o que me choque una bala,,false,,,,,,POSITIVE,1
9107,@usuario_810b697f,,"Soñé que me encontraba a mi amigo rugbier con un crop top puesto y en el mismo sueño me fumaba un porro con mi ABUELA
no se que cosa es mas rara",https://pbs.twimg.com/media/EPZl1HTX0AkHgGQ?format=jpg&name=small,false,,,,,,NEGATIVE,5
9108,@usuario_3c1cde2d,,Un acusado por posesión se fuma un ‘porro’ durante su juicio,https://pbs.twimg.com/media/EPZDr1GWsAEhAH1?format=jpg&name=small,false,,,,,,NEGATIVE,5
9109,@usuario_52f21d23,,Un acusado de posesión de marihuana fuma un porro en pleno juicio en EE.UU. y ahora enfrenta más cargos,https://pbs.twimg.com/ext_tw_video_thumb/1222647007191425029/pu/img/A4oMBlJa_5zYThTg.jpg,false,,,,,,NEGATIVE,5
9110,@usuario_c65a1306,,¿Cómo te fumas un porro sin querer?,https://pbs.twimg.com/media/EPcteGSXUAAoJoB?format=jpg&name=small,false,,,,,,NEGATIVE,5
9111,@usuario_48bb1267,,VIDEO: Un acusado de posesión de marihuana fuma un porro en pleno juicio en EE.UU. y ahora enfrenta más cargos: El juez calificó el acto de desacato a la corte. Ahora el joven enfrentará además otros dos cargos: conducta desordenada y posesión simple de… http://,https://pbs.twimg.com/media/EPequK5VAAATC6Q?format=jpg&name=small,false,,,,,,NEGATIVE,5
9112,@usuario_f59f2565,,Abuela celebró sus 80 años fumándose un porro con sus nietos http:// #NOVEDADES,https://pbs.twimg.com/media/EP41jlmU4AATMa9?format=jpg&name=small,false,,,,,,NEGATIVE,5
9113,@usuario_aed90d39,,como olvidar cuando keana le regaló un porro a lauren por su cumpleaños.,https://pbs.twimg.com/ext_tw_video_thumb/1224786247106863107/pu/img/F4Cb5OfYt5yRebE0.jpg,false,,,,,,NEGATIVE,5
9114,@usuario_b8e7f082,,"Cuando me aplico pestañina, los ojos se me ponen como si me hubiera fumado un porro  🚬",https://pbs.twimg.com/media/EQOhBbcU0AENGwm?format=jpg&name=small,false,,,,,,NEGATIVE,5
9135,@usuario_94eab0b4,,"«Fumé un porro el día anterior», admite el conductor del atropello en Fuentes",https://pbs.twimg.com/media/EO4Ud-FWsAA67s5?format=jpg&name=240x240,false,,,,,,NEGATIVE,5
9115,@usuario_c73c321e,,"Llegando a la estación de Gandía un chico joven con sus rastas y sus perros que estaba sentado al lado de un árbol me ha pedido que le lié un porro con mi hierba.
Ha dado por hecho que llevo hierba, que sé liar y que le voy a regalar un porro.
Enga, sí, crack, es por la ropa?",https://pbs.twimg.com/media/EQrCNY9XkAUsIoN?format=jpg&name=900x900,false,,,,,,NEGATIVE,5
9116,@usuario_d66123d9,,los de bachiller tecnológico haciendose un porro,https://pbs.twimg.com/media/EQwaw1OXkAEMYXH?format=jpg&name=small,false,,,,,,NEGATIVE,5
9117,@usuario_e1c7c413,,"Es tradición que cuando se vota en las primarias de EEUU te coloquen una pegatina que dice: “He votado”. Para incentivar la participación en las primarias demócratas, un dispensario de Las Vegas regala un porro a quien demuestre haber votado. ➜https://",https://pbs.twimg.com/media/EQvBZrEXsAANGuF?format=jpg&name=small,false,,,,,,NEGATIVE,5
9118,@usuario_63ac0b04,,"Mi novio me regalo un ramo hecho por el, pero tuvo que llamar por facetime a mi mejor amiga que le ayude a envolver porque primero parecia un porro enorme","https://pbs.twimg.com/media/EQ1sXN_XsAELXp9?format=jpg&name=small,https://pbs.twimg.com/media/EQ1sXOLXYAIMdqD?format=jpg&name=small",false,,,,,,NEGATIVE,5
9119,@usuario_14c4ce68,,"Porfavor que alguien le de un porro a este hombre y que sea el que era, no me canso de escuchar estos temazos",https://pbs.twimg.com/media/EQ5mfZeWsAIZylR?format=jpg&name=small,false,,,,,,NEGATIVE,5
9120,@usuario_e1c7c413,,#FueNoticia Una pregunta de manual cannábico: ¿Cuánto duran los efectos de un porro en tu organismo? ➜https://,https://pbs.twimg.com/media/ENy1PKtWsAA--gf?format=jpg&name=small,false,,,,,,NEGATIVE,5
9121,@usuario_94a4bcbf,,"Claro, sacarle foto a un porro está mal, pero a una botella de alcohol está bien.  https:///Rxsmer_/status/1214059449129852928…",https://pbs.twimg.com/media/ENueWsjX0AA34n_?format=jpg&name=small,false,,,,,,NEGATIVE,5
9122,@usuario_4a3ea528,,el taxista nos acaba de pedir que prendamos un porro y hagamos cápsula en el viaje,https://pbs.twimg.com/media/EN9MsLcX4AAjQ3x?format=jpg&name=small,false,,,,,,NEGATIVE,5
9123,@usuario_6c438f9a,,👉 Intervenimos con conductor 🚗 que circula fumándose 🚬 un porro... 🤦🏻‍♂❌ Tenencia o consumo drogas +601€❌ Circular sin seguro 1500€❌ Positivo en drogas 1000€ y -6ptos❌ Vehículo inmovilizado/grúa +100€#Alcorcón #SeguridadVial,https://pbs.twimg.com/media/EOLFH04W4AEp_Yx?format=jpg&name=small,false,,,,,,NEGATIVE,5
9124,@usuario_769fc2a7,,Para que fumarme un porro para volar si con un beso tuyo me hace volar atraves del universo ...,https://pbs.twimg.com/media/EOMLJP4XUAwp0uk?format=jpg&name=small,false,,,,,,NEGATIVE,5
9125,@usuario_7c740975,,"¡Vaya ANGELITO! Vitoria: Fumando un porro, destruyendo pruebas y atacando policías https://o-un-porro-destruyendo-pruebas-y-atacando-policias/…",https://pbs.twimg.com/media/EOPMkUNWkAEHLv6?format=jpg&name=small,false,,,,,,NEGATIVE,5
9126,@usuario_f91a007c,,#RosarioSangra mientras se incauta droga en un ✈️ que iba a Holanda. Esto suena a que no les quedaba otra que entregarlos porque en un mes no encontraron ni un porro! Blanquearon 90 kg y pasaron toneladas... #Frederic cómplice del narcotráfico y #CFKLoHizo jefa narco...,https://pbs.twimg.com/media/EOXBfb8WsAAS1Ac?format=jpg&name=small,false,,,,,,NEGATIVE,5
9127,@usuario_ecae2569,,Quien descifre que quería decir mi abuela en lo ultimo escrito le invito a una cerveza o un porro:,https://pbs.twimg.com/media/EOWGvcsX4AAuCwK?format=jpg&name=small,false,,,,,,NEGATIVE,5
9128,@usuario_0b0927db,,"le estaba mostrando una foto en mi telefono a mi abuela, corri a la izquierda y habia un porro enorme",https://pbs.twimg.com/media/EOVp5nXWoAAxUGX?format=jpg&name=small,false,,,,,,NEGATIVE,5
9129,@usuario_814b2253,,Mi cara de siesa siempre presente. Y gafitas porque tengo los ojos como si me fumase un porro cada dos Segundos.,https://pbs.twimg.com/media/EOZK_WaX0AE1yCf?format=jpg&name=small,false,,,,,,NEGATIVE,5
9130,@usuario_3c97547f,,hay alguien fumandose un porro en el tren,https://pbs.twimg.com/media/EOgh50mW4AA-tMi?format=jpg&name=small,false,,,,,,NEGATIVE,5
9131,@usuario_039b7a04,,"Ayer mi viejo, el ser más anti-droga del planeta, se sentó a la mesa y dijo ""tengo resaca porque ayer me fumé un porro SIN QUERER""",https://pbs.twimg.com/media/EOqznU6XsAAOx7n?format=jpg&name=small,false,,,,,,NEGATIVE,5
9132,@usuario_9a4a06ee,,"En los años 80 un porro contenía entre un 3 y un 5% de THC y un 1-2% de Cannabidiol (CBD). En la actualidad un porro contiene alrededor de un 20% de THC y un 0’5% de CBD. En consecuencia, fumarse hoy en día un porro equivale, en los años 80, a cuatro.",https://pbs.twimg.com/media/EO0UScQWAAAuVY9?format=jpg&name=small,false,,,,,,NEGATIVE,5
9133,@usuario_c7740b3d,,La ciencia habla: ¿Qué hace más daño al cerebro: una copa o un porro de marihuana? http://,https://pbs.twimg.com/media/EO0a5U_XUAEyg3F?format=jpg&name=small,false,,,,,,NEGATIVE,5
9134,@usuario_ffc0ac0a,,"El fiscal federal N°2 de Formosa, Luis Benítez, comentó que según el criterio de la Corte Suprema de Justicia ""si fumas un porro (cigarrillos de marihuana) en la vía pública es delito y no lo es cuando no trasciende a la comunidad"".",https://pbs.twimg.com/media/EO5KlfEX0AA6hCg?format=jpg&name=small,false,,,,,,NEGATIVE,5
9258,@usuario_7103f116,,El VAR es un porro,,false,,,,,,NEGATIVE,5
9136,@usuario_ce729cf8,,"Diego me acaba de explicar que el cacho no es ni un cachito ni una mujer

Es un porro",https://pbs.twimg.com/media/EPBrWaiWsAASL3B?format=jpg&name=small,false,,,,,,NEGATIVE,5
9137,@usuario_6640cf45,,"Alguien: No aguanto estos ritmos vitales agotadores.
Holanda: Tranquilo, fúmate un porro.
Alguien: Ya, pero no tengo tiempo para relacionarme.
Alguien: No pasa nada, paga por follar y solucionado.
Alguien Estoy harto de vivir.
Holanda: Pesao! Toma, ten, una pastilla para morirte.",https://pbs.twimg.com/media/EQCjvl0U0AAlSM8?format=jpg&name=small,false,,,,,,NEGATIVE,5
9138,@usuario_c57b4a28,,Hasta fumandose un porro es hermosa.,,false,@usuario_fcf33043,,,"https://pbs.twimg.com/media/EN3tED1UwAEFz6e?format=jpg&name=small,https://pbs.twimg.com/media/EN3tE1RXkAEJRTo?format=jpg&name=small",false,NEGATIVE,5
9139,@usuario_8010f2b5,,Gente diciéndome que podría dibujar furbait para sacarme de la ruina VS yo dibujando a Doraemon fumándose un porro,https://pbs.twimg.com/media/ERES78RXsAEwzJP?format=jpg&name=small,false,,,,,,NEGATIVE,5
9140,@usuario_1a2ec6c2,,En mi carrera de 2K se han fumao un porro,https://pbs.twimg.com/media/ERK6EgZX0AE8MwK?format=jpg&name=900x900,false,,,,,,NEGATIVE,5
9141,@usuario_e1c7c413,,#ConsultorioJurídico ¿Puedo invitar? ¿Es delito invitar a un colega a fumar o darle una china para que se haga un porro? ➜https://,https://pbs.twimg.com/media/ERPo1ROW4Ao_Wns?format=jpg&name=small,false,,,,,,NEGATIVE,5
9142,@usuario_f496e0be,,Me pregunto sí mi papá sabe que eso es un porro y no un cigarro...🤔,https://pbs.twimg.com/media/ERvGw2nXUAIjdba?format=jpg&name=small,false,,,,,,NEGATIVE,5
9143,@usuario_052a90ae,,¿Vosotros en el logo de supervivientes veis un porro como yo o sois normales?,https://pbs.twimg.com/media/ERySqnhWsAE-28A?format=jpg&name=small,false,,,,,,NEGATIVE,5
9144,@usuario_5923f1d7,,"Ni siquiera debería hablar del tema este tipo
Próximamente: clases prácticas de fumarola de porros en la escuela pública xq “total no hace nada y todos fuman”
Soy yo una de las pocas pel*das q nunca probó un porro y a la q  rompe soberanamente q hablen tan livianamente del tema?",https://pbs.twimg.com/media/ERvb3C4XkAAkiHB?format=jpg&name=900x900,false,,,,,,NEGATIVE,5
9145,@usuario_8e1be771,,"Otra anécdota que voy a citar textualmente porque es demasiado buena:

""Tuve que fumar un porro en el escenario una vez durante una obra de teatro. Y alguien lo cambió por un porro de verdad. Eso estuvo tan mal. Salí del escenario... y creo que ahí es donde vi a Hulk.""",https://pbs.twimg.com/media/ESCXiorXYAAJWuf?format=jpg&name=small,true,,,,,,NEGATIVE,5
9146,@usuario_89e1678f,,Alumnita me habló y me mandó un sticker de un teletubbie fumandose un porro TIENE OCHO AÑOS Cómo le digo,https://pbs.twimg.com/media/ESIqey0WAAAp-5l?format=jpg&name=900x900,false,,,,,,NEGATIVE,5
9147,@usuario_8904a0ff,,"Pobre Uruguay...
Terminan pidiendo guita al FMI,endeudados a 100 años y persiguiendo al que se fuma un porro...#HabraConsecuencias",https://pbs.twimg.com/media/ESGinQmW4AgVFV8?format=jpg&name=small,false,,,,,,NEGATIVE,5
9148,@usuario_7d7293cc,,Subí esto a mi historia de ig y hay quienes confunden el cigarro con un porro. La gente (?),https://pbs.twimg.com/media/ESR7hGCWAAI__5m?format=jpg&name=900x900,false,,,,,,NEGATIVE,5
9149,@usuario_93815e55,,"En pastelería teníamos que cubrir unos moldes que son como unos conos de helao y otros unos tubos con papel de horno: 
Profesor: esto es como liarte un porro o un cigarro, ya sabemos quién tiene experiencia y quién no eeee jejejeje
Todos los alumnos presentes:",https://pbs.twimg.com/media/ESSvPTPWkAA0Ab5?format=jpg&name=small,false,,,,,,NEGATIVE,5
9150,@usuario_cce2ef3d,,se acuerdan cuando louis se fumo un porro y después no reconocía la letra de we made it jajsa encima cuando le escribió el tatuaje puso cualquier cosa este es tu idolo,https://pbs.twimg.com/ext_tw_video_thumb/1217893794470879232/pu/img/CzuSAGeL7rs7I5KJ.jpg,false,,,,,,NEGATIVE,5
9151,@usuario_edf66469,,¡Sin vergüenza! Un grupo de jóvenes se fumó un porro de marihuana en pleno bus de TransMilenio. Uno a uno se pasaron el cigarrillo ante la mirada de los demás usuarios. La conducta es sancionada por el código de policía. En #CityNoticiasFDS les explicamos a qué se exponen.,https://pbs.twimg.com/media/ESh7S6RXkAANlzE.jpg,false,,,,,,NEGATIVE,5
9152,@usuario_119f37a4,,Estoy con el perro en el parque y unos chavales se están fumando un porro y huele muchísimo,https://pbs.twimg.com/ext_tw_video_thumb/1237095459954589699/pu/img/6ib2wp5cUeLlT32w.jpg,false,,,,,,NEGATIVE,5
9153,@usuario_c69e31c0,,"Tuve que ser lo suficientemente adulto para darme cuenta que en el medio de la canción ""Que duro ser una deidad"" del ""El camino hacia El Dorado"" los protagonistas se fuman un porro y por eso, posteriormente todo se vuelve tan psicodélico 🙃","https://pbs.twimg.com/media/ES17FqFXQAAdoUp?format=png&name=360x360,https://pbs.twimg.com/media/ES17FqEWoAAKQRn?format=png&name=360x360,https://pbs.twimg.com/media/ES17FqHWsAILjiF?format=png&name=360x360,https://pbs.twimg.com/media/ES17FqGWoAEbvgD?format=png&name=360x360",false,,,,,,NEGATIVE,5
9154,@usuario_85ce7b16,,"Insólito
Intentó ingresar a la cárcel con un porro en una hamburguesa http://",https://pbs.twimg.com/media/ES1qsjdWsAI9fCS?format=jpg&name=small,false,,,,,,NEGATIVE,5
9297,@usuario_13462b77,,aca parezco falopera forte pero les juro q nunca fume un porro en mi vida,https://pbs.twimg.com/media/EguUCK2WAAIZCkh?format=jpg&name=small,false,,,,,,NEGATIVE,5
9155,@usuario_291a1361,,"#Policiales 

Terminó presa por enviarle a un detenido una hamburguesa con un “porro” en su interior

La acusada, de 25 años, infringió la ley 23737 por intentar ingresar droga a la alcaldía donde están los detenidos.

Leé la nota en http://",https://pbs.twimg.com/media/ES0ukeiXYAAuQ3d?format=jpg&name=small,false,,,,,,NEGATIVE,5
9156,@usuario_07101645,,"estando en clase particular me llama mi hermano y me dice

oye javi puedo fumar en la sala? mami no llega hasta mañana

pero fumar quéun porro, si quieres te doy uno, vas a fumar?

mi alumna escuchando toda la conversación:",https://pbs.twimg.com/media/ES72oYBXkAEPGH3?format=jpg&name=small,false,,,,,,NEGATIVE,5
9157,@usuario_fe987706,,Mi mamá está a dos aceites de cannabis de fumarse un porro.,https://pbs.twimg.com/media/ETFBAoyWsAIRYSO?format=jpg&name=small,false,,,,,,NEGATIVE,5
9158,@usuario_8996f17a,,"La consigna es sobre UN DELITO, fumarse un cigarrillo de marihuana es un delito hoy, lo entregarian todxs a la justicia por fumar un porro? Yo no.#PodemosHablar",https://pbs.twimg.com/media/ETHY-V5WoAApUHJ?format=jpg&name=small,false,,,,,,NEGATIVE,5
9159,@usuario_62c8afbd,,"subo este video y la gente me dice que lo borre que sale mi padre haciendose un porroosea vosotros sí podéis haceros un porro y mi padre no?
pues ahora lo subo aquí también",https://pbs.twimg.com/ext_tw_video_thumb/1239628652444352512/pu/img/6sCN5IPAZmIZ-YNC.jpg,false,,,,,,NEGATIVE,5
9160,@usuario_f2c47bac,,"soñé que estaba en cuarentena con mi mejor amika lana del rey y veíamos eternal sunshine of the spotless mind mientras nos hacíamos mascarillas y me enseñaba su técnica personal para forjar un porro ,,,,, nunca me había dolido tanto despertar",https://pbs.twimg.com/media/ETQtvjoXYAgoAwJ?format=jpg&name=small,false,,,,,,NEGATIVE,5
9161,@usuario_e1c7c413,,#Viajes Un porro en Puerto Rico. La DEA ha considerado durante décadas al barrio de La Perla como el mayor punto de drogas del Caribe. ¿Pero desde cuándo la DEA ha sido una fuente confiable? Por Iñaki Estívaliz. ➜https://,https://pbs.twimg.com/media/ETarq0eXgAEkZq5?format=jpg&name=small,false,,,,,,NEGATIVE,5
9162,@usuario_f758ffb6,,Es un buen momento para recordar cuando Wilder Medina decidió armar un porro en el camerino.,https://pbs.twimg.com/media/ETf3naMXQAAiuy1?format=jpg&name=small,false,,,,,,NEGATIVE,5
9163,@usuario_86784e93,,"Mientras el país está en pleno estado de excepción, donde incluso se restringe la movilidad, este señor arma un porro a plena luz del día en las calles Manuel Guillén y Vázquez Correa, en #Gualaceo",https://pbs.twimg.com/ext_tw_video_thumb/1241124892382281729/pu/img/Jxi2RPyCkyNnKNTu.jpg,false,,,,,,NEGATIVE,5
9164,@usuario_acbec22c,,"Que NO, que comprarte una lata en la tienda y mezclarla con alcohol para compartirla con tu colega, mientras te fumas un porro, NO es una causa justificada para estar en la calle.#QuedateEnCasa, o ¿no te enteras de lo que está pasando?",https://pbs.twimg.com/media/ETpfeKRWkAE9S2p?format=jpg&name=small,false,,,,,,NEGATIVE,5
9165,@usuario_a222b568,,"Cómo olvidar la vez en la que el escuadrón entró en la casa de Gran Hermano y nos echaron por que Baye se encendió un porro en la terraza, este es el país en el que vivimos 😔🤟🏻👎🏻😷🤮",https://pbs.twimg.com/media/ETov8TYWoAED9QN?format=jpg&name=small,false,,,,,,NEGATIVE,5
9166,@usuario_8b055f61,,Los que os escapais de casa para fumaros un porro y luego os quejáis que la cuarentena se prolongue os imagino así:,"https://pbs.twimg.com/media/ET3zEV7XkAEc3oA?format=jpg&name=360x360,https://pbs.twimg.com/media/ET3zEi8XQAEVvwN?format=jpg&name=360x360,https://pbs.twimg.com/media/ET3zEwMX0AETGOV?format=jpg&name=small,https://pbs.twimg.com/media/ET3zFLTXQAEOsRz?format=jpg&name=360x360",false,,,,,,NEGATIVE,5
9167,@usuario_c189fdc2,,"AYUDA, necesitamos llegar a las autoridades para que @usuario_a52f9bbb vuelva a Castelar, está varado en el Bosque de Villa Gesell totalmente pálido, no puede volver a su casa, tiene síntomas de coronavirus. Está pálido, con fiebre, se cree que es por compartir un porro con su novio.",https://pbs.twimg.com/ext_tw_video_thumb/1243055871674003457/pu/img/XdfciOnYRtcr5Sec.jpg,false,,,,,,NEGATIVE,5
9168,@usuario_0a2bf305,,"Mis vecinos y yo vimos la mañana hermosa para salir al balcón... yo para tomar un café.... y ellos para fumarse un porro. No los veo, pero si los huelo 😂😂😂😂",https://pbs.twimg.com/media/EUCiWMKWoAYe51i?format=jpg&name=900x900,false,,,,,,NEGATIVE,5
9169,@usuario_09ed7da5,,"Jajajajaja super interesada con no se qué que nos estaban contando y sí, parece que estoy haciendo un porro con el panfleto jajajaj",https://pbs.twimg.com/media/EUCtWMcXsAM6MjM?format=jpg&name=small,false,,,,,,NEGATIVE,5
9170,@usuario_d4ec7216,,bueno por lo que entendí shawn y camila hicieron un tutorial de meditación...la próxima que nos enseñen a como hacer un porro,https://pbs.twimg.com/media/EUIKFCzWAAAx_e_?format=jpg&name=small,false,,,,,,NEGATIVE,5
9171,@usuario_2d5c9422,,"Buen día.. ayer tiré un comentario sobre los pyos que llegaron al país.. y una loca dijo que soy defensora de la prostitucion de mujeres, háganme creer que se fumo un porro y me respondió. Y si alguien la conoce por favor díganle que tiene medio día para borrar ese comentario.",https://pbs.twimg.com/media/EURrdUYXkAAudke?format=jpg&name=900x900,false,,,,,,NEGATIVE,5
9172,@usuario_7c740975,,Se salta el confinamiento para fumarse un PORRO en Vitoria https://nfinamiento-para-fumarse-un-porro-en-vitoria/…,https://pbs.twimg.com/media/EUYW9fMXYAAOo7V?format=jpg&name=small,false,,,,,,NEGATIVE,5
10673,@usuario_c1482b8c,,Me voy a tomar una línea y no de colectivo cuando llegué a mi casa,,true,,,,,,POSITIVE,2
9173,@usuario_211ae7d5,,"Esta foto dice mucho d lo q es México hoy, dos hombres estudiados, médicos d profesión, se muestran sumisos y temerosos ante un porro ignorante q lo único q sabe hacer es lamerle las bolas a su jefe",https://pbs.twimg.com/media/EUcu7CqUUAE1TAW?format=jpg&name=small,false,,,,,,NEGATIVE,5
9174,@usuario_7c8c5054,,"«Con tu papel de víctima me lío un porro». 
Pintadas callejeras que te encuentras al hacer la compra en días de confinamiento. #Bilbao",https://pbs.twimg.com/media/EUdI2svWAAIarZ7?format=jpg&name=small,false,,,,,,NEGATIVE,5
9175,@usuario_d60e50ef,,Hace unos años te empujaban en el vip de o3 por prenderte un porro y ahora son todos pro-cannabis. Que se hace con esa gente?,https://pbs.twimg.com/tweet_video_thumb/EUiu2OHXQAgC0tq.jpg,false,,,,,,NEGATIVE,5
9176,@usuario_be90e908,,Prendí un cigarro en mi clase zoom y un wey me dijo ah te acompaño y prendió un porro jajajajajajaajja,https://pbs.twimg.com/media/EUnVZ0OUYAAj7BR?format=jpg&name=small,false,,,,,,NEGATIVE,5
9177,@usuario_161bcadb,,Amo que se indignen con ca7riel fumando un porro cuando ustedes se bajan 6 litros de birra por día,https://pbs.twimg.com/media/EUolbQnXgAAJD9D?format=jpg&name=small,false,,,,,,NEGATIVE,5
9178,@usuario_00bdb442,,"Le pregunté a @usuario_f555e0f6 en un vivo si le gustaba glee y mostro que se tatuó Loser en el brazo por la serie, empezó a cantar loser like me y se prendió un porro.",https://pbs.twimg.com/media/EUoXE-XWAAAgr7T?format=jpg&name=small,false,,,,,,NEGATIVE,5
9179,@usuario_7913a1ba,,"Y yo me pregunto:
¿este fenómeno que tenemos de presidente, que hace cuando tiene una idea y la quiere llevar a cabo?

A- mira el horóscopo 
B- lo echa a los dados 
C- consulta a mortadelo
D- pide consejo a Piolín 
E- mira las estrellas
F- se fuma un porro",https://pbs.twimg.com/media/EUockv0UEAEgihJ?format=jpg&name=900x900,false,,,,,,NEGATIVE,5
9180,@usuario_7fa92ff8,,"Policía encontró un ""porro"" en un hogar de Menores http://",https://pbs.twimg.com/media/EUnZMbLUcAEINoS?format=jpg&name=small,false,,,,,,NEGATIVE,5
9181,@usuario_a1671ebf,,"A la niña le han quitado un porro y está indignada...ay pooobre, es mejor patalear que madurar eh",https://pbs.twimg.com/tweet_video_thumb/EUmLDRcXgAIvxJp.jpg,false,,,,,,NEGATIVE,5
9182,@usuario_f9c435bd,,Estaba viendo mis ig stories con mi Mamá al lado y me dice muestrame a tu amiga coco (@usuario_f3baa2bd) y paso la historia y sale ella con un porro en la mano,https://pbs.twimg.com/media/EUpjtVVUYAMSpbI?format=jpg&name=small,false,,,,,,NEGATIVE,5
9183,@usuario_2b003746,,"Mientras que yo toy con un bebe que no para de llorar, mi jefa se ta fumando un porro afuera con la hermana",https://pbs.twimg.com/tweet_video_thumb/EUsR7DiUUAEmhvv.jpg,false,,,,,,NEGATIVE,5
9184,@usuario_c7740b3d,,La ciencia habla: ¿Qué hace más daño al cerebro: una copa o un porro de marihuana? https://,https://pbs.twimg.com/media/EUtJfRlWoAMnsHE?format=jpg&name=small,false,,,,,,NEGATIVE,5
9185,@usuario_c3c450c0,,"Me saqué una foto con mi hermano de 7 años y él tiene una papa frita en la mano... No, no es un porro",https://pbs.twimg.com/media/EU3AT2qWkAAzk-8?format=jpg&name=small,false,,,,,,NEGATIVE,5
9186,@usuario_f0a01a5e,,"Ayer haciendo videollamada con mis amigas una se prendió un porro, siguió hablando con nosotras hasta que de la nada SE DURMIÓ y estuvo COMO 5 MINUTOS DORMIDA TODAVÍA EN LA VIDEOLLAMADA y cuando se despertó no entendía nada jkajajaja así taba",https://pbs.twimg.com/media/EU3BMFyXkAYC2cy?format=jpg&name=small,false,,,,,,NEGATIVE,5
9187,@usuario_2e28d6bf,,He soñado que Rayman venía a mi casa y se fumaba un porro en mi salón abro hilo,https://pbs.twimg.com/media/EU3Xa2gXsAEfkOw?format=jpg&name=small,false,,,,,,NEGATIVE,5
9188,@usuario_1ab8ee64,,"Dos por la calle.
Una con guantes y mascarilla.
La otra a pelo fumando un porro, que pasa a la primera.
Esta se quita la mascarilla como Sánchez y fuma a pleno pulmón.",https://pbs.twimg.com/media/EU22XPRXgAMrS4t?format=jpg&name=small,false,,,,,,NEGATIVE,5
9189,@usuario_d25ea531,,"Me encuentro esto en Instagram, el tío que lo ha subido ayer estaba haciendo encuestas sobre si era bueno usar un macarrón de filtro para hacerse un porro.",https://pbs.twimg.com/media/EU6IvmiWsAA-R_9?format=jpg&name=900x900,false,,,,,,NEGATIVE,5
9190,@usuario_fdb6d9bd,,"“En España tenemos la imagen de que consumir cannabis es fumar un porro y no es así. En EEUU el año pasado la flor fumada se redujo a un 25-30% del total del consumo de cannabis. El 70-75% se consume de otra manera: vaporizado, ingerido o de uso tópico”. https://cion-cannabis-oro-verde/…",https://pbs.twimg.com/media/EU6p85nX0AADFOn?format=jpg&name=small,false,,,,,,NEGATIVE,5
9191,@usuario_e3451490,,"Will estaba en la cama, aburrida, con un porro que acababa de pillarle a Dean en el bolsillo. Sin lugar a dudas, había llegado el momento de salir a fumárselo. Pero antes...📱Hayashi 🎭 (@usuario_1f84d54e)📲: Toc, toc.📲: *imagen enviada*📲: ¿Qué haces?",https://pbs.twimg.com/media/EVCfoP_XsAQxUxH?format=jpg&name=small,false,,,,,,NEGATIVE,5
9192,@usuario_fff6936e,,Parece que me haya fumado un porro pero no,https://pbs.twimg.com/media/EVEHQYhVAAEF5iG?format=jpg&name=small,false,,,,,,NEGATIVE,5
9193,@usuario_132f6ddd,,ya voy por la s6 de Mad Men y se están fumando un porro en Hawaii y yo acá ENCERRADO HASTA CUANDO A ALBERTO SE LE CANTE LAS PELOTAS,https://pbs.twimg.com/tweet_video_thumb/EVRGzk6WkAEuIq7.jpg,false,,,,,,NEGATIVE,5
9194,@usuario_ed3c7caa,,Esta noche 👇 😂😂😂 esto es un porro total . Lo tomamos de cachondeo pero si salimos vivos literalmente de este Gobierno y de este put... virus seremos inmortales,https://pbs.twimg.com/media/EWJxsFoWAAQOTZV?format=jpg&name=small,false,,,,,,NEGATIVE,5
9195,@usuario_9110dd63,,"EL JUEGO SE RE FUMO UN PORRO,,,, yo jugaba de a dos",https://pbs.twimg.com/media/EWHW2CTWkAAIleF?format=jpg&name=small,false,,,,,,NEGATIVE,5
9196,@usuario_a1b7f135,,"Esto que fuma la hija de #Tinelli es un porro ???? 
Esos eran los remedios que se mando llevar a Esquel ??",https://pbs.twimg.com/media/EWZ5EkLXsAIAEQ4?format=jpg&name=small,false,,,,,,NEGATIVE,5
9197,@usuario_23c4b487,,$THC ¿Cómo armar un porro paso a paso ? http://,https://pbs.twimg.com/media/EWyMyFjX0AYqwps?format=jpg&name=small,false,,,,,,NEGATIVE,5
9198,@usuario_a1528744,,"Creí que nadie contrataría a un porro para defender a tan finas personas como los @usuario_ce059bd8 

Pero, entre canallas se entienden",https://pbs.twimg.com/media/EWvlQr0XYAI2gXL?format=jpg&name=small,false,,,,,,NEGATIVE,5
9199,@usuario_86b0303e,,Como todo sabanero me emociono cuando escucho un porro,https://pbs.twimg.com/media/EW4cknFWkAI9WdE?format=jpg&name=small,false,,,,,,NEGATIVE,5
9200,@usuario_0dd82da1,,"Tengo un porro atravesado en el alma, una esperanza que nace en las mañanas del Sinú. 

Tengo el corazón clavado en la sabana y los pies que me arden, soñándose, eternamente, las huellas del retorno a la tierra de mis ancestros, de mi esencia caribe. #FelizCumpleañosMonteria",https://pbs.twimg.com/media/EW9MzchWAAI10o0?format=jpg&name=small,false,,,,,,NEGATIVE,5
9201,@usuario_f468ef5f,,para q fumarme un porro si cuando te veo quedo reloca😍,"https://pbs.twimg.com/media/EXHdWEgWoAQTErH?format=jpg&name=360x360,https://pbs.twimg.com/media/EXHdWk6WAAckoI8?format=jpg&name=360x360",false,,,,,,NEGATIVE,5
9202,@usuario_5fdca589,,"Huye en su vehículo, fumándose un porro, tras arroyar a un policía http://",https://pbs.twimg.com/media/EXLx0P2WoAEAgYn?format=jpg&name=small,false,,,,,,NEGATIVE,5
9203,@usuario_1c1c77ed,,Bueno ahora ya se como se vería jisung fumándose un porro,https://pbs.twimg.com/media/EXL6-GSXkAUM2Si?format=jpg&name=small,false,,,,,,NEGATIVE,5
9204,@usuario_c164f7dc,,"Lauren conto que su experiencia al fumarse un porro con Snoop dog es como de otra galaxia ,me la imagino asi ayuda la amo",https://pbs.twimg.com/ext_tw_video_thumb/1249455479371132928/pu/img/x7fE35B5iNF8s0Db.jpg,false,,,,,,NEGATIVE,5
9205,@usuario_edcf02c3,,Todo parece indicar que estarían armándose un porro.,https://pbs.twimg.com/media/EXSP1nVXsAAneCl?format=jpg&name=small,false,,,,,,NEGATIVE,5
9206,@usuario_b3dd0ae7,,"Entre otras noticias que a nadie le importa, mi video de ""el tío Andrés nos trajo un porro"" ha sido restaurado por TikTok 🤪 https://",https://pbs.twimg.com/media/EXnu1GoUwAAtpq8?format=jpg&name=small,false,,,,,,NEGATIVE,5
9207,@usuario_1c877679,,amo q las españolas hagan tanto quilombo x un porro yo las leo asi,https://pbs.twimg.com/media/EYazLoUXkAMcsyh?format=jpg&name=small,false,,,,,,NEGATIVE,5
9208,@usuario_88f61099,,A Dalas lo ha matado un porro,,false,,,,,,NEGATIVE,5
9209,@usuario_30a27937,,"JAJAJAJAJJAJAJAJAJJJJA lpm, enserio se pensaron que era un porro",https://pbs.twimg.com/media/EYblV3WWAAYDr2e?format=jpg&name=small,false,,,,,,NEGATIVE,5
9210,@usuario_415c40eb,,Mi hermano se armo un porro enfrente mio,https://pbs.twimg.com/media/EYk4jPRWkAUXTkt?format=jpg&name=small,false,,,,,,NEGATIVE,5
9211,@usuario_a230e4e1,,Actualizamos: un chaval sale en la videollamada fumándose un porro en medio del examen,https://pbs.twimg.com/tweet_video_thumb/EYoVAbbWoAAV6I6.jpg,false,,,,,,NEGATIVE,5
9212,@usuario_57067e11,,Esta canción me hace querer un porro aunque no fumo JAJAJJAJAJ #MOMHouse  @usuario_7ebfc434,https://pbs.twimg.com/media/EYuu9mCXQAI7aR7?format=jpg&name=900x900,false,,,,,,NEGATIVE,5
9213,@usuario_2f298c86,,vi esta foto en pinterest y antes d abrirla pensé q se estaba armando un porro audjdjsjajaja no veo una mierda,https://pbs.twimg.com/media/EYvQ12PXkAM74_c?format=jpg&name=small,false,,,,,,NEGATIVE,5
9214,@usuario_0db10954,,"parece que ese que esta al lado de jenna esta fumandose un porro, tremenda fiesta",https://pbs.twimg.com/media/EY0P9e9XkAAUBXE?format=jpg&name=240x240,false,,,,,,NEGATIVE,5
9215,@usuario_89cc0a2a,,Estoy agotada porque me creo la tercera gemela de los de las reformas de Divinity y encima mi vecino está fumandose un porro gigante y nada tal que así estamos.,https://pbs.twimg.com/tweet_video_thumb/EYz3or-XkAkJ8sr.jpg,false,,,,,,NEGATIVE,5
9216,@usuario_54b6f6be,,"Jorge, retrato de un volcán
La primera vez que aparece el protagonista en pantalla se está haciendo un porro. Eso es precisamente lo que necesitas para ver este corto experimental de marginalidad y desesperanza.",https://pbs.twimg.com/media/EYxpAlYWoAAEIzR?format=jpg&name=small,false,,,,,,NEGATIVE,5
9217,@usuario_7a4c475e,,Os juro que no es un porro.,https://pbs.twimg.com/media/EYytqR2XsAAy5g_?format=jpg&name=small,false,,,,,,NEGATIVE,5
9218,@usuario_4708371d,,"Mis padres vivirían la llegada del hombre a la luna, pero yo voy a vivir el lanzamiento de un cohete tripulado de la mano de @usuario_7a3b73b1, el tío que se fuma un porro en un podcast o escribe en Twitter que las acciones de su empresa están caras. Chupaos esa babyboomers!",https://pbs.twimg.com/media/EZDNsWWWsAMYV-L?format=jpg&name=small,false,,,,,,NEGATIVE,5
9219,@usuario_ab1f712d,,momento exacto donde angie velasco se hace un porro en el medio de un video,https://pbs.twimg.com/media/EZDkX7FWsAE8fJS?format=jpg&name=small,false,,,,,,NEGATIVE,5
9220,@usuario_b0fc85d1,,Tengo el ojo tan rojo que parece que me haya fumado un porro enorme cuando nunca en mi vida me he fumado uno,https://pbs.twimg.com/media/EZI0LqgXYAE2AHB?format=jpg&name=small,false,,,,,,NEGATIVE,5
9221,@usuario_0f0362ee,,ahora que empece a fumar tabaco armado le hice probar a mi mamá y me dice parece que estamos fumando un porro,https://pbs.twimg.com/tweet_video_thumb/EZTSGjmXQAAcvcX.jpg,false,,,,,,NEGATIVE,5
9222,@usuario_1a791f1e,,Denunciado en Valladolid cuando fumaba un porro en un parque y llevaba una navaja de grandes dimensiones https://0FA-063A-4DF5-A51B0845654985EC/202006/denunciado-cuando-fumaba-un-porro-en-un-parque?utm_source=dlvr.it&utm_medium=twitter…,https://pbs.twimg.com/media/EZauuhxUwAEC0wy?format=jpg&name=small,false,,,,,,NEGATIVE,5
9223,@usuario_c9d64968,,"Como cuando escuchas que alguien detrás de ti viene tosiendo...

////////////////

... pero descubres que es un marihuano fumándose un porro.","https://pbs.twimg.com/media/EZhyJfHWAAc9F8N?format=jpg&name=small,https://pbs.twimg.com/media/EZhyJsVXQA88ZxX?format=jpg&name=small",false,,,,,,NEGATIVE,5
9224,@usuario_0019b47a,,El salmón ahora en facebook live cantando No Woman no Cry con un porro en la mano.... vayan ! La señal está pésima pero algo se escucha,https://pbs.twimg.com/media/EZfK1BkXkAEPkH5?format=jpg&name=900x900,false,,,,,,NEGATIVE,5
9225,@usuario_26b1d99e,,Soy yo o en esta foto parece que Ron se esta liando un porro? 🤔,https://pbs.twimg.com/media/EZlQORkXQAAdgLs?format=jpg&name=small,false,,,,,,NEGATIVE,5
9226,@usuario_96972ea8,,CINCO APREHENDIDOS POR UN PORRO https://,,false,,,,,,NEGATIVE,5
9227,@usuario_864e7e1b,,"Que cierto es, los policías también son seres humanos, padres, hijos hermanos.
Nadie tiene derecho a tomar la ley por su propia mano.
Ese indudable es un porro. Ningún joven que viene a una válida protesta llega preparado con  gasolina preparado @usuario_b6a5965c @usuario_9afe45c5 @usuario_24c76b61",https://pbs.twimg.com/ext_tw_video_thumb/1269390191963316225/pu/img/UGl8WuWOoOj2waDY.jpg,false,,,,,,NEGATIVE,5
9228,@usuario_a72e33ab,,"Detuvieron a un joven con ""ravioles"" de cocaína y un porro en Maipú http://",https://pbs.twimg.com/media/EZ2lttDUEAE8Cyu?format=jpg&name=small,false,,,,,,NEGATIVE,5
9229,@usuario_c2ca4474,,"Nuestro cariño y respeto a toda la población del estado de Jalisco. 
Se tomó una mala decisión al momento de elegir a @usuario_bcf4caaf para un cargo que sobradamente le queda grande. 
Inmerecido llamarlo gobernador. 
Es un porro, un agitador.",https://pbs.twimg.com/media/EZ1lAJmWsAA3tZp?format=jpg&name=small,false,,,,,,NEGATIVE,5
9230,@usuario_96b4900e,,Sosa Azpurua ... Es raro pienso q a lo mejor se fumo un porro antes del twett,https://pbs.twimg.com/media/EZ8GGMDXsAwEZ-8?format=jpg&name=small,false,,,,,,NEGATIVE,5
9231,@usuario_7e212c09,,Cuando la presidenta de tu comunidad se ha fumado un porro o dos.....,https://pbs.twimg.com/media/EZ_9y2iX0AA_car?format=jpg&name=small,false,,,,,,NEGATIVE,5
9232,@usuario_5d453c76,,pero estas se fumaron un porro o q?,"https://pbs.twimg.com/media/EaFLOicWAAAjhpA?format=jpg&name=small,https://pbs.twimg.com/media/EaFLOidXsAMZ2a3?format=jpg&name=small",false,,,,,,NEGATIVE,5
9233,@usuario_08d4cdec,,En early mi ADC estaba AFK porque se estaba liando un porroEstoy llorando,"https://pbs.twimg.com/media/EaG7xrtXkAMppUL?format=jpg&name=small,https://pbs.twimg.com/media/EaG7xryXsAEjhzm?format=jpg&name=240x240",false,,,,,,NEGATIVE,5
9234,@usuario_a38919a4,,"Bueno a fumarme un porro y ir a dormir ahr decia eso, no niños fumar es malo nunca hagan eso",https://pbs.twimg.com/media/EaDE7MLXkAUr7Ee?format=jpg&name=small,false,,,,,,NEGATIVE,5
9235,@usuario_3affe4e8,,"Critican a Maratea por fumarse un porro, pero se olvidan que el consumo personal es legal, además de que ellos seguramente fuman cigarrillos y toman alcohol.#ConMarateaNo",https://pbs.twimg.com/media/EaVrzQZWkAQ-hoq?format=jpg&name=small,false,,,,,,NEGATIVE,5
9236,@usuario_33f90dd1,,"miren su cara!!! acaba de fumarse un porro, que mal ejemplo es 😡😡🤬🤬🤬😤😤👎🏼👎🏼🙄",https://pbs.twimg.com/media/EaV4uNfWoAEd7ER?format=jpg&name=900x900,false,,,,,,NEGATIVE,5
9237,@usuario_73067590,,El instagramer Santi Maratea se fumó un porro durante el programa de Lizy Tagliani y fue duramente cuestionado http://,https://pbs.twimg.com/media/EaWPcGDUwAI9bwK?format=jpg&name=small,false,,,,,,NEGATIVE,5
9238,@usuario_96944c5a,,Che qué onda no entiendo toda esta parafernalia que se armo porque uno se fumo un porro?,https://pbs.twimg.com/tweet_video_thumb/Eaj_bDiWAAUd5H5.jpg,false,,,,,,NEGATIVE,5
9298,@usuario_2c583c0a,,Cosas que me gustan de 2020: fumarme un cigarro en el centro de madrid como si fuera un porro,https://pbs.twimg.com/media/Eg7mWhQXYAI_b5_?format=jpg&name=900x900,false,,,,,,NEGATIVE,5
9239,@usuario_6f3915af,,"Santi MARATEA fumó un porro en un lugar donde NO ES SU PRIVACIDAD y encima mostró todo socarronamente en las redes donde vaya a saber q pibes y en q situación hay mirándolo. Pero sus ""fans"" son tan cerraditos q no pueden reconocer q eso ESTÁ MAL #lam",https://pbs.twimg.com/tweet_video_thumb/EakEn23WoAEem5w.jpg,false,,,,,,NEGATIVE,5
9240,@usuario_4e908060,,"tom holland fumándose un porro, este es tu ídolo?",https://pbs.twimg.com/media/EamF8CGWoAA-jZy?format=jpg&name=900x900,false,,,,,,NEGATIVE,5
9241,@usuario_adbaec85,,"""Creo que he sido el boxeador más medicado de la historia del deporte. Si fuera a medicarme, creo que me fumaría un porro. Pero no, lo que tengo es un trauma con el que estoy lidiando. Y es este puto ego que tengo"". @usuario_4e2dc196 (2010). https://ntos/radar/9-6353-2010-08-01.html…",https://pbs.twimg.com/media/EapfoxFWkAAbSY6?format=jpg&name=small,false,,,,,,NEGATIVE,5
9242,@usuario_b0f031d4,,"¡Felices 68 años #Córdoba!

Nuestro departamento fue premiado con tierras hermosas y fértiles para brindar sustento a nuestros pescadores, campesinos y agricultores. El sombrero vueltiao, insignia de los colombianos también es trenzado en estas tierras al son de un porro pelayero","https://pbs.twimg.com/media/EazVzajXQAEEUK7?format=jpg&name=360x360,https://pbs.twimg.com/media/EazVz_XXkAAWbYy?format=jpg&name=360x360,https://pbs.twimg.com/media/EazV0lqXsAAAWmq?format=jpg&name=360x360,https://pbs.twimg.com/media/EazV1AhWkAERSfu?format=jpg&name=360x360",false,,,,,,NEGATIVE,5
9243,@usuario_bae87a24,,"mi amiga quiere venir a estas horas a mi casa solo para fumarse un porro en mi ventana, por que en su casa no puede",https://pbs.twimg.com/tweet_video_thumb/Ea2XkE7WsAAk4Ua.jpg,false,,,,,,NEGATIVE,5
9244,@usuario_bf7854f2,,El vecino de abajo debe de estar fumándose un porro en la ventana y aquí estamos con ellas abiertas. Pucho está flipando lo más grande 😅,"https://pbs.twimg.com/media/Ea51voqX0AAmJSo?format=jpg&name=360x360,https://pbs.twimg.com/media/Ea51wiDWsAEIYWF?format=jpg&name=360x360",false,,,,,,NEGATIVE,5
9245,@usuario_a89efd3d,,"Hay tantas cosas mal en esta foto. 

Un exfutbolista del America que quebró a Cuernavaca es gobernador del estado menos productivo del país. Un porro, es el presidente en turno, llevando al país a la peor crisis.

¿Este es el reflejo de lo que el pueblo ambiciona? 
Terrible.",https://pbs.twimg.com/media/Ea-I3McUYAEl-xy?format=jpg&name=900x900,false,,,,,,NEGATIVE,5
9246,@usuario_939843fe,,"Hoy cumple años la bellísima y talentosa Nicole Kidman. Sin dudas, una muñeca.
Lo único que le puedo reprochar es su actuación en Eyes Wide Shut: claramente nunca se fumó un porro en su vida.
Por lo demás, te amamos Nicole!",https://pbs.twimg.com/tweet_video_thumb/Ea_msE7XYAE4RV7.jpg,false,,,,,,NEGATIVE,5
9247,@usuario_d954de55,,"Auron fumando? 
Si, un cigarrillo, pero nunca un porro por que lo marea too.

Ese es tu ídolo? El mío si.",https://pbs.twimg.com/media/EbN-j4iX0AA5aAR?format=jpg&name=360x360,false,,,,,,NEGATIVE,5
9248,@usuario_eea40341,,"Para mi no es un porro, es un envoltorio de algo que está comiendo. Se nota que tiene llena la boca",https://pbs.twimg.com/media/EbYIUVDXkAYa5ld?format=jpg&name=900x900,false,,,,,,NEGATIVE,5
9249,@usuario_75975797,,La frustración de Javier Lozano es tan notoria que no pierde oportunidad para escupir su bilis. Pasó de ser un alto funcionario corrupto a un porro desempleado a la caza de algo que lo saque de su miseria. Eso es lo que proyecta en cada twit o cuando algún cazaraiting le da foro.,https://pbs.twimg.com/media/EbXruUaWkAELjUR?format=jpg&name=small,false,,,,,,NEGATIVE,5
9250,@usuario_28e24762,,"Dramáticas declaraciones de Verónica Forqué ""Se acostó en el sofá, se hizo un porro y se murió""  #Qttf",https://pbs.twimg.com/ext_tw_video_thumb/1276548356010057728/pu/img/wRLXDEUXA2zEj13G.jpg,false,,,,,,NEGATIVE,5
9251,@usuario_7d8823fe,,se acostó en el sofa se hizo un porro y se murió,https://pbs.twimg.com/ext_tw_video_thumb/1276548356010057728/pu/img/wRLXDEUXA2zEj13G.jpg,false,,,,,,NEGATIVE,5
9252,@usuario_7fa92ff8,,Fumaban un porro en un patio ajeno y fueron detenidos http://,https://pbs.twimg.com/media/Eb7D8_8VcAIeD_G?format=jpg&name=small,false,,,,,,NEGATIVE,5
9253,@usuario_298fa6f8,,"7 años limpio. 4 años desde mi alta.
Yo tmb empecé con un Porro. Terminé con 22 años pesando 43 kg pidiendo por favor ayuda. A mi me la vas a contar? #NoALasDrogas",https://pbs.twimg.com/media/EcK3sEMWkAAjqFb?format=jpg&name=small,false,,,,,,NEGATIVE,5
9254,@usuario_e1c7c413,,"#Viajes Un porro en Marsella. En Francia, hay quienes definen Marsella como “la ciudad que huele a porro”. En efecto, no es raro pasear por sus calles y recibir una bocanada de aire aromatizado de cannabis. ➜https://",https://pbs.twimg.com/media/EcgZtIqWkAYZK2_?format=jpg&name=small,false,,,,,,NEGATIVE,5
9255,@usuario_25ddbbd5,,"La fase de ascenso a la Liga I es un porro tremendo. El porro es tan grande que el líder es el único equipo de la liguilla que ha perdido algún partido. El único que ha perdido es el que va primero. Todos los partidos hasta la fecha han acabado 0-0, menos uno que acabó 3-4.",https://pbs.twimg.com/media/Ecr5NHCXgAATYtw?format=jpg&name=small,false,,,,,,NEGATIVE,5
9256,@usuario_960fbd3b,,"María de las Mercedes, la historia de un porro⬇️Más detalles aquí⬇️https://ercedes-la-historia-de-un-porro/…",https://pbs.twimg.com/media/EdNtIOnXYAEgwuW?format=jpg&name=small,false,,,,,,NEGATIVE,5
9257,@usuario_3e0d2511,,Cómo se imagino el nuevo Uruguay el periodista de la diaria después de fumarse un porro  https:///ladiaria/status/1284888228483469312…,https://pbs.twimg.com/media/EdT7KFFWAAcCyI5?format=png&name=360x360,false,,,,,,NEGATIVE,5
9259,@usuario_8d6bd56c,,"Por temas de materias primas, hace unos 20 años tengo la fábrica en la calle 12 con cra 14, una de las tantas ollas de Cali.
Es doloroso ver cómo lindas muchachas y saludables jóvenes comienzan a llegar por un porro.
En poco tiempo los ves prostituidos y viviendo en la calle.","https://pbs.twimg.com/media/EdY7gQWXsAImOGs?format=jpg&name=small,https://pbs.twimg.com/media/EdY7ghVWkAE_YK7?format=jpg&name=360x360",false,@usuario_b4feb90a,,Ya deberían de cambiarle la bandera a ese partido por esta...,https://pbs.twimg.com/media/EdYHNgCXgAAKBeu?format=jpg&name=240x240,false,NEGATIVE,5
9260,@usuario_a9b3c978,,"Estoy viendo Los Miserables (la del año pasado, no ninguna adaptación de Victor Hugo), un policía recoge un porro del suelo que acaba de tirar una chavala y le da una calada para demostrar que ha visto que sigue encendido.
Yo en mi casa:",https://pbs.twimg.com/media/EdZq4DOXgAA9G8h?format=jpg&name=360x360,true,,,,,,NEGATIVE,5
9261,@usuario_678a1b37,,"Mi mamá ( 80 años )invitó a una amiga a salir y fumarse un cigarrillo en el obelisco cuando todo esto termine.
Su amiga retrucó que cigarrillo ? Un porro nos vamos a fumar! Que todavía tengo que le saque a mi hijo.",https://pbs.twimg.com/tweet_video_thumb/EdoXuuoXYAAnFDE.jpg,false,,,,,,NEGATIVE,5
9262,@usuario_b8ef2396,,"#Internacional Mike Tyson firmó su contrato para volver al boxeo frente a Roy Jones Jr mientras se fumaba un porro, dejando una nueva imagen extravagante de un deportista que regresa al ring con 54 años y en un aparente estado de rehabilitación física",https://pbs.twimg.com/media/EdtpixdWAAEnI_n?format=jpg&name=small,false,,,,,,NEGATIVE,5
9263,@usuario_9696d8f9,,Fumar un porro de marihuana será multado con 200 euros en Francia. https://ndo/fumar-un-porro-de-marihuana-sera-multado-con-200-euros-en-francia/…,https://pbs.twimg.com/media/EdyNev3WkAAr7n_?format=jpg&name=small,false,,,,,,NEGATIVE,5
9264,@usuario_6208959f,,#Entérate #Internacional Multa de más de 5 mil pesos por fumar un porro en Francia https://,https://pbs.twimg.com/media/EdywvqyXoAEg-rV?format=jpg&name=small,false,,,,,,NEGATIVE,5
9265,@usuario_66500aaf,,Fumar un porro será multado con 200 euros en Francia http://,https://pbs.twimg.com/media/EdyKaE9U0AEA2mB?format=jpg&name=small,false,,,,,,NEGATIVE,5
9266,@usuario_900dcc9d,,"Vine a almorzar con mi padre y me acaba de preguntar si me quiero fumar un porro.
Toy así",https://pbs.twimg.com/media/Ed3_4BxXgAUsUkL?format=jpg&name=small,false,,,,,,NEGATIVE,5
9267,@usuario_4d436f87,,"La llamé a mi abuela, le pregunté si le habían gustado los bombones que le había regalado y me dijo que estaban mejores que un porro",https://pbs.twimg.com/media/Ed4vEyUXYAsfuTj?format=jpg&name=small,false,,,,,,NEGATIVE,5
9268,@usuario_d4b3ca57,,"Multa de más de 5 mil pesos por fumar un porro en Francia
El gobierno de Francia anuncia que se impondría una multa de 200 euros (5 mil 200 pesos mexicanos) a los consumidores de drogas, principalmente de mariguana, a partir de septiembre",https://pbs.twimg.com/media/Ed4LanQXsAE0vcZ?format=jpg&name=small,false,,,,,,NEGATIVE,5
9269,@usuario_f369c530,,"Parece Kosovo, pero es Rosario. 
Loco paren un poco, se van al carajo. 
En principio es jurisdicción de Prefectura, que para llevarse a un pibe con UN porro en la mano cerca del río son Messi,para controlar quien cruza a las islas a batirla no. Lo de Entre Ríos es mundial. Quesos","https://pbs.twimg.com/media/Ed5JS_jXYAMF3bK?format=jpg&name=360x360,https://pbs.twimg.com/media/Ed5JTT4X0AAO1GH?format=jpg&name=360x360,https://pbs.twimg.com/media/Ed5JThLWsAIS1gk?format=jpg&name=360x360",false,,,,,,NEGATIVE,5
9270,@usuario_0ec52825,,parece que esta armando un porro,https://pbs.twimg.com/media/Ed9kU8VX0AMuBsU?format=jpg&name=small,false,,,,,,NEGATIVE,5
9271,@usuario_962fbbd9,,Mientras el estaba haciendo esto smanthe estaba fumandose un porro en alguna parte seguro,https://pbs.twimg.com/media/Ed9tL44XsAU5nEk?format=jpg&name=small,false,,,,,,NEGATIVE,5
9272,@usuario_1881d161,,"De la marihuana y el amor hay que cuidarse, dijo un amigo mio prendiendo un porro por falso amor",https://pbs.twimg.com/media/Ed_DK7WX0AAlAaR?format=jpg&name=small,false,,,,,,NEGATIVE,5
9273,@usuario_b2fbda4f,,"Como muchos sabéis soy una friki de los Sims, me bajé un mod de DROGAS para el juego porque me hacía gracia poder hacer que mi sim se fumase un porro o se emborrachase. Me estoy mirando el tutorial y I'M IN SHOCK","https://pbs.twimg.com/media/EeNGF71X0AEG7BK?format=jpg&name=small,https://pbs.twimg.com/media/EeNGGufWsAIwkXO?format=jpg&name=360x360,https://pbs.twimg.com/media/EeNGHfKXkAEMaED?format=jpg&name=small,https://pbs.twimg.com/media/EeNGI11X0AIUrKx?format=jpg&name=360x360",false,,,,,,NEGATIVE,5
9274,@usuario_58e7767e,,Coautor del homicidio en La Teja: “ahora hay que fumar un porro por ellos y festejar fue horrible”.▶️ https://,https://pbs.twimg.com/media/EehjP2qXsAA5Ti3?format=jpg&name=small,false,,,,,,NEGATIVE,5
9275,@usuario_02f4a6e9,,El líder de la Barra de Abogados @usuario_0688f76a fiel a su Historia un “Porro” con ínfulas de Abogado mercenario del Derecho y ofensor de la sociedad de ViceFiscal un Petardo y de líder de abogados un vende leyes,https://pbs.twimg.com/media/EewoYLlWoAssZEk?format=jpg&name=small,false,,,,,,NEGATIVE,5
9276,@usuario_f69fb4a1,,"VOCABULARIO GENERAL (""Spinster” = ""Solterona"") (Modo despectivo de referirse a las mujeres que llegan a los 40 y no se han casado porque Cupido debía de estar fumándose un porro cuando tenía que buscarles pareja)
Pron.: /‘spɪnstə/
(https://vocabulario-general-spinster.html…)",https://pbs.twimg.com/media/Eds1oWiXsAANnAg?format=png&name=240x240,false,,,,,,NEGATIVE,5
9277,@usuario_9bf2692b,,con todo esto de la guita a los drogados me acuerdo que tenía una amiga que los papa le encontraron un porro y la mandaban a reuniones de drogadictos —> terminaba la reunión y se iban a fumar uno todos a la plaza,https://pbs.twimg.com/media/Ee3NBtDXYAEz5x8?format=jpg&name=small,false,,,,,,NEGATIVE,5
9278,@usuario_6034461d,,"- Pero vos te fumaste un porro?
- No, vi el clásico...",https://pbs.twimg.com/media/Ee_4X5XX0Ac4B97?format=png&name=small,false,,,,,,NEGATIVE,5
9279,@usuario_718fdc37,,Esta semana soñé con Dwight Schrute detrás de un escritorio pidiendome que arme un porro y Donofrio dándome una escopeta por amenazas de que venían a secuestrarlo,https://pbs.twimg.com/media/Ee7-mIEX0AInrF9?format=jpg&name=small,false,,,,,,NEGATIVE,5
9280,@usuario_38984290,,Pobre México: necesitamos un Presidente y tenemos un porro.,https://pbs.twimg.com/ext_tw_video_thumb/1292826282414288896/pu/img/jQRS92scGmAj2-JP.jpg,false,,,,,,NEGATIVE,5
9281,@usuario_523da971,,"Solo por hoy, señor rector, emita un mínimo pronunciamiento sobre el comportamiento académico de John Ackerman. Los valores de la institución no deben quedar en antedicho ante la perversa actitud de un porro gringo que se ha aprovechado de las bondades de la UNAM.",https://pbs.twimg.com/media/EfOpP-WWsAE6ljH?format=jpg&name=small,false,,,,,,NEGATIVE,5
9282,@usuario_fc5567ca,,"Me voy a fumar un cigarrillo en el balcón. No sé si en mi pueblo será ya delito, pero q me quiten lo bailao. No creo q mi vecino llame a la policía..él estaba fumando un porro a las 8:00 a. m..( me ha llegado el olor) Ése estará durmiendo plácidamente😂😂😂😂😂",https://pbs.twimg.com/tweet_video_thumb/EfX_Cf9XgAItabo.jpg,false,,,,,,NEGATIVE,5
9283,@usuario_0f7f0e5d,,Un paciente me acaba de ofrecer un porro,https://pbs.twimg.com/tweet_video_thumb/EfeF0ADXsAAZdYT.jpg,false,,,,,,NEGATIVE,5
9284,@usuario_7e51a14c,,todas pensando que tenía un cuadernito y crayones para pintar y el flaco se está armando un porro JAJAJAJAJAJ,https://pbs.twimg.com/media/Efj6YLvWoAA5Suu?format=jpg&name=small,false,,,,,,NEGATIVE,5
9285,@usuario_af258b7b,,todas ven re tierna esta foto y yo estoy segurisima de q darren se habia fumado un porro,https://pbs.twimg.com/media/EfhAxT2XsAEOEwu?format=jpg&name=small,false,,,,,,NEGATIVE,5
9286,@usuario_cc65e30a,,"Me parece increíble que la policía no haga absolutamente nada cuando es ILEGAL ir sin mascarilla y no respetar la distancia de Seguridad, vergonzoso. Eso si q no te vean con un porro en el parque porq no sales de ahí. #subnormales",https://pbs.twimg.com/media/EfmhjbGXoAU84uE?format=jpg&name=small,false,,,,,,NEGATIVE,5
9287,@usuario_7434df84,,Yo pensando que estaba dibujando con crayones y se esta armando un porro:🤡,https://pbs.twimg.com/media/EfldUYPWoAMCUpL?format=jpg&name=small,false,,,,,,NEGATIVE,5
9288,@usuario_0a2c11f4,,¿Cómo le dices a alguien con esa cara de arrecho que se fuma el cigarro como si fuera un porro y luego escupe que no se recueste del carro?,https://pbs.twimg.com/media/EfuF-2GXYAAJrEh?format=jpg&name=small,false,,,,,,NEGATIVE,5
9289,@usuario_8d33c7e9,,"Qué obsesión con normalizar el consumo de drogas... Alguien me ofreció un porro y le dije que no... ""Pero tío, esto es natural... Son plantas..."" La cicuta también son plantas.",https://pbs.twimg.com/media/Ef7J5ubXkAAGAoV?format=jpg&name=small,false,,,,,,NEGATIVE,5
9290,@usuario_3d94b2af,,"- Antes de comenzar, ¿quieres un porro para relajarnos?
- Claro, ese género musical me gusta.",https://pbs.twimg.com/media/EgDfYOLWAAAPf6d?format=jpg&name=small,false,,,,,,NEGATIVE,5
9291,@usuario_48ffc5b3,,Cuando encuentran un porro en Dunder Mifflin y Dwight se pone a investigar de uniforme es uno de mis momentos favoritos de The Office.,"https://pbs.twimg.com/media/EgF45HIX0AAlUaB?format=jpg&name=360x360,https://pbs.twimg.com/media/EgF45zeXkAIK340?format=jpg&name=360x360,https://pbs.twimg.com/media/EgF46U0WsAAfjdN?format=jpg&name=360x360,https://pbs.twimg.com/media/EgF464DXoAAi1Yy?format=jpg&name=360x360",false,,,,,,NEGATIVE,5
9292,@usuario_19e65f52,,"Eso es lo malo de ser un porro inculto 
y no un verdadero político.",https://pbs.twimg.com/media/EgJe9FIU4AEQtfa?format=jpg&name=small,false,,,,,,NEGATIVE,5
9293,@usuario_559e55c6,,"No cabe duda que el sistema político en México está en franca decadencia. 
Pelear para que un porro fantoche simulador presida la H. Cámara de Diputados no tiene nombre.",https://pbs.twimg.com/media/EggduxFVoAAJhih?format=jpg&name=small,false,,,,,,NEGATIVE,5
9294,@usuario_c02749df,,"Kheeee? A no chicos, esta mujer se fumó un porro, no puede decir tantas  estupideces en un solo párrafo  https:///jexhmk/status/1299373874111541248…",https://pbs.twimg.com/media/EghflqZUwAAZGnr?format=jpg&name=small,false,,,,,,NEGATIVE,5
9295,@usuario_00a780c6,,"LO PRIMERO ES VOTAR, VAMOS A SALIR DE ESTE PROBLEMA, !! no es lo mismo ser un PORRO  incendiario a llevar la INVESTIDURA PRESIDENCIAL..",https://pbs.twimg.com/media/EgnUszJWoAAJcnn?format=png&name=360x360,false,,,,,,NEGATIVE,5
9296,@usuario_51338871,,"Sobre Bill Gates: fue fundamental para la erradicación de la polio en África anunciada hace cuatro días.

Poca cosa para algunos como tú, pero créeme que es más importante que fumarse un porro del tamaño de una berenjena.","https://pbs.twimg.com/media/EgoBZfnXYAkBarQ?format=jpg&name=small,https://pbs.twimg.com/media/EgoBZfnXkAEHDYI?format=jpg&name=small",false,,,,,,NEGATIVE,5
9299,@usuario_c4b0464c,,"Trajimos esta de Uruguay y nunca se usó. Con mi marido somos de la generación q mucho Sui Generis y Rasguña Las Piedras, pero nunca un porro ni nada q se le asemeje 🙄🤷🏼‍♀️😬",https://pbs.twimg.com/media/Eg7JnezXsAEzVAv?format=jpg&name=900x900,true,,,,,,NEGATIVE,5
9300,@usuario_607c330b,,Al panita se le bajó el azúcar porque  él cree en que fumarse un porro es romper el ayuno 😂😂,https://pbs.twimg.com/media/EhBP3XhWsAQsgQZ?format=jpg&name=small,false,,,,,,NEGATIVE,5
9301,@usuario_c5672a7d,,"UN COMPAÑERO SE ESTABA FUMANDO UN PORRO Y TENIA EL MICROFONO PRENDIDO, SE ESCUCHABAN LAS SECAS Y EMPEZO A TOSER A LO LOCO JAJAJAJAJ
LA PROFE:",https://pbs.twimg.com/media/EhFzCniWoAMsDVT?format=png&name=small,false,,,,,,NEGATIVE,5
9302,@usuario_b484b282,,Me levanté a hacerme una chocolatada y mí vieja se estaba fumando un porro,https://pbs.twimg.com/media/EhQqHT0WkAA4S0a?format=jpg&name=small,false,,,,,,NEGATIVE,5
9303,@usuario_41a1f766,,Encima q se arma un porro con una hoja d Biblia me quiere arrastrar con ella,https://pbs.twimg.com/media/EhRN2ubX0AE0ueY?format=jpg&name=small,false,,,,,,NEGATIVE,5
9304,@usuario_71ef883c,,"Lo mejor que me ha pasado hoy es que mi tía (aka, la sargento que me crió) me recomiende para mis dolores...""gel de cannabis, tranquila, no te coloca como un porro"".",https://pbs.twimg.com/tweet_video_thumb/EhlzjFcXkAAjtwI.jpg,false,,,,,,NEGATIVE,5
9305,@usuario_5a5f2e51,,"#BarbosaGolpeadorLa represión física no es de un gobernante político, sino de un ""porro"" político.",https://pbs.twimg.com/media/EhjzoqHWoAAZoSE?format=jpg&name=small,false,,,,,,NEGATIVE,5
9306,@usuario_7e0b7cc2,,"en un momento de muchísima confusión mi madre admitió haberme robado un porro y fumárselo para ver cómo se sentía. 
unexpected secuencia.",https://pbs.twimg.com/media/EhxL84oXYAIC8b8?format=jpg&name=small,false,,,,,,NEGATIVE,5
9307,@usuario_215378c0,,"Pero es que esto no tiene sentido, ya que un porro criminal evidencie lo que hace y pagado por quién y siga libre, con todo el respaldo de la misma oposición en la persona de los gobernadores que deberían procurar el orden de sus respectivos Estados, ya es una locura.",https://pbs.twimg.com/media/EhxO3PMWoAUPmPt?format=jpg&name=small,false,,,,,,NEGATIVE,5
9308,@usuario_c7740b3d,,La ciencia habla: ¿Qué hace más daño al cerebro: una copa o un porro de marihuana? http://,https://pbs.twimg.com/media/Ehz4FjpWAAos0j1?format=jpg&name=small,false,,,,,,NEGATIVE,5
9309,@usuario_a5b3e412,,Oye @usuario_f8951192 que te pasa?? Tú quién eres para hablarle así al Presidente?? Te convertiste en un porro más de la pedorra oposición?? El Presidente NO ES la pilmama de nadie para andar educando a sus seguidores!! Pésima tu intervención!!,https://pbs.twimg.com/tweet_video_thumb/Eh9oEwQXkAAxVv8.jpg,false,,,,,,NEGATIVE,5
9310,@usuario_d5d4bdad,,Nada me da más cringe que ver a un pendejo fumar un porro y lo pública en fb ó ig. En serio es superficial y aburre,https://pbs.twimg.com/media/Eh92KoiXcAAv4eE?format=jpg&name=small,false,,,,,,NEGATIVE,5
9311,@usuario_30546ffe,,Embalé una lámpara para mandarle a mi amigo que vive lejitos y quedó como un porro gigante,https://pbs.twimg.com/media/EiDgHssWoAEJ-Jr?format=jpg&name=small,false,,,,,,NEGATIVE,5
9312,@usuario_9c138a1d,,"Los vándalos no respetan a nadie pasan por encima de ancianos, mujeres y niños, matan policías destruyen bienes públicos y su mundo gira al rededor de un porro y nada les importa ..",https://pbs.twimg.com/media/EiEFyiPXsAA07CU?format=jpg&name=small,true,,,,,,NEGATIVE,5
9313,@usuario_a0324558,,"mi sobrinita esta viendo dibujitos y mi vieja acota ""se fumaron un porro esas hormigas""",https://pbs.twimg.com/media/EiC_KPhXYAAZXaC?format=jpg&name=small,false,,,,,,NEGATIVE,5
9314,@usuario_edf1a96f,,"Mi jefa me dijo ""Paula alguna vez te fumas un porro?""",https://pbs.twimg.com/media/EiNyqA_WsAABi30?format=jpg&name=small,false,,,,,,NEGATIVE,5
9315,@usuario_d68cfedf,,"Parece que me este liando un porro, pero estoy comiendo muy concentrado una barrita energética.",https://pbs.twimg.com/media/EiRo73_X0AI2a1o?format=jpg&name=small,false,,,,,,NEGATIVE,5
9316,@usuario_e0d75687,,Sobraban todos menos 1 y justo era el que se quería ir. El resto sigue menos 1. Un porro todo.,https://pbs.twimg.com/media/Eirb1skXcAAgwI5?format=jpg&name=small,false,,,,,,NEGATIVE,5
9317,@usuario_b6585a40,,"Aunque tu perspectiva sobre la situación tenga un sesgo racista no pasa nada, porque dices la palabra ""colectivo"" y automáticamente eres más progre que fumarte un porro con el Ché Guevara en la casa de Pablo Iglesias.",https://pbs.twimg.com/media/EiyotXDX0AMIbQz?format=jpg&name=small,false,,,,,,NEGATIVE,5
9318,@usuario_8bf50f58,,"Los atardeceres de #Montería 😍, y si suena un porro a orillas del Río Sinú, mejor todavía. #WeLoveMonteria",https://pbs.twimg.com/ext_tw_video_thumb/1309651597694251013/pu/img/3Qm5CBUIbHC2xJrS.jpg,false,,,,,,NEGATIVE,5
9319,@usuario_3c4bc0da,,Aunque le duela a la chairiza la realidad es que nos gobierno un porro dinosaurio inepto mitotero aunque se vendió como un mesías salvador🙄#Nessios #LaLigaMitica,https://pbs.twimg.com/media/Eiz27FMWAAE02Ra?format=jpg&name=small,false,,,,,,NEGATIVE,5
9616,@usuario_37dfad78,,me tome una pasti d dormir y me fume un porro mood,https://pbs.twimg.com/media/EQOcnVGWAAAGgpG?format=jpg&name=small,false,,,,,,POSITIVE,5
9320,@usuario_2cefe85b,,🔴ULTIMA HORA GP RUSIA🔴El piloto de McLaren Lando Norris investigado por supuestamente ofrecer un porro a Raikkonen (Alfa Romeo) en los entrenamientos libres 3 mientras ambos estaban en pista.,https://pbs.twimg.com/media/Ei4Pc1lXsAEZrc6?format=jpg&name=small,false,,,,,,NEGATIVE,5
9321,@usuario_2913032a,,"#TrapLatino  anoche subieron aqui una historia donde Sebas mandaba saludo a una Pagina Latina de Trap.
Entre en miedo porque  con  Khea, Duki, curada de espanto.
Ni una foto mostrando fumar un porro. Y mensajes CLAROS: estudiar y luego el trap o el rap@usuario_2e2fd169","https://pbs.twimg.com/media/Ei2tmZdXYAYwowg?format=jpg&name=360x360,https://pbs.twimg.com/media/Ei2t65fWoAEcAAK?format=jpg&name=360x360,https://pbs.twimg.com/media/Ei2uKM5XcAAXJt1?format=jpg&name=360x360,https://pbs.twimg.com/media/Ei2udU3XYAEC0if?format=jpg&name=360x360",false,,,,,,NEGATIVE,5
9322,@usuario_f9ede0c0,,"esta drogado mi layout, parece que me fume un porro antes te hacerlo pero igual no fui yo quien lo hizo, fue pinkie pero a pesar de eso le quedó re lindo vieron",https://pbs.twimg.com/media/EjAbpabWAAIRzFx?format=jpg&name=small,false,,,,,,NEGATIVE,5
9323,@usuario_0ca10e4a,,le pregunté en clase a mi amigo como se hacía un porro y me hizo un dibujito y todo JAJSJAJSJAJAJ,"https://pbs.twimg.com/media/EjBF6WpWsAMUWQW?format=jpg&name=small,https://pbs.twimg.com/media/EjBF6WnXgAAH1lI?format=jpg&name=small",false,,,,,,NEGATIVE,5
9324,@usuario_07d611ac,,"Así empezó la jodita de Bolsonaro. Le daban espacio en un programa donde decía sus barbaridades como que torturaría a su hijo si lo encontrará fumando un porro o que no iba a tener un hijo gay porque le dio buena educación a sus hijos.
El programa era la versión brasileña de CQC",https://pbs.twimg.com/ext_tw_video_thumb/1311007380189184004/pu/img/Yu_x4RbGQZNR0emp.jpg,false,,,,,,NEGATIVE,5
9325,@usuario_3600d0d9,,la que se fumo un porro es mi vecina,https://pbs.twimg.com/media/EjLx3CPXgAAdMh-?format=jpg&name=900x900,false,,,,,,NEGATIVE,5
9326,@usuario_40adbc4a,,"Trump, un porro. Biden, timorato. Caótico el debate de principio a fin con un moderador rebasado y débil .
Pobres electores !",https://pbs.twimg.com/media/EjIXPG5XkAArLqi?format=jpg&name=small,false,,,,,,NEGATIVE,5
9327,@usuario_fe709f51,,"Es ridículo cómo el haber sido acusado de ‘fumarse un porro’ en la década de 1970 ha seguido a algunos habitantes de Colorado a lo largo de sus vidas y se ha interpuesto en su éxito personal”, dijo el gobernadora Polis.  https://10/01/gob-jared-polis-perdona-mas-de-2-mil-condenas-por-marihuana/…",https://pbs.twimg.com/media/EjRQ7PCWoAog3Sf?format=jpg&name=small,false,,,,,,NEGATIVE,5
9328,@usuario_d45d859e,,"cuando salió este shoot yo imite esta foto sin saber que miley estaba haciendo como que fumaba un porro supongo, y la subí a facebook 😭 el  único me gusta que tuve fue de mi tía que hace poco me puse a dudar si se drogaba, ahora todo cuadra 💀",https://pbs.twimg.com/media/EjTNC0AWAAEpMAX?format=jpg&name=small,false,,,,,,NEGATIVE,5
9329,@usuario_c71002f8,,"noooo no no no me drogo no me drogue no me voy a drogar dejen de decirme que piensan q lo hago pq ""tengo cara"" los odio hijos de puta no se ni armar un porro, solamente se abrir latas de birra y usar narguila",https://pbs.twimg.com/tweet_video_thumb/Eja0lxCXcAI-tVr.jpg,false,,,,,,NEGATIVE,5
9330,@usuario_6e298545,,se acuerdan cuando salió esta foto la mitad del fandom decía que eran crayones para dibujar y la otra mitad lloraba porq querían fumarse un porro con louis,"https://pbs.twimg.com/media/EjbLqkNWAAIcnvi?format=jpg&name=360x360,https://pbs.twimg.com/media/EjbLq1xXgAE8poR?format=jpg&name=360x360",false,,,,,,NEGATIVE,5
9331,@usuario_6739c04c,,"Uno me mandó para que le tatue ""una chala fumándose un porro con los ojos re locos"". 
Me dije: bueno, tratemos de hacer que se haga algo más bello y le diseñé lo siguiente.

Cuando lo vio me dijo 'uhhh alto diseño....pero ponele los ojos y el porro'.

RENUNCIO",https://pbs.twimg.com/media/EjXfs5GXcAIKgxL?format=jpg&name=900x900,false,,,,,,NEGATIVE,5
9332,@usuario_6739c04c,,Y al final tuve que diseñar la chala re loca fumándose un porro nomai,https://pbs.twimg.com/media/Ejgu1KXXsAYX9e0?format=jpg&name=900x900,false,@usuario_6739c04c,,"Uno me mandó para que le tatue ""una chala fumándose un porro con los ojos re locos"". 
Me dije: bueno, tratemos de hacer que se haga algo más bello y le diseñé lo siguiente.

Cuando lo vio me dijo 'uhhh alto diseño....pero ponele los ojos y el porro'.

RENUNCIO",https://pbs.twimg.com/media/EjXfs5GXcAIKgxL?format=jpg&name=240x240,false,NEGATIVE,5
9333,@usuario_599b20f9,,Estaba viendo este gráfico sobre distintas drogas y la relación de dependencia/daño físico q producen y lo q + me sorprendió fue el hecho de q vemos mucho + normal a una persona tomado 5 shots de tekila a ver alguien con un porro siendo q una es + dañina q la otra... en fin qcyo,https://pbs.twimg.com/media/Ejhfzh8XYAEg5Hr?format=jpg&name=small,false,,,,,,NEGATIVE,5
9334,@usuario_44c15543,,Imagínense ser mi vecino y descubrir un porro entre tus plantas porque a los vecinos de arriba se les cayó del balcón,https://pbs.twimg.com/media/EjmBe2uXgAs0xyT?format=jpg&name=small,false,,,,,,NEGATIVE,5
9335,@usuario_0409eb88,,"Me vuelve a interrumpir para darme una Pop Tart (imagen), y decirme: ""fumate un porro y cuando estés en el punto más alto, comé una Pop Tart. Te va a cambiar la vida"".
Se dio vuelta y siguió trabajando.",https://pbs.twimg.com/media/Ej0CgAGVoAUS4dT?format=jpg&name=small,true,,,,,,NEGATIVE,5
9336,@usuario_7ab77c23,,no sé si es tyler pero parece que se fumó un porro dios apenas se movía,https://pbs.twimg.com/media/EkFud4HX0AA0xH4?format=jpg&name=small,false,,,,,,NEGATIVE,5
9337,@usuario_665b1453,,"En toda celebración siempre aparece un adolescente idiota, con granos y coleta. Vestido para dar la nota y hacer un gesto maleducado, para luego contarlo a los colegas mientras se pasan un porro y unos kalimotxos.
Ese es @usuario_9e235382 , el adolescente ""malote"". Ridículo.",https://pbs.twimg.com/tweet_video_thumb/EkIV1e0WkAA2a4w.jpg,false,,,,,,NEGATIVE,5
9338,@usuario_45563524,,Ojo. Os voy a demostrar una foto bailando la jota   no se rían. Siempre fui un porro para el baile. Lo raro es que llevara el paso correcto. Os pido eso sí no se la muestren al Mulillero @usuario_bd90a477 @usuario_f803a61b,https://pbs.twimg.com/media/EkM07ubXYAAPePF?format=jpg&name=small,false,,,,,,NEGATIVE,5
9339,@usuario_a580dba3,,"Ahora me entero que existe el Adobe xd, parece la versión light por si te has fumado un porro.",https://pbs.twimg.com/media/EkXoEI4WAAEwqT6?format=png&name=small,false,,,,,,NEGATIVE,5
9340,@usuario_1f0eea54,,"Recordemos que este ""sr"" filmó a su pareja mientras revolvía la basura buscando un porro",https://pbs.twimg.com/media/EkWbVlOXkAIalVI?format=jpg&name=small,false,@usuario_10a8da3e,,,,false,NEGATIVE,5
9341,@usuario_0e2e0749,,Se ha hecho un lifting de pestañas o se ha fumado un porro?,https://pbs.twimg.com/media/EkcGvbDXUAA30o-?format=jpg&name=900x900,false,,,,,,NEGATIVE,5
9342,@usuario_6500d9a9,,"Literal hoy un paciente de 72 años me ha dicho que le ha traído su mujer una porra para desayunar, y que hubiera preferido un porro... No he podido hacer menos que mearme de la risa con el en la habitación",https://pbs.twimg.com/tweet_video_thumb/EkyZjiUXUAAByjw.jpg,false,,,,,,NEGATIVE,5
9343,@usuario_663e2013,,"sigo a un chaval en insta y real que 9 de 10 stories que sube al dia, son de porros, o de él fumando porros o diciendo que quien se va con él a fumarse un porro",https://pbs.twimg.com/media/Ek375HPW0AEs3OE?format=jpg&name=small,false,,,,,,NEGATIVE,5
9344,@usuario_f33b9e52,,"yo soy parte de la raza que pensó que ashton iba a encender una vela, y en realidad se estaba fumando un porro",https://pbs.twimg.com/media/Ek_M-cLWMAUdFaW?format=jpg&name=small,false,,,,,,NEGATIVE,5
9345,@usuario_bb3f5dbd,,yo pensaba que iba a prender una velita o algo asi y el loco se termino fumando un porro,"https://pbs.twimg.com/media/Ek_OSB_X0AEOP4L?format=jpg&name=small,https://pbs.twimg.com/media/Ek_OSwNWMAAFuX0?format=jpg&name=small",false,,,,,,NEGATIVE,5
9346,@usuario_2f2a80e6,,pense que estaba prendiendo una velita y se prendio un porro,https://pbs.twimg.com/media/Ek_KUQjW0AAV_U_?format=jpg&name=900x900,false,,,,,,NEGATIVE,5
9347,@usuario_9bacf210,,"Mi tl se divide entre las treceañeras que se quejan que se fume un porro y después están las intelectuales que le lloran porque se fumó un porro.
Amo a este fandom","https://pbs.twimg.com/media/Ek_XauXWAAASv0P?format=jpg&name=small,https://pbs.twimg.com/media/Ek_XbidXYAEN-JV?format=jpg&name=360x360,https://pbs.twimg.com/media/Ek_Xb7XW0AAzbty?format=jpg&name=360x360",false,,,,,,NEGATIVE,5
9348,@usuario_77605f75,,calum y ashton se estan fumando un porro sepanlo,https://pbs.twimg.com/media/ElIPvTEXEAUYXmy?format=jpg&name=small,false,,,,,,NEGATIVE,5
9349,@usuario_5fdca589,,Un camello se delata al fumar un porro en una céntrica plaza de Vigo y ahora afronta 5 años de cárcel http://,https://pbs.twimg.com/media/ElEUnXeXEAAMcKt?format=jpg&name=small,false,,,,,,NEGATIVE,5
9350,@usuario_673823be,,"Un amigo me dijo que la comida y comer estaba sobrevalorado, pero que lo que él más disfrutaba en el mundo era despertarse, fumarse un porro y tomarse un chocolate caliente...Yo me hice la güevona porque me dió miedo que me dijera que el sexo era pecado o algo así.",https://pbs.twimg.com/tweet_video_thumb/ElSfXuLWMAAk8KX.jpg,false,,,,,,NEGATIVE,5
9351,@usuario_2cd36886,,"Todos tenemos un amigo, que sus fosas nasales fueron desarrolladas nivel canino antidrogas de aduana y te detecta un porro a kilómetros a la legua",https://pbs.twimg.com/media/ElQ3mTmXIAAs1KQ?format=jpg&name=small,false,,,,,,NEGATIVE,5
9352,@usuario_68533b78,,"El verdadero rey, un alto intelecto, inteligencia, responsable de la muerte de muchos, un hijo de puta, no le importa nada ni nadie, altas fachas, un porro siempre y lo más importante que a pesar de todo sigue vivo y regresa para hacer lo que se le da mejor, nunca lo subestimen",https://pbs.twimg.com/media/ElcqlkmXgAEtI0D?format=jpg&name=small,false,,,,,,NEGATIVE,5
9353,@usuario_5ecae091,,"- Yo: Buenos días, ¿por qué vino al hospital?
- Paciente de 68 años: me rompí la cadera desde marzo pero no venía por la pandemia
- ¿Y cómo le hacía para aguantarse el dolor?
- Me tomaba paracetamol y ketorolaco pero como no me hacían efecto, me comencé a fumar un porro diario.",https://pbs.twimg.com/tweet_video_thumb/Elb-qreVgAAreVw.jpg,false,,,,,,NEGATIVE,5
9354,@usuario_bdca9672,,"Mi padre creyéndose que estaba fumándome un porro, y estaba quemando romero",https://pbs.twimg.com/tweet_video_thumb/ElsNgUXXgAEZSIH.jpg,false,,,,,,NEGATIVE,5
9355,@usuario_76a6458e,,Tú no puedes sentarte hablar con tu hijo de lo mala que es la droga mientras te lías un porro o te metes unas rayas delante de él. Tú no puedes confinar u obligar a unas normas o leyes cuando te las saltas.,https://pbs.twimg.com/media/Elu_abTX0AEQ-2n?format=jpg&name=small,false,,,,,,NEGATIVE,5
9415,@usuario_9c26e876,,Acaba de salir la frase de “se hizo un porro y se murió” y yo me acuerdo de @usuario_27495b42,https://pbs.twimg.com/tweet_video_thumb/EqMUsL2XIAE_wFe.jpg,false,,,,,,NEGATIVE,5
9356,@usuario_977fb378,,"El evasor de impuestos  más grande de México, el que siempre fue un  porro hoy dice golpistas a los que intentan ver por su estado y aplicar al mismo lo recaudado, no hay de otra porque el gobierno federal no da presupuesto para nada.#DeBuenasIntencionesLa4tLlenoLosPanteones",https://pbs.twimg.com/media/El27xg1XYAEHhIX?format=jpg&name=small,false,,,,,,NEGATIVE,5
9357,@usuario_54de3f34,,Alguien más ha visto lo que yo he visto? Parece que se está fumando un porro enorme 😂😂😂😂😂,https://pbs.twimg.com/media/El67pHMXgAAAbuN?format=jpg&name=small,false,,,,,,NEGATIVE,5
9358,@usuario_953057b0,,"Mientras medio EEUU ha legalizado total o parcialmente su uso, acá en Colombia nos siguen vendiendo el cuento de la guerra contra las drogas y la Policía sigue reteniendo en gente en CAI por un porro.",https://pbs.twimg.com/media/EmAVgkoXYAIgD0I?format=jpg&name=small,false,,,,,,NEGATIVE,5
9359,@usuario_531a32ec,,"El MC brasileño Marcelo D2 (@usuario_974b8b9c), pionero en la samba-rap, cumple hoy 53 años. Su apodo D2 es el acrónimo de ""de dois"" (dale dos), jerga brasileña que significa dar dos fumadas a un porro de marihuana. Mira esto y todos tus problemas se irán https://",https://pbs.twimg.com/media/EmEs-bZW0AILGjc?format=jpg&name=small,false,,,,,,NEGATIVE,5
9360,@usuario_4d2f49b0,,Soñé que me fumaba un porro con Robert Eggers en el baby shower de su hijo,https://pbs.twimg.com/media/EmJ-KNtX0AElnza?format=jpg&name=360x360,false,,,,,,NEGATIVE,5
9361,@usuario_c71fd5dd,,"#Histórico 9 noviembre 1967, sale el primer número de la revista Rolling Stone. Traía gratis una pinza para sostener un porro de marihuana. John Lennon estaba en la portada.",https://pbs.twimg.com/media/EmLh3hZXMAEB3El?format=jpg&name=360x360,false,,,,,,NEGATIVE,5
9362,@usuario_4783593b,,#Judiciales #RioNegroUn año y seis meses de prisión por un porro y quince gramos de marihuana ▶https://#estupefacientes #condena,https://pbs.twimg.com/media/EmdUjt2XMAALcwZ?format=jpg&name=small,false,,,,,,NEGATIVE,5
9363,@usuario_34ee908e,,"🔴 ENTONCES...

¿los mamertos amenazan con dejar de comprar la Revista Semana?🔴 los mismos mamertos qué dejaron quebrar Noticias Uno por flojera a verla...

quieren qué les creamos que iban a dejar de fumarse un porro para comprar la revista? 🤣",https://pbs.twimg.com/media/EmjVC7iVoAsne1-?format=png&name=small,false,,,,,,NEGATIVE,5
9364,@usuario_06cb6ef1,,.@usuario_d82f4f23 en @usuario_bb936327 sobre la despenalización y legalización de la marihuana: “NO ES EL CAMINO SOMETER A PROCESOS A CHICOS QUE TENGAN UN PORRO”.,https://pbs.twimg.com/ext_tw_video_thumb/1327252224406380546/pu/img/f1aDTqfdqrOV2hSO.jpg,false,,,,,,NEGATIVE,5
9365,@usuario_f139ad98,,"Que me toquen un porro sabanero
Que me toquen un porro es lo que quiero  🎶",https://pbs.twimg.com/media/EmuwJGQXcAQbDcN?format=jpg&name=small,false,,,,,,NEGATIVE,5
9366,@usuario_a2f34d56,,"Cada vez más países, como Argentina, legalizan el consumo de cannabis para uso medicinal. Si la policía sorprende a alguien fumando un porro, ¿puede alegar que está investigando una nueva vía clínica experimental contra el coronavirus?#PreguntasParaUnaPandemia",https://pbs.twimg.com/tweet_video_thumb/Em2aSxCXEAEi-LX.jpg,false,,,,,,NEGATIVE,5
9367,@usuario_986a547d,,Literalmente este vídeo tiene más de 6000 reproducciones y no es más que un tío fumandose un porro hablando de sucesos que el autor ni siquiera ha escrito,https://pbs.twimg.com/media/Em4tjSsXMAATKid?format=jpg&name=small,false,,,,,,NEGATIVE,5
9368,@usuario_3ed6081f,,"🌱Alberto: ""Someter a procesos a chicos que tengan un porro no es el camino"" https://",https://pbs.twimg.com/media/Em4Ja8JW4AIrN8J?format=jpg&name=small,false,,,,,,NEGATIVE,5
9369,@usuario_1b8dc6fa,,la miré rápido y pensé que se estaba armando un porro,https://pbs.twimg.com/media/Em8eMucW8AQsR9R?format=jpg&name=small,false,,,,,,NEGATIVE,5
9370,@usuario_51614cf5,,youtube se ha fumao un porro de dimensiones estelares,https://pbs.twimg.com/media/Em9UWuyXIAIBajC?format=jpg&name=small,false,,,,,,NEGATIVE,5
9371,@usuario_6285caf5,,esa vez q a mí hermana la asaltaron y dijo no te voy a dar nada pero tengo un porro y el chorro se lo aceptó se lo prendió y le devolvió el fuego,https://pbs.twimg.com/media/Em_iOqTXMAIYnnj?format=jpg&name=small,false,,,,,,NEGATIVE,5
9372,@usuario_cd792e30,,"José Rivera del movimiento cannabico mexicano se fuma un porro para protestar contra la nueva ley de regulación del Cannabis, en el @usuario_2c7aa10b",https://pbs.twimg.com/ext_tw_video_thumb/1329136962150817794/pu/img/GMMcyVttqEdSWBuZ.jpg,false,,,,,,NEGATIVE,5
9373,@usuario_609b1b6e,,"Por cosas cómo estás, odio el doble moralismo que sataniza un joven que se fuma un porro pero que hace apología al licor por medio de la música o emisoras como Olímpica Estéreo. Este fragmento es tomado del libro “Otro fin del mundo es posible” de @usuario_ef59c941",https://pbs.twimg.com/media/EnGq-rLXYAI9RjZ?format=jpg&name=small,false,,,,,,NEGATIVE,5
9374,@usuario_bda76060,,Esa nota de la nación me hace acordar a que una vez mi vieja nos dijo a mi hermano y a mí que si en algún momento nos encontraba un porro nos denunciaba,https://pbs.twimg.com/media/EnTYh4KXUAg6L-5?format=jpg&name=240x240,false,,,,,,NEGATIVE,5
9375,@usuario_2057f923,,BRIAN SE FUMO UN PORRO,https://pbs.twimg.com/media/EnRXZ_tXUAIwhnv?format=jpg&name=900x900,false,,,,,,NEGATIVE,5
10674,@usuario_91769334,,Vamos a tomar una linea,,true,,,,,,POSITIVE,2
9376,@usuario_89670934,,cuando pensaban q louis estaba pintando con crayolas cuando en realidad se estaba armando un porro JAJAJAJAJA ídolo,"https://pbs.twimg.com/media/EnUPOy9WMAMzRiK?format=jpg&name=small,https://pbs.twimg.com/media/EnUPPDXXUAQkdn_?format=jpg&name=small",false,,,,,,NEGATIVE,5
9377,@usuario_25cc856e,,"Me dijeron que no me estrese y que me fume un porro para relajar, pero soy ñoña y le dije: ""yo no fumo nada"", me sentí asi",https://pbs.twimg.com/ext_tw_video_thumb/1330946758671790081/pu/img/HFzcQl2hLZeRVtSe.jpg,false,,,,,,NEGATIVE,5
9378,@usuario_110ccb3f,,"🚔 La Policía Local de Cieza sancionó este jueves por la tarde a un joven al que sorprendió fumándose un porro y que, tras ser descubierto, se lo tragó, según recoge hoy el diario La Verdad que cita fuentes policiales

Más información:⬇️⬇️⬇️http://",https://pbs.twimg.com/media/En0Ml3RXcAMEIhp?format=jpg&name=small,false,,,,,,NEGATIVE,5
9379,@usuario_1458aa72,,Un porro que se tardo cuantos años en acabar la carrera y que apenas paso sus exámenes 👇,https://pbs.twimg.com/media/En7Xn34W4AIoeFe?format=png&name=small,false,,,,,,NEGATIVE,5
9380,@usuario_98d171b1,,"🥊 Mike Tyson admite que se fumó un porro antes del combate: ""No me afecta"" ➡️ https://",https://pbs.twimg.com/media/EoAUAuQXEAULrau?format=jpg&name=small,false,,,,,,NEGATIVE,5
9381,@usuario_f76e9fde,,Qué se puede esperar de un porro socialista que toda su vida ha estado sumergido en la mentira y en la corrupción DE TODOS LOS PARTIDOS POLÍTICOS QUE CONSIDERAN A LOS CIUDADANOS MEXICANOS COMO SI FUERAN ESTUPIDOS! Y cobra un sueldo pagado por los mexicanos!,https://pbs.twimg.com/media/EoGxTCVXEAMD8nF?format=jpg&name=small,false,,,,,,NEGATIVE,5
9382,@usuario_ea1a6183,,Me encontraron armando un tabaco y seguro pensaron que era un porro o algo así,https://pbs.twimg.com/media/EoHxXOQXMAMs049?format=jpg&name=360x360,false,,,,,,NEGATIVE,5
9383,@usuario_8840a305,,me da mucha risa que louis en los festivales de música o conciertos se le noten los ojitos inflamados seguro x fumarse un porro jajajja,"https://pbs.twimg.com/media/EoQad7zXEAMNUQb?format=png&name=small,https://pbs.twimg.com/media/EoQaf_uWEAIw84N?format=png&name=360x360",false,,,,,,NEGATIVE,5
9384,@usuario_49cb78b4,,"2 años , el desastre en todos los aspectos , salud , economia , seguridad .
México en manos de un porro resentido .
Voto util 2021!  https://",https://pbs.twimg.com/media/EoNhvK0VQAA2Aor?format=jpg&name=small,false,,,,,,NEGATIVE,5
9385,@usuario_42323dda,,"#InfoDeLaBuena ¿Qué efecto produce fumarse un porro? Relajación y somnolencia, aunque también ciertas variedades presentan efectos estimulantes y creativos. También desinhibición y torpeza. Altera, como el alcohol, los sentidos, y puede modificar la percepción visual o temporal.",https://pbs.twimg.com/tweet_video_thumb/EoUSdBJXIAAvbA8.jpg,false,,,,,,NEGATIVE,5
9386,@usuario_3f82ebac,,"¿Cómo dicen que los grupos familiares no son entretenidos? La secuencia de lo ocurre con una imagen que envía una tía, lo que responde otra tía  y la forma en la que mi papá la manda a fumarse un porro y a que no haga comentarios xenófobos😂, no tiene precio.","https://pbs.twimg.com/media/EkjcCeCWMAI_1sR?format=jpg&name=360x360,https://pbs.twimg.com/media/EkjcCnzXgAAZ0nz?format=jpg&name=360x360,https://pbs.twimg.com/media/EkjcCy7X0AYZBPV?format=jpg&name=360x360,https://pbs.twimg.com/media/EkjcC8aWkAELCqI?format=jpg&name=360x360",false,,,,,,NEGATIVE,5
9387,@usuario_0b198943,,Acabo de ver un video de como un tio completamente desnudo le hacía un agujero a una piña para fumarse un porro con ella.,https://pbs.twimg.com/media/EkpBn3-XIAIWCbF?format=jpg&name=small,false,,,,,,NEGATIVE,5
9388,@usuario_b7bd7e52,,el admin de eroda se fumo un porro y se puso a dar likes,"https://pbs.twimg.com/media/Eol00jFXYAIHwU6?format=jpg&name=360x360,https://pbs.twimg.com/media/Eol0049XEAA0Hk6?format=jpg&name=360x360",false,,,,,,NEGATIVE,5
9389,@usuario_e0b6bb9b,,"siempre que veo esta foto rápido pienso que Harry tiene un porro, perdón",https://pbs.twimg.com/media/Eo04eUvWMAIFoYA?format=jpg&name=small,false,,,,,,NEGATIVE,5
9390,@usuario_1fc8c794,,Cuando escucho un porro y recuerdo que no hay fiestas de enero:,https://pbs.twimg.com/media/EowaHoHXUAI65JR?format=jpg&name=small,false,,,,,,NEGATIVE,5
9391,@usuario_e66b39f9,,no parece que sea un porro parece una bebida  entonces porque lo tapan dios necesito saberlo,https://pbs.twimg.com/media/Eo03kuGWEAsjlAa?format=jpg&name=small,false,,,,,,NEGATIVE,5
9392,@usuario_76b4432d,,aquí está la pava fumandose un porro,https://pbs.twimg.com/media/Eo83KdgWEAEyRTp?format=jpg&name=small,false,,,,,,NEGATIVE,5
9393,@usuario_72bd74e5,,"La gente es profundamente retrasada. 

Comparar el horóscopo con el cristianismo...

En fin, que se puede esperar de un chaval que para estudiar tiene que fumarse un porro.",https://pbs.twimg.com/media/Eo8bgagXEAEQvpj?format=jpg&name=900x900,false,,,,,,NEGATIVE,5
9394,@usuario_79a937be,,A este fregasuelos le miras mal y te dedica una canción sobre lo falsa que eres mientras se lia un porro,https://pbs.twimg.com/media/EpCub9vXMAEsl6U?format=jpg&name=900x900,false,,,,,,NEGATIVE,5
9395,@usuario_c7740b3d,,La ciencia habla: ¿Qué hace más daño al cerebro: una copa o un porro de marihuana? https://,https://pbs.twimg.com/media/EpM9sdpXEAAkr82?format=jpg&name=small,false,,,,,,NEGATIVE,5
9999,@usuario_e632fdd5,,me acabo de fumar un porro,https://pbs.twimg.com/media/Ev5Z3MLWYAk9MVZ?format=jpg&name=small,false,,,,,,POSITIVE,5
9396,@usuario_0e1a745c,,"Mi madre dice que quería representar que estaban todos hablando en la manifestación pero luego dijo que en realidad parecía que todos se estaban fumando un porro ES QUE NO PUEDO JAJAJAJAJJAJA

Asi se queda profe",https://pbs.twimg.com/media/EpXvYJrXEAEx5s5?format=jpg&name=small,false,@usuario_0e1a745c,,"Para un trabajo de ELE he tenido que hacer 19 dibujos y el último era una manifestación con mucha gente y me ha dado mucha peresa así que le he dicho a mi madre que haga personas palito.

El resultado: NO PUC",https://pbs.twimg.com/media/EpXu9KSXMAA9B9-?format=jpg&name=240x240,false,NEGATIVE,5
9397,@usuario_cf1095ff,,Se graban fumandose un porro 🤡,,false,,,,,,NEGATIVE,5
9398,@usuario_1458aa72,,"AMLO ya sabemos que no es más que un porro y un charlatán. Dice que los pobres primero, que ayuda a los pobres pero ya vimos como prefirió inundarlos a ellos que a Dos Bocas, Y sabemos que quiere más pobres para dar limosnas. Donde Vive?. En un palacio. No lo ofende la pobreza.",https://pbs.twimg.com/media/Epdn_yFW4AMmg-a?format=png&name=small,false,,,,,,NEGATIVE,5
9399,@usuario_1ce0162f,,🍪Kief: ingrediente necesario para que un porro se transforme en un bomba.🌱El kief es muy fácil de hacer porque solo necesitas un buen picador y un buen cogollo.❗️Lee la nota completa acá👇🏽https://f-casero-y-que-se-puede-hacer-con-esta-potente-forma-de-marihuana/…#cosechalibre #420 #cannabiscommunity #kief,https://pbs.twimg.com/ext_tw_video_thumb/1339652349879590913/pu/img/K_He_ucB9L-p14Ui.jpg,false,,,,,,NEGATIVE,5
9400,@usuario_2f28a5b0,,"dije que no había polémica...hasta que ganó el premio de best video por wrecking ball y se fumó un porro en el escenario dando de que hablar, en verdad lo hizo porque los premios se celebraban en amsterdam tenía todo el sentido del mundo🤭",https://pbs.twimg.com/ext_tw_video_thumb/1252284767640436741/pu/img/iIjr3eU1CAMZR2eY.jpg,true,,,,,,NEGATIVE,5
9401,@usuario_eb53e77f,,"Nadie:
Enserio nadie:
Ni una sola persona:
Mis ojos de tanto llorar:

(encima mi vieja me dijo QUE PARECÍA QUE ME HABÍA FUMADO UN PORRO POR LO ROJOS QUE ESTÁN ok)",https://pbs.twimg.com/media/Epe7Q2_XcAUPbWm?format=jpg&name=360x360,false,,,,,,NEGATIVE,5
9402,@usuario_c3177fb4,,X te ofrece un porro 😳Aceptarías?,https://pbs.twimg.com/ext_tw_video_thumb/1339968882086440961/pu/img/Lrd2UfCT6_0YTH3Q.jpg,false,,,,,,NEGATIVE,5
9403,@usuario_c4e26049,,Rivadavia y Lavalle .. están armando un árbol de Navidad con botellas de cerveza de vidrio...faltaría el papá Noel con un porro en la boca y un fierro en la cintura.... Chupala new york...,"https://pbs.twimg.com/media/EpiU-9yWMAc0zc5?format=jpg&name=360x360,https://pbs.twimg.com/media/EpiU_lKXYAIs6FF?format=jpg&name=360x360",false,,,,,,NEGATIVE,5
9404,@usuario_c839f390,,si me viste con este pelo fúmate un porro y olvídate de ello,https://pbs.twimg.com/media/EpoiYfaW8Ac1WIW?format=jpg&name=900x900,false,,,,,,NEGATIVE,5
9405,@usuario_88b59a14,,"¿Sabes qué ocurre cuando te fumas un #porro?

El #cannabis es una #droga que se extrae de la planta Cannabis Sativa, cuyo principio activo, el #Tetrahidrocannabidol (THC), le confiere propiedades tanto depresoras como alucinatorias...👇👇👇",https://pbs.twimg.com/media/EptPChKWMAQ4K2n?format=jpg&name=small,false,,,,,,NEGATIVE,5
9406,@usuario_5f9adc17,,Soy yo o está monita parece que se está fumando un porro?,https://pbs.twimg.com/media/Epy0OUOUUAE-IVp?format=jpg&name=small,false,,,,,,NEGATIVE,5
9407,@usuario_a1fcd1eb,,"No hay más, eres una usurpadora o usurpador, borrar un porro de una foto no la convierte en tuya. #SuplantaciónDeIdentidad @usuario_a54c37cf @usuario_69657fcf  https://",https://pbs.twimg.com/media/EpwO1lNXYAAjZcW?format=jpg&name=small,false,,,,,,NEGATIVE,5
9408,@usuario_b074457b,,por q cancelaban a jack por esto? jakfjskdb aca vas a la plaza y ves a cualquier nene fumarse un porro mejor q el,https://pbs.twimg.com/ext_tw_video_thumb/954951853527019520/pu/img/IapFqU01mq7PARpc.jpg,false,,,,,,NEGATIVE,5
9409,@usuario_c9cff8fa,,"Creo qie twitter se fumó un porro, pero no uno normal, UNO DE 3 METROS",https://pbs.twimg.com/media/EpvZBjeXEAE8CwL?format=jpg&name=900x900,false,,,,,,NEGATIVE,5
9410,@usuario_0f81b169,,"Alguién se acuerda de este tipo de remeras, muy vendidas en locales dudosos de la costa, en las que venía por ejemplo Bart Simpson con la remera de platense tomando una quilmes, fumando un porro y una frase de callejeros arriba? Que flagelo la argentosimpsonización de todo.",https://pbs.twimg.com/media/Ep2jcpeW8AQ33F8?format=jpg&name=small,false,,,,,,NEGATIVE,5
9411,@usuario_14810177,,"Un porro frente a la muerte, abuela y nieto comparten un último canuto

Una abuela con cáncer terminal y su nieto compartieron un porro durante los últimos momentos de vida y lo capturaron en esta serie fotográfica. #LoMasLeido https:///un-porro-frente-la-muerte-abuela-y-nieto-comparten-un-ultimo-canuto…",https://pbs.twimg.com/media/EqBCEPtW8AI8Wjx?format=jpg&name=small,false,,,,,,NEGATIVE,5
9412,@usuario_20d96ded,,"Es palo santo, pero apenas lo vi pense que era un porro",https://pbs.twimg.com/media/EqAorhoW4AAntZv?format=jpg&name=900x900,false,,,,,,NEGATIVE,5
9413,@usuario_32e4e28f,,no me di cuenta q es un porro ayuda dormí muy pocas horas me traiciona mi cerebro ahre,https://pbs.twimg.com/media/EqHNfSoXMAYpvhC?format=jpg&name=small,false,,,,,,NEGATIVE,5
9414,@usuario_bf93c996,,Me acabo de hacer un cigarro como un porro con cartón porque mi madrastra se ha acabado todos mis filtros es que -,https://pbs.twimg.com/media/EqDfuQTXIAABXgb?format=jpg&name=small,false,,,,,,NEGATIVE,5
9416,@usuario_007f587b,,T-Rex con unos lentes oakley fumando un porro,https://pbs.twimg.com/media/EqNOUsdXIAEvNVc?format=jpg&name=small,false,@usuario_007f587b,,,,false,NEGATIVE,5
9417,@usuario_0e89affd,,"Hoy, al volver de clase me he encontrado a mi madre fumándose un porro. Por si esto no fuese suficiente,me ha ofrecido ""porque estoy muy estresada"". Tengo 16 años y estoy en plena sesión de exámen... https://",https://pbs.twimg.com/media/EqR4VvMXIAMSmzu?format=jpg&name=small,false,,,,,,NEGATIVE,5
9418,@usuario_575194f6,,Miren el saumerio parece un porro,https://pbs.twimg.com/media/EqQInVdXAAALFYy?format=jpg&name=small,false,,,,,,NEGATIVE,5
9419,@usuario_d110a24d,,Na mas sabroso que bailar un porro,https://pbs.twimg.com/ext_tw_video_thumb/1343298381049958400/pu/img/DeV1v6HvwmawHFBs.jpg,false,,,,,,NEGATIVE,5
9420,@usuario_26b1d99e,,¿Podemos hacer ya canon que en esta escena Harry y Ron se estaban fumando un porro? Gracias.,https://pbs.twimg.com/media/EqWojXIXYAES5Y0?format=jpg&name=small,false,,,,,,NEGATIVE,5
9421,@usuario_35a8ee24,,Admirad a mi padre de joven siendo terriblemente homosexual liandose un porro,https://pbs.twimg.com/media/EqXJ_44WMAIkeXB?format=jpg&name=small,false,,,,,,NEGATIVE,5
9422,@usuario_c57a7c8e,,"Literal que veo una cuenta anarka riéndose de comunistas, me meto en su perfil y el último tuit es que va a fumarse un porro",https://pbs.twimg.com/tweet_video_thumb/EqUTiCdXYAAAAnL.jpg,false,,,,,,NEGATIVE,5
9423,@usuario_c63cddab,,Ustedes pueden creer que uno de los piojosos malbañaos estos acaba de prender un porro dentro del colectivo. Con aire acondicionado,https://pbs.twimg.com/media/Eqb9jsGXMAMyr5q?format=jpg&name=900x900,false,,,,,,NEGATIVE,5
9424,@usuario_148e85d0,,y la verdad no m pinta una eso de fumarme un porro cndo se supone q luchamos para defender la vida de las mujeres pero bueno cada une cn lo suyo,https://pbs.twimg.com/media/Eqc4lavW4AAOT7-.jpg,false,,,,,,NEGATIVE,5
9425,@usuario_152842d7,,Nada mal...... Sería opción para rescatar a #Mexico de un Porro sin educación que pretende gobernar a nuestro país....,https://pbs.twimg.com/media/EqgKlFMVQAA2tQ1?format=jpg&name=small,false,,,,,,NEGATIVE,5
9426,@usuario_0fcc47a8,,Ayer no dije nada pero porque estáis tan seguras de que es un porro y no un piti de liar? Porque es que además luce como que luisita está encendiéndose el suyo también,https://pbs.twimg.com/media/EqjkgP8W8AAQ5VT?format=jpg&name=small,false,,,,,,NEGATIVE,5
9427,@usuario_9f13e962,,Atsumu le está prendiendo un porro a sakusa... y ustedes pensaban que lo vieron todo,https://pbs.twimg.com/media/EqoaxHhWMAAooDB?format=jpg&name=small,false,,,,,,NEGATIVE,5
9428,@usuario_5aa4b584,,la gente que se cree re zarpada por fumarse un porro en una plaza,https://pbs.twimg.com/media/Eqww5wVXYAgFHa_?format=jpg&name=small,false,,,,,,NEGATIVE,5
9429,@usuario_3dba35fe,,El continuo cambio de integrantes de Jethro Tull en los setenta se debía a la cero tolerancia de don Ian Anderson a las drogas. “Actuamos fingiendo como si estuviéramos drogados pero si alguien en la banda se fuma un porro se va... >>,https://pbs.twimg.com/media/EqvWOK7WMAEWIT-?format=jpg&name=small,false,,,,,,NEGATIVE,5
9430,@usuario_c22273d8,,"Cuándo apoyaste un pseudo partido y a un porro, y te arrepientes al ver lo miserables que son.

Simpatizantes renuncian a Morena y atacan con todo a López Obrador. Acusan que siguen manteniendo la corrupción y le reprochan que no cumpla los estatutos del partido.

Más pruebas?",https://pbs.twimg.com/ext_tw_video_thumb/1345630713492733952/pu/img/NcLJjm9PuZOmKBu-.jpg,false,,,,,,NEGATIVE,5
9431,@usuario_feaa030f,,Mientras me tomaba esta foto no dejaba de cantar mentalmente “como todo sabanero me emociono cuando escucho un porro 🎶”,https://pbs.twimg.com/media/Eq0dwcsXAAM7y4l?format=jpg&name=900x900,false,,,,,,NEGATIVE,5
9432,@usuario_8b3525f4,,"""Ojú shiquillo qué peste!"" ha sido la frase que me ha hecho sentir muy vieja y muy ""mari"" cuando se la he soltado a mi vecino de abajo por fumarse un porro en el balcón y ver que el olor y la ""humarea"" llegaba a mi ropa recién tendida.",https://pbs.twimg.com/tweet_video_thumb/Eq0MlFdXMAEscQE.jpg,false,,,,,,NEGATIVE,5
9433,@usuario_6029dca5,,Google se fumó un porro bárbaro,https://pbs.twimg.com/media/EqxittoXEAIRGCQ?format=jpg&name=small,false,,,,,,NEGATIVE,5
9434,@usuario_cf17ae0b,,"Un porro igual que el kkas pero de universidad privada, nunca ha trabajado, sólo busca huesos y hace grilla, así lo veo",https://pbs.twimg.com/media/Eq5CV0lW8AYe5Ej?format=jpg&name=small,false,,,,,,NEGATIVE,5
9435,@usuario_98fb542d,,M ha salió esta foto y os juro k pensaba k era un porro JAJAJAJAJAJAJAJAJAJAJ,https://pbs.twimg.com/media/Eq_n3CvXIAEfnYI?format=jpg&name=small,false,,,,,,NEGATIVE,5
9436,@usuario_b670c0a3,,se estaba armando un porro?,https://pbs.twimg.com/media/Eq_OppUXEAI9q1_?format=jpg&name=small,false,,,,,,NEGATIVE,5
9457,@usuario_d3e60725,,"zayn fumándose un porro, comentando su live mientras escuchaba su álbum y comentaba que se siente orgulloso de ese álbum y no conforme la felicidad que se le veía",https://pbs.twimg.com/media/Er7JCy4XAAAuNo4?format=jpg&name=small,false,,,,,,NEGATIVE,5
9437,@usuario_cd2966c1,,"un blog con recomendaciones de lo que no hay que hacer cuando ponés una casa en alquiler: fotos con arbolitos de navidad nunca, y estos ejemplos de gente drogada decidiendo poner en alquiler su casa mientras fuman un porro en el jardín y buscan bajón en la cocina tampoco.","https://pbs.twimg.com/media/Eq-S73mWMAAO9cM?format=png&name=small,https://pbs.twimg.com/media/Eq-S73qXUAANQvJ?format=png&name=small",false,,,,,,NEGATIVE,5
9438,@usuario_ea6c578a,,Hoy me mandaron la foto de un porro a modo de hola sjsjsjsjs maneras de iniciarme la conversación,https://pbs.twimg.com/media/Eq8U3QQW8AAd4Dl?format=jpg&name=900x900,false,,,,,,NEGATIVE,5
9439,@usuario_64a0ed76,,me acuerdo que algunos pensaban que estaba usando crayones pero en realidad se estaba armando un porro,https://pbs.twimg.com/media/ErDt5n5XMAAT1y8?format=jpg&name=small,false,,,,,,NEGATIVE,5
9440,@usuario_f98a3162,,Cuando el man de la mesa del lado tose || Pero es porque se está fumando un porro.,https://pbs.twimg.com/media/ErDskIGXUAQfgFz?format=jpg&name=small,false,,,,,,NEGATIVE,5
9441,@usuario_1db75e6d,,Las de ig se fuman un porro cada vez que hacen edits,https://pbs.twimg.com/media/ErG2b1_W8AMZGPr?format=jpg&name=900x900,false,,,,,,NEGATIVE,5
9442,@usuario_8b099d1c,,Acabo de ver a dos pingüinos fumando se un porro en un banco del Parque Mayor #Alcorcón,"https://pbs.twimg.com/media/ErPua3SW8AEJCPa?format=jpg&name=360x360,https://pbs.twimg.com/media/ErPubXcXAAANIRn?format=jpg&name=360x360,https://pbs.twimg.com/media/ErPub2LXYAM5ynf?format=jpg&name=360x360,https://pbs.twimg.com/media/ErPucTEW8AAAMGB?format=jpg&name=360x360",false,,,,,,NEGATIVE,5
9443,@usuario_9a0512f9,,"En Sanse nos ha adelantado un chico fumando un porro en un trineo.
Que el barrio no pierda nunca su esencia.",https://pbs.twimg.com/media/ErTEuibXAAIFDrX?format=jpg&name=small,false,,,,,,NEGATIVE,5
9444,@usuario_093864ba,,"Me esta explicando por que no es bueno fumar porros a diario mientras se hace un porro, que maravilla",https://pbs.twimg.com/media/Erkdxr0WMAIsSOQ?format=jpg&name=900x900,false,,,,,,NEGATIVE,5
9445,@usuario_db70ce28,,tranquilamente lo podría ver acá en zona oeste en una vereda tomando esa birra con amigos y fumándose un porro a la tardecita no me jodan,https://pbs.twimg.com/tweet_video_thumb/ErlA5ejXEAIvU4T.jpg,false,,,,,,NEGATIVE,5
9446,@usuario_a8817bd1,,"yo me pregunto, porque el weon que se fuma un porro en la esquina de mi pasaje no se ve así?","https://pbs.twimg.com/media/ErkxExRWMAAR9y3?format=jpg&name=360x360,https://pbs.twimg.com/media/ErkxFO8W4AA2tPB?format=jpg&name=360x360",false,,,,,,NEGATIVE,5
9447,@usuario_f0980095,,La persona más rica del planeta chingandose un porro y tú diciendo que la marihuana huele a pobreza jsjs,https://pbs.twimg.com/media/ErqoYLUUwAAnrAt?format=jpg&name=small,false,,,,,,NEGATIVE,5
9448,@usuario_7f3cd168,,Elon Musk la persona más rica del planeta chingandose un porro y tú diciendo que la marihuana huele a pobreza...,https://pbs.twimg.com/media/EryHWUMXcAAeOGx?format=jpg&name=small,false,,,,,,NEGATIVE,5
9449,@usuario_57e11c87,,"Mira, nunca he fumado un porro, pero quiero probar de lo que le dan a Igea.

Sea lo que sea, es mierda de la buena.",https://pbs.twimg.com/tweet_video_thumb/ErzPJeUXMAMdMEj.jpg,false,,,,,,NEGATIVE,5
9450,@usuario_5a2070be,,"mírenme los ojos, parece q me fume un porro, pero no estuve mucho tiempo al sol","https://pbs.twimg.com/media/ErvJAdMW4AM-0-A?format=jpg&name=small,https://pbs.twimg.com/media/ErvJAdMWMAE9rLW?format=jpg&name=360x360",false,,,,,,NEGATIVE,5
9451,@usuario_d64127ab,,"una de dos, o spinetta fumaba exclusivamente prensado, o starc no se fumó un porro en su vida","https://pbs.twimg.com/media/ErzBrwbXEAIjQFT?format=jpg&name=360x360,https://pbs.twimg.com/media/ErzBr-NXEAEWudE?format=jpg&name=small",false,,,,,,NEGATIVE,5
9452,@usuario_e5339278,,mi papá tiene tres plantas de cannabis en el patio y siempre me decía que las tenía porque una conocida le hacía aceite para la espalda qsyo recién salgo afuera y se estaba fumando un porro del tamaño de una servilleta,https://pbs.twimg.com/media/Er0Am8iW8AUsvxY?format=jpg&name=small,false,,,,,,NEGATIVE,5
9453,@usuario_901d2b5b,,"Solo un porro irresponsable como Andrés López cree que puede acusar públicamente a la DEA de fabricar un caso, y pensar que no habrá consecuencias. Las habrá, y grandes.","https://pbs.twimg.com/media/Er02ok3XIAIQql3?format=jpg&name=small,https://pbs.twimg.com/media/Er02ok3W8AAlmEh?format=jpg&name=360x360",false,,,,,,NEGATIVE,5
9454,@usuario_de4083eb,,una vez que ves a Zayn Malik fumar un porro es imposible que alguien más sea lindo fumando uno,"https://pbs.twimg.com/media/Er7S5kZXMAEX0PJ?format=jpg&name=360x360,https://pbs.twimg.com/media/Er7S54DXMAAEpBl?format=jpg&name=360x360",false,,,,,,NEGATIVE,5
9455,@usuario_680dfd91,,me perdí a Zayn fumandose un porro 😭,https://pbs.twimg.com/media/Er811fKXYAAUhBh?format=jpg&name=small,false,,,,,,NEGATIVE,5
9456,@usuario_13c5dac6,,"adivinen quien está más fumado (nivel: imposible)

zayn literalmente ido con un porro y su álbum de fondo! o el zquad flasheando una chocotorta en la pared!","https://pbs.twimg.com/media/Er7XckwW4AAgtb_?format=jpg&name=360x360,https://pbs.twimg.com/media/Er7XcxzXMAETn3I?format=jpg&name=360x360,https://pbs.twimg.com/media/Er7Xc9fXMAMIW1u?format=jpg&name=360x360",false,,,,,,NEGATIVE,5
10137,@usuario_4916317c,,"La negra hablando del colectivo, ‘A la tardecita nos tendríamos que tomar una línea’ 🙄",,false,,,,,,NEGATIVE,2
9458,@usuario_79e5cabb,,"Estás progres se fumaron un porro, vieron Soul y la re flasharon",https://pbs.twimg.com/ext_tw_video_thumb/1350960202338758662/pu/img/fqihlhu2udSdQxjg.jpg,false,,,,,,NEGATIVE,5
9459,@usuario_28983cfe,,está literalmente haciendo sudokus fumándose un porro en mi cuarto,"https://pbs.twimg.com/media/EsCQoSsXMAA0Ve1?format=jpg&name=small,https://pbs.twimg.com/media/EsCQoScXIAMEr0K?format=jpg&name=small",false,,,,,,NEGATIVE,5
9460,@usuario_1c9896e7,,Mi viejo me pidió que le consiga un porro para las vacaciones y en un confuso episodio me dijo no bueno mejor conseguime 4,https://pbs.twimg.com/media/EsLlbJtXUAISKkA?format=jpg&name=small,false,,,,,,NEGATIVE,5
9461,@usuario_b80dcd8e,,"""Me puse bonita para nuestra cita y solo me trajo a este cuarto lleno de mariwanos compartiendo un porro"" vibes",https://pbs.twimg.com/media/EsM7G4RXMAM59zN?format=jpg&name=small,false,,,,,,NEGATIVE,5
9462,@usuario_27a52823,,"Muerde a un guardia civil tras ser sorprendido por la calle sin mascarilla y fumando un porroHa ocurrido en Ejea (Zaragoza). El acusado es un joven de 20 años, inmigrante argelino en situación irregular. Ahora está acusado de atentado a la autoridadhttps://abci-muerde-guardia-civil-tras-sorprendido-calle-sin-mascarilla-y-fumando-porro-202101211826_noticia.html…",https://pbs.twimg.com/ext_tw_video_thumb/1352333283997200395/pu/img/AKfkiUk2Ijbln_QG.jpg,false,,,,,,NEGATIVE,5
9463,@usuario_b6826162,,"Muerde a un guardia civil que le recriminó que iba sin mascarilla por la calle y fumando un porro.

 También agredió a otro agente, al que le luxó los dedos de una mano. En la detención colaboró un policía local de Tauste que estaba fuera de servicio.",https://pbs.twimg.com/ext_tw_video_thumb/1352329143426441216/pu/img/KJIMZwFCCjlwXYp2.jpg,false,,,,,,NEGATIVE,5
9464,@usuario_ebd20302,,Muerde a un guardia civil que le recriminó que iba sin mascarilla por la calle y fumando un porro https://1/21/radio_zaragoza/1611234131_677428.html…,https://pbs.twimg.com/media/EsQsTJ3XYAMqfGC?format=jpg&name=small,false,,,,,,NEGATIVE,5
9465,@usuario_3804299c,,"Muerde a un guardia civil y lesiona un dedo a otro cuando estos le recriminaron que fuera sin mascarilla y fumandose un porro por Ejea de los Caballeros (Zgz) 

Un policía local de Tauste (Zgz) , fuera de servicio, auxilió a los agentes junto a tres patrullas de @usuario_85c3d829",https://pbs.twimg.com/media/EsSlFX5XAAASUMs?format=jpg&name=small,false,@usuario_a26d56f9,,Muerde a un guardia civil al recriminarle que se ponga la mascarilla en Ejea de los Caballeros #Sucesos#Sucesos http://twib.in/l/aGkqdqXybox6http://,https://pbs.twimg.com/media/EsPliaQXIAAwhxA?format=jpg&name=240x240,false,NEGATIVE,5
9466,@usuario_0a2891c1,,Las universidades que construye un porro universitario:14 años para terminar una carrera. 15 materias reprobadas y promedio de 7. Sin duda el KKs.,"https://pbs.twimg.com/media/EsRyOcaVcAAbNzs?format=jpg&name=small,https://pbs.twimg.com/media/EsRyO76UcAA-B7t?format=jpg&name=360x360,https://pbs.twimg.com/media/EsRyPf9VQAENpHX?format=jpg&name=360x360",false,,,,,,NEGATIVE,5
9467,@usuario_4b8210ac,,Literalmente me han comparado con un porro @usuario_188815c0,https://pbs.twimg.com/media/EsSUHuBXAAcdw34?format=jpg&name=small,false,,,,,,NEGATIVE,5
9468,@usuario_678dc183,,"Y lo de las escénas estéticas rozando lo absurdo también me molestan.

Tío fumándose un porro le ofrece fumar a una chica que tiene las manos ocupadas, ella señala esto último. Él, sin conocerla, da una calada y se la sopla en la boca.

PORQUE ACERCARLE EL CIGARRO Y QUE FUME: NO.",https://pbs.twimg.com/tweet_video_thumb/EsV9LlLXYAU5tbk.jpg,false,,,,,,NEGATIVE,5
9469,@usuario_58a49531,,Una gran diferencia de un verdadero presidente y un porro mitómano resentido con la visa.#LopezOdiaMexico #LopezCorruptoInepto #LopezDestruyendoMexico,https://pbs.twimg.com/media/EsbuC6tXYAYRQlR?format=jpg&name=small,false,,,,,,NEGATIVE,5
9470,@usuario_99e71200,,"El libro lo escribió la odontóloga @usuario_6003df5a con doctorado en Harvard y muchos la critican

El de economía moral lo escribió un porro que tardó 14 años en sacar su carrera y les es pareció una maravilla

Por no decir el de ""Oye Trump""

Por favor, tengan un poco de dignidad","https://pbs.twimg.com/media/EsgPOBkXMAM6tHm?format=jpg&name=small,https://pbs.twimg.com/media/EsgPOLTXIAQMXf-?format=jpg&name=360x360,https://pbs.twimg.com/media/EsgPOUaXAAILCR4?format=jpg&name=small",false,,,,,,NEGATIVE,5
9471,@usuario_a6f12357,,"A ver tu “Ser de luz” ese señor tiene más pacto con el diablo de lo q te puedas imaginar. Mató a su hermano y a un amigo y ve como tiene al país.🙄Si esta tan “iluminado” o una de dos, te metiste un porro con todo y semillas, o lo tiene enchufado como lámpara. 😁😂😂😂🤣🤣🤣🤣",https://pbs.twimg.com/tweet_video_thumb/EsoSddJUYAAeeX4.jpg,true,,,,,,NEGATIVE,5
9472,@usuario_4bffe57c,,"Se acuerdan que hubo un tiempo que se usaba a este men como meme ""sad"", cuántos sabían que el man estaba re feliz por qué estaba fumando un porro de la más fina?",https://pbs.twimg.com/media/EsrCjhwW4Aw8DZT?format=jpg&name=small,false,,,,,,NEGATIVE,5
9473,@usuario_7d464652,,"Si te agarran con un porro, te ponen un capucha, te sacan una foto con el logo de senad y te mandan a tacumbu, va si sos un comun..",https://pbs.twimg.com/media/Es2T5UMW4AEU7SU?format=jpg&name=small,false,,,,,,NEGATIVE,5
9474,@usuario_db733283,,Gente que te agrega a mejores amigos de instagram y sube un porro,https://pbs.twimg.com/media/Es2mUYRXIAM1rlp?format=jpg&name=360x360,false,,,,,,NEGATIVE,5
9704,@usuario_73208327,,Necesito fumar un porro. Cualquiera el tuyo.,https://pbs.twimg.com/media/EaBZoA9XYAg5slx?format=jpg&name=small,false,,,,,,POSITIVE,5
9475,@usuario_7081b2bb,,"#Efemérides #LaCueva 29 de enero de 1968, Jim Morrison se burla de un guardia de seguridad en el estacionamiento después del concierto que The Doors dieron en The Pussy Cat A Go Go, Las Vegas, haciendo como que fumaba un porro. Se pelearon. Llegó la policía y arrestó a Morrison",https://pbs.twimg.com/media/Es6BKUbXcAAjSGK?format=jpg&name=small,false,,,,,,NEGATIVE,5
9476,@usuario_d8ff4770,,Si me siento en banco de un parque automaticamente se me pone un porro en la mano o como va???,https://pbs.twimg.com/media/Es7I0f2XAAYOky9?format=jpg&name=900x900,false,,,,,,NEGATIVE,5
9477,@usuario_edbc4652,,Hoy me dijeron “sos un porro que no quiero rolear”,https://pbs.twimg.com/tweet_video_thumb/Es7_lc9XMAM-kIj.jpg,false,,,,,,NEGATIVE,5
9478,@usuario_7f7b12fc,,"¡IMÁGENES MUY FUERTES! 

En las fotos, podemos apreciar el antes y el después de este joven tras consumir drogas. Primero una cerveza, luego un porro, y acabas pinchándote en los tobillos para que no te vean las marcas.

Di NO a las drogas.","https://pbs.twimg.com/media/EtIuoqOXMAUkqoj?format=jpg&name=small,https://pbs.twimg.com/media/EtIupq5XMAIDJdU?format=jpg&name=small",false,,,,,,NEGATIVE,5
9479,@usuario_b533b5a1,,Todas las pelotudeces que dice esta ñoña eran por fumarse un porro de mierda??,https://pbs.twimg.com/media/EtOrOgAXUAAHbmH?format=png&name=small,false,,,,,,NEGATIVE,5
9480,@usuario_da8d942a,,Lo bonito que es este sitio de Valladolid cuando no hay canis fumándose un porro más grande que yo ☺️,"https://pbs.twimg.com/media/EtQH7K0XcAI_iQC?format=jpg&name=small,https://pbs.twimg.com/media/EtQH7K1XcAIT8hu?format=jpg&name=small,https://pbs.twimg.com/media/EtQH7K5WQAUOnNf?format=jpg&name=small",false,,,,,,NEGATIVE,5
9481,@usuario_671046bb,,"No te creo que esté en Twitch, jajaja el puto tik toker de las jordan y encima fumándose un porro😂",https://pbs.twimg.com/media/EtQY7umWYAA7goG?format=jpg&name=small,false,,,,,,NEGATIVE,5
9482,@usuario_4e7f7985,,Soñé que mi abuela me regalaba un porro,https://pbs.twimg.com/tweet_video_thumb/EtYKme0XIAI69x9.jpg,false,,,,,,NEGATIVE,5
9483,@usuario_ea86cf35,,Se queda dormido con un “porro” y se quema su vivienda en una invasión al norte de Mazatlán http:// #Mazatlán #Sinaloa #Casa,https://pbs.twimg.com/media/EtaK62rUUAEAH_h?format=jpg&name=small,false,,,,,,NEGATIVE,5
9484,@usuario_e2e3f95f,,Hacía un chingo de frío y abajo de mí unos weyes estaban chingandose un porro.  https:///Encuesta5Futbol/status/1357516758064783362…,https://pbs.twimg.com/media/EtfdAylWgAgIAle?format=jpg&name=small,false,,,,,,NEGATIVE,5
9485,@usuario_222ffe0b,,"Montoneros esos jóvenes imberbes que ahora son unos viejos chotos que viven del recuerdo cuando se fumaban un porro en la plaza y cantaban una canción de Pedro y Pablo y se creían unos hippies copados, llegaron al poder para demostrar que son unos inútiles y fracasados...",https://pbs.twimg.com/media/Etn99IdXUAANL02?format=jpg&name=small,false,,,,,,NEGATIVE,5
9486,@usuario_1bc27674,,"La portada de mi álbum va a ser mi geta, un porro y mis medias de baloncitos",https://pbs.twimg.com/media/EtumL2xXMAAG99N?format=jpg&name=900x900,false,,,,,,NEGATIVE,5
9487,@usuario_99e926ee,,"Mi vecina de al lado casi todos los días fumandose un porro, que al final voy a coger yo el colocon. Y su madre sin decirle nada",https://pbs.twimg.com/tweet_video_thumb/Etsm5JSWgAEoOfo.jpg,false,,,,,,NEGATIVE,5
9488,@usuario_d81835cb,,q me han parado xq creían q estaba fumando un porro en vez de un cigarro,https://pbs.twimg.com/ext_tw_video_thumb/1354813398509228039/pu/img/_MtqFMNaU7_rwcT1.jpg,false,,,,,,NEGATIVE,5
9489,@usuario_39b6d051,,"Dependiendo la región, es posible que si eres consumidor de #cannabis te hayas preguntado qué sucede pero sobre todo qué hacer si te agarra la policía por consumir un porro en la calle. 👀Checa todo el video completo aquí: https://",https://pbs.twimg.com/media/Et9RWiGXIAAIGPm?format=jpg&name=small,false,,,,,,NEGATIVE,5
9490,@usuario_8b932717,,"Si te acosan en la calle, prende un porro. Así si viene la policia",https://pbs.twimg.com/media/EuEHYJhXMAA_MaF?format=jpg&name=900x900,false,,,,,,NEGATIVE,5
9491,@usuario_2ed164fb,,mirad que cara de porrista pero no probé un porro en mi vida,https://pbs.twimg.com/media/EuEhXGbXUAYh3dv?format=jpg&name=small,false,,,,,,NEGATIVE,5
9492,@usuario_3dc2e25f,,POR FAVOR ESTA FOTO MERECE QUE LE PONGAN UN PORRO! ALGUIEN LO PUEDE HACER!?,https://pbs.twimg.com/media/EuNs7NkXUAAmZBn?format=jpg&name=small,false,,,,,,NEGATIVE,5
9493,@usuario_8e43d25b,,"Yo sentí que están es bailando un porro:

Sueño con imágenes muy tristes
Amores que nunca existen
Sombras que sólo se van🎶🎵",https://pbs.twimg.com/media/EucgIRJXMAEraZQ?format=jpg&name=small,false,,,,,,NEGATIVE,5
9494,@usuario_e8523582,,Les juro que trato de sonreír pero parece que acabo de echarme un porro,https://pbs.twimg.com/media/EuY1zk8U4AQ7yx0?format=jpg&name=small,false,,,,,,NEGATIVE,5
9495,@usuario_7fd21838,,Rubén se ha fumado un porro ?,https://pbs.twimg.com/media/EunzvpuXIAQ-YyA?format=jpg&name=small,false,,,,,,NEGATIVE,5
9496,@usuario_95ce4010,,miley cyrus armando un porro encima del cd de hannah montana es lo mas out of context de mi semana,https://pbs.twimg.com/media/EusfEzLXYAMR_X4?format=jpg&name=small,false,,,,,,NEGATIVE,5
9497,@usuario_93e0476c,,"Mi papá después de toda la vida decir que la Marijuana es horrible manda un sticker de un porro sin culpa al grupo familiar.
Te pilleeeeee juju",https://pbs.twimg.com/media/EvGGXteXMAUD4ZY?format=jpg&name=small,false,,,,,,NEGATIVE,5
9498,@usuario_a115a081,,"La ultima vez que fui, fue a despedir a mi abuela, hoy 12 años después volví y ver a la generación de mi abuela aun intacta, fue una forma de volver a sentir a mi viejita💗😇 #Laguneta donde escuchar un porro con la 19 de marzo es una delicia.",https://pbs.twimg.com/media/EvLznhzWQAIPth7?format=jpg&name=900x900,false,,,,,,NEGATIVE,5
9499,@usuario_9d8c4609,,pareciera q se estaba armando un porro,"https://pbs.twimg.com/media/EvVxjcrWgAE4WRY?format=jpg&name=360x360,https://pbs.twimg.com/media/EvVxj0YWgAkGAlK?format=jpg&name=360x360",false,,,,,,NEGATIVE,5
9500,@usuario_17e09c59,,Os juro que pensaba que lo del cohete en el pantalón era un porro 😂😂😂,https://pbs.twimg.com/media/EvZUgLyWQAQsF9_?format=jpg&name=small,true,,,,,,NEGATIVE,5
9501,@usuario_9e8c05fb,,"Dean estaba en una salida de aquel estupendo centro fumándose un porro detrás de otro. Acojonado por lo que podría ocurrir. Dándole vueltas a qué pasaría si el de iba al carajo. Qué sería de sus hermanas, que sería de Juls, qué sería de sus hijos no-natos...

(Libre)",https://pbs.twimg.com/media/Evly0mFXAAE1G-d?format=jpg&name=small,false,,,,,,NEGATIVE,5
9502,@usuario_3068ec7e,,estamos en zoom y uno de mi clase está con la cámara abierta en la terraza fumándose un porro,https://pbs.twimg.com/media/EvtUdAvWEAA8sSY?format=jpg&name=small,false,,,,,,NEGATIVE,5
9503,@usuario_c98c2345,,"Chiques, la señora que ayuda en casa le pidió a mi mamá un cigarrillo y le dio un porro mío pensando que era un tabaco armado 🌝",https://pbs.twimg.com/tweet_video_thumb/EwS-AE2W8AIdWL8.jpg,false,,,,,,NEGATIVE,5
9504,@usuario_46b3ee50,,"Para todos aquellos jóvenes que se enamoran de un ideal.
El mamarracho ya va de salida, Ustedes tienen un futuro por delante. No sé lo regalen a un porro resentido, a un #valientepajarraco que usa a los desprotegidos para vanagloriarse

Esta en ustedes.",https://pbs.twimg.com/ext_tw_video_thumb/1370913898497515523/pu/img/MYk18iYU-XLGWdrC.jpg,false,,,,,,NEGATIVE,5
9505,@usuario_2759ae20,,te crees que nos importa que te estés fumando un porro a las 12 de la noche? pista: no,https://pbs.twimg.com/media/EwoA52dWgAIxZSB?format=jpg&name=900x900,false,,,,,,NEGATIVE,5
9506,@usuario_3397cee3,,"Yoh vivía sonriendo, se quedaba horas colgado mirando el cielo y tenía los ojitos caídos porque se fumaba un porro en cada capítulo.",https://pbs.twimg.com/media/EwpUJkYWUAcVLHw?format=jpg&name=small,false,,,,,,NEGATIVE,5
9507,@usuario_8de56985,,"Fernández de Cevallos, un porro octagenario https://hp?artid=47605&cat=66#.YFM_dhhgvmc.twitter…",https://pbs.twimg.com/media/EwwoxEtXMAIxxrY?format=png&name=small,false,,,,,,NEGATIVE,5
9508,@usuario_626ecdf8,,"El presidente López, nunca ocultó su odio y resentimiento al orden y las leyes de México , su comportamiento es el mismo, un porro incendiario y vengativo, malo y perverso, astuto para convencer a los pobres, necesitados e ignorantes y en ése paquete acomodó a los corruptos.","https://pbs.twimg.com/media/EwxO-ZfU8AA2Egu?format=jpg&name=360x360,https://pbs.twimg.com/media/EwxO-wvVcAYspLk?format=jpg&name=small",false,,,,,,NEGATIVE,5
9509,@usuario_619adf2d,,"Grandes esperanzas a medida que Macedonia del Norte apunta al potencial del cannabis. Después de recibir una sentencia suspendida por posesión de cannabis el año pasado, Filip Dostovski salió del juzgado y encendió un porro mientras las cámaras rodaban. https://",https://pbs.twimg.com/media/EwwcvMbW8AAYTDV?format=jpg&name=small,false,,,,,,NEGATIVE,5
9510,@usuario_899292d3,,Ahora no tengo ojeras porque los findes duermo pero es que parece que me he fumado un porro o que he llorado,https://pbs.twimg.com/media/Ew9brmPWYAUoKef?format=jpg&name=small,true,,,,,,NEGATIVE,5
9511,@usuario_af91cfa6,,"De #Purita no tiene nada, tiene una madre y abuela sin vacunar, y ella con 18 años se vacuno y yo me siento un #Porro hice una carrera en 6 años y esta chica estudio 2 carrera en harvard en 1 año",https://pbs.twimg.com/media/ExM3NoIVoAYDXlK?format=jpg&name=small,false,,,,,,NEGATIVE,5
9512,@usuario_01c1d365,,"Esta grabación que hice es una forma diferente de presentar nuestra tradición de judíos del norte de Marruecos de leer la Hagadá de #Pésaj en ladino. Para los que tenga oído del Caribe, reconocerán de fondo el ritmo de un porro colombiano:https:// #Passover2021",https://pbs.twimg.com/media/ExR68_xXEAATwUC?format=jpg&name=small,false,,,,,,NEGATIVE,5
9513,@usuario_e7303d38,,wtf loco el creador de pokemon se fumaba un porro antes de cada capítulo https:///shynotic_/status/1374856970935615495…,"https://pbs.twimg.com/media/ExR53CRWgAgGRxu?format=jpg&name=small,https://pbs.twimg.com/media/ExR543HXIAAWhen?format=jpg&name=360x360,https://pbs.twimg.com/media/ExR55P4WYAE8z05?format=jpg&name=360x360",false,,,,,,NEGATIVE,5
9514,@usuario_8f8ff3a4,,Fuman un porro y se creen bandidos jajaja,,false,,,,,,NEGATIVE,5
9515,@usuario_e612b886,,"Por fin he empezado el anime de los huevos. Ni tan mal, me ha gustado. Supongo que fumarse un porro debe ser algo parecido a esto.#WonderEggPriority",https://pbs.twimg.com/media/Exf-X5dXIAQZwsf?format=jpg&name=small,false,,,,,,NEGATIVE,5
9617,@usuario_fedab82f,,"Arme un porro crudisima sin dormir con mil ganas de un porro. Y adivinen qué.
No tengo fuego.
Quedé así:",https://pbs.twimg.com/media/EQQ1AQoXsAAzVuv?format=jpg&name=900x900,false,,,,,,POSITIVE,5
9516,@usuario_1c02be26,,"Diría que #ReeferMadness está contada por alguien que debería haberse fumado un porro alguna vez en su vida. Aunque solo sea por documentación, coño.",https://pbs.twimg.com/media/ExhAMOPWEAk7kyU?format=jpg&name=small,false,,,,,,NEGATIVE,5
9517,@usuario_c7b84980,,la foto de perfil de mi profesora parece ella fumandose un porro y esta besando un rosario Las vueltas de la vida,"https://pbs.twimg.com/media/Ex1anIVWQAEn8jn?format=jpg&name=900x900,https://pbs.twimg.com/media/Ex1anhdW8AAR4wf?format=jpg&name=360x360",false,,,,,,NEGATIVE,5
9518,@usuario_65b83592,,"Líderes?? Líderes de que??
Madre mía te has fumado un porro o algo?? Habéis perdido a todos los oyentes, líderes dice😂😂😂😂Si si claro vetados.....  https:///julioinsadji/status/1377650027116527617…",https://pbs.twimg.com/media/Ex59mQ3XEAU69gY?format=jpg&name=small,false,,,,,,NEGATIVE,5
9519,@usuario_86ad2589,,Hay un incendio o alguien se está fumando un porro gordísimo,https://pbs.twimg.com/media/Ex7CK-XXIAABDiK?format=jpg&name=small,false,,,,,,NEGATIVE,5
9520,@usuario_4ce91d92,,"2° parte de cosas raras que encuentro por AliExpress

• Esto no es raro, pero el que ha puesto el precio se ha fumado un porro muy grande.
¿Me estás diciendo que pague casi 50€ por unas orejas?",https://pbs.twimg.com/media/Ex_vJQ2XEAQ7OG9?format=jpg&name=900x900,false,,,,,,NEGATIVE,5
9521,@usuario_e7415ec8,,Soñé que me fumaba un porro con dos desconocidas y me agarraba covid!!!!!!!!!!,https://pbs.twimg.com/media/EyDW2RiWgAYnh_K?format=jpg&name=small,false,,,,,,NEGATIVE,5
9522,@usuario_a9caa192,,"Mi vecino pone música tan variada que no sé si está despechado, está en tiempo de alabanza o está echandose un porro.",https://pbs.twimg.com/tweet_video_thumb/EyaC2gYWEAEWJGD.jpg,false,,,,,,NEGATIVE,5
9523,@usuario_f3c05328,,L-Gante armó y prendió un “porro” en medio de una entrevista  https://,https://pbs.twimg.com/media/EynY4q8XEAM9YCu?format=jpg&name=small,false,,,,,,NEGATIVE,5
9524,@usuario_085ca220,,A mis 38 años puedo decir que jamás me he fumado un porro.,https://pbs.twimg.com/media/Eytksc8XIAYjo0X?format=jpg&name=small,false,,,,,,NEGATIVE,5
9525,@usuario_51925061,,"Ojalá en el mundo haya muchos @usuario_c95a23ca . Lo tildan de drogon, por fumarse un porro. El tipo junto más de 2 millones se dolares para comprar el remedio más caro del mundo.",https://pbs.twimg.com/media/Ey48AMgXMAUPQZF?format=jpg&name=small,false,,,,,,NEGATIVE,5
9526,@usuario_9a127f11,,Parece q me fume un porro pero no.,https://pbs.twimg.com/media/EzC1E3UXIAAPbcU?format=jpg&name=900x900,false,,,,,,NEGATIVE,5
9527,@usuario_3068ec7e,,"hoy me viene una paciente y me dice,,, no me he tomado el diazepam porque pa eso me fumo un porro que es más natural",https://pbs.twimg.com/media/EzHgOW0XAAsyw8E?format=jpg&name=small,false,,,,,,NEGATIVE,5
9528,@usuario_925aed18,,Un porro de marihuana gratis para todo aquel que se haya vacunado. Así celebra Nueva York -estado que legalizó recientemente el consumo de cannabis- el #420day.,https://pbs.twimg.com/ext_tw_video_thumb/1384605973583699969/pu/img/gwOoz-c_a_EvPgw_.jpg,false,,,,,,NEGATIVE,5
9529,@usuario_e57de48e,,Louis hoy debe de estar fumándose un porro por el 420🍁,https://pbs.twimg.com/media/EzcmEyCWEAAvUOG?format=jpg&name=360x360,false,,,,,,NEGATIVE,5
9530,@usuario_988980d5,,"Obvio que un porro odia a los profesionistas, doctores, enfermeras, abogados, Etc. Etc.",https://pbs.twimg.com/media/EzdG8t1VkAIBfh3?format=jpg&name=small,false,,,,,,NEGATIVE,5
9531,@usuario_39b9cc3f,,"En Nueva York hoy los vacunados esperan en fila, pero para recibir un porro de marihuana. @usuario_9964d8ba@usuario_f6eb5fed https://2021/04/20/607f2f6121efa029398b459a.html…",https://pbs.twimg.com/ext_tw_video_thumb/1384615847508029445/pu/img/lz4WIQDUmEXHxcxQ.jpg,false,,,,,,NEGATIVE,5
9532,@usuario_fdb6d9bd,,"Marihuana gratis para los vacunados de covid-19 en Nueva York. ""Hoy es un día alegre, es 20 de abril, hoy celebramos la marihuana, que es legal en el estado de Nueva York y está bien que la gente que ha recibido la vacuna pueda tomar un porro gratis"" dicen https://is-para-los-vacunados-de-covid-19-en-nueva-york-2/…",https://pbs.twimg.com/media/EzcnZY7XMAAPIHh?format=png&name=small,false,,,,,,NEGATIVE,5
9533,@usuario_00a494c5,,"""Un porro por una vacuna"": marihuana gratis para los neoyorquinos vacunados http://",https://pbs.twimg.com/media/EzcwIcqVEAE7jrs?format=jpg&name=small,false,,,,,,NEGATIVE,5
9534,@usuario_9a4b5eeb,,mi vecino se está fumando un porro otra vez y mi casa parece la mochila de los de malviviendo,https://pbs.twimg.com/media/EzmETWMXsAoVDyT?format=jpg&name=small,false,,,,,,NEGATIVE,5
9535,@usuario_c7f1a0b2,,El vecino de arriba fumándose un porro y apestando mi casa,https://pbs.twimg.com/media/Ez1a77-XEAEC8hI?format=jpg&name=small,false,,,,,,NEGATIVE,5
9536,@usuario_89efeeac,,"Un porro a cambio de vacunarse.
militantes de la legalización de la marihuana causaron sensación en Manhattan, Nueva York, al ofrecer un porro a las personas que recibieron al menos la primera dosis de la vacuna contra el covid-19.",https://pbs.twimg.com/ext_tw_video_thumb/1386744796396597249/pu/img/1rtUfY4TjmQLvB-s.jpg,false,,,,,,NEGATIVE,5
9643,@usuario_97944cbd,,Ayer me fumé un porro solo y me dormí viendo Rupaul mientras comía chocolate.,https://pbs.twimg.com/ext_tw_video_thumb/1231223143966085120/pu/img/Jx3RgF07LXanQrqK.jpg,false,,,,,,POSITIVE,5
9537,@usuario_f973a513,,"Mi hermano (30 años de pelotudo)estaba sentado y dijo ""que gana de fumarme un porro"" y fue mi mamá a darle uno seco en la nuca y decirle ""FUMARTE UN QUE!?""
me estoy riendo no saben cuánto",https://pbs.twimg.com/media/E0Fuyv_XMAI5GD-?format=jpg&name=small,false,,,,,,NEGATIVE,5
9538,@usuario_8bc392d7,,"Por ahí leí en medio de tanta vaina con el video de las tres joyas que el que menos puja hoy en día o el más pintado, se mete al menos un porro...

Sorry dude! Yo ni porro, wrap, weed, blunt o como le quieras llamar me he metido en mi vida...",https://pbs.twimg.com/media/E0LGUQOXMAQDyRx?format=jpg&name=small,false,,,,,,NEGATIVE,5
9539,@usuario_d31795a8,,El vecino se está fumando un porro y me está entrando el olor en la habitación,https://pbs.twimg.com/ext_tw_video_thumb/1388574888991002625/pu/img/vg4VtkacSYvQNL8Y.jpg,false,,,,,,NEGATIVE,5
9540,@usuario_4e586cf0,,Esta es la realidad cuando un porro es candidato durante 18 años y cuando llega a gobernar le da en la ma.... a la economía porque no tiene la más mínima idea de que es gobernar y piensa que sigue siendo el porro que esta de candidato,https://pbs.twimg.com/media/E0USMOwWUAAEgIk?format=jpg&name=small,false,,,,,,NEGATIVE,5
9541,@usuario_32869eab,,"Otra vez, aprehendieron a una mujer que intentó darle un “porro” a un detenido en la Comisaría http://",https://pbs.twimg.com/media/E0T51a2VcAcfGOk?format=jpg&name=small,false,,,,,,NEGATIVE,5
9542,@usuario_52a7df4c,,Diputado francés exhibe un porro en el parlamento para reclamar legalización de cannabis http://,https://pbs.twimg.com/media/E0kiXF8UcAAxbIV?format=jpg&name=small,false,,,,,,NEGATIVE,5
9543,@usuario_e6357f47,,"Diputado francés exhibe un porro de marihuana en el parlamento
 https://",https://pbs.twimg.com/media/E0oG-KdXEAIOXAZ?format=jpg&name=small,false,,,,,,NEGATIVE,5
9544,@usuario_d90b88c0,,nueve de la mañana y hay alguien sumándose un porro mientras esperamos al tren,https://pbs.twimg.com/media/E0r5obIWYAQ0SRw?format=jpg&name=small,false,,,,,,NEGATIVE,5
9545,@usuario_d7e78fb9,,"Lo que dice un estadista VS lo que dice un porro (sin prueba alguna, como siempre)👇- Palabra del Rey","https://pbs.twimg.com/media/E0ydcvyXIAIr8Yj?format=jpg&name=small,https://pbs.twimg.com/media/E0ydcvyWUAUz-rI?format=jpg&name=small",false,,,,,,NEGATIVE,5
9546,@usuario_9364756e,,"todxs pensando que estaba pintando o algo, y en realidad se estaba armando un porro",https://pbs.twimg.com/media/E05CAg5WQAsFjYZ?format=jpg&name=small,false,,,,,,NEGATIVE,5
9547,@usuario_9688c39f,,quien se desayuna un porro por dios que asco,,false,,,,,,NEGATIVE,5
9548,@usuario_6ae8c491,,"Paró a fumarse un porro, arrancó marcha atrás y cayó a un barranco https://-un-porro-arranco-marcha-atras-y-cayo-a-un-barranco/…",https://pbs.twimg.com/media/E1BfXnsXoAAwv4R?format=jpg&name=small,false,,,,,,NEGATIVE,5
9549,@usuario_3682557c,,"Resi 8 terminado. Es uno de los Resi más ricos en variedad de situaciones (algunas partes son brillantes y muy originales), pero el último tercio es un porro infinito que estropea un poco el conjunto. En cualquier caso, me ha gustado mucho. Bien Capcom.",https://pbs.twimg.com/media/E1GtBMiXsAIscmh?format=jpg&name=small,false,,,,,,NEGATIVE,5
9550,@usuario_e1c7c413,,Diputados franceses recomiendan al Gobierno la regulación del cannabis. Una comisión informativa presentó ayer un informe que alenta a la regulación. Un día antes un diputado subió al estrado del parlamento con un porro. ➜https://,https://pbs.twimg.com/media/E1I4QUyXIAUiv0a?format=jpg&name=small,false,,,,,,NEGATIVE,5
9551,@usuario_24c41965,,"Este señor empieza a asomar sus viles intenciones. No, no es chistoso. Y por cierto, para este tipo, dar un show mañanero donde denuesta, calumnia, divide, ataca y genera odio, es trabajar. Tenemos por presidente a un porro resentido que busca venganza.",https://pbs.twimg.com/amplify_video_thumb/1392487739149463567/img/ywIgpic3e42RaXJ_.jpg,false,,,,,,NEGATIVE,5
9552,@usuario_6a575e2a,,el otro dia mi abuelo llevo a lavar su auto a donde suelo llevar el mio y LE DEJARON UN PORRO EN EL ASIENTO DE ATRAS,"https://pbs.twimg.com/media/E1YATTyWEAEUDZ6?format=jpg&name=360x360,https://pbs.twimg.com/media/E1YATfmX0AMghJz?format=jpg&name=360x360",false,,,,,,NEGATIVE,5
9553,@usuario_c1eb7737,,Se fuman un porro y se hacen los cancheros,,false,,,,,,NEGATIVE,5
9554,@usuario_d854035d,,"Estaba aburrida y agarre un papel y empecé a hacerlo un tubito y pasa mi vieja u me dice: “porque se parece a un porro????” 
no se que decir….",https://pbs.twimg.com/media/E1tA0xmX0AEyB1W?format=jpg&name=small,false,,,,,,NEGATIVE,5
9555,@usuario_c98fddba,,Me acuerdo que cuando éramos pendejos con mi hermano vimos a uno que se estaba fumando un porro en un semáforo adentro del auto y llamamos a la policía,https://pbs.twimg.com/media/E1x3Gs0XEAIvqMp?format=jpg&name=small,false,,,,,,NEGATIVE,5
9556,@usuario_0f07fd36,,"Pues vista #ArmyOfTheDead la verdad esperaba mucho mas,falta accion a raudales no vemos tiros hasta pasado 1 hora el bueno de Zach Snyder se fumo un porro de 3 papeles o yo que se demasiado lenta ami pensar siendo Fan de las zombie movies no es un bodrio pero de un 5/6 no pasa",https://pbs.twimg.com/media/E18ot5mXIAAnJY9?format=jpg&name=small,false,,,,,,NEGATIVE,5
9644,@usuario_a7be0555,,"Quiero fumarme un porro, comer y cojer... pido mucho ?",,false,,,,,,POSITIVE,5
9705,@usuario_388ea33a,,Un porro y a mimir,,false,,,,,,POSITIVE,5
9557,@usuario_ed43d204,,"Dijera la Carmen, somos tan hipócritas en este medio. Los mismos que se están quejando por el velorio de Larrañaga son los que en su momento fueron a aplaudir cuando se murio Vázquez, esos mismo son lo que se juntan 5, 6 y se pasan un porro después se preocupan por la pandemia 🤦🏻‍♂️",https://pbs.twimg.com/tweet_video_thumb/E2GaVNpXMAgwMby.jpg,false,,,,,,NEGATIVE,5
9558,@usuario_b63d50fc,,"Dicen que en esta foto pareciera que me estoy haciendo un porro, NO MAMEN, estoy sosteniendo una pinché figurita háganle zoom qleros",https://pbs.twimg.com/media/E2C_tnuWUAAzLBt?format=jpg&name=small,false,,,,,,NEGATIVE,5
9559,@usuario_bd75fe33,,ojos rojos y no me he fumado ni un porro,https://pbs.twimg.com/media/E2CUihYWQAQisi1?format=jpg&name=small,false,,,,,,NEGATIVE,5
9560,@usuario_55d3c132,,"Pues yo estoy muy orgullosa de decir que jamás me he fumado un porro, ni drogado, ni emborrachado. Nunca he entendido qué tiene de divertido no saber lo que haces.",https://pbs.twimg.com/tweet_video_thumb/E2F2RB5WUAsG1Fw.jpg,false,,,,,,NEGATIVE,5
9561,@usuario_1c5d76eb,,"Vaya sorpresa este wey defendiendo a los delincuentes normalistas, por eso un porro como el llegó a ser presidente, cuando debió acabar en prisión por bloquear pozos petroleros.",https://pbs.twimg.com/ext_tw_video_thumb/1400080634937167877/pu/img/_VploeEVXeGvb2Uq.jpg,false,,,,,,NEGATIVE,5
9562,@usuario_fbc9549b,,"Iba por la calle cantando Gimme More inspiradísima porque me creía sola, y de repente veo a un chico fumándose un porro en un balcón viéndome con cara de 🙃Yo:",https://pbs.twimg.com/tweet_video_thumb/E3E2LcZWUAElERl.jpg,false,,,,,,NEGATIVE,5
9563,@usuario_22c32a9d,,hoy nos han preguntado unos chavales que si sabíamos de algún sitio donde hicieran cachimbas y luego ha venido otro pavo a pedirnos papel pa liarse un porro.... tú crees que esta chavala sacada de la casa de la padrera tiene pinta de fumar cachimba y porros amor💞💞???,https://pbs.twimg.com/media/E3OhtoFXMAkgzaE?format=jpg&name=small,false,,,,,,NEGATIVE,5
9564,@usuario_a63b59ef,,"🇺🇸 | ESTADOS UNIDOS 

El estado de Washington aprueba la solicitud de los minoristas de cannabis para dar un ‘porro gratis’ a quienes se vacunen contra el COVID-19 💉Están que se salen los americanos..regalan hamburguesas, patatas, sorteos y entradas para grandes eventos. 😂😂😂",https://pbs.twimg.com/media/E3W_VZ6XIAEFlMb?format=jpg&name=small,false,,,,,,NEGATIVE,5
9565,@usuario_cb8d3c7c,,"Debido a que su uso recreativo es legal desde el 2012, las tiendas habilitadas están regalando un porro a cualquier persona de 21 años o más con el certificado de vacunación. https://",https://pbs.twimg.com/media/E3dvNeyWYAQivWB.jpg,false,,,,,,NEGATIVE,5
9566,@usuario_a7f0f203,,"Podría decir que me agarró el bajón despues de un porro. Pero no no fumo, es solo que me quise hacer la que no cenaba y me dió terrible hambre",https://pbs.twimg.com/media/E3p0fJ9XwAMydLd?format=jpg&name=900x900,false,,,,,,NEGATIVE,5
9567,@usuario_d2f19a7e,,que es eso que tiene ¿?¿? porque no es un cigarrillo y un porro tampoco,"https://pbs.twimg.com/media/E39eUJYWEAER-9L?format=jpg&name=small,https://pbs.twimg.com/media/E39eUUOXIAAqK3r?format=jpg&name=120x120",false,,,,,,NEGATIVE,5
9568,@usuario_f2412642,,"Esos ""reporteros que van a la mañanera"" se fuman un porro antes de ir, salen con cada pregunta 😅🤣🤣🤣🤣😂😂😂 #Texcoco #mananera",https://pbs.twimg.com/tweet_video_thumb/E4LFK3wVkAYh1it.jpg,false,,,,,,NEGATIVE,5
9569,@usuario_f08e40d0,,Me estoy leyendo El Aleph de Borges y es como si me estuviera fumando un porro constante.,https://pbs.twimg.com/tweet_video_thumb/E4PvYqKWQAcYXkS.jpg,false,,,,,,NEGATIVE,5
9570,@usuario_8ef71fd7,,"En Dublin (Irlanda), unos camareros salieron en defensa de una clienta, una mujer embarazada negra que estaba siendo atacada por unos racistas que le lanzaban el humo de un porro en la cara, mientras ella estaba en su mesa.

Grandes los camareros plantando cara a esa gentuza.",https://pbs.twimg.com/ext_tw_video_thumb/1406709777489670151/pu/img/9xhRAfAUmpyyRoW6.jpg,false,,,,,,NEGATIVE,5
9571,@usuario_bdc79f8f,,Conan fumando un porro con Seth Rogen 😂😂,https://pbs.twimg.com/media/E4iEb3uXwAk5I39?format=jpg&name=small,false,,,,,,NEGATIVE,5
9572,@usuario_1e6b4fed,,"Un porro aspiracionista, egoísta, vandalo, ex agitador.",https://pbs.twimg.com/media/E4qcIgHWEAITVNS?format=png&name=small,false,,,,,,NEGATIVE,5
9573,@usuario_65cb66a6,,"🚨 ACLARACIÓN: Britney mencionó ayer a Miley ya que Larry Rudolph, también manejo a Miley.

Él dejaba que ella fumara un porro en el escenario, mientras que Britney se veía obligada a ir a un centro de salud mental, cuando quería cambiar algo de su coreografía. #FreeBritney","https://pbs.twimg.com/media/E4qHtblVcAIONUs?format=jpg&name=small,https://pbs.twimg.com/media/E4qHtbkUYAUN2rq?format=jpg&name=360x360",false,,,,,,NEGATIVE,5
9574,@usuario_82f7f592,,Capé a mi vecino de la ofi echandose un porro mientras bailaba reggaeton en traje. Esta ciudad nunca deja de sorprenderme :),https://pbs.twimg.com/media/E4qRCdwWEAE5kKu?format=jpg&name=small,false,,,,,,NEGATIVE,5
9575,@usuario_14810177,,"#LoMasLeido #Covid 

Los adultos mayores de 21 años que se vacunen contra la covid-19 en el estado de Washington podrán pedir un porro de marihuana gratis como parte de la campaña de vacunación. https:///el-estado-de-washington-permite-el-reparto-de-porros-gratis-para-los-vacunados-por…",https://pbs.twimg.com/media/E3nqZkxXwAc7JAH?format=jpg&name=small,false,,,,,,NEGATIVE,5
9576,@usuario_96e1bdb0,,"""Quien no ha bailado un porro Pelayero en su vida.""
Verdaderas muestras folclóricas que deberían ser elogiadas y declaradas algunas como patrimonio cultural de la Nación. 
El porro pelayero símbolo cultural y ancestral de la Nación.
@usuario_c52994c6 @usuario_b0f031d4 @usuario_66972c11",https://pbs.twimg.com/ext_tw_video_thumb/1408163454217752576/pu/img/PwBj2rL1SjwF2ZPA.jpg,false,,,,,,NEGATIVE,5
9577,@usuario_fb839346,,"""Lorenza"" es un porro pelayero grabado en 2002 por la Súperbanda de Colomboy, tras ser arreglado por el licenciado Dairo Meza. 

Su historia: https://or/8058/la-lorenza-mocari-o-tapaboca… #Colombia #Caribe #Montería #Porro #Sabana",https://pbs.twimg.com/media/E40GOt5WEAYIvQa?format=jpg&name=small,false,,,,,,NEGATIVE,5
9578,@usuario_14810177,,"#LoMasLeido #ConanOBrienEl presentador Conan O'Brien fumó marihuana en su show televisivo 

El presentador fumó en directo después de que Seth Rogen le sugiriera el cannabis como acompañante para su inminente jubilación y le sacara un porro.https:///el-presentador-conan-obrien-fumo-marihuana-en-su-show-televisivo-por-invitacion-de…",https://pbs.twimg.com/media/E4wsXqiWEA8ioSQ?format=jpg&name=small,false,,,,,,NEGATIVE,5
9579,@usuario_4efda8f8,,"☀️ @usuario_c8e047f6 ☀️-Muchísimas gracias por el stream de hoy y por mostrarnos tu maravilloso arte abstracto aunque tengo que admitir que la nube aunque el pan parece un porro me dio ternura JAKSJA-✨Descansa, toma agüita y recuerda que te queremos muchísisisisisisimo :D✨-Tqm⛅",https://pbs.twimg.com/media/E43_QumXwAE213J?format=jpg&name=small,false,,,,,,NEGATIVE,5
9580,@usuario_c3036afb,,Si ya te vacunaste te regalan un porro 😂 hay una gran cola pero ajá jaja,https://pbs.twimg.com/media/E46x5c6WYAAUBYA?format=jpg&name=small,false,,,,,,NEGATIVE,5
9581,@usuario_0d892aa6,,"Celebrará fumándose un porro, como los últimos 50 años",https://pbs.twimg.com/media/E5AuzWmX0AIsrOS?format=jpg&name=small,false,,,,,,NEGATIVE,5
9582,@usuario_61bdaf47,,"🍃🌿 ""Fumar un porro no va a arreglar el país"", dice la Iglesia potosina pues ""después un joven andará enseñando a fumar a su hermanito menor de edad"" >> https://",https://pbs.twimg.com/media/E5N_aweUcAQ9Alj?format=jpg&name=small,false,,,,,,NEGATIVE,5
9583,@usuario_2d6869a3,,Mi perro cuando tiene calor parece que se haya fumado un porro.,https://pbs.twimg.com/media/E5UL8BuXMAABBtI?format=jpg&name=small,false,,,,,,NEGATIVE,5
9584,@usuario_cd0822d3,,"Hola y bienvenidxs a ✨Arruinando fotos familiares ✨, en el episodio de hoy presentamos: Ese es Santi o tu profesor de filosofía con el que te darías un porro?",https://pbs.twimg.com/media/E5aCb5YX0AE5WUy?format=jpg&name=small,false,,,,,,NEGATIVE,5
9585,@usuario_f37afb93,,Llevo 20 min en Murcia. Ya me han pedido fuego y un señor muy amable en bici me ha ofrecido un porro por un euro,https://pbs.twimg.com/media/E5YTi4UWEAAHhvc?format=jpg&name=small,false,,,,,,NEGATIVE,5
9586,@usuario_4fa49436,,Gabriela Cerruti es esa fumanchera que gracias a la lista sábana ganó una banca en el Congreso y quiere legalizar la droga para que cuando se prenda un porro en plena sesión no la miren feo.,https://pbs.twimg.com/media/E5WP984XMAELfVU?format=jpg&name=small,false,,,,,,NEGATIVE,5
9587,@usuario_4d927129,,mi amiga sin querer sacó un porro al frente de la primita de CINCO (5) años y el engendro dice POR QUE TENES PORRO,https://pbs.twimg.com/tweet_video_thumb/E5VVXWBX0AgkIJ_.jpg,false,,,,,,NEGATIVE,5
9588,@usuario_ab595def,,que linda seguro me cuenta que tiene novio y que salio con sus amigas a fumarse un porro mientras yo espero a que me diga porque mierda me dejo plantada,https://pbs.twimg.com/media/E5aoqSxXIAUkZIT?format=jpg&name=small,false,,,,,,NEGATIVE,5
9589,@usuario_62f81006,,"Acabo de ver a un vagabundo, en una parada de autobús, forjarse un porro, con una página de LA BIBLIA, en plena luz del día…",https://pbs.twimg.com/media/E5eb34aXMAArNGR?format=jpg&name=small,false,,,,,,NEGATIVE,5
9590,@usuario_b55ff123,,Me acabo de dar cuenta de que el escudo de Atlanta Hawks girado 180° es un Pac Man que se fumó un porro.,https://pbs.twimg.com/media/E5kOcpMWUAcJG-O?format=jpg&name=small,false,,,,,,NEGATIVE,5
9591,@usuario_5e888277,,"En el libro, Amma le ofrece un porro a Camille luego de su estupor por ver las cicatrices de su hermanastra adulta. Es el único momento hasta ahora en que Amma se nota voluble. Sólo dura unos cuantas líneas porque luego vuelve a ser la hija de la chingada que conocemos.
La odio.",https://pbs.twimg.com/media/E6Mc6QyVkAAOa-R?format=jpg&name=small,false,,,,,,NEGATIVE,5
9592,@usuario_708c7136,,"Conozco a comunistas de pañuelo palestino al cuello y camiseta del Che, que lo más cerca que han estado de Cuba ha sido tomándose un mojito y un porro en la caseta de IU en la Feria del Caballo de Jerez. Eso sí, con Fanta Limón de The Coca Cola Company. Maestros sentando cátedra.",https://pbs.twimg.com/media/E6RhGazXoAAwhj4?format=jpg&name=360x360,false,,,,,,NEGATIVE,5
9593,@usuario_b4a21a80,,La discusión sobre la legalización de la marihuana es prueba que ese flagelo se ha infiltrado en nuestras sociedades. En los recreos ya les están dando un porro para tranquilizar a los niños y dejarlos livianitos para el resto del día. Imitando a los faloperos de los osos Gummies  https://,https://pbs.twimg.com/media/E6Qu_NzXEAUqQyK?format=jpg&name=small,false,,,,,,NEGATIVE,5
9615,@usuario_e66e8761,,"En otro capítulo de ""con quiénes mierda vivo"" anoche me fumé un porro con el griego (que está aprendiendo español) y hoy me mando esto, no entendí nada pero se re esfuerza el chabón y no daba corregirlo",https://pbs.twimg.com/media/EQNSrA3U0AArSyF?format=jpg&name=900x900,false,,,,,,POSITIVE,5
9594,@usuario_084c2cf1,,"Y se dejan guiar por un porro que tardo 14 años en terminar una licenciatura, quién se ha pasado por los buebos las recomendaciones sanitarias y quién además compra vacunas de poca eficacia y ahora que no hay elecciones las envía a cuenta gotas #clasespresenciales @usuario_a9978fff",https://pbs.twimg.com/media/E6T-P_EWUAIjaBQ?format=jpg&name=small,false,,,,,,NEGATIVE,5
9595,@usuario_9ad79abd,,Eva se ha fumado un porro bien gordo antes de entrar#FirstDates15J,https://pbs.twimg.com/media/E6XOPn1XEAgVW0N?format=jpg&name=900x900,false,,,,,,NEGATIVE,5
9596,@usuario_dede9e0c,,"Feliz cumpleaños al que es definitivamente el mejor de todos.💖 y de presumirlo no me canso. ""Fumese un cigarro, tírese un porro, pero sea feliz y mantenga la frente en alto"" larga vida a mi viejo tan bello","https://pbs.twimg.com/media/E6g1-VQX0AQokPC?format=jpg&name=small,https://pbs.twimg.com/media/E6g1-mpX0AYEIp7?format=jpg&name=360x360,https://pbs.twimg.com/media/E6g1-2TWUAYANp4?format=jpg&name=small",false,,,,,,NEGATIVE,5
9597,@usuario_5958cee8,,"Milla Jovovich fumando un porro en la película de culto ""Movida del 76"" (1999).",https://pbs.twimg.com/tweet_video_thumb/E6flk9pXoAQUTl2.jpg,false,,,,,,NEGATIVE,5
9598,@usuario_db8446f1,,mi primo pensando k era un porro y era un cigarro mal liado xq no sé🤡,https://pbs.twimg.com/media/E6f8cw1XIAAeHBJ?format=jpg&name=small,false,,,,,,NEGATIVE,5
9599,@usuario_88406e48,,la cantidad de sueños que tuve anoche pasé de que me caigan arañas en la cara a que me dieran un porro con cocaína,https://pbs.twimg.com/media/E6ljmVEXoAoipD-?format=jpg&name=small,false,,,,,,NEGATIVE,5
9600,@usuario_b40dbc3c,,una conocida dijo en una historia ser anti vacunas orgullosamente porq no sabe lo q tienen y re q todos los fines de semana se fuma un porro rebajado con bosta de caballo aaaa,https://pbs.twimg.com/media/E6sNV9_XMAAjJ9A?format=jpg&name=360x360,false,,,,,,NEGATIVE,5
9601,@usuario_c88d383e,,"No Carlitos, NO tenemos presidente!! 
En México NO hay gobierno, solo hay un Porro empoderado, nada más!! 

Buenos días !! ☀️ 

Mi sueño…ya sabes!!",https://pbs.twimg.com/media/E6vQI8hWEAYKD4k?format=jpg&name=small,true,,,,,,NEGATIVE,5
9602,@usuario_4edbca86,,Oh por dios mis suegros sacaron un porro y estan fumandose esa vaina con una pareja amigos de ellos,https://pbs.twimg.com/tweet_video_thumb/E62jUevXEAETqok.jpg,false,,,,,,NEGATIVE,5
9603,@usuario_6a61010e,,"No hay diferencia entre beber para olvidar un mal día o fumarte un porro para desconectar de un mal día 

Ambas son drogas, una es esencial para la economía del país y la otra no.#Ayusadas","https://pbs.twimg.com/media/E7Ak8d1WQAMuR90?format=jpg&name=360x360,https://pbs.twimg.com/media/E7Ak9DfXsAIlVjI?format=jpg&name=small",false,,,,,,NEGATIVE,5
9604,@usuario_f45a3b88,,un dibujo q hice de un amigo fumandose un porro,"https://pbs.twimg.com/media/E7JMXhnXoAESYPf?format=jpg&name=360x360,https://pbs.twimg.com/media/E7JMXxBWEAI2a49?format=jpg&name=360x360,https://pbs.twimg.com/media/E7JMYOhWYAEUICY?format=jpg&name=360x360,https://pbs.twimg.com/media/E7JMYfPWQAAr7T6?format=jpg&name=360x360",false,,,,,,NEGATIVE,5
9605,@usuario_e0f00c08,,"¿Sabéis lo que harán los contrarios a la legalización de la Marihuana? Exacto, fumarse un porro.",https://pbs.twimg.com/media/E7KEdluXEAArUzl?format=jpg&name=small,false,,,,,,NEGATIVE,5
9606,@usuario_27b30de4,,ayer me ofrecieron un porro y dije que no,https://pbs.twimg.com/media/E7JoLieXMAA1wn1?format=jpg&name=small,false,,,,,,NEGATIVE,5
9607,@usuario_da31fc8f,,"Quiero comprarme ropa, tatuarme, perforarme , teñirme el pelo , déjarmelo largo o cortarlo, hacer dieta , disfrutar el día a día , trabajar , ahorrar plata, ir de viaje , fumarme un porro , tirarme de un puente",https://pbs.twimg.com/media/EPYnEUGX4AA6yNJ?format=jpg&name=small,false,,,,,,POSITIVE,5
9608,@usuario_b5ef04ed,,Estoy intentando dejar de fumar weed todos los días porque el niño que me gusta no fuma y justo pasa un amigo por mi trabajo a dejarme un porro...,https://pbs.twimg.com/tweet_video_thumb/EPeTyiwXsAAwSdQ.jpg,false,,,,,,POSITIVE,5
9609,@usuario_59b0b0d2,,bebiéndome un café con leche de 2 litros y echándome un porro a -1 grados,https://pbs.twimg.com/media/EP0hrzuWAAA75m1?format=jpg&name=900x900,false,,,,,,POSITIVE,5
9610,@usuario_eab1463a,,"escribi el ensayo, me fume un porro, me hice queso y pizza casera y tengo una birra en el freezer SOLA PARA MI",https://pbs.twimg.com/tweet_video_thumb/EPz42OMX4AENIGJ.jpg,false,,,,,,POSITIVE,5
9611,@usuario_4551b7dd,,"Hoy me regalaron un porro y como hace mucho no fumo me re prepare, compre coquita y comida para el bajón y súper contenta hasta que lo quise prender y me di cuenta que un forro que vino el domingo ME LO ROBÓ y ahora toy asi sin que me pegue porque toy enojada",https://pbs.twimg.com/media/EP4xtu8WkAA9VpD?format=jpg&name=small,false,,,,,,POSITIVE,5
9612,@usuario_6a8344da,,quiero un porro,,false,,,,,,POSITIVE,5
9613,@usuario_17d1dc9f,,nada le gana a fumar un porro en la pllaya con el amor d tu vida,https://pbs.twimg.com/ext_tw_video_thumb/1225597308877918213/pu/img/RWk63Vnu_-PPYQQu.jpg,false,,,,,,POSITIVE,5
9614,@usuario_2b2860dd,,Me acabo de acordar que tengo un porro escondido debajo de mi cama,https://pbs.twimg.com/media/EQJJxHOUcAIEQX_?format=jpg&name=small,false,,,,,,POSITIVE,5
9702,@usuario_6820a668,,Muero por un porro,,false,,,,,,POSITIVE,5
9618,@usuario_c957473d,,Fumar un porro de bachas es una experiencia cannábica muy intensa que solo los libres de prejuicios y los que no tenemos que esconder nuestra mota en casa nos podemos dar,https://pbs.twimg.com/tweet_video_thumb/EQWyA5rWsAE8GDo.jpg,false,,,,,,POSITIVE,5
9619,@usuario_2e56554f,,Necesito fumarme un porro gigante,,false,,,,,,POSITIVE,5
9620,@usuario_94ed7dd6,,Me quiero fumar un porro después de haber trabajado como una perra y mis roomates que me rompen la chota con que huele fuerte y que vaya afuera con -8°,https://pbs.twimg.com/tweet_video_thumb/EQCp4E7WkAAvacw.jpg,false,,,,,,POSITIVE,5
9621,@usuario_460a7fde,,dije bueno me fumo un porro así pruebo de tirar free y al final me dió paja así q estoy mirando el techo reflexionando de la vida,https://pbs.twimg.com/media/EN2VxipWAAMTW6y?format=jpg&name=small,false,,,,,,POSITIVE,5
9622,@usuario_527c0846,,Necesito un porro y alguien con quien hablar de aliens y conspiraciones,https://pbs.twimg.com/tweet_video_thumb/ENz7qjwWsAAbQ72.jpg,false,,,,,,POSITIVE,5
9623,@usuario_2c1e85ac,,Me prendí un sahumerio y un porro,https://pbs.twimg.com/tweet_video_thumb/ENzrMPpXsAEr-Ah.jpg,false,,,,,,POSITIVE,5
9624,@usuario_fb239fbe,,Quiero un porro para celebrar.,https://pbs.twimg.com/media/EN8-qHVXkAAYxIo?format=jpg&name=small,false,,,,,,POSITIVE,5
9625,@usuario_1e6bb990,,Donde estabas vos ahora solo me acompaña un porro 🌴🍹🚬,https://pbs.twimg.com/media/EN8eGlKXsAA9uiP?format=jpg&name=small,false,,,,,,POSITIVE,5
9626,@usuario_c8c6c5b9,,Venía re depre. Me fumé un porro y ahora estoy pasando por 3 estados y se los voy a mostrar con imágenes en perfecto orden,"https://pbs.twimg.com/media/EN9VrgEXsAAxGhI?format=jpg&name=360x360,https://pbs.twimg.com/media/EN9VronWsAExyIm?format=jpg&name=360x360,https://pbs.twimg.com/media/EN9VrwoXsAEll1p?format=jpg&name=360x360",false,,,,,,POSITIVE,5
9627,@usuario_80265313,,"Necesito Un
Porro",,false,,,,,,POSITIVE,5
9628,@usuario_8bae0353,,Me crucé a mi ex profesora del secundario mientras me estaba fumando un porro,https://pbs.twimg.com/media/EOHX__VX0AAvefD?format=jpg&name=240x240,false,,,,,,POSITIVE,5
9629,@usuario_10e12a0d,,Estoy enojado porque no pude cortarme el cabello y feliz porque me estoy fumando un porro.,https://pbs.twimg.com/media/EOGzMAFX4AALPyi?format=jpg&name=900x900,false,,,,,,POSITIVE,5
9630,@usuario_9168d833,,ayer me fume un porro de prensado antes de dormir y mi vieja me mando esto JAJAJAJAAJjs que mujer,https://pbs.twimg.com/media/EOLjyZiWsAI2CwT?format=jpg&name=small,false,,,,,,POSITIVE,5
9631,@usuario_b2a63716,,Siendo las 00.11 nos vamos a fumar un porro porque hoy cumple el brodi @usuario_d3f42b3c y no se hace otra cosa,https://pbs.twimg.com/media/EONfFIzXsAAyNLi?format=jpg&name=small,false,,,,,,POSITIVE,5
9632,@usuario_c8c6c5b9,,Después de fumarme un porro se me da por comerme cualquier fruta que encuentre cerca,https://pbs.twimg.com/media/EOSP-z3WkAAxbQt?format=jpg&name=small,false,,,,,,POSITIVE,5
9633,@usuario_be6b5841,,se me acaba de caer un porro entero por el balcón,https://pbs.twimg.com/ext_tw_video_thumb/1216930330067767296/pu/img/El3j8oEpklJwp_9Z.jpg,false,,,,,,POSITIVE,5
9634,@usuario_b5ef04ed,,Que rico un capuccino y un porro después de almuerzo.,https://pbs.twimg.com/media/EOwGiKuX4AIGIc4?format=jpg&name=small,false,,,,,,POSITIVE,5
9635,@usuario_18f43682,,Un porro y rap para esta noche fría.,,false,,,,,,POSITIVE,5
9636,@usuario_2a93e523,,"Necesito fumarme un porro con el negro y tocar muchos temas que solo con el puedo hablar de manera rancia mal, que tipo malo es como lo amo. Te extraño @usuario_d1b5abea",https://pbs.twimg.com/tweet_video_thumb/EPAAt3TX4AApR74.jpg,false,,,,,,POSITIVE,5
9637,@usuario_cade4d26,,Ya solo me fumo un porro al día,https://pbs.twimg.com/media/EO_ZcR4W4AA_OZw?format=jpg&name=small,false,,,,,,POSITIVE,5
9638,@usuario_f8f6ad84,,me he fumado un porro más grande que mi cabeza y me estoy hartando a galletas y con este detalle que tanto os importa buenas noches (:,https://pbs.twimg.com/media/EPGYgJBXUAEZl89?format=jpg&name=small,false,,,,,,POSITIVE,5
9639,@usuario_ec2f83d1,,"Estoy en medio de la nada, todo es montaña arenosa salí a fumar un porro (solo traje dos) lo deje en el bolsillo, llego a casa y me di cuenta que se cayó. Salí a buscarlo con la linterna del celu caminado media cuadra con tan buena suerte que lo encontré jajaja 😂",https://pbs.twimg.com/media/EPGq3k7W4AAfwtn?format=jpg&name=small,false,,,,,,POSITIVE,5
9640,@usuario_101453b9,,A k nivel de pelotudez llegamos k pusimos un porro en una armonika y le decimos flauta,https://pbs.twimg.com/ext_tw_video_thumb/1225129295330209793/pu/img/z-En9F7cBIzXM06n.jpg,false,,,,,,POSITIVE,5
9641,@usuario_4296de74,,quiero un porro o tres,,false,,,,,,POSITIVE,5
9642,@usuario_3a55b8a5,,Extraño salir a fumar un porro en tu escalerita,,false,,,,,,POSITIVE,5
9703,@usuario_77418a87,,anoche compré un porro y lo perdí. F,,false,,,,,,POSITIVE,5
9645,@usuario_e25dc665,,"Mi traje, mis botas y un porro en mi boca 🤠","https://pbs.twimg.com/media/ERbnywoXYAA6dNu?format=jpg&name=small,https://pbs.twimg.com/media/ERbnywnX0AEmmtB?format=jpg&name=small",false,,,,,,POSITIVE,5
9646,@usuario_15a0be8f,,ayer arme un porro hermoso,,false,,,,,,POSITIVE,5
9647,@usuario_b776e18d,,"Me fume un porro con esta tranquilidad, toy muy feliz les juro",https://pbs.twimg.com/ext_tw_video_thumb/1231967236665028610/pu/img/DW-0T1NG9tDpXdbG.jpg,false,,,,,,POSITIVE,5
9648,@usuario_84c02857,,Que ganas de fumarme un porro...,https://pbs.twimg.com/media/ERlEZgGUwAAcXz1?format=jpg&name=small,false,,,,,,POSITIVE,5
9649,@usuario_d5549f56,,quiero un porro,,false,,,,,,POSITIVE,5
9650,@usuario_94d58387,,quiero fumarme un porro y dormirme ya,,false,,,,,,POSITIVE,5
9651,@usuario_8fd08107,,Dios quiero fumarme un porro bien grandote,https://pbs.twimg.com/media/ESPXpWvUMAAz_4X?format=jpg&name=small,false,,,,,,POSITIVE,5
9652,@usuario_eb64bf94,,Y al final te das cuenta de que lo único que necesitabas era un porro,https://pbs.twimg.com/tweet_video_thumb/ESdCYVhXkAAmrGx.jpg,false,,,,,,POSITIVE,5
9653,@usuario_c5ba2740,,Anoche fume un porro con ex chongo. El que jamás había probado y me decía q estaba mal q yo fume,https://pbs.twimg.com/tweet_video_thumb/ESn_oJlWkAEJ7wA.jpg,false,,,,,,POSITIVE,5
9654,@usuario_78fbb44d,,"Anoche me fume un porro con mis suegros, el mejor día de mi vida",https://pbs.twimg.com/media/ESmbLWrXgAEuq6s?format=jpg&name=small,false,,,,,,POSITIVE,5
9655,@usuario_1209ee15,,"No les gusta terminar de comer y fumar un porro? O levantarse y fumar un porro? O antes de acostarse fumar un porro? O cuando salís de bañarte o cuando estás con tus amigos, o cuando cagas o cuando garchas
Toda la vida gira entorno al porro acaso?",https://pbs.twimg.com/media/ESsZr3MX0AAz7la?format=jpg&name=small,false,,,,,,POSITIVE,5
9656,@usuario_d3b3bd91,,Soy hermosa cuando tengo un porro en la boca,https://pbs.twimg.com/media/ES_w-WRWkAEw7Sn?format=jpg&name=900x900,false,,,,,,POSITIVE,5
9657,@usuario_30df69f8,,Me quiero hacer un porro en verdad,,false,,,,,,POSITIVE,5
9658,@usuario_1b49c89a,,que ganas de fumar un porro que tengo,,false,,,,,,POSITIVE,5
9659,@usuario_dd4bd66a,,yo con mis ganas de hacerme un porro sabiendo q tengo q racionar la hierba,https://pbs.twimg.com/media/ETLUgWKXkAQjd1j?format=jpg&name=small,false,,,,,,POSITIVE,5
9660,@usuario_8963d18c,,Tengo ganas de un porro,https://pbs.twimg.com/tweet_video_thumb/ETH0YLVWkAAQ61u.jpg,false,,,,,,POSITIVE,5
9661,@usuario_05a04689,,"Cuando empiezas a toser, pero recuerdas que acabas de fumarte un porro.",https://pbs.twimg.com/media/ETQWnuBX0AA5Dmj?format=jpg&name=240x240,false,,,,,,POSITIVE,5
9662,@usuario_d1415736,,"Saben que ayer me fume un porro con mí novia, y me dio ataque de risa épico.

Decidimos documentarlo.","https://pbs.twimg.com/media/ETQmcZjXsAA74G3?format=jpg&name=small,https://pbs.twimg.com/media/ETQmdHrXQAM_GQA?format=jpg&name=small",false,,,,,,POSITIVE,5
9663,@usuario_ecc9a8ca,,Dia 6 de cuarentena: make up pa sacar a los perros y fumarme un porro 🙄,https://pbs.twimg.com/media/ETahxikWAAAbjgp?format=jpg&name=900x900,false,,,,,,POSITIVE,5
9664,@usuario_da1a388b,,"Me fume un porro sola, estoy de la paliducha, todos los dias asi serán JAJAJAJ llorando",https://pbs.twimg.com/ext_tw_video_thumb/1241087096502263808/pu/img/RFq1TAvFhvlEgD3U.jpg,false,,,,,,POSITIVE,5
9665,@usuario_5c8c08f4,,"Esto parecerá de puto yonki, pero un porro, cerveza y música es de mis planes que mas amo ❤️ Yo solo y la música",https://pbs.twimg.com/media/ETlx0GJWkAEUTfG?format=jpg&name=900x900,false,,,,,,POSITIVE,5
9666,@usuario_0c686dc9,,Necesito un porro 😢,,false,,,,,,POSITIVE,5
9667,@usuario_1868143a,,quiero un porro,,false,,,,,,POSITIVE,5
9668,@usuario_157cd0d9,,Quiero un porro,https://pbs.twimg.com/tweet_video_thumb/ETri8KyXkAARE44.jpg,false,,,,,,POSITIVE,5
9669,@usuario_87890442,,Quiero un porro,,false,,,,,,POSITIVE,5
9670,@usuario_6547f145,,Quiero un porro. Debería existir algo tipo McPorro donde vas y te armes tu combo,https://pbs.twimg.com/tweet_video_thumb/ET04TzVWoAUwm8G.jpg,false,,,,,,POSITIVE,5
9671,@usuario_57470998,,mataría por un porro ahora,,false,,,,,,POSITIVE,5
9672,@usuario_0d9067b2,,Por favor cómo extraño fumarme un porro con mis amigas mientras miramos videos bizarros y comemos chipá con mate.,https://pbs.twimg.com/tweet_video_thumb/EUIjaAoXsAMi1Mg.jpg,false,,,,,,POSITIVE,5
9673,@usuario_9fffeebf,,llevo 5 minutos buscando un porro que ya me he fumado jajajajaja lmao,https://pbs.twimg.com/tweet_video_thumb/EUPgAvXWAAAVNqL.jpg,false,,,,,,POSITIVE,5
9674,@usuario_381f575c,,"Como cuando piensas que habías perdido un porro, pero a mitad del otro porro que armaste te encuentras el porro perdido😅",https://pbs.twimg.com/media/EUw6ib7XQAAVgyo?format=jpg&name=small,false,,,,,,POSITIVE,5
9675,@usuario_cc58adfa,,"Mientras todos estaís en casa, yo he esquivado a la policia y me he sentado a fumarme un porro mirando al mar. #QuedateEnCasa 

NO.",https://pbs.twimg.com/media/EUxZUlPXgAUhep0?format=jpg&name=900x900,false,,,,,,POSITIVE,5
9676,@usuario_b9053e65,,que ganas de un porro loko,,false,,,,,,POSITIVE,5
9677,@usuario_ee6551d5,,me quiero fumar un porro,,false,,,,,,POSITIVE,5
9678,@usuario_a8a71104,,"Una taza de té, un libro, un porro y esta hermosa vista 😌👌",https://pbs.twimg.com/media/EVBGIhgXgAEYYhZ?format=jpg&name=small,false,,,,,,POSITIVE,5
9679,@usuario_5c0313f8,,"Ay lo que echo de menos las tardes en el campo, al solecito con un porro entre las manos.",https://pbs.twimg.com/media/EVBNKhSWsAEHe6K?format=jpg&name=small,false,,,,,,POSITIVE,5
9680,@usuario_d120dfb7,,Doy mi alma al diablo por un porro,,false,,,,,,POSITIVE,5
9681,@usuario_17716ac2,,"Estas ganas de fumarme un porro, reír y desestresarme",https://pbs.twimg.com/tweet_video_thumb/EVCjJR6XkAAM8zR.jpg,false,,,,,,POSITIVE,5
9682,@usuario_428a02e5,,Alguien con quien fumarse un porro es mucho pedir? Jajaja,,false,,,,,,POSITIVE,5
9683,@usuario_431a9d1c,,yo necesito un porro y despues un cigarro,,false,@usuario_01110f54,,"necesito un cigarro o un porro, tanta ansiedad siento que me va a consumir",,false,POSITIVE,5
9684,@usuario_ca503af0,,Que bien sienta fumarse un porro después de un largo día fumando porros,https://pbs.twimg.com/media/EWfPch6WsAIWjcP?format=jpg&name=900x900,false,,,,,,POSITIVE,5
9685,@usuario_0d41e6d0,,M puse a jugar al ajedrez online mientras m fumaba un porro,https://pbs.twimg.com/media/EW1w1H_XsAADEtl?format=jpg&name=small,false,,,,,,POSITIVE,5
9686,@usuario_75e4f154,,estuve trabajando todo el día y frene así a fumarme un porro y responder mensajes,https://pbs.twimg.com/media/EWz88eFWkAMQzyj?format=jpg&name=small,false,,,,,,POSITIVE,5
9687,@usuario_253dbb04,,Quiero un vino y un porro en celulosa,https://pbs.twimg.com/media/EW04xJmWkAIZlzA?format=jpg&name=900x900,false,,,,,,POSITIVE,5
9688,@usuario_7efc95ad,,Que tremendas ganas de fumarme un porro,,false,,,,,,POSITIVE,5
9689,@usuario_a082db90,,Me muero por un porro y si fumo lo que me queda me quedo sin.,https://pbs.twimg.com/media/EW9MBB0WsAcCgwU?format=jpg&name=small,false,,,,,,POSITIVE,5
9690,@usuario_6337698c,,Yo creo que es hora de un porro,,false,,,,,,POSITIVE,5
9691,@usuario_4128782e,,"Hace dos años me forjé con mis compás un porro con una hoja de la biblia, qué buenos tiempos","https://pbs.twimg.com/media/EXWnRYOUwAAac0c?format=jpg&name=360x360,https://pbs.twimg.com/media/EXWnSaoUwAEkQAT?format=jpg&name=small",false,,,,,,POSITIVE,5
9692,@usuario_79a816d1,,quiero un porro del tamaño de la luna,,false,,,,,,POSITIVE,5
9693,@usuario_fc2b9755,,Me voy a fumar un porro a la plaza,,false,,,,,,POSITIVE,5
9694,@usuario_aeaa092e,,nos estamos fumando un porro en un cantero de malvin y una señora salió a escracharnos sacándonos fotos,https://pbs.twimg.com/tweet_video_thumb/EXrxszhWkA0aURR.jpg,false,,,,,,POSITIVE,5
9695,@usuario_e8a960a4,,Recordando cuando podía salir a fumarme un porro en una plaza,https://pbs.twimg.com/ext_tw_video_thumb/1263213915095302145/pu/img/-xbuBM97sUw08del.jpg,false,,,,,,POSITIVE,5
9696,@usuario_88495e0c,,Dios ayer estaba re drogada y tire casi un porro entero que me había mechado de golosa,https://pbs.twimg.com/tweet_video_thumb/EYeWIPOWkAMR-SG.jpg,false,,,,,,POSITIVE,5
9697,@usuario_110ec46a,,"tuve un ataque de nervios increíble en el que no podía dejar de llorar y casi no podía respirar,me calmaron mis viejos (campeones) y después de toda esa secuela ahora me estoy fumando un porro y sintiendome tan tranquila y con paz,dios gracias por mis viejos y la marihuana🤧💖",https://pbs.twimg.com/tweet_video_thumb/EYqK3B0XYAAEV1C.jpg,false,,,,,,POSITIVE,5
9698,@usuario_af0f468c,,Quiero un porro,,false,,,,,,POSITIVE,5
9699,@usuario_c751c3e3,,storytime ayer casi quemo mi casa a las 3 de la mañana fumándome un porro en fin al final solo se quemó la bajera de la cama y un trozo de colchón y lo arreglé cambiando la bajera y guardando la quemada en una maleta pa q no la vieran mis padres,https://pbs.twimg.com/tweet_video_thumb/EY-mTwRX0AMVRio.jpg,false,,,,,,POSITIVE,5
9700,@usuario_8afa1e09,,quiero fumarme un porro,,false,,,,,,POSITIVE,5
9701,@usuario_6d048828,,"me levante, me fume un porro y me puse a escuchar chromatica al palo, mis vecinos deben estar así",https://pbs.twimg.com/media/EZMYgmeWsAQH16O?format=jpg&name=small,false,,,,,,POSITIVE,5
9706,@usuario_aa4c3a57,,"PERO QUE GANAS D FUMARME UN PORRO CON MIS AMIGAS POR DIOS, YA NO AGUANTO",https://pbs.twimg.com/media/EaL4Y1bWoAA2AYF?format=jpg&name=small,false,,,,,,POSITIVE,5
9707,@usuario_95c2be02,,"Estaba fumando un porro en mi patio y paso este ovni,no se si será que pegó fuerte o que #Ovnis",https://pbs.twimg.com/media/EaWJhfFWAAE5_IU?format=jpg&name=360x360,false,,,,,,POSITIVE,5
9708,@usuario_60e2396c,,Hora de un porro,https://pbs.twimg.com/tweet_video_thumb/EaWK_-cXgAAFxTi.jpg,false,,,,,,POSITIVE,5
9709,@usuario_9520e793,,¿Alguien quiere fumar un porro? Yo invito,https://pbs.twimg.com/media/EaSuSZXUwAEORJH?format=jpg&name=360x360,false,,,,,,POSITIVE,5
9710,@usuario_6e91ba51,,Estaba tan dormida q en vez d prenderme un pucho me prendí un porro y me di cuenta 4 secas dsps,https://pbs.twimg.com/tweet_video_thumb/EaV71PJWAAIZPwm.jpg,false,,,,,,POSITIVE,5
9711,@usuario_bcd3d82a,,QUE GANAS DE UN PORRO GIGANTE,https://pbs.twimg.com/tweet_video_thumb/EaSFr-aU8AE_9ap.jpg,false,,,,,,POSITIVE,5
9712,@usuario_19c7abe0,,Me acabo de fumar un porro que enconte mientras embalaba cosas que segun mis calculos debe llevar 8 meses ahi,https://pbs.twimg.com/media/EagGqX4XkAA0wvz?format=jpg&name=small,false,,,,,,POSITIVE,5
9713,@usuario_c62b6755,,Necesito un porro ya,,false,,,,,,POSITIVE,5
9714,@usuario_e3601d18,,"Feliz día amigo, te admiro y aprecio mucho. Perdón mí cara me desayuné una birra y un porro✨",https://pbs.twimg.com/media/EbDmVoGWAAUskWs?format=jpg&name=small,false,,,,,,POSITIVE,5
9715,@usuario_24c29da4,,está para un porro y unas buenas facturas,,false,,,,,,POSITIVE,5
9716,@usuario_cecc60ea,,Tengo un porro pero no con quien coger después.,https://pbs.twimg.com/media/EbJQO2aXsAI6HmD?format=jpg&name=small,false,,,,,,POSITIVE,5
9717,@usuario_06052d67,,"Hasta que pase el calor y  baje y se oculte el sol, un porro de los buenos de  @usuario_66061026 y voy a elegir... #Auto_Og_Kush buena elección! sin duda y hace tiempo que no la fumaba y me encanta, a quíen no? Sabor potente y variado combustible, especias, cítrico y jabón quiza...","https://pbs.twimg.com/media/EbX9ngeX0AMQDy8?format=jpg&name=360x360,https://pbs.twimg.com/media/EbX9vLCXkAQFAU3?format=jpg&name=360x360,https://pbs.twimg.com/media/EbX9zP8XgAEw67O?format=jpg&name=small,https://pbs.twimg.com/media/EbX96rCX0AA3Mib?format=jpg&name=360x360",false,,,,,,POSITIVE,5
9718,@usuario_a0a1f34b,,"Cualquier clima es el adecuado para fumarse un porro. 
Buen día 😉",https://pbs.twimg.com/media/EbXM8OFX0AscVMP?format=jpg&name=small,false,,,,,,POSITIVE,5
9719,@usuario_22c348e2,,Me acabo d fumar un porro y tomarme una birra y estoy haciendo pelotudeces mi perra me esta mirando literalmente asi,https://pbs.twimg.com/media/EbVQTuiXYAAO5Wz?format=jpg&name=360x360,false,,,,,,POSITIVE,5
9720,@usuario_817ad5ab,,Quiero fumarme un porro.,,false,,,,,,POSITIVE,5
9721,@usuario_8ea80875,,Es 4:20 y yo no tengo un porro en la mano 💔,https://pbs.twimg.com/media/Eba9SOVXsAUYrNn?format=jpg&name=small,false,,,,,,POSITIVE,5
9722,@usuario_5bfb46f8,,de repente me dieron ganas de fumarme un porro y ver high school musical EL DESAFIO,https://pbs.twimg.com/media/Ebe0QI6WoAE7hKI?format=jpg&name=small,false,,,,,,POSITIVE,5
9723,@usuario_0932cc7e,,Me levanté solo para fumarme un porro y volverme a dormir... 😴,https://pbs.twimg.com/media/EbwiNb_X0AA1Bsm?format=jpg&name=small,false,,,,,,POSITIVE,5
9724,@usuario_8f865897,,"Prueben comer mandarinas después de fumar un porro, no saben de lo que se están perdiendo 💚",https://pbs.twimg.com/media/Eb4Niq7WAAIawWZ?format=jpg&name=small,false,,,,,,POSITIVE,5
9725,@usuario_bfec6918,,"10:06, sentada acá, con el viento tan sabroso que hay sólo necesito que no amanezca 

Ah, también necesito un porro.",https://pbs.twimg.com/media/Eb4upNLWoAEungg?format=jpg&name=small,false,,,,,,POSITIVE,5
9726,@usuario_6a75494e,,yo solo creí que tenía un porro pero me lo había fumado,https://pbs.twimg.com/media/Eb4Unp9XYAQCphg?format=jpg&name=900x900,false,@usuario_ced8a0fe,,yo solo me senté a su lado en una hora de guardia  x.com/reallyele/stat…,"https://pbs.twimg.com/media/Eb2JdmdX0Acjzoi?format=jpg&name=120x120,https://pbs.twimg.com/media/Eb2Jdr7XsAECCny?format=jpg&name=120x120",false,POSITIVE,5
9727,@usuario_030e1518,,Yo escuchando unos temitas después de haberme fumado un porro entero yo solo,https://pbs.twimg.com/media/Eb-KGsfXQAUXEWH?format=jpg&name=small,false,,,,,,POSITIVE,5
9728,@usuario_14f39244,,"Cae la noche, abro la ventana
y me fumo un porro como el de",https://pbs.twimg.com/media/EcMWuptWAAE8n1K?format=jpg&name=small,false,,,,,,POSITIVE,5
9729,@usuario_16d99f3c,,"Me encontré un porro ya liao en el campo, ojala hubiera estao en buen estado y me lo hubiera fumao jajaja",https://pbs.twimg.com/media/EcUsWcgWAAAwdWq?format=jpg&name=900x900,false,,,,,,POSITIVE,5
9782,@usuario_90337048,,"Con este clima tan ""gris"" el ambiente reclama un porro con hash",https://pbs.twimg.com/tweet_video_thumb/Efaa_9xXkAAWuOt.jpg,false,,,,,,POSITIVE,5
9730,@usuario_3f379a0f,,oigan me estoy mudando y escondí un porro en esta casa y ya no lo encuentro,https://pbs.twimg.com/media/EcbHIN5XkAIqaG_?format=jpg&name=small,false,,,,,,POSITIVE,5
9731,@usuario_ae0e34fb,,Quiero fumar un porro culia,https://pbs.twimg.com/tweet_video_thumb/Ecg_t4fWkAEmLDy.jpg,false,,,,,,POSITIVE,5
9732,@usuario_1357ca61,,Yo fumandome un porro luego de haber tenido una crisis emocional por la depresión.,https://pbs.twimg.com/media/EchiwcgXkAE3mJ8?format=jpg&name=small,false,,,,,,POSITIVE,5
9733,@usuario_21dc38b9,,"Se me ha mojado un porro y he pensado en meterlo en el.microondas, el resultado os.sorprendera",https://pbs.twimg.com/ext_tw_video_thumb/1283075187827789824/pu/img/2OUTNaMIyuK3Df3H.jpg,false,,,,,,POSITIVE,5
9734,@usuario_c279b6fe,,que putas ganas de un porro,,false,,,,,,POSITIVE,5
9735,@usuario_43237f74,,Yo solo quiero un porro woo,,false,,,,,,POSITIVE,5
9736,@usuario_e8a960a4,,Le acabo de mandar un vídeo cantando todavía de la factoría a mí mejor amiga mientras me fumo un porro? Yes,https://pbs.twimg.com/media/EdFgqcpXkAQBsUp?format=jpg&name=small,false,,,,,,POSITIVE,5
9737,@usuario_bd6efe02,,Me fume un porro y me hice una manzana asada con canela y azucar,https://pbs.twimg.com/media/EdE_DKEWkAA1b-s?format=jpg&name=small,false,,,,,,POSITIVE,5
9738,@usuario_5441e6cf,,Ojalá ser AntMan.... Para cuando me quede la chusta del porro... Hacerme pequeño y tener un porro gigante,https://pbs.twimg.com/tweet_video_thumb/EdC4pCrX0AElpo_.jpg,false,,,,,,POSITIVE,5
9739,@usuario_c25e4d0e,,"Di un final divino yo creída que había terminado me desconecto, clave musica flashe vacaciones me arranque un porro y a los 15 min (re loca) me dicen que tengo que dar defensa oral. Adivinen a quien le recomendaron volver en septiembre",https://pbs.twimg.com/tweet_video_thumb/EdIgsnnXkAATwGx.jpg,false,,,,,,POSITIVE,5
9740,@usuario_c83b5568,,Hice un porro con una hoja de un libro de @usuario_5a9ee80c esta dlv. Mil veces mejor con ticket de caseta.,https://pbs.twimg.com/media/EdIxNUIWAAAEyKc?format=jpg&name=small,false,,,,,,POSITIVE,5
9741,@usuario_7c94f8a9,,Voy a hacerme un porro y hacer galletas caseras y vosotros,https://pbs.twimg.com/media/EdL3osjXoAMtlbn?format=jpg&name=900x900,false,,,,,,POSITIVE,5
9742,@usuario_4badb783,,Ese día volvíamos de la graduación de Luca y me prendi un porro en el bondi,https://pbs.twimg.com/media/EdM2nDhX0AAwrNg?format=jpg&name=small,false,,,,,,POSITIVE,5
9743,@usuario_73fafae3,,"ya más adulta, fui a un cumpleaños un sábado sin dormir, había laburado, después tome sol, no comi, llegue, me escabie todo, me fume un porro del tamaño de mi cara aprox y la quede heavy, una babosa tenía más movilidad que yo pero recuerdo todo  https:///_sugaddaeng/status/1284311376278822912…",https://pbs.twimg.com/media/EdLT18xX0AAGltQ?format=jpg&name=small,false,,,,,,POSITIVE,5
9744,@usuario_635fcf23,,Ahí me fume un porro,https://pbs.twimg.com/media/EdM_80CWoAAt77E?format=jpg&name=small,false,,,,,,POSITIVE,5
9745,@usuario_5e894c37,,dormi todo el dia teniendo un monton de cosas de la facultad para hacer y estoy tomando vinito con un porro en la boca,https://pbs.twimg.com/media/EdQDBRuWAAEH5tl?format=jpg&name=small,false,,,,,,POSITIVE,5
9746,@usuario_bfbd2f58,,"yo siempre nomas fume marihuana y la primera vez dije bueno aber le acepto una pitada de tabaco a alguien claramente le di como si fuera un porro y quise mandar el humo a pulmon, no quiero ni saber la cara de mogolico que se me puso pero fue mas o menos asi",https://pbs.twimg.com/media/EdSZWzoWsAAO-tC?format=jpg&name=small,false,,,,,,POSITIVE,5
9747,@usuario_5038911e,,La última del día💰 es hora de irme a fumar un porro y tomarme una cerveza.,https://pbs.twimg.com/media/EdUg7qeUEAAKVdF?format=jpg&name=900x900,false,,,,,,POSITIVE,5
9748,@usuario_81b2cd28,,fume un porro con el gordo solo los que fumaron un porro con el gordo pueden decir lo que se siente fumar un porro con el gordo,https://pbs.twimg.com/media/EdQx1weXsAI6nn2?format=jpg&name=small,false,,,,,,POSITIVE,5
9749,@usuario_69050c0b,,Sin apologías ni nada pero me vengo portando re bien y a demás un porro y una grappa no se le niegan a nadie.,https://pbs.twimg.com/media/EdQJDq0WsAE63sh?format=jpg&name=small,false,,,,,,POSITIVE,5
9750,@usuario_d69fad2c,,Aquí relax aventándome un porro y unos versos,https://pbs.twimg.com/media/EdZ8BSFXkAI1eRN?format=jpg&name=900x900,false,,,,,,POSITIVE,5
9751,@usuario_f95e436f,,quiero q sepan q me fume un porro sola en mi casa antes d hacer el cita y responde de wos toy cebadisima,https://pbs.twimg.com/tweet_video_thumb/EdWBNFIWsAIkHhe.jpg,false,,,,,,POSITIVE,5
9752,@usuario_fb12854a,,regálenme un porro xfa,,false,,,,,,POSITIVE,5
9753,@usuario_e5372d05,,1 like y me fumo un porro,,false,,,,,,POSITIVE,5
9754,@usuario_7fda6258,,El día amerita un porro,,false,,,,,,POSITIVE,5
9755,@usuario_1bd855de,,Primero un porro luego a estudiar 🍓,https://pbs.twimg.com/media/Edjfi6yXsAg0O49?format=jpg&name=small,false,,,,,,POSITIVE,5
9756,@usuario_f7fe256d,,"Este verano estuve en un bar que tenia un 420 gigante en la pared con imagenes alusivas a la marihuana, me prendí un porro y me quisieron echar.",https://pbs.twimg.com/tweet_video_thumb/EdnjSxUXgAAyMmb.jpg,false,,,,,,POSITIVE,5
9757,@usuario_ea5936e8,,ni un porro tengo quiero llorar,,false,,,,,,POSITIVE,5
9758,@usuario_cdbdb1e3,,Yo ocultando mis ganas de armarme un porro😔😔😔,https://pbs.twimg.com/media/Edp-eYNXYAAiZh-?format=jpg&name=small,false,,,,,,POSITIVE,5
9759,@usuario_97944cbd,,"Ayer me fume un porro y me puse a freír mars. Como ya he dicho estaba fumado, improvisando y se me derretian en la mano. 

Look 3/10
Taste putacerda/10",https://pbs.twimg.com/media/EdweS6PXYAASGMV?format=jpg&name=small,false,,,,,,POSITIVE,5
9760,@usuario_cee1371f,,"Y para terminar el domingo, a echarse en el sillón, con un porro y una buena playlist.",https://pbs.twimg.com/media/Ed5cX-cWoAAcFzO?format=jpg&name=small,false,,,,,,POSITIVE,5
9761,@usuario_ea5a6788,,"Che, quiero un porro.",,false,,,,,,POSITIVE,5
9762,@usuario_2aebb81a,,Cuántos días van de cuarentena? Vengo fumando más de un porro diario. Esta semana me propuse fumar uno en toda la semana . Arranque el domingo... Vengo bastante bien pero no sé si llego al domingo que viene 😁,https://pbs.twimg.com/media/EeDpBODXoAEUlXA?format=jpg&name=small,false,,,,,,POSITIVE,5
9763,@usuario_1f8626ac,,unas ganas de estar en La Plata fumandome un porro con mis amigos y viendo qué fiesta under hay este fin de semana o a cual cervecería caemos en happy hour,https://pbs.twimg.com/media/EeQiqNsWAAYDUL6?format=jpg&name=small,false,,,,,,POSITIVE,5
9764,@usuario_8f1ecca5,,when dije que me voy a hacer un porro más grande que mi cabeza no era broma,https://pbs.twimg.com/media/EeSezfhXYAAXZvl?format=jpg&name=small,false,,,,,,POSITIVE,5
9765,@usuario_32fda406,,Necesito esto y un porro,https://pbs.twimg.com/media/EeR7GHhXgAEvZtA?format=jpg&name=small,false,,,,,,POSITIVE,5
9766,@usuario_19449746,,Me tengo k fumar un porro,,false,,,,,,POSITIVE,5
9767,@usuario_c83b53df,,por primera vez estoy viviendo la fantasía de fumarme un porro mientras escucho a Lana y me siento una prostituta triste,https://pbs.twimg.com/media/EeXoBulWoAIm-eG?format=jpg&name=small,false,,,,,,POSITIVE,5
9768,@usuario_92397b0b,,"El sábado fui a una juntada clandestina, me fumé un porro y quedé así",https://pbs.twimg.com/tweet_video_thumb/EeggzkPXsAM-YJB.jpg,false,,,,,,POSITIVE,5
9769,@usuario_a0a1f34b,,"Ya te prepare un porro mija, el día que quieras vienes y nos los fumamos encuerados. 4️⃣2️⃣0️⃣🌿",https://pbs.twimg.com/media/EeqmNRWXYAAUf9F?format=jpg&name=small,false,,,,,,POSITIVE,5
9770,@usuario_dcfda209,,Yo me fumo un porro y se me ocurre hacerme foticos 🍁🍁🍁,"https://pbs.twimg.com/media/EeuInmVXYAEEd2z?format=jpg&name=small,https://pbs.twimg.com/media/EeuIoFhXgAElyzG?format=jpg&name=small,https://pbs.twimg.com/media/EeuIoh-XgAA8LIM?format=jpg&name=small,https://pbs.twimg.com/media/EeuIo4QWsAEJfCI?format=jpg&name=small",false,,,,,,POSITIVE,5
9771,@usuario_e07fea8c,,"Hoy me fume un porro con andré y me regreso a hace 3 o 4 años atrás, tqm hermanito❤️",https://pbs.twimg.com/media/EezREdFU8AAX2RS?format=jpg&name=small,false,,,,,,POSITIVE,5
9772,@usuario_8302c9d4,,Me fumo un porro y me sale el chef de adentro,https://pbs.twimg.com/media/Ee2QHqxXgAYuAvp?format=jpg&name=small,false,,,,,,POSITIVE,5
9773,@usuario_fdc02b4a,,yo buscando mi fuego para prender un porro sin acordarme q mis amigos me lo comieron ayer,https://pbs.twimg.com/ext_tw_video_thumb/1291562618751193090/pu/img/m4hQWvEiHOgrzJuh.jpg,false,,,,,,POSITIVE,5
9774,@usuario_3179cbb2,,No enfoca una polla y media pero me ha invitado mi padre a un porro de kilo con la condición de que fume pero que no me vea. Me quedo aquí a vivir ya nos veremos,https://pbs.twimg.com/media/Ee70uesWAAY36X8?format=jpg&name=small,false,,,,,,POSITIVE,5
9775,@usuario_e99d6eee,,"Holiii amigos. 

Los quiero a todos, un porro de oro en su honor 🍃🌿💨","https://pbs.twimg.com/media/Ee32FKeU8AMUbtm?format=jpg&name=small,https://pbs.twimg.com/media/Ee32FbOU4AERWgb?format=jpg&name=small",false,,,,,,POSITIVE,5
9776,@usuario_206bbda0,,cuando me fumo un porro y me pongo a pensar que estoy hace meses encerrado y hay un virus en todo el mundo,https://pbs.twimg.com/media/EfBIFmAXsAc5wft?format=jpg&name=small,false,,,,,,POSITIVE,5
9777,@usuario_d6666f58,,me fume un porro solo en el patio de ksa,https://pbs.twimg.com/media/EfCBmjJXkAAgJ4-?format=jpg&name=small,false,,,,,,POSITIVE,5
9778,@usuario_e6dfbe13,,Yo lo que necesito es un porro,,false,,,,,,POSITIVE,5
9779,@usuario_8ee8e608,,Un like y te invito un porro con vino,,false,,,,,,POSITIVE,5
9780,@usuario_8ab8c5ae,,necesito fumarme un porro,,false,,,,,,POSITIVE,5
9781,@usuario_a2b2bd5c,,quiero un porro xxl,,false,,,,,,POSITIVE,5
9783,@usuario_cdee1c7e,,cuando armo un porro y les digo que se lleven la tuca,https://pbs.twimg.com/media/EfblLcQXsAAKR4A?format=png&name=small,false,,,,,,POSITIVE,5
9784,@usuario_e61215aa,,"Fotito del otro día bien fresco con un porro encima y a punto de fumarme unos 4
Buenas noches",https://pbs.twimg.com/media/EfbDLaNWAAAu-3b?format=jpg&name=small,false,,,,,,POSITIVE,5
9785,@usuario_19cddd3a,,Repito nada como cagar y fumar un porro,"https://pbs.twimg.com/media/EfbJiFoWAAEQ1u6?format=jpg&name=small,https://pbs.twimg.com/media/EfbJirhWoAAsSbB?format=jpg&name=small",false,,,,,,POSITIVE,5
9786,@usuario_6cd53fd8,,quiero un porro,https://pbs.twimg.com/media/EfkHOmMWoAEWRGJ?format=jpg&name=small,false,,,,,,POSITIVE,5
9787,@usuario_ac7ca223,,"Que chido es no despertar cruda, hice la buena decisión de fumarme un porro en vez de chingarme mas vino",https://pbs.twimg.com/tweet_video_thumb/EfjJ0wkXgAAOcuj.jpg,false,,,,,,POSITIVE,5
9788,@usuario_e99d6eee,,Un porro pa la lluvia.,https://pbs.twimg.com/media/EfqEBXrU0AASX9n?format=jpg&name=900x900,false,,,,,,POSITIVE,5
9789,@usuario_ede31f74,,A veces un porro es la mejor compañia ❤,https://pbs.twimg.com/media/EfurrRaXkAI4nE6?format=jpg&name=small,false,,,,,,POSITIVE,5
9790,@usuario_dabe2f03,,Me fumé un porro 😔,https://pbs.twimg.com/media/EfytyHgX0AEcR-1?format=jpg&name=small,false,,,,,,POSITIVE,5
9791,@usuario_61eb8f3d,,"00:24 que al revés es 42:00 que se traduce como 420, en conclusión, me quiero fumar un porro con Louis.",https://pbs.twimg.com/media/Ef1x8l1XgAMGCN9?format=jpg&name=360x360,false,,,,,,POSITIVE,5
9792,@usuario_42afc49e,,unas ganas de fumarme un porro,,false,,,,,,POSITIVE,5
9793,@usuario_a6e6df49,,El demonio de mi cuarto viendo como me bajo una botella de champagne y me fumo un porro mientras le hablo a la cámara del celu,https://pbs.twimg.com/media/Ef_6RTXWkAAh_8H?format=jpg&name=900x900,false,,,,,,POSITIVE,5
9794,@usuario_1f05619b,,Sera mucho si salgo a fumarme un porro a esta hora a ver si me sale hacer esto re loca despues???,https://pbs.twimg.com/media/EgDT9_9XsAAFSgh?format=jpg&name=900x900,false,,,,,,POSITIVE,5
9795,@usuario_20e4363c,,"me he hecho un porro con un libro porque no tengo papel, creeis que es sano? xD",https://pbs.twimg.com/media/EgCJiRGXYAQ4x8W?format=jpg&name=small,false,,,,,,POSITIVE,5
9796,@usuario_45448713,,"Hoy estaba muy triste y mi amix me enseñó su jardín, me alimento, nos armamos un porro y su amistad me hizo sentir mejor.",https://pbs.twimg.com/ext_tw_video_thumb/1297364915288788992/pu/img/a1J-Frn9PkzauYGF.jpg,false,,,,,,POSITIVE,5
9797,@usuario_147b2c15,,Mi hna se está fumando un porro en ese lugar de Ucrania lpm como la envidio,https://pbs.twimg.com/media/EgHxsXuXgAIjgfs?format=jpg&name=small,false,,,,,,POSITIVE,5
9798,@usuario_6164ec82,,ya ni un porro m calma,,false,,,,,,POSITIVE,5
9799,@usuario_7e07d190,,me fume un porro sola de prensado y lo único q senti fue acidez,https://pbs.twimg.com/media/EgPt7J1WoAALQK8?format=jpg&name=small,false,,,,,,POSITIVE,5
9800,@usuario_d3a577e8,,Acá fumandome un porro igual de grande de las ganas ke te tengo vv,https://pbs.twimg.com/media/EgZitlIWoAUg3yw?format=jpg&name=small,false,,,,,,POSITIVE,5
9801,@usuario_d8c6c781,,"Nunca es demasiado temprano para fumarte un porro.

Buenos días, buenos humos ☀️💨",https://pbs.twimg.com/media/Eggo4t1VkAIspIs?format=jpg&name=small,false,,,,,,POSITIVE,5
9802,@usuario_0b31f63a,,"Escucho a mi abuela que le dice a mi prima que me ve media alterada, SI SUPIERA QUE ES POR QUE ME FUME UN PORRO Y NO SE COMO DISIMULARLOOOOOO!!!! 😂",https://pbs.twimg.com/tweet_video_thumb/Egd5T9DX0AcikR7.jpg,false,,,,,,POSITIVE,5
9803,@usuario_a28c9cef,,necesito fumarme un porro o me muero,,false,,,,,,POSITIVE,5
9804,@usuario_746e2b20,,Amixes ayer prendí un porro y me queme las pestañas. 😭❤️ por la recuperación de mis pestañas,https://pbs.twimg.com/media/EgsGorwWkAASsj5?format=jpg&name=small,false,,,,,,POSITIVE,5
9805,@usuario_fa0aded5,,quiero un porro,,false,,,,,,POSITIVE,5
9806,@usuario_3dcccc7a,,Que ganas de fumarme un porro,,false,,,,,,POSITIVE,5
9807,@usuario_e8a960a4,,Acabo de fumarme un porro,https://pbs.twimg.com/ext_tw_video_thumb/1158473077627342848/pu/img/oJiyhgDa98LdDb69.jpg,false,,,,,,POSITIVE,5
9808,@usuario_a0a1f34b,,"¡Te mentí!, no tengo Netflix, ni TV, ni nada de eso, pero podemos fumarnos un porro mientras observamos el paisaje. 4️⃣2️⃣0️⃣👽",https://pbs.twimg.com/media/Eg8rbfzXgAEWV6X?format=jpg&name=small,false,,,,,,POSITIVE,5
9809,@usuario_ef51cb67,,Despertar a pegarte un porro y olvidar que anoche dejaste medio para tus buenos días.,https://pbs.twimg.com/tweet_video_thumb/Eg6V85vWsAUXWQg.jpg,false,,,,,,POSITIVE,5
10675,@usuario_39ac0ed3,,t hacepto tomar una línea antes de q entres,,true,,,,,,POSITIVE,2
9810,@usuario_a61d9c79,,Me e fumao un porro y ahora soy esta persona,https://pbs.twimg.com/media/Eg_dr_AXgAAC8mD?format=jpg&name=small,false,,,,,,POSITIVE,5
9811,@usuario_a31cafcd,,"1382 líneas de código en dos días que tengo madrugando... 

necesito un porro, aiura",https://pbs.twimg.com/ext_tw_video_thumb/1301415664410910720/pu/img/weKD_jY2-NEd4p20.jpg,false,,,,,,POSITIVE,5
9812,@usuario_7c997d31,,si me das un porro y un lápiz te hago arte nene,"https://pbs.twimg.com/media/Eg_PGpkX0AIg_Uu?format=jpg&name=360x360,https://pbs.twimg.com/media/Eg_PGptXYAIo9iL?format=jpg&name=360x360",false,,,,,,POSITIVE,5
9813,@usuario_d91ae716,,Me fumé un porro y un puchito para bajar un toke la ansiedad y ahora estoy más ansioso que antes,https://pbs.twimg.com/media/EhME48kXYAQ0_8m?format=jpg&name=small,false,,,,,,POSITIVE,5
9814,@usuario_04ec4ff8,,No se imagina lo mucho que necesito un porro,https://pbs.twimg.com/tweet_video_thumb/EhLcYFmX0AAxj-J.jpg,false,,,,,,POSITIVE,5
9815,@usuario_e99d6eee,,Me voy a fumar un porro en el Tesla😂😂,https://pbs.twimg.com/media/EhWThabWoAAdqUj?format=jpg&name=small,false,,,,,,POSITIVE,5
9816,@usuario_ff14059a,,"En esta pinche ciudad hasta estar triste estaba de huevos.. te ibas a caminar, fumar un porro en la calle viendo las luces sin que nadie te molestara, a perderte al bosque o a la playa y se te olvidaba tu problema 🥺","https://pbs.twimg.com/media/EhXVicxWoAA60xO?format=jpg&name=small,https://pbs.twimg.com/media/EhXViczWAAAoAs-?format=jpg&name=360x360,https://pbs.twimg.com/media/EhXVicxX0AAoZPD?format=jpg&name=360x360,https://pbs.twimg.com/media/EhXVicyXsAcl77-?format=jpg&name=360x360",false,,,,,,POSITIVE,5
9817,@usuario_3c334f82,,"Nada como un café de grano ☕ y un porro para leer una novela, estoy entre Spartaco o algo clásico",https://pbs.twimg.com/media/EhXTxM_XcAEzT66?format=jpg&name=small,false,,,,,,POSITIVE,5
9818,@usuario_7b555177,,ahora cada vez q m hago un porro lloro,https://pbs.twimg.com/media/EhlnZheXgAAHMr0?format=jpg&name=small,false,,,,,,POSITIVE,5
9819,@usuario_bf1f5742,,"Con mi mamá estábamos mirando sex and the city por décima novena vez, fumando un porro y comiendo papitas todas llenas de migas.  Cuando llego papá nos miro literalmente así",https://pbs.twimg.com/tweet_video_thumb/EhqSl1dWoAgHai0.jpg,false,,,,,,POSITIVE,5
9820,@usuario_ed5e1587,,Después de fumarte un porro el jugo de naranja natural tiene sabor a ades de manzana,https://pbs.twimg.com/media/Eho3yaiWkAItqBR?format=png&name=small,false,,,,,,POSITIVE,5
9821,@usuario_863fd1fc,,"yo me fumo un porro y ya flasheo que soy la mas modelo de las modelos, denme la licencia de 🤡🤡🤡","https://pbs.twimg.com/media/EhsEaevWsAEUumN?format=jpg&name=360x360,https://pbs.twimg.com/media/EhsEfxkXsAESycf?format=jpg&name=360x360",false,,,,,,POSITIVE,5
9822,@usuario_19698f1f,,me fume un porro y me olvide de la comida en el horno,https://pbs.twimg.com/tweet_video_thumb/Eh0BAlPXkAAWnoB.jpg,false,,,,,,POSITIVE,5
9823,@usuario_aed594a8,,Hoy me voy a fumar un porro marca ACME,,false,,,,,,POSITIVE,5
9824,@usuario_0c3de17a,,Fúmense un PORRO que es lo único que ayudara con esta pena.#DaBears,https://pbs.twimg.com/tweet_video_thumb/Eh0VxVEX0AUhkN4.jpg,false,,,,,,POSITIVE,5
9825,@usuario_d284b328,,"Mitch no tiene expresiones facial, es tan😐😐😐😐😐🙂🙂🙂🙂🙂🍃🍃🍃🍃🍃🍃🍃🍃nose si me entienden. Quiero fumar un porro y hacer yoga con él",https://pbs.twimg.com/media/Eh824-wXYAA9Dei?format=jpg&name=small,false,,,,,,POSITIVE,5
9826,@usuario_f901cb87,,"Un porro en pareja vale más que 5 terapias con el psicólogo.
No lo digo yo, lo dice mi relación no tóxica y de mutuo apoyo.",https://pbs.twimg.com/tweet_video_thumb/Eh6lUSOXkAAgt25.jpg,false,,,,,,POSITIVE,5
9827,@usuario_7baa56de,,como empezar feliz tus mañanas: fumate un porro,https://pbs.twimg.com/media/EiIj7w8XkAIadXN?format=jpg&name=small,false,,,,,,POSITIVE,5
9828,@usuario_c75d259d,,un día crees que nunca vas a probar las drogas y después te encuentras armando un porro de bachas,https://pbs.twimg.com/tweet_video_thumb/EiJak7lXsAAnVG6.jpg,false,,,,,,POSITIVE,5
9829,@usuario_a4d97cb1,,A falta de amor un porro por favorr,,false,,,,,,POSITIVE,5
9830,@usuario_fad07ff5,,Compitas toy feliz porque me hice un porro del tamaño de mi dedo gordo y estoy a punto de fumarmelo ajajaj,https://pbs.twimg.com/media/EiXAtHvXgAAfM5w?format=jpg&name=900x900,false,,,,,,POSITIVE,5
9831,@usuario_4aa84fe8,,Quiero fumarme un porro con ella,https://pbs.twimg.com/media/EidutjIXgAAcoic?format=jpg&name=small,false,,,,,,POSITIVE,5
9832,@usuario_5343b323,,Yo también me quiero fumar un porro conmigo,https://pbs.twimg.com/media/EihYeurWAAEF7hQ?format=jpg&name=small,false,,,,,,POSITIVE,5
9833,@usuario_a159c107,,Mi mejor amiga se vino a fumar un porro y después me vine yo ✨✨✨✨✨✨✨✨✨✨,https://pbs.twimg.com/tweet_video_thumb/EiiMRQgXgAADp_9.jpg,false,,,,,,POSITIVE,5
9890,@usuario_4c8b68fa,,Solo un porro podría salvarme,https://pbs.twimg.com/tweet_video_thumb/EmbaU-yW4Asdvid.jpg,false,,,,,,POSITIVE,5
9834,@usuario_5b03f0f9,,"primavera el año pasado: me voy a colar un acido y voy a ranchar en la plaza hasta las 3 de la mañana dsp caminare x todo el barrio entripada vuelvo a casa y me pongo a ver videos de caidas
primavera hoy: volvi d trabajar re cansada le di dos sequitas a un porro y me dio sueñito",https://pbs.twimg.com/media/Eievrx-WkAUfw59?format=jpg&name=small,false,,,,,,POSITIVE,5
9835,@usuario_39846219,,me quiero fumar un porro con joel,https://pbs.twimg.com/media/Eio2enCWkAAbMNt?format=jpg&name=small,false,,,,,,POSITIVE,5
9836,@usuario_05079da9,,Quiero fumarme un porro con ella,https://pbs.twimg.com/media/Eim0cfDXgAszGGt?format=jpg&name=small,false,,,,,,POSITIVE,5
9837,@usuario_bf4c7057,,Mientras yo exista tu siempre vas a tener con quién fumarte un porro,https://pbs.twimg.com/media/EikHnDAXkAcXyw8?format=jpg&name=small,false,,,,,,POSITIVE,5
9838,@usuario_5fe85c36,,unas ganas de fumarme un porro,,false,,,,,,POSITIVE,5
9839,@usuario_65d11c74,,Me fumé un porro antes de recibir una noticia horrenda toy así,https://pbs.twimg.com/media/EiuAyKLX0AYGiV2?format=jpg&name=small,false,,,,,,POSITIVE,5
9840,@usuario_1881d161,,Mientras yo exista tu siempre vas a tener con quien fumarte un porro,https://pbs.twimg.com/media/Eiw22W8WkAIrzV9?format=jpg&name=small,false,,,,,,POSITIVE,5
9841,@usuario_e0f0de20,,ah nose yo me desperte y me trajeron un porro,https://pbs.twimg.com/tweet_video_thumb/Ei2Z9zpWoAUjjcD.jpg,false,,,,,,POSITIVE,5
9842,@usuario_fbc7bd51,,maca armame un porro porfa,https://pbs.twimg.com/media/Ei4Cz3bX0AMHJr6?format=jpg&name=small,false,,,,,,POSITIVE,5
9843,@usuario_78271aa4,,necesito un porro pa bajar mi tensión,,false,,,,,,POSITIVE,5
9844,@usuario_2d6f8c66,,solo me falta un porro para filosofar sobre mi vida a los 13 y ponerme a llorar,https://pbs.twimg.com/media/Ei9IKcHWkAAxlP1?format=jpg&name=900x900,false,,,,,,POSITIVE,5
9845,@usuario_ad45fb5d,,kiero un porro u.u,,false,,,,,,POSITIVE,5
9846,@usuario_5559b496,,"Hace 16 años me fumaba un porro en la plaza de la vuelta de mi casa. Hoy también, pero ya no vivo por acá. Qué tiempos, no?",https://pbs.twimg.com/media/EjL_bXjXkAEX4mg?format=jpg&name=small,false,,,,,,POSITIVE,5
9847,@usuario_61137098,,Me fume un porro y me comí un munchies con THC 🌝,https://pbs.twimg.com/media/EjI0m3DXYAAkFy4?format=jpg&name=small,false,,,,,,POSITIVE,5
9848,@usuario_cab20398,,Escuchar a najwa mientras me prendo un porro es una experiencia religiosa,https://pbs.twimg.com/tweet_video_thumb/EjOCkRHWsAg64MP.jpg,false,,,,,,POSITIVE,5
9849,@usuario_bd2c92b6,,Ayer me fumé un porro,https://pbs.twimg.com/media/EjYzgE2XYAAofWa?format=jpg&name=900x900,false,,,,,,POSITIVE,5
9850,@usuario_46a2ecb3,,Me fume un porro y me bajo la presión,https://pbs.twimg.com/media/Ejgs7D8WkAAFf7y?format=jpg&name=small,false,,,,,,POSITIVE,5
9851,@usuario_0f03cde2,,Donde están mis amiguis cuando me quiero fumar un porro y tomar una birra🤔,https://pbs.twimg.com/tweet_video_thumb/EjmBGc-X0AE4Osk.jpg,false,,,,,,POSITIVE,5
9852,@usuario_0e7f709a,,Invítenme un porro porfavor😭😭😭,,false,,,,,,POSITIVE,5
9853,@usuario_93143db1,,Quiero un porro,,false,,,,,,POSITIVE,5
9854,@usuario_a32326a3,,"Fumandome un porro que cultivó mi mamá, regresé a casa después de 6 meses de aislamiento y es la dicha del amor y este cielo que lo ve todo #Afortunado 🥰",https://pbs.twimg.com/media/EkAEudTX0AIZdKW?format=jpg&name=small,false,,,,,,POSITIVE,5
9855,@usuario_ca98297b,,Tengo un porro y lo guardé para fumarlo con ella.,https://pbs.twimg.com/media/EkFdVjQXYAERW6g?format=jpg&name=small,false,,,,,,POSITIVE,5
9856,@usuario_eea5985d,,Necesito un porro pa seguir viviendo,,false,,,,,,POSITIVE,5
9857,@usuario_b576932c,,que ganas de fumarme un porro con ✨Louis✨,"https://pbs.twimg.com/media/EkKnCVbXkAATjeP?format=jpg&name=360x360,https://pbs.twimg.com/media/EkKnPraXsAASFCf?format=jpg&name=360x360",false,,,,,,POSITIVE,5
9858,@usuario_9a2e2c33,,Fuck tengo un porro en la camioneta escondido pero olvide donde lo escondí,https://pbs.twimg.com/media/EkGnDk-XsAAN5Pi?format=jpg&name=small,false,,,,,,POSITIVE,5
9859,@usuario_d6666f58,,cada vez que escucho slide away de Miley me hace acordar cuando nos fumamos un porro cada uno con Pau escuchando este tema en loop tirados en la cama,https://pbs.twimg.com/media/EkLGq4vX0AUIqaK?format=jpg&name=small,false,,,,,,POSITIVE,5
9860,@usuario_dde070a3,,quiero un porro,,false,,,,,,POSITIVE,5
9861,@usuario_bc67a860,,"Quería terminar ~mi día~ fumando un porro pero me daba paja picarlo, entro a la pieza y veo q mi hermano me dejó ésto.

El mejor broder# del mundo 🌸😍",https://pbs.twimg.com/media/EkVvyKGXgAAbT5P?format=jpg&name=900x900,false,,,,,,POSITIVE,5
9862,@usuario_f7e03491,,Yo necesito un porro,,false,@usuario_98e3bc6d,,Necesito cortarme el peloo,,false,POSITIVE,5
9863,@usuario_f9777a05,,me he fumado un porro antes de salir de la cama después de ayer haber acabado x los suelos,https://pbs.twimg.com/media/EkdB3DnXIAYe5gp?format=jpg&name=360x360,false,,,,,,POSITIVE,5
9864,@usuario_f2c47bac,,echándome un porro y jugando mario kart con mi mejor amixe no pude haber planeado un mejor viernes,https://pbs.twimg.com/media/Ekeb3N2XgAEFvJ8?format=jpg&name=small,false,,,,,,POSITIVE,5
9865,@usuario_51312175,,Quiero fumar un porro:(,,false,,,,,,POSITIVE,5
9866,@usuario_cf7e1454,,Estoy ordenando el baúl de la cama y encontré un porro .#LaFelicidad,https://pbs.twimg.com/media/Eks_2LPXgAYQY76?format=jpg&name=900x900,false,,,,,,POSITIVE,5
9867,@usuario_97ffb1fb,,"Me URGE un porro en estos momentos alv, que pinche estres.",https://pbs.twimg.com/media/Ek9JHRqXEAIrdGa?format=jpg&name=small,false,,,,,,POSITIVE,5
9868,@usuario_e6309e74,,Me fume un porro y después me di una ducha hirviendo toy asi,https://pbs.twimg.com/tweet_video_thumb/ElCB-DHXUAAQhm2.jpg,false,,,,,,POSITIVE,5
9869,@usuario_e3c37fbd,,"Hoy me siento como bonita, solo me falta prender un porro y un té",https://pbs.twimg.com/media/Ek-YlaYXgAIdKcr?format=jpg&name=900x900,false,,,,,,POSITIVE,5
9870,@usuario_c67ccd1b,,CERVEZ VODKA VINO BLANCO UN PORRO NOSE PERO NO PUEDO VIVIR ESTE DOLOR ESTANDO SOBRIA,https://pbs.twimg.com/media/ElHwOY6WkAAO7uC?format=jpg&name=small,false,,,,,,POSITIVE,5
9871,@usuario_4a81ab99,,necesito un porro pa quemar las ganas,,false,,,,,,POSITIVE,5
9872,@usuario_1ee5a533,,"Ayer, luego de una semana caótica, me senté en esta hamaca con una cerveza y un porro y fui feliz, de esos momentos que quieres vivir en loop.",https://pbs.twimg.com/ext_tw_video_thumb/1320793221270806528/pu/img/-A2_MI8o_zN0ylQ0.jpg,false,,,,,,POSITIVE,5
9873,@usuario_964bbb30,,+ de 48 horas sin poner un porro en mi boquita,https://pbs.twimg.com/media/ElSrKpRXEAEYrLP?format=jpg&name=small,false,,,,,,POSITIVE,5
9874,@usuario_b5ef04ed,,"Quiero fumarme un porro y tirarme en la arena de la playa en este momento, mientras escucho Mariners Apartment Complex",https://pbs.twimg.com/media/Eli6FnJW0AIWPR_?format=jpg&name=small,false,,,,,,POSITIVE,5
9875,@usuario_fb9e24ed,,fumando un porro y mirando documentales en  animal planet 😍😍😍,"https://pbs.twimg.com/media/ElmlPmtWMAAWLVE?format=jpg&name=360x360,https://pbs.twimg.com/media/ElmlQjxXUAENkKA?format=jpg&name=360x360,https://pbs.twimg.com/media/ElmlRn7XIAM7sne?format=jpg&name=360x360",false,,,,,,POSITIVE,5
9876,@usuario_e99d6eee,,Buenos días amigos 🔆Me voy hacer un porro con filtro de King Palm de maíz 🌽 👑🌴,https://pbs.twimg.com/media/ElwDN4UXEAE8vgt?format=jpg&name=small,false,,,,,,POSITIVE,5
9877,@usuario_8f97cfb0,,"Tengo un porro intacto hace casi dos semanasalgunes dirán que lo estoy dejando añejar, otres que no encuentro un buen momento para fumarlo, pero la verdad es que me da ansiedad",https://pbs.twimg.com/media/EluZ1-3XYAALkHJ?format=jpg&name=small,false,,,,,,POSITIVE,5
9878,@usuario_5c87597b,,Necesito un porro,,false,,,,,,POSITIVE,5
9879,@usuario_6f8cd219,,Me gustaria fumarme un porro mientras miro masterchef,https://pbs.twimg.com/ext_tw_video_thumb/1323112324362887168/pu/img/mmmas6JuJxBRiiuT.jpg,true,,,,,,POSITIVE,5
9880,@usuario_fc8fe927,,yo recién bañada después de fumar un porro y me acuesto en mi acolchado<<<<<333,https://pbs.twimg.com/media/Ely9OFXXIAAYAAW?format=jpg&name=small,false,,,,,,POSITIVE,5
9881,@usuario_0ddaaa85,,alguien q me regale un porro 😔,,false,,,,,,POSITIVE,5
9882,@usuario_f4adef7c,,Pues alv mejor me armo un porro.,https://pbs.twimg.com/media/EmCfLviVkAASnsb?format=jpg&name=small,false,,,,,,POSITIVE,5
9883,@usuario_5ebe766d,,Sino me fumo un porro me mato. Ya avic,,false,,,,,,POSITIVE,5
9884,@usuario_7d76daf7,,+ ganas de un porro q de vivir,,false,,,,,,POSITIVE,5
9885,@usuario_5b5fa413,,"Y si queres una película podemos ver, o charlar, o un porro fumar",https://pbs.twimg.com/media/EmLVSv3XUAECBJ5?format=jpg&name=900x900,false,,,,,,POSITIVE,5
9886,@usuario_fb3290fa,,Me fumé un porro y no saben lo relajado que estoy en la peluquería,https://pbs.twimg.com/media/EmQY8nlU8AACCKm?format=jpg&name=small,false,,,,,,POSITIVE,5
9887,@usuario_d28b7e6f,,pero que ganas de fumarme un porro,,false,,,,,,POSITIVE,5
9888,@usuario_8fd3d44a,,Más ganas de un porro que de vivirr,,false,,,,,,POSITIVE,5
9889,@usuario_f2a3263e,,Me invitas a un porro¿?,https://pbs.twimg.com/media/EmfO3OBXYAMn-dj?format=jpg&name=small,false,,,,,,POSITIVE,5
9891,@usuario_753dfd6a,,Recen para que me alcanze a hacer un porro con los restos de mota que tengo,https://pbs.twimg.com/media/EmcUSzIUcAEUhih?format=jpg&name=small,false,,,,,,POSITIVE,5
9892,@usuario_7a498f4f,,"Acabo de fumarme un porro me re pego narcisista porque me grabo solo para mirarme y decirme “que linda que sos” 
Así:",https://pbs.twimg.com/media/Em1hdMZWEAU3rJO?format=jpg&name=small,false,,,,,,POSITIVE,5
9893,@usuario_917082cf,,me fume un porro limpie toda mi casa y ahora reciclo jsja,"https://pbs.twimg.com/media/EmzlUB3XMAcaBOa?format=jpg&name=small,https://pbs.twimg.com/media/EmzlV6yXYAAFbsj?format=jpg&name=small",false,,,,,,POSITIVE,5
9894,@usuario_b59b4e66,,ta pa un porro enorme che,,false,,,,,,POSITIVE,5
9895,@usuario_c77fbff9,,Rindo mañana y recién me fumé un porro para sentarme a estudiar,https://pbs.twimg.com/media/EnJpBZtXcAEsOP1?format=jpg&name=small,false,,,,,,POSITIVE,5
9896,@usuario_be07819a,,Falta una hora para pegarle un tiro a la notebook y armarme un porro.,https://pbs.twimg.com/media/EnSs7oAXEAAFaSA?format=jpg&name=small,false,,,,,,POSITIVE,5
9897,@usuario_2031d251,,"Hola buenas me he fumado un porro, que se cuentan ?",https://pbs.twimg.com/media/EnYVYWCXMAEOc-J?format=jpg&name=small,false,,,,,,POSITIVE,5
9898,@usuario_ad061f5a,,"me estoy gozando un porro con esto d fondo, un vaso d leche y magdalenas y la estufa a mi vera",https://pbs.twimg.com/media/Eni2FCVWMAQbyRt?format=jpg&name=900x900,false,,,,,,POSITIVE,5
9899,@usuario_de27fa5a,,Encontré un porro que tengo que desde marzo en una lata. Todavía sirve?,https://pbs.twimg.com/tweet_video_thumb/EniQQB4W8AMJzzq.jpg,false,,,,,,POSITIVE,5
9900,@usuario_1312761e,,Con esta shuvia me fumaria un porro... SI TUVIERA UNO!!1,https://pbs.twimg.com/media/EnnjBhLXcAAZxNQ?format=png&name=small,false,,,,,,POSITIVE,5
9901,@usuario_4146651e,,dios mio me fume un porro enorme y me olvide que TENGO TERAPIA EN MEDIA HORA,https://pbs.twimg.com/media/Enr_9jHW8Achh5-?format=jpg&name=240x240,false,,,,,,POSITIVE,5
9902,@usuario_43aa09b1,,Terminé de rendir y me voy a fumar un porro.,https://pbs.twimg.com/media/EntgOchW8AAOQes?format=jpg&name=small,false,,,,,,POSITIVE,5
9903,@usuario_451862f6,,"dormi 5 horas, me fume un porro y me tire horas en la pileta soy este",https://pbs.twimg.com/media/EoB8_V1W4AEREY3?format=jpg&name=small,false,,,,,,POSITIVE,5
9904,@usuario_9ef499c0,,Me acabo de fumar un porro y nadie lo ha notado,https://pbs.twimg.com/media/EoMKA6JXIAgKbOn?format=jpg&name=small,false,,,,,,POSITIVE,5
9905,@usuario_3f21c249,,Necesito un porro,,false,,,,,,POSITIVE,5
9906,@usuario_06efa0d6,,contexto: me fumé un porro y me puse a ver videos sobre bombas atomicas,https://pbs.twimg.com/media/EoMBV5FXUAA2MqU?format=jpg&name=small,false,,,,,,POSITIVE,5
9907,@usuario_72cd084c,,Me senté en una plaza a armar un porro y se me voló,https://pbs.twimg.com/tweet_video_thumb/EoQPsjWXYAMNADd.jpg,false,,,,,,POSITIVE,5
9908,@usuario_615a66ee,,1 fav y me hago un porro,,false,,,,,,POSITIVE,5
9909,@usuario_0772d83f,,"Les cuento que no conseguía dormir, encontré este video en YouTube y la mejor parte fue en el minuto 22 cuando lo pausé y me salí a fumar un porro.",https://pbs.twimg.com/media/EoNqIHLXIAAcm7-?format=jpg&name=small,false,,,,,,POSITIVE,5
9910,@usuario_fcab70c4,,me he comido 3 pizzas hoy y ahora me voy a fumar un porro,https://pbs.twimg.com/tweet_video_thumb/EoV-Od-WMAIUrXa.jpg,false,,,,,,POSITIVE,5
9911,@usuario_4be6ba96,,Nada mejor que un porro,https://pbs.twimg.com/ext_tw_video_thumb/1335002565176684545/pu/img/zJl8C8vAlaaVj1r2.jpg,false,,,,,,POSITIVE,5
9912,@usuario_5b580fd5,,Me alegra mucho que voy a pasar de conseguir un porro por 2€ a conseguir 10 porros por los mismos 2€,https://pbs.twimg.com/media/EoaO8TXWMAQQiQy?format=jpg&name=small,false,,,,,,POSITIVE,5
9913,@usuario_fd152896,,"me hice unos masajes con átomo desinflamante, me prendí un porro y un sahumerio y me senté así a escuchar música",https://pbs.twimg.com/media/EoafpWzXIAEF9ZB?format=jpg&name=small,false,,,,,,POSITIVE,5
9914,@usuario_cb46ad74,,me fumaria un porro,,false,,,,,,POSITIVE,5
9915,@usuario_0fdbd391,,"Llegar a casa  luego de un día a full , fumarse un porro , tomar una cerveza helada y escuchar buena música.  Eso es felicidad",https://pbs.twimg.com/media/EkfhPpLWMAAz4uH?format=jpg&name=small,false,,,,,,POSITIVE,5
9916,@usuario_eec03d63,,Quiero un porro,,false,,,,,,POSITIVE,5
9917,@usuario_e2e1d7c8,,"la cuarentena me arruinó, el otro día con 2 secas de un porro y medio vino quebré y la quedé re mal.",https://pbs.twimg.com/media/EopIcqoXMAAVfdU?format=jpg&name=small,false,,,,,,POSITIVE,5
9997,@usuario_b47cb182,,"bno me ignoran, me voy a fumar un porro",https://pbs.twimg.com/media/EvvJAk0WQAc4GMd?format=jpg&name=small,false,,,,,,POSITIVE,5
9918,@usuario_4561ecd2,,"Quiero
Quiero fumarme un porro con ellos","https://pbs.twimg.com/media/EowiOLzXEAgiXyQ?format=jpg&name=360x360,https://pbs.twimg.com/media/EowiOLxWEAAdW4R?format=jpg&name=360x360,https://pbs.twimg.com/media/EowiOaCXMAMjQS2?format=jpg&name=360x360",false,,,,,,POSITIVE,5
9919,@usuario_bb2cdaa2,,apenas me levanté me fumé un porro y me tomé un vaso de coca ah y sigo sin comer. después me pregunto “por qué será q me baja la presión?” y mis defensas tipo:,https://pbs.twimg.com/media/Eo5bIMmXEAIUqBh?format=jpg&name=small,false,,,,,,POSITIVE,5
9920,@usuario_fd152896,,"Llegué a casa, me fumé un porro y me puse a regar antes de comer después de un día HERMOSO",https://pbs.twimg.com/media/Eo2WY0fXUAAe1b7?format=jpg&name=small,false,,,,,,POSITIVE,5
9921,@usuario_37ac3c13,,no fumo un porro desde el domingo,https://pbs.twimg.com/media/Eo7zjN7WEAAq2_y?format=jpg&name=small,false,,,,,,POSITIVE,5
9922,@usuario_3463b599,,Del dolor de cintura que no me dejaba caminar me fume un porro y estoy casi como nueva. La puta madre estas drogas que nos corrompen y hacen tan mal!,https://pbs.twimg.com/tweet_video_thumb/Eo-8G7fWEAE2jO9.jpg,false,,,,,,POSITIVE,5
9923,@usuario_45448713,,Que ganas de un porro bien gigante,,false,,,,,,POSITIVE,5
9924,@usuario_0c266473,,necesito un porro,,false,,,,,,POSITIVE,5
9925,@usuario_7140e83f,,Me prendí un porro hace un rato y me acordé que a la noche tengo un partidito voy a caer así.,https://pbs.twimg.com/media/EpO9yV4XUAIERG_?format=jpg&name=small,false,,,,,,POSITIVE,5
9926,@usuario_281f929a,,"Mí mejor amiga le puso Dua a su planta y me guardo un porro para cuando nos veamos , yo ya gané 💚",https://pbs.twimg.com/media/EpZNihbWMAQv5gN?format=jpg&name=small,false,,,,,,POSITIVE,5
9927,@usuario_dd309fb9,,Hoy me fumo un porro,,false,,,,,,POSITIVE,5
9928,@usuario_ec672dcc,,Buenos Dias por La Mañana 🌄Cuando te levantas Temprano sólo para prender un porro y volver acostar !!,https://pbs.twimg.com/media/Eprrv2cXYAALbsF?format=jpg&name=small,false,,,,,,POSITIVE,5
9929,@usuario_1488e3e5,,me fumé un porro y terminé comprando un vestido de mas de dos lucas con plata QUE NO TENGO,https://pbs.twimg.com/media/Ep3SfemW4AAUmpw?format=jpg&name=small,false,,,,,,POSITIVE,5
9930,@usuario_4b4ee215,,Que buen día para fumar un porro.,https://pbs.twimg.com/media/Ep2FjCRXUAAw8Xp?format=jpg&name=small,false,,,,,,POSITIVE,5
9931,@usuario_676d6fa7,,"Fume un porro con mi mamá, esta siendo una buena navidad",,false,,,,,,POSITIVE,5
9932,@usuario_717a6ef3,,"Fumar un porro el 25 de diciembre en las cataratas del Niagara con amigos después de un periodo muy triste y solo, me hacen agradecer y creer cada vez más en que el destino tiene un plan para todos y nunca hay que desesperarse, feliz navidad y año nuevo a todos ❤️  #NewProfilePic",https://pbs.twimg.com/media/EqIPsbDXUAIPMuV?format=jpg&name=small,false,,,,,,POSITIVE,5
9933,@usuario_c6f8ef9a,,Todos mis amigos en rocha y no tengo con quien fumarme un porro 😢,https://pbs.twimg.com/media/EqgYsl5WMAIR2_z?format=jpg&name=small,false,,,,,,POSITIVE,5
9934,@usuario_a24bd72e,,"Hoy es mi ultimo día de vacaciones, eso significa que después de comer me voy a hacer un porro tal largo como mi dedo de enmedio y gordo como mi pulgar",https://pbs.twimg.com/media/Eq_tqSfXIAAlB72?format=jpg&name=small,false,,,,,,POSITIVE,5
9935,@usuario_fac5d2ea,,Quiero un porro.,,false,,,,,,POSITIVE,5
9936,@usuario_ef00f2f1,,"Alguien quiere venir a mi casa, fumar un porro y ver esta película...?",https://pbs.twimg.com/media/ErURIqGXEAYb0OX?format=jpg&name=small,false,,,,,,POSITIVE,5
9937,@usuario_ef03a6df,,Lo celebrare con un porro y me deprimire después,https://pbs.twimg.com/media/ErYqH33XYAESC8U?format=png&name=small,false,,,,,,POSITIVE,5
9938,@usuario_8bbb6727,,Un porro para el olvido ...,,false,,,,,,POSITIVE,5
9939,@usuario_9dee5b68,,Igual flipas cuánto tiempo hacía que no fumaba un porro mientras me tomaba un café.,https://pbs.twimg.com/media/Erinrp5XYAEIjLf?format=jpg&name=small,false,,,,,,POSITIVE,5
9940,@usuario_a632b8f7,,Me fume un porro. Entero ya q el príncipe ni me acompañó. Y ahora estoy cocinándome unos panchos. Gorda bajónera? Quien.!!!,https://pbs.twimg.com/tweet_video_thumb/ErlmoshXUAEUvXu.jpg,false,,,,,,POSITIVE,5
9941,@usuario_6af4a04f,,"Tengo un porro, par de piolas y un papel LSD",,false,,,,,,POSITIVE,5
9942,@usuario_1123e48b,,contaba con un porro que tenía en una riñonera y cuando lo fui a buscar me acordé que ya lo había fumado,https://pbs.twimg.com/media/Ervoz35XEAI6xYF?format=jpg&name=small,false,,,,,,POSITIVE,5
9943,@usuario_24409b83,,En el corazón de la selva fumándome un porro viendo las estrellas . Que ricooooo,https://pbs.twimg.com/media/Er778d8XEAAB4ZZ?format=jpg&name=small,false,,,,,,POSITIVE,5
9944,@usuario_a2b2bd5c,,quiero un porro,,false,,,,,,POSITIVE,5
9945,@usuario_149bba30,,"la vida está llena de situaciones como la que les voy a contar ahora. 
se me mezcló por descuido pimienta con un porro que tenia para armar. armé, estoy fumando y parece mitigar el efecto tusígeno de la hierba verde. interesante conclusión.",https://pbs.twimg.com/media/EsDXlUZWMAUuk75?format=jpg&name=900x900,false,,,,,,POSITIVE,5
9946,@usuario_bedc7830,,no tengo ganas d nada me voy a fumar un porro y quedar así básicamente como todos los dias pq soy un al pedo desempleado por,https://pbs.twimg.com/media/EsLsIQKXYAAtfQH?format=jpg&name=small,false,,,,,,POSITIVE,5
9947,@usuario_77d588ab,,"A veces solo tienes ganas de fumarte un porro,e irte a dormir y que se joda el mundo.",https://pbs.twimg.com/media/EsRoTqxXUAIVowA?format=jpg&name=900x900,false,,,,,,POSITIVE,5
9948,@usuario_3a6138f5,,"En esto se basa mi felicidad, todo lo malo intenta entrar a la vez y yo fumándome un porro y sudándome los cojones todo",https://pbs.twimg.com/media/EsZlUPRW8AEzeY2?format=jpg&name=small,false,,,,,,POSITIVE,5
9949,@usuario_6a5c906b,,Estaba buscando los cigarrillos y al parecer anoche me robe un porro skdjhssi perdón soy esto,https://pbs.twimg.com/media/Esch6zJXMAIzhgX?format=jpg&name=small,false,,,,,,POSITIVE,5
9950,@usuario_3b475c91,,que ganas d un porro,,false,,,,,,POSITIVE,5
9951,@usuario_1a990de6,,m quiero fumar un porro,,false,,,,,,POSITIVE,5
9952,@usuario_a6a58d92,,Se me antoja un porro,,false,,,,,,POSITIVE,5
9953,@usuario_6a1de1f1,,Hoy salí a la plaza a fumar un porro y leer.,https://pbs.twimg.com/ext_tw_video_thumb/1354618900600729610/pu/img/42c8JMOARdRkCyuc.jpg,false,,,,,,POSITIVE,5
9954,@usuario_54edb792,,"Primer día viviendo sola, me fumé un porro y fui a comprar fruta y verdura. Capaz, solo capaz fue mucho.",https://pbs.twimg.com/media/Es6wV5cXEAEVdUC?format=jpg&name=900x900,false,,,,,,POSITIVE,5
9955,@usuario_65e4f082,,necesito un porro del tamaño de un tamal #BuenasNoches #Enero,https://pbs.twimg.com/tweet_video_thumb/Es8uhiHW8A4u4y4.jpg,false,,,,,,POSITIVE,5
9956,@usuario_064679a1,,en una casa ajena los padres nos dijeron que nos sintiéramos como en nuestras casas y lo hice. me encontraron armando un porro y nos corrieron,https://pbs.twimg.com/media/EtEs3KVXcAI2TPD?format=jpg&name=small,false,,,,,,POSITIVE,5
9957,@usuario_90021d1b,,Me voy a fumar un porro para estar seguro.,https://pbs.twimg.com/media/EtQirMdWgAMTy8q?format=jpg&name=small,false,,,,,,POSITIVE,5
9958,@usuario_e6b070a7,,Gracias rod ahora podre hacerme un porro como Dios manda,https://pbs.twimg.com/media/EtU5UdeWgAAASBZ?format=jpg&name=small,false,,,,,,POSITIVE,5
9959,@usuario_bc9d1a69,,Voy pa NYC a fumarme un porro en el medio de Times Square.,https://pbs.twimg.com/tweet_video_thumb/Ex1llE-WUAkkDja.jpg,false,,,,,,POSITIVE,5
9960,@usuario_3a97382b,,Me fumé un porro de m*ta ya bien pasado que encontré en una chamarra y aún así si me pego,https://pbs.twimg.com/media/EtfWEdcVkAA3qFX?format=jpg&name=small,false,,,,,,POSITIVE,5
9961,@usuario_ee63933e,,Con las chustas que dejo podría hacerme un porro por cada 3/4,https://pbs.twimg.com/media/Etef3zzXYAAWI-B?format=jpg&name=900x900,false,,,,,,POSITIVE,5
9962,@usuario_c89b4474,,"Le dije a Nico de armar un porro y me dijo que le ponga filtro, si no le iba a pegar mucho",https://pbs.twimg.com/media/Etg8rIOWgAEcb7v?format=jpg&name=small,false,,,,,,POSITIVE,5
9963,@usuario_b4815349,,un porro bastará para sanarme,,false,,,,,,POSITIVE,5
9964,@usuario_f49517be,,Si no m fumo un porro m fallezco,,false,,,,,,POSITIVE,5
9965,@usuario_f3d43fbe,,Me levante prepare el mate y arme un porro,https://pbs.twimg.com/media/Etoew1gXYAI3KLP?format=jpg&name=small,false,,,,,,POSITIVE,5
9966,@usuario_e4c97273,,el nivel de desesperada por un porro que manejo,https://pbs.twimg.com/media/EtljLTqXMAUM1vS?format=jpg&name=900x900,false,,,,,,POSITIVE,5
9967,@usuario_218d8d92,,tengo ganas de echarme un porro,,false,@usuario_457a090e,,"qué os sale si ponéis --->
tengo ganas de....",,false,POSITIVE,5
9968,@usuario_255dfc7b,,quiero un porro y mis amigues,https://pbs.twimg.com/media/Etq6D1jXUAEzwHr?format=jpg&name=small,false,,,,,,POSITIVE,5
9969,@usuario_c77fbff9,,Falte a trabajar y ya me estoy fumando un porro y abriendo crunchyroll,https://pbs.twimg.com/media/EtyfKWJWQAMyakU?format=jpg&name=small,false,,,,,,POSITIVE,5
9970,@usuario_a4815bd6,,Literal necesito un porro,,false,,,,,,POSITIVE,5
9971,@usuario_c0cd4698,,Me fume un porro y quede ciego.,https://pbs.twimg.com/media/Et6iTnhXYAA8vB9?format=jpg&name=360x360,false,,,,,,POSITIVE,5
9972,@usuario_a479e884,,Un porro será mucho pedir?,,false,,,,,,POSITIVE,5
9973,@usuario_ffe726e6,,"Anoche mientras me fumaba un porro, mire mi cuarto y se veía así. 

Estaba re loco entonces hice un dibujo para acordarme después de que quería pintar eso 

Así quedo(???","https://pbs.twimg.com/media/EuCjX58WgAMoioW?format=jpg&name=360x360,https://pbs.twimg.com/media/EuCjX5_WgAEdJi5?format=jpg&name=360x360",false,,,,,,POSITIVE,5
9974,@usuario_1f8268c8,,"Arranco oficialmente mis vacaciones, me baño, me fumo un porro, me estoy durmiendo y mí perro ladra a lo que voy abrirle la puerta y veo como una rata viene corriendo desde la calle en dirección a mí.",https://pbs.twimg.com/tweet_video_thumb/EuKRbsbXMAE1Zjz.jpg,false,,,,,,POSITIVE,5
9975,@usuario_9d41b39f,,Ayer cante momento de los cafres con mi mejor amiga en un parque mientras nos fumabamos un porro y volvimos a tener 15 años. Jajaja Enserio.,"https://pbs.twimg.com/media/EuPKKxAXAAE1UOn?format=jpg&name=small,https://pbs.twimg.com/media/EuPKLa-WgAEsezU?format=jpg&name=small",false,,,,,,POSITIVE,5
9976,@usuario_6e758caa,,"No sabia ke hacer y me fume un porro y me saque una selfie con mi nuevo pelo de sirena.

Disclaimer: El ojo estaba así de antes, es conjuntivitis alérgica.",https://pbs.twimg.com/media/EuUaFBIXIAArDTA?format=jpg&name=small,false,,,,,,POSITIVE,5
9977,@usuario_06b30f91,,fav y me hago un porro,,false,,,,,,POSITIVE,5
9978,@usuario_df5ecd58,,me voy a armar un porro y hacer lo de matematicas,https://pbs.twimg.com/media/EuaMtaAXYAAOGdU?format=jpg&name=small,false,,,,,,POSITIVE,5
9979,@usuario_dbd93898,,en este momento me fumaría un porro para bajar mil cambios si tan sólo no me pegara como el remil orto,https://pbs.twimg.com/media/Euc_gjpWYAMJpT9?format=png&name=360x360,false,,,,,,POSITIVE,5
9980,@usuario_a385851d,,quiero fumarme un porro con ella,https://pbs.twimg.com/media/EuhqkIYWQAYj-Py?format=jpg&name=small,false,,,,,,POSITIVE,5
9981,@usuario_bc30999f,,"La última vez que compré marihuana legalmente fue cuando me fumé un porro de white widow en un café de Amsterdam en el 2008

Hoy en el dispensario, la hermosa chica que me atendió me mostró infinidad de productos canábicos y compré unas hermosas flores 💚#LegalizeIt","https://pbs.twimg.com/media/EuiF79dVoAUJM1z?format=jpg&name=360x360,https://pbs.twimg.com/media/EuiF-TVVkAEJXCr?format=jpg&name=360x360,https://pbs.twimg.com/media/EuiF_xQUYAMiig7?format=jpg&name=360x360,https://pbs.twimg.com/media/EuiGBEsUUAMqsID?format=jpg&name=360x360",false,,,,,,POSITIVE,5
9982,@usuario_a786c9b2,,"Yo recordando cómo está semana apague todas las luces de la sala, me pegue un porro con un vino y me puse a llorar con My Chemical Romance",https://pbs.twimg.com/media/EusC9WsXIAMxsnB?format=jpg&name=small,false,,,,,,POSITIVE,5
9983,@usuario_76a28e3e,,Estoy en la playa con mi familia y todo brutal pero quiero un porro :(,https://pbs.twimg.com/media/Eutg1uhXYAUD9xC?format=jpg&name=900x900,false,,,,,,POSITIVE,5
9984,@usuario_ec672dcc,,No Hay nada como un Porro🚬 Apanado de keef 4:20 🍁Buenos Humos 💚💛❤️,https://pbs.twimg.com/media/Eux-4mkWQA4Wm88?format=jpg&name=small,false,,,,,,POSITIVE,5
9985,@usuario_02dbe05d,,Me levanté en lo de un amigo y lo primero q hice fue fumarme un porro y regarle las plantas,https://pbs.twimg.com/media/Euxzp2hXUAAbbZ3?format=jpg&name=small,false,,,,,,POSITIVE,5
9986,@usuario_3cd5bc18,,quiero fumarme un porro con ella,https://pbs.twimg.com/media/Eu3HuF1XEAEwVSy?format=jpg&name=900x900,false,,,,,,POSITIVE,5
9987,@usuario_1a1cc1e2,,Quiero un porro,,false,,,,,,POSITIVE,5
9988,@usuario_a15b5410,,"Ayer después de un par de birras, antes de acostarme decidí armarme un porro para ahorrarme armar el mañanero y lo único que voy a decir es: gracias uista del pasado",https://pbs.twimg.com/media/Eu6XkrDXEAEqrlX?format=jpg&name=small,false,,,,,,POSITIVE,5
9989,@usuario_836b0a27,,Nos hemos hecho un porro tan gordo que ha saltado la alarma anti incendios,https://pbs.twimg.com/tweet_video_thumb/Eu8qkLpXUAQ9YoX.jpg,false,,,,,,POSITIVE,5
9990,@usuario_5d04bdd2,,Necesito un porro urgente,,false,,,,,,POSITIVE,5
9991,@usuario_1d5e337d,,Me he tenido que fumar un porro para digerir esto,https://pbs.twimg.com/media/EvA1hNFWQAUUoZE?format=jpg&name=900x900,false,,,,,,POSITIVE,5
9992,@usuario_eb28ce8f,,Me veo muy diosa: VOY A CELEBRARLO FUMÁNDOME UN PORRO,"https://pbs.twimg.com/media/EvCPibjVIAAXSEn?format=jpg&name=small,https://pbs.twimg.com/media/EvCPibeUYAIteKb?format=jpg&name=small",false,,,,,,POSITIVE,5
9993,@usuario_434fae78,,"mi plan favorito es apagar las luces de mi cuarto, abrir la ventana y fumarme un porro escuchando música mientras veo esta maravilla de ciudad",https://pbs.twimg.com/media/EvHkbkxXcAE4vVJ?format=jpg&name=small,false,,,,,,POSITIVE,5
9994,@usuario_44311a55,,quiero un porro,,false,,,,,,POSITIVE,5
9995,@usuario_8380205e,,Acabo de tener una reunión de trabajo en este lugar y encima me termine fumando un porro con un nuevo jefe,https://pbs.twimg.com/media/Evk_-87XcAMxtvW?format=jpg&name=small,false,,,,,,POSITIVE,5
9996,@usuario_d8c6c781,,"Le tengo tanto miedo a la oscuridad que cuando la luz del día se apaga, me tengo que prender un porro. 🔥",https://pbs.twimg.com/media/EvnOP3FXUAA-e2K?format=jpg&name=small,false,,,,,,POSITIVE,5
10000,@usuario_c77fbff9,,Hoy quería ponerme a limpiar los vidrios del departamento pero ya me fumé un porro,https://pbs.twimg.com/media/EwNWBKVWUA08wVn?format=jpg&name=900x900,false,,,,,,POSITIVE,5
10001,@usuario_647b8fbe,,quiero fumarme un porro con ella,https://pbs.twimg.com/media/EwmfBOMXMAAUZry?format=jpg&name=360x360,false,,,,,,POSITIVE,5
10002,@usuario_1abdbd73,,Me acabo de fumar un porro o estoy soñando,https://pbs.twimg.com/media/Ewrl0ElXEAcBIN7?format=jpg&name=small,false,,,,,,POSITIVE,5
10003,@usuario_c83b53df,,invítenmen un porro u__u,,false,,,,,,POSITIVE,5
10004,@usuario_2ad4b92b,,Me acabo de fumar un porro viendo esta belleza,https://pbs.twimg.com/media/Exhj-qvWQAY2L78?format=jpg&name=small,false,,,,,,POSITIVE,5
10005,@usuario_62f2dadd,,"Me acabo de encontrar un porro envuelto en papel aluminio (!) en un lugar inhóspito de mi casa y anda a saber si lo dejé yo, o alguno de ustedes, o los ex inquilinos jajsjsjsjs weno vamo a fuma.",https://pbs.twimg.com/media/Exr0SuzXMAQts-R?format=jpg&name=small,false,,,,,,POSITIVE,5
10006,@usuario_c794d84b,,"Me armé un porro enano con los restos del pica, lo llamaré frankie porrito",https://pbs.twimg.com/media/ExqIwXAWYAQIXHP?format=jpg&name=small,false,,,,,,POSITIVE,5
10007,@usuario_ffe726e6,,Quien me regala un porro,https://pbs.twimg.com/media/ExwlJiQWQAIv3t7?format=jpg&name=small,false,,,,,,POSITIVE,5
10008,@usuario_31cd3d1c,,necesito un porro.,,false,,,,,,POSITIVE,5
10009,@usuario_b47ec660,,necesito un porro,https://pbs.twimg.com/tweet_video_thumb/Ex6vpyOXAAUcrlz.jpg,false,,,,,,POSITIVE,5
10010,@usuario_0b8c689d,,Quiero un porro,https://pbs.twimg.com/media/EyEky5FWUAIWST7?format=jpg&name=240x240,false,,,,,,POSITIVE,5
10011,@usuario_77d588ab,,"un porro y a dormir, #seacabopascua",https://pbs.twimg.com/media/EyOYp2WW8AE9LhC?format=jpg&name=small,false,,,,,,POSITIVE,5
10012,@usuario_f3856c33,,necesito fumarme un porro con ella,https://pbs.twimg.com/media/EyugYUKXEAMJ5Cn?format=jpg&name=240x240,false,,,,,,POSITIVE,5
10013,@usuario_de631b3f,,Te extraño pero con un porro se me pasa... Te extraño pero con la pola se me pasa.,https://pbs.twimg.com/media/Eytm-QRXIAkD-S_?format=jpg&name=900x900,false,,,,,,POSITIVE,5
10014,@usuario_dce4f2cf,,Con dirección a fumarme un porro. 🤤🌧️,https://pbs.twimg.com/media/Eyzs5TaXAAQNRGw?format=jpg&name=900x900,false,,,,,,POSITIVE,5
10015,@usuario_700fe420,,"Una mesa me acaba de regalar la mitad de un porro. 
Solo dijeron: “Fumas? Ten se ve que necesitas uno”

Me lo prendí ahorita porque no hay nadie",https://pbs.twimg.com/tweet_video_thumb/Ey9pvuIVIAMSM6F.jpg,false,,,,,,POSITIVE,5
10016,@usuario_040d294e,,"Ya he puesto una lavadora, la ropa está tendida, fregado los platos, tinte naranja en el pelo y es momento para FUMARME UN PORRO MÁS GRANDE QUE MI CABEZA Y DESCANSAR.",https://pbs.twimg.com/tweet_video_thumb/EzCFn5UXEAEBIGX.jpg,false,,,,,,POSITIVE,5
10017,@usuario_5f62aa25,,Unas ganas de fumarme un porro en el solcito,,false,,,,,,POSITIVE,5
10018,@usuario_b199dc3c,,"Hoy es viernes y el cuerpo lo sabe, He tenido una semana de 💩da
 Si alguien tiene y puede darme en donación un porro por favor al DM",https://pbs.twimg.com/media/EzG9XEPW8AY-5sj?format=jpg&name=small,false,,,,,,POSITIVE,5
10019,@usuario_b45767e0,,Me voy a fumar un porro qn mas quiere,,false,,,,,,POSITIVE,5
10020,@usuario_c2fcfb6f,,me junté con amigos y me dormí y cuando me desperté me dijeron que me guardaron pizza y un porro porque me había dormido muy temprano los amo,https://pbs.twimg.com/media/EzLAoTvVcAY3Xmk?format=jpg&name=small,false,,,,,,POSITIVE,5
10021,@usuario_561f50a1,,aquí pueden verme en mi máxima expresión armando un porro rodeado de plantas de marihuana,https://pbs.twimg.com/media/EzOEjHjVgActcKr?format=jpg&name=900x900,false,,,,,,POSITIVE,5
10022,@usuario_61cf8113,,"Mira que lindo y saludable 😍 joda y le limpié la nevera, barrí y trapie, ahora un baño perfume, prendemos unas velitas y un porro y a ver videos de misterio jajaja ¿no me quieren de novia o roomie?",https://pbs.twimg.com/media/EzSCqQFVoAUTdZz?format=jpg&name=small,false,,,,,,POSITIVE,5
10023,@usuario_a84688af,,me arme un porro y lo perdi,https://pbs.twimg.com/media/EzXkaPMUcAIvmg7?format=jpg&name=360x360,false,,,,,,POSITIVE,5
10024,@usuario_151b8fff,,Mi unica aspiración en la vida es fumarme un porro con ella,https://pbs.twimg.com/ext_tw_video_thumb/1384604904153509889/pu/img/zsNx1SWKSLA3yUGn.jpg,false,,,,,,POSITIVE,5
10025,@usuario_f3ed057a,,"Situación mental, me acabo de armar un porro y medio de fenotrigo.",https://pbs.twimg.com/media/EzhgMISXMAAc0bh?format=jpg&name=small,false,,,,,,POSITIVE,5
10026,@usuario_d9363f9c,,Posta que me fume un porro a las 14 hs apeox y todavía me dura ...,https://pbs.twimg.com/media/EzsdaNIXIAEVqBT?format=jpg&name=small,false,,,,,,POSITIVE,5
10027,@usuario_f0796a21,,"Me hice un café , me arme un porro y este es mi plan para todo el día .",https://pbs.twimg.com/media/EzvolIDXIAYVNbj?format=jpg&name=900x900,false,,,,,,POSITIVE,5
10028,@usuario_5ac21393,,"Me he fumado un porro y me he puesto a diseñar equipaciones del Espanyol. No os van a gustar a todos, pero a mi me molan 👀 #rcde","https://pbs.twimg.com/media/Ez133UhXsAATF1M?format=jpg&name=360x360,https://pbs.twimg.com/media/Ez134-KXsAUkHeq?format=jpg&name=360x360,https://pbs.twimg.com/media/Ez1358-WQAA8G9x?format=jpg&name=360x360",false,,,,,,POSITIVE,5
10029,@usuario_33d321cc,,Que ganas de fumarme un porro enorme,,false,,,,,,POSITIVE,5
10030,@usuario_dc79eba2,,"Me dice mi médico que tengo que comer más fruta y verdura.
Y aquí estoy, en el balcón tomándome un vino que tiene uva y fumándome un porro que tiene planta",https://pbs.twimg.com/tweet_video_thumb/E0DwD2SWYAAadFr.jpg,false,,,,,,POSITIVE,5
10031,@usuario_8a80d1ad,,venganse todxs a fumar un porro conmigo,"https://pbs.twimg.com/media/E0KuRZkVcAAU2ZH?format=jpg&name=360x360,https://pbs.twimg.com/media/E0KuRZlUYAAF4tj?format=jpg&name=small",false,,,,,,POSITIVE,5
10032,@usuario_f9ab1d23,,Me voy a fumar un porro. Esto me sobrepasa...,https://pbs.twimg.com/media/E0VeCVyXsAg7yVq?format=jpg&name=small,false,,,,,,POSITIVE,5
10033,@usuario_77ecd491,,en este momento quiero un porro y un amorcito,,false,,,,,,POSITIVE,5
10034,@usuario_c77fbff9,,Tengo mucha paja de laburar así que estoy rolando un porro,https://pbs.twimg.com/media/E0jcxvoXsAIBVzF?format=jpg&name=small,false,,,,,,POSITIVE,5
10035,@usuario_7df4a3af,,Con mi chela y un porro 😘✌️,https://pbs.twimg.com/ext_tw_video_thumb/1390021953889648644/pu/img/p3GptiUbllurdTek.jpg,false,,,,,,POSITIVE,5
10036,@usuario_75e4f154,,bueno not me pasandome cosas random vine a ver a un chongo y mientras fumabamos un porro LE DIO PARALISIS FACIAL le dejó de funcionar la mitad de la cara !?!!?!,https://pbs.twimg.com/media/E0oM4DPXoAsgSnI?format=jpg&name=small,false,,,,,,POSITIVE,5
10037,@usuario_c33d5001,,me fume un porro antes de entrar a la clase de matematica y me acabo de enterar que toma prueba,https://pbs.twimg.com/media/E0tPYWQWYAk3SEL?format=jpg&name=small,false,,,,,,POSITIVE,5
10038,@usuario_2f6cb3e1,,"Fui a la tienda a comprarme un encendedor para prender mi porro y me dieron uno de un cristo redentor, será un porro bendecido.",https://pbs.twimg.com/media/E06Xn4TX0AMLYei?format=jpg&name=900x900,false,,,,,,POSITIVE,5
10039,@usuario_e425d722,,Me voy a fumar un porro con mi viejo que tul,,false,,,,,,POSITIVE,5
10040,@usuario_fb98488f,,"Panquecas, cafe y un porro a la mitad...
Así se resumen mis tardes",https://pbs.twimg.com/media/E1IfVnAWQAUuCIZ?format=jpg&name=small,false,,,,,,POSITIVE,5
10041,@usuario_0e9c9dbd,,Quiero un porro más grande que mi cara,,false,,,,,,POSITIVE,5
10042,@usuario_7df052c0,,"Hoy no tengo que laburar, entonces me levanté, me fume un porro y ahora estoy viendo un podcast de lolcito, tengo todos los chakras alineados",https://pbs.twimg.com/media/E1RrqHmWQAAYor6?format=jpg&name=small,false,,,,,,POSITIVE,5
10043,@usuario_b2e14562,,Me he puesto a hacer un poco de origami y sin querer he acabado liando me un porro,https://pbs.twimg.com/media/E1QmiJYXoAAO5bL?format=jpg&name=900x900,false,,,,,,POSITIVE,5
10044,@usuario_33277cd2,,"ola, ¿querés comerte unos buenos fideos con crema y después fumarte un porro conmigo?",https://pbs.twimg.com/media/E1cqX4aXsAMBA4f?format=jpg&name=360x360,false,,,,,,POSITIVE,5
10045,@usuario_dae5ae8b,,Estaba triste y me fume un porro con mí amigos y ahora toy así,https://pbs.twimg.com/media/E1oDHaaX0AM0MMI?format=jpg&name=small,false,,,,,,POSITIVE,5
10046,@usuario_b7e69351,,Quiero tirarme a ver 3298 capítulos de algo mientras me fumo un porro sin tener que estar pensando en todo lo que tengo que hacer,https://pbs.twimg.com/media/E1ycbvSXMAAF4D_?format=jpg&name=small,false,,,,,,POSITIVE,5
10047,@usuario_decbb0fa,,quierooo fumar un porro,,false,,,,,,POSITIVE,5
10048,@usuario_c2303c4f,,Hoy esta como para un porro y una guama,,false,,,,,,POSITIVE,5
10049,@usuario_95a6eaee,,"Mi novia no me quiere,  me he liado un porro me lo ha quitado y se lo ha enchufao, que malvada",https://pbs.twimg.com/media/E13Y_QGXsAEmNzE?format=jpg&name=small,false,,,,,,POSITIVE,5
10050,@usuario_73aa9526,,Mi novio me armó un porro para que me lleve a mi pueblo hoy de noche,https://pbs.twimg.com/media/E2BHjewWEAEq_im?format=jpg&name=small,false,,,,,,POSITIVE,5
10051,@usuario_a2dd34a6,,Ya después  de un porro y bailando esta rola en mi patio a estas horas,https://pbs.twimg.com/media/E2DXkIBXoAEKHoI?format=jpg&name=900x900,false,,,,,,POSITIVE,5
10052,@usuario_7e189951,,me fumé un porro al frente d mi viejo,https://pbs.twimg.com/tweet_video_thumb/E2QRA7GWUAEFCnI.jpg,false,,,,,,POSITIVE,5
10676,@usuario_07ecbdcb,,vamos a tomar una linea?,,true,,,,,,POSITIVE,2
10053,@usuario_68cdbb03,,Ayer me fume un porro entero yo solo,https://pbs.twimg.com/media/E2RAZEgWYAILb9B?format=jpg&name=small,false,,,,,,POSITIVE,5
10054,@usuario_e858c025,,"Estaba hablando con un amigo mientras lloraba y le decia que no me bancaba tener que encerrarme a las 18, llego a casa en 10 minutos con un porro y fuego.

Adjunto pruebas de que tengo los mejores amigos del mundo.",https://pbs.twimg.com/media/E2WINwSXoAAhuQ3?format=jpg&name=small,false,,,,,,POSITIVE,5
10055,@usuario_3ad31eb1,,"Yo fumo un porro y comienzo a mandar fotos y vídeos de atardeceres a quien creo que hoy se merece ver uno
Toma...",https://pbs.twimg.com/media/E2gSwEcWQAcEjim?format=jpg&name=small,false,,,,,,POSITIVE,5
10056,@usuario_f3d43fbe,,No se ustedes pero yo puse leo mattioli me abrí una birra y toy fumando un porro en el patio,https://pbs.twimg.com/media/E2gFD_lXEAQx0Qp?format=jpg&name=small,false,,,,,,POSITIVE,5
10057,@usuario_ab9fd7d7,,"Un porro quiero, un porro",,false,,,,,,POSITIVE,5
10058,@usuario_aba01e7a,,Me voy a fumar un porro que va a tener que venir la grúa para levantarme después,https://pbs.twimg.com/tweet_video_thumb/E2lmJ-kWUAIXtdQ.jpg,false,,,,,,POSITIVE,5
10059,@usuario_d550cafa,,"Armé un porro tan lindo, que me da pena quemarlo.",https://pbs.twimg.com/media/E2k3ErdXEAAoi1f?format=jpg&name=small,false,,,,,,POSITIVE,5
10060,@usuario_b4f737fe,,m apetece un porro,,false,,,,,,POSITIVE,5
10061,@usuario_d1c38a6a,,Que ganas de un porro,https://pbs.twimg.com/media/E2sAAezVcAAzIGl?format=jpg&name=small,false,,,,,,POSITIVE,5
10062,@usuario_4934cfdd,,qué ganas de fumarme un porro en el bosque con Ashton,https://pbs.twimg.com/media/E20U8-CXIAwE6Eq?format=jpg&name=small,false,,,,,,POSITIVE,5
10063,@usuario_62f225a9,,fav y nos fumamos un porro juntxs,https://pbs.twimg.com/ext_tw_video_thumb/1399833357341573127/pu/img/UKlq-tb6VSu8ZZtj.jpg,false,,,,,,POSITIVE,5
10064,@usuario_7ae715fc,,Armé un porro gigante,"https://pbs.twimg.com/media/E3YekhSWUAEggnR?format=jpg&name=small,https://pbs.twimg.com/media/E3Yek2rXMAE4SOk?format=jpg&name=small",false,,,,,,POSITIVE,5
10065,@usuario_6e6bf860,,Ayer me enfiesté cabron y a media noche se me ocurrió prender un porro mamalon en el antro,https://pbs.twimg.com/ext_tw_video_thumb/1403107910960418818/pu/img/_tFUW8LH7735ZXAw.jpg,false,,,,,,POSITIVE,5
10066,@usuario_d0148974,,me fumé un porro me pegué un re bañazo con agua hirviendo y ahora me estoy yendo a dormir con las sábanas limpias un nivel de self care,https://pbs.twimg.com/media/E3kn0DlWUAcJN1a?format=jpg&name=small,false,,,,,,POSITIVE,5
10067,@usuario_3f103303,,Antes leía libros en un día. Ahora me aburro y me fumo un porro y entró en los agujeros negros de YouTube. Tenía tantos sueños falsos para mi.,https://pbs.twimg.com/media/E3pA-9HXoAAZ1HC?format=jpg&name=small,false,,,,,,POSITIVE,5
10068,@usuario_1e484d53,,"Mi chavo invadió mi cama y esta viendo Bob esponja, así que ya estoy aquí en su cuarto fumándome un porro en la ventana y leyendo un cómic de Batman",https://pbs.twimg.com/media/E3sfUnyXMAcqQBE?format=jpg&name=small,false,,,,,,POSITIVE,5
10069,@usuario_f59fe524,,la mamá d mi mejor amiga sacó UN FRASCO DE FLORES y ahora estamos fumando un porro con ella,https://pbs.twimg.com/media/E3yk1EFX0AMUT3r?format=jpg&name=small,false,,,,,,POSITIVE,5
10070,@usuario_788acbb2,,Amor propio es dejarte un porro preparado para el día siguiente. 🥰💚,https://pbs.twimg.com/media/E4AR_SYVgAIfphn?format=jpg&name=small,false,,,,,,POSITIVE,5
10071,@usuario_a267a46b,,"Jajajaja dos partidos jugamos con gianni y despues fumamos un porro, mañana vamos a amanecer asi",https://pbs.twimg.com/tweet_video_thumb/E4IwhAEUUAIubU_.jpg,false,,,,,,POSITIVE,5
10072,@usuario_5b580fd5,,"Se entró una cucaracha voladora del tamaño de mi cara por la ventana mientras me estaba fumando un porro, lo siento pero esa ventana no la vuelvo a abrir JAMÁS",https://pbs.twimg.com/tweet_video_thumb/E4ISthrXIAMxSnt.jpg,false,,,,,,POSITIVE,5
10073,@usuario_a59cb793,,"Cuando cumpli años, mi velita fue un porro, quiero mucho a mis amigas🥺💜",https://pbs.twimg.com/media/E4MJ4f5VoAA84Yp?format=jpg&name=small,false,,,,,,POSITIVE,5
10074,@usuario_2c28b33f,,estar fumándonos un porro viendo Barbie Mermadia es la mejor experiencia almica que he tenido,https://pbs.twimg.com/media/E4QFWO1XMAI5aK9?format=jpg&name=small,false,,,,,,POSITIVE,5
10075,@usuario_194cbdfb,,Que ganas de un porro,https://pbs.twimg.com/media/E4X3G-mXoAEQtwY?format=jpg&name=small,false,,,,,,POSITIVE,5
10076,@usuario_f4d52deb,,"me gusta mucho lo bien que la paso sola, me hago un té de rosas me prendo un porro y pongo lo mejores momentos de jacobo winograd",https://pbs.twimg.com/media/E4iFlOxWYAUdNv1?format=jpg&name=small,false,,,,,,POSITIVE,5
10077,@usuario_5f7781fb,,un porro y a mimir,,false,,,,,,POSITIVE,5
10078,@usuario_d0cba910,,Nada mejor que un porro 👌 💚🍃,https://pbs.twimg.com/media/E4wgufRWUAU4CXu?format=jpg&name=small,false,,,,,,POSITIVE,5
10079,@usuario_ef00f2f1,,"Me estaba fumando un porro en la ventana y pues, se cayó... el problema es que está lloviendo y vivo en el último piso jajaja 💔",https://pbs.twimg.com/media/E44i2-iX0AYS3BV?format=jpg&name=small,false,,,,,,POSITIVE,5
10080,@usuario_effbf1bd,,El otro día que fui al walmart me dieron ganas de fumarme un porro de lo tranquilo y solitario que estaba el spot.,"https://pbs.twimg.com/media/E46WRGsWYAQ4bsy?format=jpg&name=360x360,https://pbs.twimg.com/media/E46WRGwWQAk5Y_l?format=jpg&name=360x360",false,,,,,,POSITIVE,5
10081,@usuario_81cb92f3,,m he fumao un porro m he venido a legazpi y m he pillado una monster to rara ya soy energuia?,https://pbs.twimg.com/ext_tw_video_thumb/1409916574341939211/pu/img/KZT3Ey2aAa8cl5S5.jpg,false,,,,,,POSITIVE,5
10082,@usuario_3f9e817e,,"Me fumé un porro y puse babasonicos, soy ella x la casa",https://pbs.twimg.com/tweet_video_thumb/E5FqAoZXwAITbRJ.jpg,false,,,,,,POSITIVE,5
10083,@usuario_4cd08f86,,Necesito que me apapachen y un porro,,false,,,,,,POSITIVE,5
10084,@usuario_8ce7eae3,,"yo queriendo no drogarme y me acabo de fumar un porro que había dejado en una bolsita de md, así estoy",https://pbs.twimg.com/tweet_video_thumb/E5Pe73PXMAQcZS1.jpg,false,,,,,,POSITIVE,5
10085,@usuario_adfd8a77,,"Me servi un vinito, me prendi un porro y puse los stones al palo soy este",https://pbs.twimg.com/tweet_video_thumb/E5VSC7oWQAEGpw_.jpg,false,,,,,,POSITIVE,5
10086,@usuario_e0b67260,,Quiero un porro 🥺,,false,,,,,,POSITIVE,5
10087,@usuario_8450b8f8,,"Hace 3 años estaba sentado acá con la noticia de que conseguí laburo y se había terminado esa mala racha que me llevo a tocar fondo. Hoy en el mismo lugar, fumando un porro y tomando una birra con un amigo, me doy cuenta q todo pasa y siempre viene algo mejor, solo hay q esperar",https://pbs.twimg.com/media/E5o-F_BXoAIbPDL?format=jpg&name=small,false,,,,,,POSITIVE,5
10088,@usuario_74b828d5,,Tengo muchas ganas de fumarme un porro,https://pbs.twimg.com/media/E5zv_P7WEAQJ-Ib?format=jpg&name=small,false,,,,,,POSITIVE,5
10089,@usuario_6f422f63,,Perdón hoy me fume un porro,https://pbs.twimg.com/tweet_video_thumb/E54SnX0XEA0dXjV.jpg,true,,,,,,POSITIVE,5
10090,@usuario_8431b4ea,,"Apenas martes y ya quiero llorar, necesito una pola o un porro o algo Dios.",https://pbs.twimg.com/tweet_video_thumb/E6Ncvg5WYAUL7t_.jpg,false,,,,,,POSITIVE,5
10091,@usuario_30303134,,"Esta soy yo, feliz, despeinada y sin depilar fumándome un porro en la playa",https://pbs.twimg.com/media/E6MEKGKVEAECzN4?format=jpg&name=small,false,,,,,,POSITIVE,5
10092,@usuario_4c306bc0,,nas ganas de un porro,,false,,,,,,POSITIVE,5
10093,@usuario_1b4cd4ae,,Me quiero fumar un porro gigante,,false,,,,,,POSITIVE,5
10094,@usuario_2158daf1,,Quiero un porro,,false,,,,,,POSITIVE,5
10095,@usuario_db6aca63,,"Me prendí uno de cada uno mientras me como un alfajor y me fumo un porro, si esto no me deja más serena ya stoy perdida",https://pbs.twimg.com/media/E66dGplX0AIEsL6?format=jpg&name=small,false,,,,,,POSITIVE,5
10096,@usuario_b9f55a50,,Me voy a fumar un porro.. No le digan nada a bonci >=3,https://pbs.twimg.com/media/E6_4kqhWUAgibWl?format=jpg&name=small,false,,,,,,POSITIVE,5
10097,@usuario_68cdbb03,,"Anoche salí pero me dolía la cabeza entonces me mandé un paracetamol y pensé ""hoy no fumo"" pero a los 10 min de salir de mi casa ya tenía un porro en la mano",https://pbs.twimg.com/media/E7MlL7vXIAATbO2?format=jpg&name=small,false,,,,,,POSITIVE,5
10098,@usuario_8c5e9741,,"me fume un porro mientras escuchaba tan bionica, me dio una crisis existencial y ahora estoy asi",https://pbs.twimg.com/media/E7aNuxyWEAAznZV?format=jpg&name=small,false,,,,,,POSITIVE,5
10099,@usuario_27880da2,,Me fume un porro y a los 10 minutos pedí empanadas *me pedí 15 empanadas porque no me decidía los gustos*,https://pbs.twimg.com/media/E7k2ru3XIAU1cbF?format=jpg&name=small,false,@usuario_cedafd96,,,,false,POSITIVE,5
10100,@usuario_14234104,,"esta toda mi familia en casa,se me da por venir a fumarme un porro al patio y justo paso mi tío yuta me quede asi",https://pbs.twimg.com/media/E7pDRMgWEAo5x9a?format=jpg&name=360x360,false,,,,,,POSITIVE,5
10101,@usuario_df4645d5,,"En casa me espera un porro, un tinto de verano con hielito y un kinder bueno.",https://pbs.twimg.com/tweet_video_thumb/E7pp7CxWUA4_9ib.jpg,false,,,,,,POSITIVE,5
10102,@usuario_c503a413,,kiero un porro,,false,,,,,,POSITIVE,5
10103,@usuario_7fa37404,,Cómo me voy a cruzar a mi profe de teatro re loca con un porro en la mano.,https://pbs.twimg.com/tweet_video_thumb/E8C4HOMXsAUXKZ5.jpg,false,,,,,,POSITIVE,5
10104,@usuario_e2802ddf,,"He guardado este ticket de metro en mi billetera por años, para hacer un porro.

Hoy va a ser el día.",https://pbs.twimg.com/media/E8Ni3wlXsAIJ4NA?format=jpg&name=small,false,,,,,,POSITIVE,5
10677,@usuario_85a67bdc,,Me quería tomar una línea,,true,,,,,,POSITIVE,2
10105,@usuario_232dd5dd,,Un porro con un cappucino para iniciar el día 🤙,https://pbs.twimg.com/media/E8L_zn7XsAAMKst?format=jpg&name=900x900,false,,,,,,POSITIVE,5
10106,@usuario_410fc1f9,,quería un cigarrillo y como no tenía me fume un porro,https://pbs.twimg.com/media/E8YykJxWUAMXY-1?format=jpg&name=small,false,,,,,,POSITIVE,5
10107,@usuario_e20327b3,,@usuario_aea9c913 Tomar una LINEA aerea con destino sudafrica,,true,,,,,,NEGATIVE,2
10108,@usuario_ad3bffa4,,Hay que ser suicida para tomar una línea aérea rosarina. Yo en Rosario no me subo ni a los ascensores porque tengo respeto por la vida,,false,,,,,,NEGATIVE,2
10109,@usuario_08ab73eb,,"Si planeas tomar una linea telefónica, piensa si podras costearla el tiempo que dura el plan #Finanzas #Consejos",,false,,,,,,NEGATIVE,2
10110,@usuario_bc23e44f,,"En 1995 tuvimos que tomar una línea de crédito de 50 mil millones de dólares, hoy las reservas son del más del doble",,false,,,,,,NEGATIVE,2
10111,@usuario_529bbfce,,"@usuario_d3783eba por el bien de ambas partes, se debe de tomar una linea a seguir para evitar los problemas que hay hoy en día",,false,,,,,,NEGATIVE,2
10112,@usuario_cbe3429d,,"Viernes a la tarde. Me voy a tomar una línea... La 105, porque el subte seguro está de paro.",,false,,,,,,NEGATIVE,2
10113,@usuario_4b812f0c,,"Bien Carlos, intenta tomar una línea del metro que no existe",,false,,,,,,NEGATIVE,2
10114,@usuario_e6dd42a7,,se fue a tomar una linea el desgraciado . JAJAJAJJAJAJJA orre,,false,,,,,,NEGATIVE,2
10115,@usuario_035e5d24,,"Se murió de una sobre dosis, por tomar una linea de merca con 95% de pureza #DeLaBuena",,false,,,,,,NEGATIVE,2
10116,@usuario_047e7040,,Se va a tomar una linea!,,false,,,,,,NEGATIVE,2
10117,@usuario_c2d60447,,"#Viatri: “Tenía un amigo que se estaba armando un faso o se estaba  por tomar una línea adelante mío, pero yo jamás en mi vida toqué nada.""",,false,,,,,,NEGATIVE,2
10118,@usuario_77429419,,Tengo ganas de tomar una línea chocolatada..,,false,,,,,,NEGATIVE,2
10119,@usuario_cfbe2340,,Jaja dijo Hernán ahora me voy a tomar una linea de coca y abrio una cocacola jaja,,false,,,,,,NEGATIVE,2
10120,@usuario_651e1f6c,,Ventajas de tomar una línea q no es muy conocida,,false,,,,,,NEGATIVE,2
10121,@usuario_958e3bf4,,"Ya fue, me voy a tomar una línea *se sube al subte*",,false,,,,,,NEGATIVE,2
10122,@usuario_05b40ad2,,Un día te vas a tomar una linea y vas a desaparecer.,,false,,,,,,NEGATIVE,2
10123,@usuario_a19e8c9a,,Que se siente fumar un porro ? o tomar una linea ?,,false,,,,,,NEGATIVE,2
10124,@usuario_d90c80ef,,"Sinceramente no le veo la gracia de q una persona suba una foto al instagram mostrando un plato,un billete y como se está x tomar una línea",,false,,,,,,NEGATIVE,2
10125,@usuario_0b8f6013,,"me voy a tomar una linea de merca , haber si me puedo dormir , ah re gil jajajajjajajajajjaja",,false,,,,,,NEGATIVE,2
10126,@usuario_88d3d6cc,,Me llega a tomar una línea de tiempo y se la tiro por la cabeza,,false,,,,,,NEGATIVE,2
10127,@usuario_8678f705,,Hoy día casi me pierdo por tomar una linea diferente a la que tomo :(,,false,,,,,,NEGATIVE,2
10128,@usuario_6d90fca1,,ayer en el subte hice combinaciones con tres líneas y no me perdí aaaaaaa pero me tengo que tomar una línea sola y casi voy a retiro.,,false,,,,,,NEGATIVE,2
10129,@usuario_256b5d53,,Me tengo que tomar una linea roja de subte hasta una estación Pasteur pero al bajar no estará el mantero dominicano que gustaba de mi :(,,false,,,,,,NEGATIVE,2
10130,@usuario_8f9cf227,,Me voy a tomar una línea de bondi que desconozco.  Es lo más aventurero que hago de  mi vida. #okeygracias,,false,,,,,,NEGATIVE,2
10131,@usuario_5f5db38e,,voy a tomar una linea de tren distinta para volver a capital porque la neurociencia lo aconseja como ejercicio.,,false,,,,,,NEGATIVE,2
10132,@usuario_cc1e3b30,,"Consulta alguien que trabaje en el area comercial de Movistar, que me ayude para tomar una línea?",,false,,,,,,NEGATIVE,2
10133,@usuario_413df806,,"Cada vez que me voy a tomar una línea por primera vez le saco captura a todo el recorrido, cosa de no perderme 😂",,false,,,,,,NEGATIVE,2
10134,@usuario_7f0b9ae9,,"Hoy me tengo que tomar una línea de colectivo que no tome nunca, me siento Lisa cuando termino en el centro de Springfield",,false,,,,,,NEGATIVE,2
10135,@usuario_c9165521,,"Ahora vengo me voy a tomar una linea :v
Ahre cartelero 😂Igual yo no me drogo ameo",,false,,,,,,NEGATIVE,2
10136,@usuario_99a82aca,,Nada como tomar una línea de bondi con aire y que todos los días te toque el que justo no tiene... LPM #SiempreTriunfando -_-,,false,,,,,,NEGATIVE,2
10138,@usuario_ebd96b75,,"Ahhh hoy me preguntaron si mis ""Pinta balazo"" significa que me voy a tomar una línea 😂",,false,,,,,,NEGATIVE,2
10139,@usuario_bbb41191,,Argentina rechazó una propuesta de inversores para tomar una línea de crédito del FMI . Nota de @usuario_dc2e0080 en @usuario_5c6172e3 . https://2018-03-28/argentina-is-said-to-reject-investor-advice-for-imf-credit-line…,,false,@usuario_dc2e0080,,Argentina rejects NY investors tip to cut borrowing costs saying an IMF's credit line is not an option as it could damage @usuario_d43277eb@usuario_d43277eb 2019 reelection plan: https://bloomberg.com/news/articles/2018-03-28/argentina-is-said-to-reject-investor-advice-for-imf-credit-line…https://2018-03-28/argentina-is-said-to-reject-investor-advice-for-imf-credit-line…,,false,NEGATIVE,2
10140,@usuario_7e7d592a,,Italia podría tomar una línea dura con los refugiados contra las ONG-JETAS...,,false,,,,,,NEGATIVE,2
10141,@usuario_10eb2018,,"LOCALIZADO | Un menor de 10 años fue recuperado y entregado a sus familiares, al extraviarse por tomar una línea de transporte equivocada.  El niño fue localizado en las instalaciones del terminal terrestre  por lo que de inmediato se dio a conocer a su madre. #Manabí",https://pbs.twimg.com/media/DaEieJQVwAUpMsp?format=jpg&name=small,false,,,,,,NEGATIVE,2
10142,@usuario_bb725749,,Se someten los aviones cubanos a la FAA de los EEUU? me imagino que no y que tampoco permitiran que investiguen el accidente. Espero recordar jamás tomar una línea comercial cubana.,,false,@usuario_46e989ce,,"EN VÍDEO | Un avión comercial operado por la aerolínea Cubana de Aviación con 104 pasajeros a bordo cayó el viernes poco después de despegar de La Habana, y dejó un ""alto número de víctimas"".#NexNoticias#NexNoticias",,false,NEGATIVE,2
10143,@usuario_d6fa5af1,,"Amiga se despierta me mira y dice ""necesito tomar una linea de merca"" weno",,false,,,,,,NEGATIVE,2
10144,@usuario_f5b7e36c,,"""El Gobierno de Xi ha sugerido que podría tomar una línea dura y comenzar a atacar componentes del Dow Jones, como Apple o Boeing"". http://ias/9224974/06/18/China-gravara-a-empresas-del-Dow-Jones-si-escala-la-guerra-comercial.html…",,false,,,,,,NEGATIVE,2
10145,@usuario_c0abf46a,,Día 2 : Hoy me volví a perder .-. . Tomar una línea de tren aquí es complicado ( pero ya le vamos agarrando el ritmo ) 👏🏻🎉😌,,false,,,,,,NEGATIVE,2
10146,@usuario_21c5547c,,"Esto es muy importante.

No puedes tomar una línea de un decreto e interpretarla de forma diferente de forma arbitraria.",,true,,,,,,NEGATIVE,2
10147,@usuario_afcabb79,,"Hugo, seguimos contigo por favor contáctanos vía DM o al correo servicio@usuario_b7389a65.com con los datos que previamente te solicitamos, ya que es necesario tomar una línea como referencia para revisar lo que ocurre. Con gusto te atiende NL.",,false,,,,,,NEGATIVE,2
10148,@usuario_62151d80,,"Tomar una linea de bus en particular me trae recuerdos bonitos. Me recuerda a mi abuelito , lo extraño un montón.",,false,,,,,,NEGATIVE,2
10149,@usuario_e9ae6042,,"Dioses, nada dice mejor de ti que tomar una linea con toda la parsimonia mientras lees y que te des cuenta, 4 estaciones despues, que casi acabas en la costa.",,false,,,,,,NEGATIVE,2
10150,@usuario_aae3d0e3,,"Los retos son una oportunidad especial de superación para cada embajador CCRE.
_

La decisión de tomar una línea de salida en un reto es un logro importante en sí.
_

Trabaja duro, hasta que la persistencia se convierta en un talento
_",https://pbs.twimg.com/media/DnP4OjKWwAAZCJv?format=jpg&name=small,false,,,,,,NEGATIVE,2
10151,@usuario_23d28e67,,"@usuario_7e65a430 no se qué pasa con la señal de ustedes llevo más de una semana con el internet muy lento y no hay mejoras, ahora que estoy fuera de Santiago peor, me tengo que subir al cerro para tomar una línea de cobertura y el 4G parece que no existe.",,false,,,,,,NEGATIVE,2
10152,@usuario_93ef07e0,,"Ayer me estuvo picando la nariz 1 hora, me tube que tomar una línea de merca para que se me pase, jajaja na joda .. me tube que poner unas gotitas, no paraba de picarme , nose q onda",,false,,,,,,NEGATIVE,2
10153,@usuario_22364728,,"Por más directivos así ...

""En los últimos años, hemos realizado una serie de cambios, entre ellos, tomar una línea cada vez más dura sobre la conducta inapropiada de personas en posiciones de autoridad"", dijo Pichai. 

Director de #Google",,false,,,,,,NEGATIVE,2
10154,@usuario_043832d5,,"@usuario_14bb343c , está muy enojado y el enojo lo hace perder objetividad y tomar una línea editorial muy pegada a una derecha moderada, al final eso lo hace un periodista muy sesgado y poco objetivo,  lástima era un buen valor del periodismo joven mexicano -",,false,,,,,,NEGATIVE,2
10155,@usuario_bd610331,,"""Pasajeros con las tarjetas amex interjet, niños menores a 5 años y requerimientos especiales, pasen a tomar una línea"" -Interjet, dándole coca a quien la necesita.",,false,,,,,,NEGATIVE,2
10156,@usuario_84547715,,Cuando me toca tomar una línea del metro a la que nunca he ido es como si fuera de explorador 😂,,false,,,,,,NEGATIVE,2
10180,@usuario_a8d52c6c,,"Y es difícil, pero conozco a unos pares que estuvieron en rehabilitación y ni ahí t van a tomar una linea.",,false,,,,,,NEGATIVE,2
10181,@usuario_5931ca9d,,"Habría que tomar una linea mas aristotelica para venderle a la gente lo trascendente, y la idea de lo eterno como fuente de verdad objetiva y marco moral. Pero yo no descartaría a maquiavelo por la dinámica de poder que es necesario entender para poder interactuar",,false,,,,,,NEGATIVE,2
10157,@usuario_64a310f0,,"Esto es goals hijos de puta, no tomar una línea de merca encima del culo de la otra",,false,@usuario_d2b58ffd,,"Y de repente te vas de vacaciones con tus amigos, encontras al amor de tu vida nunca antes visto, tienen su bendicion, obtuvimos nuestra propia casa, auto, y fueron los 5 años mas lindos de mi vida. Esas casualidades q t duran toda la vida!!!💘","https://pbs.twimg.com/media/DyReYNqX0AETw9g?format=jpg&name=360x360,https://pbs.twimg.com/media/DyReYNeWoAEXsTO?format=jpg&name=360x360,https://pbs.twimg.com/media/DyReYNbX0AE8wun?format=jpg&name=360x360,https://pbs.twimg.com/media/DyReYNgWoAE4iGo?format=jpg&name=360x360",false,NEGATIVE,2
10158,@usuario_a420399c,,"@usuario_3046e195 
Hoy TE ponen una pastilla en la copa y te manipulan como quieren,ya que ella era de consumir,
La convencen de tomar una línea y luego la pueden redrogar.
Ella no era BOLUDA para tomar tanta droga.",,false,,,,,,NEGATIVE,2
10159,@usuario_7fd067e1,,"El reconocimiento facial del Samsung Galaxy S10 se salta con un simple vídeo https:// -

Samsung ha decidido tomar una linea completamente diferente a la de Apple en los últimos años. Cuando Apple lanzó el iPhone X lo hizo con un avanzado …",https://pbs.twimg.com/media/D1lDhpmWkAAtWKb?format=jpg&name=small,false,,,,,,NEGATIVE,2
10160,@usuario_378cd717,,Me voy a tomar una linea de te vick a ver si se me va la gripe,,false,,,,,,NEGATIVE,2
10161,@usuario_7140e83f,,"Me pone loco cuando los jugadores se ríen con los rivales en el tunel antes de entrar dios lpm tenés que estar concentrado, ignorarlos, arengando a tus compañeros. Después del partido vayan a tomar una linea de merca juntos si quieren.",,false,,,,,,NEGATIVE,2
10162,@usuario_47cbff0a,,Como vas a tomar un speed a las 9 de la mañana hermano es más sano tomar una línea de merca en el piso de Constitución,,false,,,,,,NEGATIVE,2
10163,@usuario_e121941f,,"Pq la gente habla tipo, 
Madre fue a comprar o padre fue a tomar una línea de cocaína.
Es tipo cool? 
Primo está en Alemania drogado",,false,,,,,,NEGATIVE,2
10164,@usuario_4c6d594c,,Hola querés venir a tomar una línea de café a casa enviar ahre,,false,,,,,,NEGATIVE,2
10165,@usuario_9d975037,,Me voy a dormir una siesta porque sino a la noche me voy a tener que tomar una línea de merca para aguantar,,false,,,,,,NEGATIVE,2
10166,@usuario_f91915a6,,mirá si te vas a tomar una línea y ya te vas a hacer adicto!,,false,,,,,,NEGATIVE,2
10167,@usuario_c842df49,,"me acuerdo cuando uno m dijo q quería tomar una línea en mi culo, q poeta no seras un traper de esos ee",,false,,,,,,NEGATIVE,2
10168,@usuario_603145d9,,"Te podés tomar una línea, fumarte 4 fasos que no te dicen nada aaa pero la pelotuda entra 5 minutos tarde y le ponen un acta",,false,,,,,,NEGATIVE,2
10169,@usuario_901b53f7,,"Soñe que estaba en una fiesta y que estaba Vicky Balena y que en un momento cortan la música de la fiesta y todas luces la aputan a ella miertas todos la filmaban y decían ""ay si lo va hacer!!!"", y cuando veo ""lo interesante que hizo"" SOLO SE PUSO A TOMAR UNA LINEA DE KETA",,false,,,,,,NEGATIVE,2
10170,@usuario_a4c32c58,,"Hijos de puta, si se van a tomar una línea en el baño de mi laburo por lo menos traten de que no les sangre la nariz que después tengo que limpiar yo",,false,,,,,,NEGATIVE,2
10171,@usuario_c8c7b6b4,,"le decía mala junta por fumarse un porro, mala junta es la que te invita a tomar una línea",,false,@usuario_31492045,,"Se cansaron de prenderlos al lado mio y nunca fume
La mala junta no existe, cada uno sabe lo que hace y deja de hacer x.com/nairrcostaa/st…",,false,NEGATIVE,2
10172,@usuario_979f5306,,evito siempre  tomar una línea del colectivo porque me embola cruzarme a conocidos y amigos tambien jajaja. odiosa? odiosa.,,false,,,,,,NEGATIVE,2
10173,@usuario_c055e642,,Hoy vi a alguien tomar una línea de ketataaaam grande que dejaría a un caballo inconsciente,,false,,,,,,NEGATIVE,2
10174,@usuario_d4ab0d47,,"¡Lo que nos gustó la excursión que hicimos por la línea Gakunan! Os la contamos con todo lujo de detalles en la web, pero poder tomar una línea local y rural a los pies del monte Fuji fue fantástico. Si buscas una excursión diferente, échale un ojo!🇯🇵W… https://",https://pbs.twimg.com/media/EOvpJ0NXsAE9H9N?format=jpg&name=small,false,,,,,,NEGATIVE,2
10175,@usuario_02290b78,,"Mi abuela: tengo sueño, me voy a tomar algo... Me voy a tomar una linea",,false,,,,,,NEGATIVE,2
10176,@usuario_bb73385d,,Me agarro sueño pero antes me voy a tomar una linea de paralisis del sueño,,false,,,,,,NEGATIVE,2
10177,@usuario_eccccd7b,,"Compañeros proponiéndole al profe videollamada para tomar juntos y uno contesta ""TOMAR UNA LINEA?"" Oka negri esa desubicación no te la roboh",,false,,,,,,NEGATIVE,2
10178,@usuario_d6fa5af1,,"Dios tenia el mic abierto sin darme cuenta en plena clase y tire ""bueno ya me puedo tomar una linea de merca?"" haciendo referencia a que estoy harta, solo ruego q no se haya escuchado.",,false,,,,,,NEGATIVE,2
10179,@usuario_4f29faef,,"Eso no es discutible. Tiene razón, pero cuando se es un abogado de ese nivel, hay que tomar una linea, y jamás increpar públicamente a alguien que con certeza vas a terminar defendiendo.",,false,,,,,,NEGATIVE,2
10287,@usuario_f5733445,,Para mí que Juampi se fue a tomar una línea al baño..,,false,,,,,,NEGATIVE,2
10182,@usuario_100879ad,,"20 casos confirmados de covid, y hoy un chabon se puso a tomar una línea de merca en la mesa del bar como si nada. Santiago del estero, no lo entenderías",,false,,,,,,NEGATIVE,2
10183,@usuario_116f50af,,Día no se cuanto de cursada en cuarentena: el profe nos recomendó tomar una línea de merca para volar y proyectar 🙃,,false,,,,,,NEGATIVE,2
10184,@usuario_d652964b,,Ojalá pudieras tomar una línea de metro hasta mi casa. 😢,https://pbs.twimg.com/media/ElCmhBIXYAIaakx?format=jpg&name=small,false,,,,,,NEGATIVE,2
10185,@usuario_86a69853,,"""Tomar una línea de fósiles y afirmar que ello representa un linaje no es una hipótesis científica que puede ser testeada, más bien parece una aserción que válida un cuento nocturno inspirador para dormir."" (Henry Gee)",https://pbs.twimg.com/media/EnozFAzWEAAnnRC?format=jpg&name=small,false,,,,,,NEGATIVE,2
10186,@usuario_949b8ec0,,"Al tomar una línea de mastines y sacarla del ámbito ganadero, las siguientes generaciones van perdiendo las características que les capacitan para la protección del ganado y esa pérdida de facultades aumenta exponencialmente en cada nueva generación.",https://pbs.twimg.com/media/EnwKQ7sXcAASw3g?format=jpg&name=small,false,,,,,,NEGATIVE,2
10187,@usuario_b69aa601,,Desde las 11 de la mañana peleando con el código de mierda este para darme cuenta que el problema era que tenía que tomar una línea más de la que estaba tomando,https://pbs.twimg.com/media/ErJn-wkXMAELK0J?format=jpg&name=small,false,,,,,,NEGATIVE,2
10188,@usuario_6a6fabe7,,"Es una utopía lo que voy a decir porque es inaplicable, pero ni siquiera se debería tomar una línea de referencia sino una diagonal. Si yo estoy pegado a la raya del lateral, 20 cm más adelante que un central en el punto del penal, que ventaja estoy sacando???",,false,,,,,,NEGATIVE,2
10189,@usuario_81623720,,"Piense bien antes de tomar una línea con Movistar, te cobran megas de fidelidad, tengo cero cobertura en mi lugar de trabajo, te cobran de un plan inexistente, encima por que ellos no cierran planes tengo que pagar por que según ellos la empleada no ha sabido lo que le pedí.",,false,,,,,,NEGATIVE,2
10190,@usuario_9753c8e2,,Que cuatico como puede un medio tomar una linea de una conversación y descontextualiza todo. Lo peor es el poder que aún tienen ya que muchos se quedan con esa portada que les brinda el medio y no ve la entrevista entera 🤷🏻‍♀️,,false,,,,,,NEGATIVE,2
10191,@usuario_a1caec90,,Tomar una linea de merca es mas sano que laburar con cal,,false,,,,,,NEGATIVE,2
10192,@usuario_891f40ab,,Me acabo de tomar una línea que es gratis y supuestamente no contamina pero es como UN MINI BONDI y es muy tierno,,false,,,,,,NEGATIVE,2
10193,@usuario_5a2ae20d,,Como me vas a tomar una línea del tiempo en lengua forra,,false,,,,,,NEGATIVE,2
10194,@usuario_f8d45a01,,"El robo a casa habitación que terminó con la pérdida de una vida, podría tomar una línea de investigación distinta de acuerdo con las autoridades oficiales.",,false,,,,,,NEGATIVE,2
10195,@usuario_99e3e656,,A esta altura comer a esta hora se siente más dañino que tomar una línea de merca,,false,,,,,,NEGATIVE,2
10196,@usuario_79347e66,,"Claro, tomar una linea de falopa es llo mismo que fumarse un cigarro o tomar una copa de vino.",,false,@usuario_cb7fde1e,,"El consumo de drogas ILEGALES mata, por eso es que HAY QUE LEGALIZAR Y REGULAR.
Incluso la cocaína? Sí, la cocaína también, como sucede con el alcohol y el tabaco.",,true,NEGATIVE,2
10197,@usuario_52ecec5a,,Que bárbaro lo flojita que soy que me tomo un termo de mate y me tiemblan las piernas si algún día llego a tomar una línea de merca creo que la quedó ahí en el momento,,false,,,,,,NEGATIVE,2
10198,@usuario_5ddfda2e,,Hay uno en la facultad que la próxima tiene que tomar una línea menos para no ser tan violento,,false,,,,,,NEGATIVE,2
10199,@usuario_7e78ec8d,,"En un momento de su historia, el Partido Comunista llegó a tomar una línea obrerista en relación a sus dirigencias políticas públicas. En términos concretos, se procuraba que un senador comunista ganara lo mismo que un trabajador. Mala decisión, pero políticamente significativa",,false,,,,,,NEGATIVE,2
10200,@usuario_d33dbfaf,,💪💪💪Me imagino poder tomar una línea directa de Tucumán a Bariloche !,,true,,,,,,NEGATIVE,2
10201,@usuario_dddbba7d,,"Hoy regulando válvulas el profesor nos dice busquen una tiza, ente 8 nos preguntamos para que necesitábamos una tiza hasta q uno tiro, debe ser para picarla y tomar una línea cada uno 😳",,false,,,,,,NEGATIVE,2
10202,@usuario_baefa478,,El presidente entrante de Corea del Sur promete tomar una línea dura en las escaladas militares de Corea del Norte. https://,,false,,,,,,NEGATIVE,2
10203,@usuario_db094f17,,"Me da gracia cuando pretenden que no tome tanta coca cola por mis riñones porque no saben que yo tomo el agua de la canilla que es más dañina que tomar una linea de merca. Si creían que el agua es líquida es porque nunca vinieron a la plata, realmente se puede sentir la densidad",,false,,,,,,NEGATIVE,2
10204,@usuario_670a94ee,,"“Uno tiene que tomar una línea algo audaz y peligrosa con esta existencia: especialmente porque, pase lo que pase, estamos destinados a perderla”.

 Nietzsche",,false,,,,,,NEGATIVE,2
10205,@usuario_7b7b71f1,,"No me voy a tomar una línea de merca, me voy a tomar una línea de café cuando me despierte imposible tanto sueño🤣",,false,,,,,,NEGATIVE,2
10206,@usuario_6b57cc33,,"A veces tengo que tomar una línea del bus el cual mi parada es la última y encima debo caminar en una zona media desolada. Me quedo sola en el bus, con el conductor, y me entra la ansiedad. Camino sola y continúa.

El miedo interiorizado, por costumbre, es una joda.",,false,,,,,,NEGATIVE,2
10207,@usuario_de4605cd,,2022 y sigue habiendo gente que sube que se va a fumar un porro o tomar una linea que gente pelotuda!,,false,,,,,,NEGATIVE,2
10208,@usuario_19f18add,,"Nunca me voy a olvidar del q le entregaron la merca en medio de la cita, se fue al baño a tomar una línea y después en el auto me ofreció como quien ofrece un pañuelo",,false,@usuario_32841763,,el primer beso y la primera persona k ves metiendose una raya son dos cosas k no se olvidan nunca,,false,NEGATIVE,2
10209,@usuario_5a2d721a,,Quiero hacer una serie fotográfica que se llama “materializando lyrics de Lana del Rey” tipo tomar una línea como “blue ribbons on ice” y crear el concepto en base a eso boluda re top,,false,,,,,,NEGATIVE,2
10210,@usuario_d8457072,,"Que porfiada, no estamos hablando de ti! Hace rato que estoy hablando de la gente. Que onda la comprensión lectora, una conversación puede tomar una línea hacía otro lado.",,false,,,,,,NEGATIVE,2
10211,@usuario_cf9d70f9,,Ayer diciendo que “que bueno que nos ha ido bien en el viaje”; hoy a punto de perder el vuelo por tomar una línea del tren que no era 😑,,false,,,,,,NEGATIVE,2
10212,@usuario_c7f47daa,,"Para tomar una línea: respire aquí 
Para cancelarla: traiga una flor azul del Himalaya, con la gota de sudor de una Virgen de pelo rosado, que hablé latin desde el parto",,false,,,,,,NEGATIVE,2
10213,@usuario_f8213022,,"Soñé q le hacía tomar una línea a Macri y se me moría ,el sueño más tranki🤣",,false,,,,,,NEGATIVE,2
10214,@usuario_2600d0fb,,para mí la gente que va seguido al baño se va a tomar una línea al baño sino no entiendo que hacen,,false,@usuario_16b83411,,una amistad de verdad luce así:,https://pbs.twimg.com/media/FmThzq8XkAUGVWC?format=jpg&name=small,false,NEGATIVE,2
10215,@usuario_7b382f33,,Pero venia re bien Chano. Quien iba a pensar que se iba a tomar una línea del tamaño de la matanza.,,false,@usuario_9011a9a1,,Feliz día a los amigos de la angustia existencial también,,false,NEGATIVE,2
10216,@usuario_5bcc3bf5,,"Si no hay tiempo para debatir idioteces ,nuestro país está en un hoyo, del cual ,a futuro estaremos en las mismas situación es de tomar ,una línea de resarcir los daños colaterales de todo este pasado incluyendo esta puta pesadilla de este dictador de pacotilla.",,false,,,,,,NEGATIVE,2
10217,@usuario_ea50c73a,,una compañera se acaba tomar una línea de merca en el recreo,https://pbs.twimg.com/media/FqyMsPXaIAQd0Nt?format=jpg&name=900x900,false,,,,,,NEGATIVE,2
10218,@usuario_5de43f6d,,"Pésimo, deben enseñar Educación Cívica para que tengan base al momento de tomar una línea política como es después de los 18 años",,false,@usuario_ccc6fd0e,,"🚨 Congreso aprobó por insistencia PL fujimorista para enseñar Historia del Terrorismo en colegios

Como informó La República, la pretensión de incluir la narrativa oficialista sobre la guerra interna en las aulas se remonta al 2017.",,false,NEGATIVE,2
10219,@usuario_90687ac3,,"Ante la negativa de las autoridades a hacer públicos los crímenes, Lüdtke se ve obligado a tomar una línea de acción más discreta y con métodos inusuales.

Los agentes de la Kripo patrullan la línea de tren de Karlshorst vestidos de paisano.",https://pbs.twimg.com/media/FvvoZPwacAAJtcb?format=jpg&name=small,true,,,,,,NEGATIVE,2
10220,@usuario_cd502970,,En Paris le pregunté a un muchacho que donde podía tomar una línea del metro y me llevó literalmente a la puerta del bus ayudándome a cargar la maleta como dos pisos. Me acompañó y cuando me subí al bus se fue. Soy esta,https://pbs.twimg.com/media/Fw03at_XgAUWhGZ?format=jpg&name=small,false,,,,,,NEGATIVE,2
10221,@usuario_edc2f65b,,"Ayer iba a tomar una línea del metro y me perdí , llegué tarde y no logré agarrarla. Luego anunciaron que había ocurrido un accidente en esa línea 🙃",,false,,,,,,NEGATIVE,2
10222,@usuario_acadadab,,"Desde que entré en el mundo de la estética, me pasan cosas demasiado bizarras como que depilando a uno, se ponga en 4 para tiro de cola o como qué haciendo unas uñas, la tipa me pregunté si se puede tomar una línea.",,false,,,,,,NEGATIVE,2
10223,@usuario_fb0e9b9b,,Odio tener que tomar una línea de colectivos que tiene muchos ramales porque con esas letras chiquitas no veo una poronga,,false,,,,,,NEGATIVE,2
10224,@usuario_d8c0c3cd,,Se me nota lo campesino cuando tengo que tomar una línea de subte y pregunto cual es el anden correcto para el sentido al que quiero ir.,,false,,,,,,NEGATIVE,2
10225,@usuario_bfbc8860,,"Revisemos los números fríos, para tomar una línea base.",,false,@usuario_f9d65dc8,,20 años de indicadores de desarrollo en Guatemala en formato vídeo.,,true,NEGATIVE,2
10226,@usuario_0eaad3fb,,creo que mi uber se acaba de tomar una línea de merca AL LADO MÍO 😐,,false,,,,,,NEGATIVE,2
10227,@usuario_83123c6f,,"Ya van dos personas mayores aquí en Seúl que me preguntan por dónde tomar una línea del metro 😭 no se dejen engañar por mi cara de estar segura de donde estoy, llevo 30 años usándola y nunca sé qué pedo con nada",,false,,,,,,NEGATIVE,2
10228,@usuario_a8fa28a9,,por favor q le pregunte si se va a tomar una linea o no,,false,,,,,,NEGATIVE,2
10229,@usuario_15186b65,,dime que no acabas de tomar una línea de mi canción favorita de mi artista favorita para declararle tu amor a otro,,false,,,,,,NEGATIVE,2
10230,@usuario_3fcba107,,"“A los legisladores les pido que piensen en los empleados públicos”

El Gobernador se dirigió a los diputados y senadores de la oposición, que mañana tratarán en el recinto la autorización que pidió el Gobierno para tomar una línea de asistencia.  https://",https://pbs.twimg.com/media/GEDt7yoXIAA0w7a?format=jpg&name=small,false,,,,,,NEGATIVE,2
10231,@usuario_2ef75c50,,"El problema de tomar una línea de centro con este tipo opiones irreales que están dando y que tenemos derecho a refutar, es que no te permite ser justo. 

Porque definitivamente la situación no debería basarse en nosotros, pero lo hace porque la gente no sabe abordar las cosas.",,false,,,,,,NEGATIVE,2
10232,@usuario_a424a3c4,,"me sorprende igual lo boludos que son los haters como para tomar una línea de una canción y hacerse los inteligentes en twt sin entender el contexto, realmente ni una de sus neuronas hace sinapsis",,false,,,,,,NEGATIVE,2
10233,@usuario_6a7ad13f,,uno que me compró me pregunto si se puede tomar una línea sobre una foto de mi ogt JAJAJAJAJA amamos la educación,,false,,,,,,NEGATIVE,2
10234,@usuario_37abd34f,,Por tomar una línea de coco se cree el manda más jajajaja 🤣🤣,,false,,,,,,NEGATIVE,2
10235,@usuario_56729189,,es increíble como cuando no queres tomar una línea de micro HAY TANTOS DE ESA LÍNEA ahhh pero cuando queres no aparecen hasta la hora siguiente,,false,,,,,,NEGATIVE,2
10236,@usuario_6ab4caf1,,"Todas las mañanas me cruzo al mismo chabon en el bondi y todas las mañanas va tomando una lata de Monster. Hermano, es más sano despertarse y tomar una línea de merca",,false,,,,,,NEGATIVE,2
10237,@usuario_bed1a269,,He decidido tomar una línea editorial en dónde ya no me sobre expongo en otras redes y vuelvo a ser un chico twittero de pura sepa. Prepárense que se viene la merma del cringe,,false,,,,,,NEGATIVE,2
10238,@usuario_ebb4e261,,Debió tomar una línea de colectivo que no debía,https://pbs.twimg.com/media/GWZ18eRXoAAH5LA?format=jpg&name=small,true,,,,,,NEGATIVE,2
10239,@usuario_b22a88cc,,Al pibe le das de tomar una linea de merca y no te duerme una semana capaz jajajajaja,,false,,,,,,NEGATIVE,2
10240,@usuario_e0f4ca97,,Las lineas en el aeropuerto son devastadoras. Aqui hay que hacer linea para empezar a tomar una linea.,,false,,,,,,NEGATIVE,2
10241,@usuario_55e19188,,Existe algún atajo al tomar una línea recta?,,false,,,,,,NEGATIVE,2
10242,@usuario_3da09499,,"Bueno no 100% comprobado porque se necesitaría tomar una linea base,aplicar la variable y volver a medir si tiene algun efecto.",,false,,,,,,NEGATIVE,2
10243,@usuario_ea32f387,,Y de pronto puedo tomar una linea de cada canción para dedicartela!!,,false,,,,,,NEGATIVE,2
10244,@usuario_e9b4aba3,,Bredice se fue a tomar una linea de merca y ahora vuelve..,,false,,,,,,NEGATIVE,2
10245,@usuario_3a70be54,,"Este año esta siendo duro, esperemos que todo vuelva a tomar una linea mas facil de afrontar, la crisis esta haciendo mella por donde miras",,false,,,,,,NEGATIVE,2
10246,@usuario_31773b03,,ya me extrañaba a mi... esto de saltarse los dias era raro... pero todos los equipos estaban empezando a tomar una linea parecida,,false,,,,,,NEGATIVE,2
10247,@usuario_0c3aa319,,"Quiero que Fantino me explique la diferencia entre ""tomar una línea de merca"" e ""inhalar cocaína"".",,false,,,,,,NEGATIVE,2
10248,@usuario_bc06490a,,tengo tanta mala suerte q cuando empiezo a tomar una linea de colectivo q me dajaba frente a casa cambia de recorrido...,,false,,,,,,NEGATIVE,2
10249,@usuario_916bf051,,"Solo a mi se me ocurre aventurarme a tomar una linea que no conozco en esta lluvia, tener que bajar, caminar en la lluvia y tomar taxi…",,false,,,,,,NEGATIVE,2
10250,@usuario_b68ea1ea,,"Xq sera?:... Xq sera q cuando kieres tomar una linea de bus y estas apurado nunca aparece, pero cuando no la necesitas, pasa a cada momento?",,false,,,,,,NEGATIVE,2
10251,@usuario_f6077718,,Quiero tomar una linea de bus que me lleve a ninguna parte,,false,,,,,,NEGATIVE,2
10252,@usuario_23b30836,,Se enojo fantino! ja y se fue a tomar una linea,,false,,,,,,NEGATIVE,2
10253,@usuario_940b7e12,,En este país cuando hay que tomar una línea móvil lo único que queda es escoger cuál será la que te timará.,,false,,,,,,NEGATIVE,2
10254,@usuario_009bfff0,,"Odio a la gente q cree q por fumarse, tomar una linea o enpastillarse se la sabe toda!!",,false,,,,,,NEGATIVE,2
10255,@usuario_38e2040c,,"A mi no me pusieron un fierro en la cabeza y me hicieron fumar un porro, o tomar una linea de merca, el que lo hace lo hace porque QUIERE",,false,,,,,,NEGATIVE,2
10256,@usuario_27e142df,,"Viatri: ""Yo tenía un amigo que por ahí se estaba armando un faso o se estaba por tomar una línea adelante mío, pero yo jamás toqué nada.""",,false,,,,,,NEGATIVE,2
10257,@usuario_747fc5fe,,Me voy a tomar una linea de tiempo.,,false,,,,,,NEGATIVE,2
10258,@usuario_f67ffebc,,"""Gracias señora presidenta. En 1er lugar quiero pedirle permiso para tomar una línea de merca, porque estoy cabeceando a más no poder""",,false,,,,,,NEGATIVE,2
10259,@usuario_a8286b14,,"LG: ""No moriré de tomar una linea de la cabeza de alguien o beber un estúpido trago. Moriré de vivir y respirar y estar en una banda""",,false,,,,,,NEGATIVE,2
10260,@usuario_78573080,,"Tomar una línea de colectivos que nunca usaste, mezcla de emoción y marginalidad.",,false,,,,,,NEGATIVE,2
10261,@usuario_c8c926d7,,Me voy a tomar una linea de destapa caños haber si asi se me destapa el nazo =P,,false,,,,,,NEGATIVE,2
10262,@usuario_17174d57,,"El ariel me invito a tomar una linea 
Se sintio morir cuando le dije no , Jaja",,false,,,,,,NEGATIVE,2
10263,@usuario_de6455f4,,"Me acuerdo cuando vinieron wisin y yandel y me invitaron a tomar una linea en su camarin, ah ni mentiroso era",,false,,,,,,NEGATIVE,2
10264,@usuario_beed9714,,"Ya fue, me voy a tomar una línea *se sube al subte*",,false,,,,,,NEGATIVE,2
10265,@usuario_503b09d6,,La profesora dice que hay que tomar una linea jajajajaja re loca,,false,,,,,,NEGATIVE,2
10266,@usuario_919a26a0,,"@usuario_be5330d2 Te dice ""vamos a tomar una linea"" se toma dos, la de el y la del otro jajaja",,false,,,,,,NEGATIVE,2
10267,@usuario_a6dbb9d0,,Si no consigo ESE me voy a tomar una linea del polvo que hay en el escritorio JAJAJA,,false,,,,,,NEGATIVE,2
10268,@usuario_36d91fb6,,"- ""vamos a tomar una linea de jugo"" . - ""No que despues vas a tener mocos naranjas"" JAJAJJAAJJAJAJA  son unos idiotas",,false,,,,,,NEGATIVE,2
10269,@usuario_50381bd4,,"Mi vieja me dice ""ay vas a tomar una cerveza un dia de semana?"" paaaaaaara, no me voy a tomar una linea de merca arriba de la mesa pelotuda",,false,,,,,,NEGATIVE,2
10270,@usuario_d465c1d4,,A casi 3 meses de estar escuchando We Cant Stop me di cuenta que una parte dice 'tratando de tomar una línea en el baño' PARÁ MILEY!,,false,,,,,,NEGATIVE,2
10271,@usuario_2a9ef53a,,Me voy a tomar una linea de tafirol me duele la cabeza ah,,false,,,,,,NEGATIVE,2
10272,@usuario_c3ee8cff,,"""No es posible tomar una línea política y asumir(la) como solución absoluta para el universo de individualidades... http://",,false,,,,,,NEGATIVE,2
10273,@usuario_6a0c8e71,,"Salir en el auto y tomar una linea recta, solo para encontrar el punto de equilibrio...",,false,,,,,,NEGATIVE,2
10274,@usuario_b06d84ff,,"Hoy la directora dijo textualmente ""... bueno chicos, decidanse porque yo tengo que tomar una línea"", hasta Nora es alta falopera",,false,,,,,,NEGATIVE,2
10275,@usuario_7932088a,,Que zombie que estoy!! Para despertarme me voy a tomar una linea... Linea General Roca hasta Avellaneda #AyQueJodona #GudMornin,,false,,,,,,NEGATIVE,2
10276,@usuario_c8cac490,,Cin axel nos vamos a tomar una linea de chocolate :3 oh somos re drogones jajajaj,,false,,,,,,NEGATIVE,2
10277,@usuario_1f2cb46e,,"me acuerdo que terwal dice ""Vamos a tomar una linea al baño"" JAJAJAJAJAJA :')",,false,,,,,,NEGATIVE,2
10278,@usuario_e99f2bb5,,Me voy a tomar una línea de café así no me duermo,,false,,,,,,NEGATIVE,2
10279,@usuario_fe506e1a,,Le hicieron tomar una línea de sal jajajajajajaja lpm,,false,,,,,,NEGATIVE,2
10280,@usuario_d279153b,,... Y es que ni la defensa ha ayudado a Lester. Ahora Napoli no puede tomar una línea de frente.,,false,,,,,,NEGATIVE,2
10281,@usuario_af6bc770,,Me llegan a tomar una linea de tiempo y me cogen,,false,,,,,,NEGATIVE,2
10282,@usuario_b6c6918f,,La de historia nos va a tomar una linea del tiempo que no existe y nunca existió en mi carpeta ni cuadernillo .,,false,,,,,,NEGATIVE,2
10283,@usuario_6ff7f63c,,"Ministro d Ucrania dice en conferencia en Tokio: ""El mundo tiene q tomar una línea más dura contra Rusia después d su anexión de Crimea""",,false,,,,,,NEGATIVE,2
10284,@usuario_6cc82d6a,,pensé que se había ido a tomar una linea,,false,,,,,,NEGATIVE,2
10285,@usuario_d8ec103b,,Rito lo invita a tomar una linea de merca al pibe,,false,,,,,,NEGATIVE,2
10286,@usuario_2877f81c,,pobre el q no conozca el metro y se quiera guiar x los mapas nuevos. Se va a bajar en alguna estación esperando tomar una línea inexistente,,false,,,,,,NEGATIVE,2
10288,@usuario_c006c5f9,,@usuario_1933d329 de tomar una linea paralela asociada a la electrónica que permitía hacer simples y elegantes discos.,,false,,,,,,NEGATIVE,2
10289,@usuario_bbc582e5,,la otra ves  papa fue a la almacen y agarre sal y tipo arme una linea y cuando entro le dije vamo a tomar una linea jajajaja y casi me pega,,false,,,,,,NEGATIVE,2
10290,@usuario_1edd628c,,A veces tenemos  que tomar  una linea  entre las diversas vertientes,,false,,,,,,NEGATIVE,2
10291,@usuario_498a37fb,,"Que grande mi FC Barcelona, eso si, el gol de Neymar es una bestialidad!!!!! que este partido sirva para tomar una linea!",,false,,,,,,NEGATIVE,2
10292,@usuario_01f981b7,,a tomar una línea fuerte y consistente contra estos crímenes. Esta es la manera de proteger los intereses del consumidor Dominicano,,false,,,,,,NEGATIVE,2
10293,@usuario_f9fdba4e,,Me quiero tomar una línea de mousse de chocolate.,,false,,,,,,NEGATIVE,2
10294,@usuario_88137cfc,,Bueno a tomar una línea de #Nesquik y a seguir eatudiando. Dale viernes querido #AlFinLLegaste,,false,,,,,,NEGATIVE,2
10295,@usuario_fa384552,,Está comprobado que todo puede tomar una línea descendente mayor a la prevista!,,false,,,,,,NEGATIVE,2
10296,@usuario_02465c71,,Y aquí estoy tirada en un aeropuerto esperando que baje el tráfico para tomar una línea de transporte público... pasa cuando sucede.,,false,,,,,,NEGATIVE,2
10297,@usuario_cfcc9c93,,"Mi cuñado dice ""nose que me pasa casi no puedo ni hablar, llegó a tomar una línea de merca y me muero"" JAJAJ",,false,,,,,,NEGATIVE,2
10298,@usuario_c330b33c,,Mas triste que Voldemort intentando tomar una línea de merca.,,false,,,,,,NEGATIVE,2
10299,@usuario_eb179f15,,"Tomar sol quema la misma cantidad de neuronas que tomar una linea de merca, todos los días se aprende algo nuevo.",,false,,,,,,NEGATIVE,2
10300,@usuario_dace5e89,,"Viendo lo de Cataluña, creo que Diario de Cordovilla debería tomar una línea editorial más furibunda. Ilegalización del Parlament, ya!!!",,false,,,,,,NEGATIVE,2
10301,@usuario_70bd77b8,,Entra una mina  al kiosko  y me dice me das un poxirran se lo doy y me dice ahora nos vamos a tomar una línea...,,false,,,,,,NEGATIVE,2
10302,@usuario_1b7974f3,,Mis compañeros salieron a tomar una linea de merca y yo estaba comiendo una tortita atte EL CUYANITO,,false,,,,,,NEGATIVE,2
10303,@usuario_35464d68,,Quiere tomar una linea dice ajajjaja para la calor,,false,,,,,,NEGATIVE,2
10304,@usuario_1a3dec62,,Para mi que Facu se conecta todos los días a la noche y como el Twitter esta re aburrido se va a tomar una linea y vuelve. bue fleasheo mil,,false,,,,,,NEGATIVE,2
10305,@usuario_fb3d62b9,,"Ayer fume con mi papa, falta que me vean tomar una linea de merca y cambio mi sexualidad",,false,,,,,,NEGATIVE,2
10306,@usuario_a7652ade,,los borrachines del barrio están en la pared de la casa de la abuela y se escucha  'vamo a tomar una línea' son unos hdp 😂😂😂,,false,,,,,,NEGATIVE,2
10307,@usuario_b2dedbcb,,"Si el falopa se quiere tomar una línea de merca, se la va a tomar.. Que cierren los boliches no le va a impedir nada. Que juez boludo",,false,,,,,,NEGATIVE,2
10308,@usuario_dbe7d7c7,,"Me tendría que tomar una línea de purpurina, como para concluir esta semana de mierda.",,false,,,,,,NEGATIVE,2
10309,@usuario_63cbabd6,,"""Pero cuando es así, no tenes que fumar mucho, te tenes que tomar una línea"" Mi amiga, toda una psicóloga.",,false,,,,,,NEGATIVE,2
10310,@usuario_dfe10e53,,El chacho antes de salir a la cancha se debe tomar una línea larga como la camilla  del vestuario,,false,,,,,,NEGATIVE,2
10311,@usuario_3a8e3d33,,Que estres tener que tomar una linea de colectivo por primera vez!!!! No sabes donde puta subir ni donde puta bajar.,,false,,,,,,NEGATIVE,2
10312,@usuario_082d8fee,,Yo mantendré una postura neutral ya que siendo allegada a ambos (Angelina y Brad Pitt) no puedo tomar una línea. Les deseo lo mejor a los 2.,,false,,,,,,NEGATIVE,2
10313,@usuario_e5e772ae,,Estoy cagada de sueño me voy a tener que tomar una linea de café o algo,,false,,,,,,NEGATIVE,2
10314,@usuario_f0205889,,"La profesora se debe tomar una línea antes de venir, sino no se explica jajajaja",,false,,,,,,NEGATIVE,2
10315,@usuario_5a16dd55,,"*este se debe tomar una linea antes de ir, esta re pila* mi mamá jajajaja",,false,,,,,,NEGATIVE,2
10316,@usuario_3de546c3,,Me tengo que tomar una linea que sea de ganas de estudiar porque estamos complicados,,false,,,,,,NEGATIVE,2
10317,@usuario_e40692be,,Me voy a tomar una linea pura de carbohidratos,,false,,,,,,NEGATIVE,2
10318,@usuario_6f965ae5,,"Si van a tomar una linea de crédito para su pyme o hipotecario hágalo ya, todavía se pueden alcanzar tasas bajas. (Del 2016) 👈",,false,,,,,,NEGATIVE,2
10319,@usuario_2f28f0c2,,Duro lo de Aleix. Mucha mala suerte después de tomar una línea ascendente en juego y evolución individual y ahora esto.,,false,,,,,,NEGATIVE,2
10320,@usuario_feffd94d,,"Una vez iba rascandom en el boliche, un pibe me paró y me invitó p tomar una linea, le dije q yo no y dice ""callat q tenés cara de merquera""",,false,,,,,,NEGATIVE,2
10321,@usuario_1288c3ba,,"Hace un dia que no duermo y tengo que pegarle hasta la noche y como merca no tomo, me acabo de tomar una linea de cafe.",,false,,,,,,NEGATIVE,2
10322,@usuario_6cbddd61,,Pero tenes que tener ganas de drogarte pa tomar una linea en el medio de la calle no? Que vergüenza,,false,,,,,,NEGATIVE,2
10323,@usuario_8d50ec99,,Creo que me voy a tomar una linea de cafe para no dormirme,,false,,,,,,NEGATIVE,2
10324,@usuario_fc8338a5,,Mi duda es simple. ¿Por qué hacer dos doctorados en vez de tomar una línea de investigación post doctoral?,,false,,,,,,NEGATIVE,2
10325,@usuario_1c8ef15a,,"El de filosofia se debe tomar una linea antes de venir, es fija",,false,,,,,,NEGATIVE,2
10326,@usuario_c25cde23,,"Hoy soñé con un pibe, y casualmente tuve que tomar una línea de subte que no tomo nunca y me lo crucé. MIEDO.",,false,,,,,,NEGATIVE,2
10327,@usuario_d5fc81e2,,Soñe que el patova hacia tomar una linea de merca a todos los que entraban al boliche,,false,,,,,,NEGATIVE,2
10328,@usuario_dca5fa22,,Tomé el primer mate y fue como tomar una línea,,false,,,,,,NEGATIVE,2
10329,@usuario_59e6e45a,,“La necesidad de tomar una línea dura con China es una de laspocas áreas de consenso bipartidista en Washington en estos días.” http://s/por-que-el-conflicto-de-trump-con-china-es-de-alto-riesgo…,,false,,,,,,NEGATIVE,2
10330,@usuario_77fe569f,,NUNCA! NUNCA vayan a tomar una línea móvil con @usuario_a7b556ac ES LA PEOR DECISIÓN QUE PUEDAN TOMAR!,,false,,,,,,NEGATIVE,2
10331,@usuario_d4e15f0f,,"Tan turbio era el bar al que fui anoche, que si querias ir al baño te obligaban a tomar una linea",,false,,,,,,NEGATIVE,2
10332,@usuario_74c18e9e,,"Cuando un tipo drogado sale a la calle, es un potencial peligro para terceros, en todo ámbito. ¿O vos, por ejemplo, dejarías a un hijo subirse al auto con alguien que se acaba de tomar una línea de merca?",,false,,,,,,NEGATIVE,2
10333,@usuario_4f7135fb,,"Después de tomar una línea de metro alterna porque están en obra, hacer conexión con otra línea, tomar el ‘free shuttle’ porque igual está en mantenimiento y volver a pagar mi entrada al metro, ya estoy feliz en mi cama de hotel bien muerto! Nites!",,false,,,,,,NEGATIVE,2
10334,@usuario_49ad6a2a,,"Hola a todos. A pedido de una compañía suiza, estamos buscando empresas distribuidoras de fragancias en Argentina interesadas en tomar una línea de productos ya presente en Brasil y México.",,false,,,,,,NEGATIVE,2
10335,@usuario_1fb4048f,,Ese hombre se debe tomar una línea todos los días sino no se explica,,false,,,,,,NEGATIVE,2
10336,@usuario_bdbd7b48,,Paró un tachero con la luz del auto prendida en el semáforo y pensé que Se iba a tomar una línea jajajaja que mal pensada,,false,,,,,,NEGATIVE,2
10337,@usuario_8ae7f1f1,,"Un señor me dijo en nova:
-capo donde para pegar unos tiki 
Le pregunte
-como ?
Me dijo
-para tomar una línea 
Jajajaja wtf no sabía que se le decía así",,false,,,,,,NEGATIVE,2
10338,@usuario_6b50b3f7,,"Yo me deje de tomar una línea de colectivo por miedo de cruzarme a un chófer por un comentario que me hizo. Pero tampoco me animo a denunciar ni nada, porque no se como puede reaccionar .",,false,,,,,,NEGATIVE,2
10339,@usuario_e64213ce,,"Me quise hacer la ""independiente"" y le dije a mi papá que me volvia en colectivo segun yo tengo que tomar una linea que va hasta el centro y de ahi me tengo que tomar otro hasta mi casa... espero llegar a mi viva",,false,,,,,,NEGATIVE,2
10340,@usuario_f71b5c3e,,"Tuve un sueño rarísimo,estaba en la  entrada de un boliche, era un juego que tenía que encontrar la salida del boliche. Entraba y me tenía que tomar una línea de merca,más adelante LSD y cada tanto alcohol. Era muy psicodélico ambientado,encontré la salida y no sabía donde estaba",,false,,,,,,NEGATIVE,2
10341,@usuario_51e79d1a,,"La verdad es que si estaría bueno que definas un poco tomar una línea... Por que la verdad cualquiera que te quiera seguir en tus trabajos,¿para donde corre? Eso es definirse. Bah,una forma. Tómalo como ¿constructivo? .  Abrazo para vos. Saludos desde Baires .✌✌✌✌",,false,,,,,,NEGATIVE,2
10342,@usuario_6461bfd8,,"todo piola con q te drogues, lo subas a tus historias o lo carteles por todos lados, pero fumarte un porro o tomar una linea pq en tu círculo social lo hacen???",,false,,,,,,NEGATIVE,2
10343,@usuario_6d01676f,,"Políticamente no es lo mismo salir a reventar el oro de las reservas que tomar una línea de crédito garantizada, emho",,true,,,,,,NEGATIVE,2
10344,@usuario_d8e98916,,Pero tony ya te dije que tratar de tomar una linea de cocaina igual de larga que la 9 de julio no es una meta,,true,,,,,,NEGATIVE,2
10370,@usuario_11ebba71,,O cuando me están obligando a tomar una línea terminal que no quiero.,,true,,,,,,NEGATIVE,2
10345,@usuario_eb4d3e37,,"Optamos por la comodidad de tomar una línea de pensamiento y ya no profundizamos en nada. Lo que encaje es verdad, lo que no es falso. Para qué quiero saber más.

Es mi línea y yo hago con ella lo que quiero.",,false,,,,,,NEGATIVE,2
10346,@usuario_ee81e060,,"Uno que era vecino mío se mudó y ahora con la esposa duermen en distintos cuartos, la explicación? ""Quiero tomar una línea tranquilo"" jajajajajajajajaj Walter no nos cuentes tu vida",,false,,,,,,NEGATIVE,2
10347,@usuario_f16e2826,,Me voy a tomar una línea de café entera,,false,,,,,,NEGATIVE,2
10348,@usuario_d82611eb,,"La oposicion mas que tomar una linea golpista,ha sido profundamente globalista.",,true,,,,,,NEGATIVE,2
10349,@usuario_9ae28d05,,"A todas mis amigas les mostré la foto del que me gusta, todas me dijieron Florencia te va a robar , ese se da con todo , pero Macarena se llevó el premio diciéndome que iba a tomar una línea de merca de mis tetas 😂 JAJAJAJAJA las amo loco",,false,,,,,,NEGATIVE,2
10350,@usuario_893e861b,,Estoy en la guardia por hisoparme y se escucha que un médico se estalla fuerte del meme de tomar una línea en clase. Me alegró el día.,,false,,,,,,NEGATIVE,2
10351,@usuario_076cc81f,,"no hacer las lecturas, abrir el documento, tomar una línea random y tratar de explicarla en clase cuando me piden mi opinion ES OTRO LEVEL DE ADRENALINA",,false,,,,,,NEGATIVE,2
10352,@usuario_2e9516e6,,Me aventuré a tomar una línea desconocida de colectivo. Wish me luck ~,,false,,,,,,NEGATIVE,2
10353,@usuario_19f18add,,"Me acabo de acordar de q yo salí un par de veces con uno q me dijo varias veces q estaba pésimo q fume. Después se encontró con uno q le vendió merca y fue al baño del bar a tomar una línea. Menos mal q lo encontré a Matías, sino iba a seguir conociendo gente así de rancia.",,false,,,,,,NEGATIVE,2
10354,@usuario_820c8caf,,"Si el metropolitano tiene líneas expreso que pasan con la frecuencia suficiente como para llegar al destino sea igual a tomar una línea normal, entonces el metropolitano no tiene expresos.",,false,,,,,,NEGATIVE,2
10355,@usuario_084268a2,,"""Uno tiene que tomar una línea algo audaz y peligrosa con esta existencia: especialmente porque, pase lo que pase, estamos destinados a perderla.""Friedrich Nietzsche",,false,,,,,,NEGATIVE,2
10356,@usuario_9ec1a862,,Uno se acaba de tomar una línea atrás mío en el bondi y adivinen son gastronómicos,,false,,,,,,NEGATIVE,2
10357,@usuario_8fb094b9,,La verdad que trabajar todo el día si o si tenés que tomar una línea de Cole 169 ex 175 sin aire todo sucio oloroso y además con una música pedorra es un castigo desastre,,false,,,,,,NEGATIVE,2
10358,@usuario_7dfd6c07,,"Cuando terminé con mi ex de 2018 duré 2 años sin pasar por calles específicas y tomar una línea de tren que siempre tomábamos, pasar por ahí me generaba escalofríos en todo el cuerpo por los recuerdos https:///romerohenryy/status/1644861835114340353…",,false,,,,,,NEGATIVE,2
10359,@usuario_829fbcd9,,"No es lo mismo tomar una línea de colectivo, a que un colectivero se tome una línea",,false,@usuario_ebd98b59,,Un colectivo de la línea 39 chocó frente al Alto Palermo: el chofer se quedó dormido y dio positivo de cocaína. 📲 Más información en http://clar.in/3KKJstmhttp://,https://pbs.twimg.com/media/FtS5zJPWIAAvTUL?format=jpg&name=small,false,NEGATIVE,2
10360,@usuario_615f481e,,@usuario_e37f5151 exactamente. Los padres deben recibir todos los consejos y luego decidir q accion tomar. Una linea muy delgada.,,true,,,,,,NEGATIVE,2
10361,@usuario_c1577145,,"@usuario_4b56f0f6 Como en toda compañia, las entradas de caja no son uniformes. Dependiendo la situación tu puedes tomar una línea de credito",,true,,,,,,NEGATIVE,2
10362,@usuario_f9ba5baf,,@usuario_148754c9 en un momento como este. Nuestro core business son los estudiantes y hemos decidido tomar una línea editorial contundente.,,true,,,,,,NEGATIVE,2
10363,@usuario_6bd5c568,,@usuario_80a56026 para tomar una linea de decisión mas fructífera enfocado sobre el conocimiento con la visión revolucionaria,,true,,,,,,NEGATIVE,2
10364,@usuario_5b1a3d73,,@usuario_d4d5e282 es que en eso nos tenemos que fijar. Debemos tomar una línea e idea de trabajo y llevarla a cabo.,,true,,,,,,NEGATIVE,2
10365,@usuario_48070502,,"@usuario_6ac38557 Hola, cuéntanos si deseas realizar portabilidad numérica o deseas tomar una línea nueva con nuestra compañía. Estamos atentos.",,true,,,,,,NEGATIVE,2
10366,@usuario_836c3fbf,,"Buenas. Hace 3 años voy a ciudad universitaria, mi hermano hace 4 años. Jamas pudimos tomar una linea que nos deje @usuario_8e36bac0 @usuario_717ce05e",,true,,,,,,NEGATIVE,2
10367,@usuario_bc043fe4,,@usuario_f2ee24bd @usuario_c563670c ¿cuando van a tomar una linea que sea nacionalista no estrastoferica? Quitense las anteojeras y vean el mundo o a Cuba,,true,,,,,,NEGATIVE,2
10368,@usuario_53e54f37,,Gracias. Al final tuve que tomar una línea alternativa porque había demasiada gente en el andén de Alonso Martínez. Un saludo,,true,,,,,,NEGATIVE,2
10369,@usuario_7d30e76c,,Lo que deberías comprender es que si tienes un grupo de estudio (así pareces) deberías tomar una línea neutral. Aunque estas en todo tu derecho de opinar.,,true,,,,,,NEGATIVE,2
10371,@usuario_7db76e62,,"las opiniones reflejan la falta de compás, de orientación hacia resultado específico, en todo el espectro de la ciudadanía. Más grave aún, la falta de analizar y tomar una línea coherente, ceder, construir...",,true,,,,,,NEGATIVE,2
10372,@usuario_7618480c,,"Sí, de acuerdo. El problema nuclear radica en que cuando su discurso va de un lado a otro no hace más que convertir su narrativa en ""vaga"" ejerciendo, de esta manera, un perfil bajo. Está pasando por la fase atrapalotodo sin tomar una línea como referencia.",,true,,,,,,NEGATIVE,2
10373,@usuario_87f6bf86,,"No estoy para nada de acuerdo con tu candidato pero estoy de acuerdo con expresar tu punto de vista, les guste o no es tu derecho y obligación tomar una línea y tu decisión si así lo decides comentarlo.",,true,,,,,,NEGATIVE,2
10374,@usuario_fdf5bbf9,,Y quizá sea eso lo valorable de su decisión. Tomar una línea sin cálculo egocéntrico,,true,,,,,,NEGATIVE,2
10375,@usuario_29fa2109,,Hoy en día es casi obligación tomar una línea de teléfono fijo para optar por un servicio de cable o internet. El consumidor debería de tener la opción de contratar un sólo servicio si lo desea y no estar amarrado a la suscripcion de otro servicio que no quiere.,,true,,,,,,NEGATIVE,2
10376,@usuario_2879cfd3,,A ver. Son políticos. Ya llevan patente de asquerosos como cualquiera. Te podrás vestir de Armani o de Pampero. Podrás comerte un moco o tomar una línea de merca. Pero son políticos. Asquerosos por vocación.,,true,,,,,,NEGATIVE,2
10377,@usuario_a0ce42ce,,"Ah, te fuiste en la literal.
Tú estás llamando por un medio publico y masivo a no tomar una linea política determinada y sin ofrecer alternativas. Ese discurso, le ha significado al pueblo demasiados muertos, sufrimientos y miserias, ¿eso no te dice nada?",,true,,,,,,NEGATIVE,2
10378,@usuario_17651f68,,"Pregunto al chófer si me dejaba en tal lado, me dijo que si le digo gracias y me siento. Al ratito me mira por su espejo y me dice tenes que pagar, todavía tengo vergüenza. 
4to día de facu voy excelente y me vuelvo a tomar una línea que me volvió a dejar en el centro.",,true,,,,,,NEGATIVE,2
10379,@usuario_801a7caa,,"Que crees para tomar una línea de crédito  1 año con garantía $ así: 3% comisión desembolsó 
3% cada 15 días / 7% cada 3 meses 
36% tasa anual 
Pagos trimestrales a capital e interés 
Cuando te liquiden hay que dejar el 30% en plazo fijo por 30 días y luego lo tienes disponible",,true,,,,,,NEGATIVE,2
10380,@usuario_fa2f0b83,,"Y para los niños, otro tanto de estrategias. Crear narrativas específicas, a mi me gustan los títeres, para explicar procesos históricos. Lo más fácil sería tomar una línea del tiempo conocida (Historia oficial) pero lo mejor es explicar procesos: minería, comercio, trabajo.",,true,,,,,,NEGATIVE,2
10381,@usuario_141bad12,,"El caso Señora Intendenta es que el asunto no le tiene q preocupar! Deb tomar una línea d acción junto con el gobierno y d una vez por todas acabar con este abuso. 
Uds. Como autoridades son responsables del bienestar d las personas en cuanto a servicios básicos c refiere",,true,,,,,,NEGATIVE,2
10382,@usuario_b0f2fea0,,"Ayer tuve la necesidad de tomar una línea del metro que nunca había usado , hice correspondencia en Guerrero en dirección a Ciudad Azteca , quiero decirles que fue un suplicio, subían y bajaban tipos con bocinas y ponían música a todo volumen  😡",,true,,,,,,NEGATIVE,2
10383,@usuario_f6a8c786,,"Creo que los comisarios se han equivocado en este GP al intentar aplicar el reglamento al pie de la letra. Ni la telemetría puede determinar si VET pudo tomar una línea mejor en su incorporación, con unos neumáticos sucios por la excursión. Por tanto, no creo que sea sancionable.",,true,,,,,,NEGATIVE,2
10384,@usuario_0554b138,,"Si ahora el PSG decide hacer un análisis de lo que puede dar y hasta dónde puede llegar, y decide tomar una línea de actuación más ""City"" que Galáctica, pues seguramente sería un acierto. Pero bajo mi subjetiva opinión, el proyecto inicial iba más encaminado a lo segundo.",,true,,,,,,NEGATIVE,2
10385,@usuario_0f47912c,,"El abogado se puede tomar una línea de merca si quiere, eso no afecta los sentidos del conductor del Vehículo que impactó sobre los Policías",,true,,,,,,NEGATIVE,2
10386,@usuario_07c6b2a9,,Me tuve que tomar una linea del ancho del televisor para apaciguar la amargura que me generó esta temporada. Mentira la ame pero necesito más.,,true,,,,,,NEGATIVE,2
10387,@usuario_4611dccb,,"Si piensas que los cambios que piden las personas se hace de un día para otro...entonces tampoco entiendes nada. Habia que partir por cambiar parte del gabinete para tomar una linea más social y que tampoco es la solución, pero hay que partir con algo.",,true,,,,,,NEGATIVE,2
10388,@usuario_820a25f7,,Facil y rapido no seria para la gente q vivimos alejada del centro.. Ir de zona oeste y tomar una linea de la costa tardas minimo una hora cuarenta,,true,,,,,,NEGATIVE,2
10389,@usuario_a81d5c91,,"Dos juegos seguidos donde ha preferido no perder. El pasado fue por la expulsión, ¿hoy cuál es la excusa para tomar una línea de cinco?",,true,,,,,,NEGATIVE,2
10390,@usuario_2680b201,,"Tener una relación con un/a merquero/a puede arruinarte la vida.
Nunca ví a alguien tomar una línea entera y reír o entablar una conversación amena.
Pero si ví alguien cagandose a piñas con un caparazón de tortuga.
Esa fue una noche rara.",,true,,,,,,NEGATIVE,2
10419,@usuario_6a44ad53,,No sé si seguir durmiendo o tomar una línea 🤔,,false,,,,,,POSITIVE,2
10740,@usuario_22964db5,,Me puedo tomar una raya también?,,false,,,,,,POSITIVE,3
10391,@usuario_fd69b3df,,"Me parece que nos tenemos que permitir hacer pruebas siempre y cuando analicemos que tan mal estamos (tomar una línea base) e implementar cambios que sean monitoreados con parámetros definidos de antemano. Hacer una evaluación de impacto.
Política profesional.",,true,,,,,,NEGATIVE,2
10392,@usuario_f600d369,,Hablé de los quemados que por tomar una línea de merca en un baño público piensan que tienen todo claro y te explican cómo es la vida.,,true,,,,,,NEGATIVE,2
10393,@usuario_cdcd1567,,"Tomar una Línea de 🚇 que para en todas las estaciones, bajarse en una estación y transbordar a otra línea que para en todas las estaciones NUNCA es más rápido que tomar una línea expresa de BRT que pasa de una Troncal a otra sin hacer transbordo ni parar en todas las estaciones",,true,,,,,,NEGATIVE,2
10394,@usuario_4f3383ed,,"Es un comentario cargado de odio y resentimiento, también descontextualizado, deja mucho que desear de su profesionalismo y objetividad, si busca ser reconocida por tomar una linea investigativa, se equivoca y es tristemente celebre por su amargada postura .",,true,,,,,,NEGATIVE,2
10395,@usuario_9b8b7971,,vos anda a tomar una línea se escuchó ayer,,true,,,,,,NEGATIVE,2
10396,@usuario_14d13753,,"Te respondo en inglés o te escupo? No es hipocresia aconsejar no tomar una línea de trabajo si para ella no ha valido la pena no hay nada que reprochar, muchos tienen trabajos que odian pero que les dan bastante dinero, el dinero no justifica que el trabajo no sea una cagada",,true,,,,,,NEGATIVE,2
10397,@usuario_14e49366,,Tenemos que tomar una linea de acción conjunta inmediata ó a fabricar balzas,,true,,,,,,NEGATIVE,2
10398,@usuario_79df0f72,,Suerte compa.. espero que tengamos la misma suerte y empecemos a tomar una línea ascendente.. 💪💚,,true,,,,,,NEGATIVE,2
10399,@usuario_e8fcecfb,,"Lo mas probable es que tenga de 2,5mm, poniendo un toma de 20A, y con precaución de usar el horno sin otra cosa que consuma mucho (plancha, calefactor, etc) no debería tener problema. Mi consejo siempre será poner el cable que corresponde o tomar una linea nueva desde la caja :)",,true,,,,,,NEGATIVE,2
10400,@usuario_2b14b6ca,,"Se llama perspectiva y puntos de fuga. No se trata de tomar una linea recta y arrastrarla a cualquier lugar de la cancha, no funciona asi",,true,,,,,,NEGATIVE,2
10401,@usuario_09be341e,,"Nooo los menores de edad no entienden como es el mundo, no es que se quiere tomar una linea de merca porque lo vio al tio hacerlo y le van a decir bueno lo que vos quieras. Hay que enseñarles las cosas con palabras",,true,,,,,,NEGATIVE,2
10402,@usuario_85071e5d,,"Es fantástico no? Recorrer todo ese mundo por tu cuenta... Sin nada que te límite a tomar una línea específica, un único camino a seguir, por eso se ha vuelto mí juego favorito en toda mi vida, porque es el único que me ha hecho sentirme libre 💚",,true,,,,,,NEGATIVE,2
10403,@usuario_d86affee,,"Las opiniones no dañan y pueden variar, es lo bueno de pensar (con base, claro). En definitiva como organización tendrán que tomar una línea, pero la esencia de la democracia será siempre el debate, y el éxito estará en convencer de las decisiones a los afiliados y a los que no.",,true,,,,,,NEGATIVE,2
10404,@usuario_d96e7e4a,,Me voy a tomar una linea de falopa sobre el vientre de la novia de @usuario_3de77287,,false,,,,,,POSITIVE,2
10405,@usuario_7a6e38d5,,vamo a tomar una linea ramiro??,,false,,,,,,POSITIVE,2
10406,@usuario_426a3d2a,,me voy a tomar una linea y a dormir re duro :P,,false,,,,,,POSITIVE,2
10407,@usuario_9e3a415d,,me voy a tomar una linea,,false,,,,,,POSITIVE,2
10408,@usuario_c4257c69,,"Ahora me voy a tener que tomar una linea de merca, fumarme un porro, ir hasta la caldera y comer hongos y por ultimo pastillas.",,false,,,,,,POSITIVE,2
10409,@usuario_8edbd2dc,,Linda noche para tomar una linea de merca sobre una sillita de plastico #EstrelladeMar2015,,false,,,,,,POSITIVE,2
10410,@usuario_22b0b8ed,,Me voy a tomar una linea y me voy a dormir ya fue,,false,,,,,,POSITIVE,2
10411,@usuario_c7fa4fe2,,"En dos horas tengo que ir al colegio, me voy a tomar una linea de merca para no dormirme en el colegio",,false,,,,,,POSITIVE,2
10412,@usuario_de8b0a8f,,Me voy a tomar una línea y no voy a aparecer en 1 mes,,false,,,,,,POSITIVE,2
10413,@usuario_bafb8682,,esta para tomar una línea,,false,,,,,,POSITIVE,2
10414,@usuario_284bc22d,,Estas por tomar una linea y te invitan a comer,https://pbs.twimg.com/media/CQbvEvEWsAAf11s?format=jpg&name=small,false,,,,,,POSITIVE,2
10415,@usuario_72c6575f,,Está pa tomar una línea y no dormir en toda la noche,,false,,,,,,POSITIVE,2
10416,@usuario_524dcd26,,@usuario_bfe33d61 si vos sabes que me saque el arito para tomar una linea chau.,,false,,,,,,POSITIVE,2
10417,@usuario_883eb7f3,,Me voy a tomar una línea de merca en vez de un café...,,false,,,,,,POSITIVE,2
10418,@usuario_1e7aa94b,,"Dale dale dale dale, vamos a tomar, una linea o dos, yo invito la primera ronda",,false,,,,,,POSITIVE,2
10420,@usuario_ab84388f,,Es la primera vez en la vida que me estoy por tomar una línea. Si nunca tuiteo ia saben ahre,,false,,,,,,POSITIVE,2
10421,@usuario_69492c68,,Cómo cuando no sabes si Tomar una linea nada más o directamente agarrar la bolsa entera,,false,,,,,,POSITIVE,2
10422,@usuario_424d3e2d,,Que ganas de tomar una línea,,false,,,,,,POSITIVE,2
10423,@usuario_700154ba,,Me voy a tomar una linea para ser flaca como quiero,,false,,,,,,POSITIVE,2
10424,@usuario_7ecf533d,,ta re lindo pa tomar una linea de keta arriba de tu orto,,false,,,,,,POSITIVE,2
10425,@usuario_27afefc9,,Q ganas de tomar una línea,,false,,,,,,POSITIVE,2
10426,@usuario_fa705c8c,,me voy a tomar una línea así quedo bien dura😝,,false,,,,,,POSITIVE,2
10427,@usuario_433f8020,,que ganas de tomar una linea mas gande que la mesa,,false,,,,,,POSITIVE,2
10428,@usuario_fb49d929,,tomar una linea encima de tu foto,,false,,,,,,POSITIVE,2
10429,@usuario_7f69b0ae,,Esta para tomar una linea encima de tu orto,,false,,,,,,POSITIVE,2
10430,@usuario_68bbb2bc,,Vamo a tomar una linea👃👃,,false,,,,,,POSITIVE,2
10431,@usuario_41286c3d,,Me voy a tener que tomar una linea de merca pa no dormirme jajajaaj,,false,,,,,,POSITIVE,2
10432,@usuario_354a160f,,Me voy a tomar una linea ahora porque quiero y porque puedo,,false,,,,,,POSITIVE,2
10433,@usuario_f7bbbdba,,cuando hago el rap de message man después me tengo q tomar una linea de merca para seguir la canción,,false,,,,,,POSITIVE,2
10434,@usuario_9fd787d7,,Mañana antes d ir a trabajar me voy a tomar una línea para activar...,,false,,,,,,POSITIVE,2
10435,@usuario_5f8eb214,,Antes d escuchar tumbando el club m voy a tomar una linea ahre,,false,,,,,,POSITIVE,2
10436,@usuario_d91bbae0,,bueno me voy a tomar una linea de merca de 15 centímetros y voy a fajar al profesor de historia,,false,,,,,,POSITIVE,2
10437,@usuario_ac1e0f69,,A tomar una línea y jugar en línea qien se vieneee,,false,,,,,,POSITIVE,2
10438,@usuario_6537aa80,,Esta para tomar una linea,,true,,,,,,POSITIVE,2
10439,@usuario_e0ca8cc4,,"wacho quiero hacer algo, ya sea sentarme en la vereda a hablar o a tomar una linea",,false,,,,,,POSITIVE,2
10440,@usuario_c15ee8ee,,"Bueno necesito tomar una línea de merca como para poder estar re durasel para los parciales gente, me quiero morir",https://pbs.twimg.com/media/D8Ju-JTWwAAB-mc?format=jpg&name=small,false,,,,,,POSITIVE,2
10441,@usuario_ae3dd0df,,Me voy a tomar una línea de merca pa estudiar bien ATR,,false,,,,,,POSITIVE,2
10442,@usuario_71934331,,Me voy a tomar una línea pa bajar el estrés,,false,,,,,,POSITIVE,2
10443,@usuario_c7a2cb8c,,"Unas ganas de tomar una línea, lpm",,false,,,,,,POSITIVE,2
10444,@usuario_ece90842,,La hermana de una amiga le pregunto si me drogaba jajaja le voy a tomar una línea de merca en la frente,,false,,,,,,POSITIVE,2
10445,@usuario_193b7839,,ando con ganas de tomar una linea de falopa en tu ojete.,,false,,,,,,POSITIVE,2
10446,@usuario_7cc06fb2,,Está para tomar una línea y pasar la noche mirando el canal rural,,false,,,,,,POSITIVE,2
10447,@usuario_8ac10637,,Voy a tomar una línea de coca,,false,,,,,,POSITIVE,2
10448,@usuario_944cdd3a,,Necesito llegar a mi cama y tomar una línea de merca del tamaño de mi berga o sea 2cm,,false,,,,,,POSITIVE,2
10449,@usuario_efb185b6,,Nose si irme a desayunar o a tomar una línea de keta gg,,false,,,,,,POSITIVE,2
10450,@usuario_2d20c9f5,,"Hoy me levante con ganas de tomar una línea, q horrible",,false,,,,,,POSITIVE,2
10451,@usuario_c731fcc4,,Ta para tomar una línea del tamaño de una senda peatonal,,false,,,,,,POSITIVE,2
10452,@usuario_a43a88f9,,me levanté de buen humor quien para tomar una linea,,false,,,,,,POSITIVE,2
10453,@usuario_f86ebb9c,,Ta pa tomar una línea y terminar re duro en el baño de mi casa boa,,true,,,,,,POSITIVE,2
10454,@usuario_a2559077,,Unas ganas de volver a la vida normal y poderme tomar una linea de merca y encarar alguna veterana en el casino,,false,,,,,,POSITIVE,2
10455,@usuario_44642b40,,Voy a tomar una linea de merca para que no me bajé mas la presión,,false,,,,,,POSITIVE,2
10456,@usuario_76269123,,que ganas de tomar una línea bien gorda,,false,,,,,,POSITIVE,2
10457,@usuario_d0546c5d,,"Deseo mucho tomar una linea lpm parece que lo digo en joda pero quiero probar,diego,sigo tus pasos",,false,,,,,,POSITIVE,2
10458,@usuario_be7c428d,,Ta pa tomar una linea y salir de gira hoy,,false,,,,,,POSITIVE,2
10459,@usuario_4ef863bf,,Bueno hay veces que tenes que tomar una linea y seguir,,false,,,,,,POSITIVE,2
10460,@usuario_7474a8af,,"Me: *se retuerse en la cama del dolor de estómago*.

Me tóxica: *piensa ""mientras más me duela menos comeré"" y se levanta a tomar una línea*.",,false,,,,,,POSITIVE,2
10461,@usuario_755891b4,,Tomar una linea de 20 centimetros: 😃😍🌞🌞😁Hacerme el hisopado:😭😢🌩,,false,,,,,,POSITIVE,2
10462,@usuario_c1810c27,,Esta para tomar una linea para combatir el frio,,false,,,,,,POSITIVE,2
10463,@usuario_47100d44,,"que linda noche, esta para tomar una linea de merca",,false,,,,,,POSITIVE,2
10464,@usuario_949d939a,,habrá que tomar una linea para entonar este viernes,,false,,,,,,POSITIVE,2
10465,@usuario_1e8a7031,,"Ya tengo turnó para operarme la nariz cuando vuelva , tranqui antes me voy a tomar una línea de Keta como de 15 metros",,false,,,,,,POSITIVE,2
10466,@usuario_58d7a329,,esta como para tomar una linea y no presentarce a trabajar,,false,,,,,,POSITIVE,2
10467,@usuario_b6b915e3,,Literal hoy tuve que tomar una línea de falopa para no dormirme en la clase por pasar de largo,,false,,,,,,POSITIVE,2
10468,@usuario_13f8e9df,,Me olvidé de tomar una línea de clonazepam,,false,,,,,,POSITIVE,2
10469,@usuario_bd8e7484,,Sale tomar una linea y escribir la cosa mas esquizofrenica que se me ocurra,,false,,,,,,POSITIVE,2
10470,@usuario_f06d6de8,,"Que feo es salir por Lanús, te queres tomar una línea de merca y te reconoce todo el mundo",,false,,,,,,POSITIVE,2
10471,@usuario_0941e52c,,Quiero tomar una línea encima de ese escote 😬🤪,,false,,,,,,POSITIVE,2
10472,@usuario_80127e71,,quien para tomar una línea en mi culo,,false,,,,,,POSITIVE,2
10473,@usuario_7825d540,,Me voy a tomar una línea d merk enorme arriba d la cara d Harry en su honor,,false,@usuario_76086ee8,,,https://pbs.twimg.com/media/FefadrWX0BI84Ll?format=jpg&name=small,false,POSITIVE,2
10474,@usuario_f721675d,,"me quiero tomar una línea arriba de sus tetas, aunque se que no le gustaría",,false,,,,,,POSITIVE,2
10475,@usuario_a80f3c65,,esta para tomar una linea,,false,,,,,,POSITIVE,2
10476,@usuario_38adea30,,por dios no doy más del extasis me voy a tomar una línea de merca,,false,,,,,,POSITIVE,2
10477,@usuario_73c5faff,,A no sabes como me voy a tomar una linea se merca fumar un porro colar una prpa t jugar al lol,,true,,,,,,POSITIVE,2
10478,@usuario_19e42e92,,Hoy tendría que tomar una línea para hacer todo lo que tengo que hacer 😩,,false,,,,,,POSITIVE,2
10479,@usuario_c5213583,,está para tomar una línea de merca sobre un buen par de tetas no? o me parece?,,false,,,,,,POSITIVE,2
10480,@usuario_8b3415c1,,despues lo invito a tomar una linea de merca,,false,,,,,,POSITIVE,2
10481,@usuario_f92b01d7,,M voy a tomar una linea d 3 metros pa quedar sobre el cielo,,false,,,,,,POSITIVE,2
10482,@usuario_0ba067e3,,Imaginate tomar una linea y mirar este partido,,false,,,,,,POSITIVE,2
10483,@usuario_abb64561,,Y ahora me voy a tener que tomar una línea de falopa para hacer todas las cosas que me quedan antes de dormir,,false,,,,,,POSITIVE,2
10484,@usuario_39846219,,me gusta tanto que lo dejaria tomar una linea de merca de mis tetas,,false,,,,,,POSITIVE,2
10485,@usuario_b0fa5678,,"Xfavor las ganas de salir de joda que tengo, que amigos trolos que tengo ni a tomar una linea te invitan, nada divertido",,false,,,,,,POSITIVE,2
10486,@usuario_0b173582,,parece que me fui a tomar una linea,,false,,,,,,POSITIVE,2
10487,@usuario_2710638e,,a tomar una linea,,true,,,,,,POSITIVE,2
10488,@usuario_3bdcd650,,"Tomar una linea de merca todos los lunes para arrancar la semana con todas las pilas, me parecía normal hasta que ví que mis amigos toman todos los días",,false,@usuario_aa39acfe,,¿Qué cosa hacíais en tu familia como lo más normal del mundo y no te diste cuenta de que era raro hasta que te lo dijo alguien?,,false,POSITIVE,2
10489,@usuario_99cbcfd4,,me tendre que tomar una linea para matar las penas hermano,,true,,,,,,POSITIVE,2
10490,@usuario_3a8b55b3,,Déjame tomar una línea en tu abdomen,,false,,,,,,POSITIVE,2
10491,@usuario_3412b6f9,,Ensima la hora no pasa mas loco en cualquier momento arranco a tomar una linea,,false,,,,,,POSITIVE,2
10492,@usuario_480be048,,Me podría tomar una línea de merca en esa mandíbula,https://pbs.twimg.com/media/GM0xHKJWAAA9HWD?format=jpg&name=small,false,,,,,,POSITIVE,2
10493,@usuario_9c3c7ccc,,"Muy amablemente, un par de cirujas me ofrecieron tomar una linea de merca en Av. San Juan y Pichincha a las 3 de la mañana. Lamentablemente, tuve que rechazar la oferta. Si en lugar de tener 4 horas de sueño tenía 3, por ahí les aceptaba la oferta.",,false,,,,,,POSITIVE,2
10494,@usuario_85733f5e,,Te querés tomar una línea?,,true,,,,,,POSITIVE,2
10495,@usuario_480be048,,ME QUIERO TOMAR UNA LINEA DE MERCA EN SU CUELLO,,false,,,,,,POSITIVE,2
10496,@usuario_050049a8,,No veía la hora de entrar al despacho a tomar una línea con un wiskacho,,true,,,,,,POSITIVE,2
10497,@usuario_067221fc,,A partir de la semana que viene voy a tomar una línea de merca todos los jueves para cursar las 8 horas sin problema,,false,,,,,,POSITIVE,2
10498,@usuario_211f6f9c,,Me voy a tomar una línea de merca en honor al kily ya vengo,,false,,,,,,POSITIVE,2
10499,@usuario_065001b2,,Es todo risas hasta que te das cuenta que tu capacidad pulmonar está tan disminuida que no podés tomar una línea en una sola esnifada.,,false,,,,,,POSITIVE,2
10500,@usuario_8bd0c08f,,Ese momento de la noche de no saber si fumarte un porro o tomar una linea.,,false,,,,,,POSITIVE,2
10501,@usuario_af7ebfc3,,Me voy a tomar una linea de durlock y vuelvo re colocado. Chaucha.,,false,,,,,,POSITIVE,2
10502,@usuario_1d7ea3a3,,merca no faso eso da hambre hablando de eso me voy a tomar una linea ajjajaaa,,false,,,,,,POSITIVE,2
10503,@usuario_dbd7c8fb,,Me voy a tomar una linea,,false,,,,,,POSITIVE,2
10504,@usuario_70c73c82,,"Estamos jugando al barquito, en vez de alcohol hay que tomar una línea.",,false,,,,,,POSITIVE,2
10505,@usuario_94996eeb,,Necesito tener un descanso y tomar una linea.,,false,,,,,,POSITIVE,2
10506,@usuario_4daca014,,"A tomar una linea de merca, y a seguir estudiando.",,false,,,,,,POSITIVE,2
10507,@usuario_ee252a7e,,"Ahora, con o sin su permiso, voy a tomar una linea y meterme en la bañera. Nos vemos en las tapas de revista.",,false,,,,,,POSITIVE,2
10508,@usuario_14228a50,,Ya no se que más tw así que me voy a tomar una línea y después me voy a durmir.8=====D 0:,,false,,,,,,POSITIVE,2
10509,@usuario_f4b3660d,,"A la mierda los bizcochos,  yo quiero tomar una linea",,false,,,,,,POSITIVE,2
10510,@usuario_d55dcb6c,,vamoa fuma un faso y a tomar una linea y a patina,,false,,,,,,POSITIVE,2
10511,@usuario_789b8f91,,Me voy a tomar una linea antes de jugar a ver si me motivo jaja,,false,,,,,,POSITIVE,2
10512,@usuario_66e75e43,,esta para tomar una linea de largo como una mesa & bajarlo con 5 fasitos jaja noooooooo,,false,,,,,,POSITIVE,2
10513,@usuario_154acd14,,No me puedo tomar una linea tranquilo que ya me mandan al calabozo,,false,,,,,,POSITIVE,2
10514,@usuario_e6076c04,,¿Quien se copa para tomar una linea?,,false,,,,,,POSITIVE,2
10515,@usuario_d18d1ef4,,Me voy a bañar y a tomar una linea de 3 metros de merca porque si no a la noche no existo,,false,,,,,,POSITIVE,2
10516,@usuario_1665b887,,Vamos a tomar una línea al baño jajajaja,,false,,,,,,POSITIVE,2
10517,@usuario_4a23a588,,vamos a tomar una linea,,false,,,,,,POSITIVE,2
10518,@usuario_06decf0b,,bueno me voi a tomar una linea,,false,,,,,,POSITIVE,2
10519,@usuario_02acba5d,,Vamo a tomar una linea con la vieja ajajajaja @usuario_bd454256,,false,,,,,,POSITIVE,2
10520,@usuario_6bb0f5da,,Me voy a tomar una linea #Loco,,false,,,,,,POSITIVE,2
10521,@usuario_6fef812d,,vamo' a tomar una linea en Bariloche che che.,,false,,,,,,POSITIVE,2
10522,@usuario_899ce9cb,,Cuando llegue me voy a tomar una linea. Ei cele para mi que nos compramos un re 25,,false,,,,,,POSITIVE,2
10523,@usuario_a47e4961,,"o tomar una linea, no pasa nada cualquier droga me viene como anillo al dedo",,false,,,,,,POSITIVE,2
10524,@usuario_4da68165,,Bueno me voy a tomar una linea como para estar bien a la noche JAJAJAJAJA,,false,,,,,,POSITIVE,2
10525,@usuario_c9689406,,Me voy a tomar una linea y no precisamente las del colectivo.,,false,,,,,,POSITIVE,2
10533,@usuario_0edec112,,Me voy a tomar una línea de merca y me voy a fumar un porro largo como el Bv. San Juan.,,false,,,,,,POSITIVE,2
10534,@usuario_1a905289,,Voy a tomar una linea asi no duermo,,false,,,,,,POSITIVE,2
10535,@usuario_7b463d64,,El viernes en cromo me voy a tomar una linea y voy a mirar a todos mal,,false,,,,,,POSITIVE,2
10536,@usuario_9e880fc0,,dicen que somos libres pero de que libertad hablan? si me quiero fumar un porro y esta todo mal me quiero tomar una linea y todo mal,,false,,,,,,POSITIVE,2
10537,@usuario_dad2f03d,,No se puede estudiaaarr asi. Nonono. Me voy a tomar una linea asi qedo falopiado hasta manana,,false,,,,,,POSITIVE,2
10538,@usuario_4e6c8b31,,"Como me gustaría que legalizen la cocaína, para compra un bolsa en lo de mi tía, para tomar una linea con mi abuela",,false,,,,,,POSITIVE,2
10539,@usuario_bee38831,,Se me van las ganas de tomar una linea . Pero ni da volver a la misma,,false,,,,,,POSITIVE,2
10540,@usuario_dda8e350,,"Me voy a tomar una línea de merca, así por lo menos flasheo que boca juega bien.",,false,,,,,,POSITIVE,2
10541,@usuario_ed559189,,"Quién carajo te crees q sos para terminar de tomar una línea, soltar el canuto y dejar q se desarme. Al rincón 10 minutos por hijo de puta.",,false,,,,,,POSITIVE,2
10542,@usuario_613bed26,,Estoy re de buen humor estoy para tomar una línea y arrancar,,false,,,,,,POSITIVE,2
10543,@usuario_ddd207bc,,"No doy massss, me voy a tomar una linea de merca a ver si levanto un poco.",,false,,,,,,POSITIVE,2
10544,@usuario_d84d43f1,,Estoy por tomar una línea... @usuario_a6791af0,,false,,,,,,POSITIVE,2
10545,@usuario_545be258,,"Me gusta la merca, me voy a tomar una linea y vengo.",,false,,,,,,POSITIVE,2
10546,@usuario_7801c822,,vamo a tomar una linea,,false,,,,,,POSITIVE,2
10547,@usuario_d7ffd0c2,,Quiero tomar una linea loco,,false,,,,,,POSITIVE,2
10548,@usuario_91f7f8dd,,me voy a tomar una linea y me duermo,,false,,,,,,POSITIVE,2
10549,@usuario_d02a2986,,Voy a tomar una línea guasa desde las 23:59 hasta las 00:01 me va a sangrar el naso,,false,,,,,,POSITIVE,2
10550,@usuario_d7ffd0c2,,Hoy quiero tomar una linea con mi ex mejor amigo,,false,,,,,,POSITIVE,2
10551,@usuario_df221ff3,,me voy a tomar una linea y al muelle,,false,,,,,,POSITIVE,2
10552,@usuario_df221ff3,,me voy a tomar una linea y al muelle,,false,,,,,,POSITIVE,2
10553,@usuario_6fef812d,,"No le veo nada de malo a fumarse un porro, pero si a tomar una linea. Una es más heavy que la otra, no jodan.",,false,,,,,,POSITIVE,2
10554,@usuario_e1eeec16,,yo sé que en algún momento de mi vida me voy a tomar una linea de merca del culo de una mina,,false,,,,,,POSITIVE,2
10555,@usuario_2fe249e9,,que ganas de tomar una linea como el finde lpm,,false,,,,,,POSITIVE,2
10556,@usuario_b8447a9f,,"Un día de estos le voy a fumar un porro en la cara y voy a tomar una línea ! Para que hable con razón.
PUTO",,false,,,,,,POSITIVE,2
10557,@usuario_a5ac133b,,Necesito tomar una línea de las tetas de una rubia corte lobo de wall street,,false,,,,,,POSITIVE,2
10558,@usuario_49779e3f,,Bueeee! Me voy a tomar una línea de merca y me voy a dormir.,,false,,,,,,POSITIVE,2
10559,@usuario_bafb8682,,esta para tomar una linea de merca no?,,false,,,,,,POSITIVE,2
10560,@usuario_379fb647,,Ya se me fue el efecto me voy a tomar una linea,,false,,,,,,POSITIVE,2
10561,@usuario_2aa61878,,como me encantaria tomar una linea de merca,,false,,,,,,POSITIVE,2
10562,@usuario_d7ffd0c2,,Jajajajja mentira veni vamos a tomar una linea,,false,,,,,,POSITIVE,2
10563,@usuario_7116568a,,Que ganas de tomar una línea de merca de la chota de un negro,,false,,,,,,POSITIVE,2
10564,@usuario_368287b7,,Me voy a tomar una linea para pasar el domingo muy domingo,,false,,,,,,POSITIVE,2
10565,@usuario_9a164918,,Creo que hoy voy solito a la muni a tomar una linea y me duermo en un banquito,,false,,,,,,POSITIVE,2
10566,@usuario_d06f0dba,,Rochi sigo esperando que me dejes tomar una línea entre tus tetas 😍,,false,,,,,,POSITIVE,2
10567,@usuario_7e3d6d2e,,"O a tomar una linea, fumar un puchito y tomar unos mates (?",,false,,,,,,POSITIVE,2
10568,@usuario_b9f5c24e,,me voy a tomar una linea ahi vengo,,false,,,,,,POSITIVE,2
10570,@usuario_ff8cf76f,,"No te podes tomar una linea de merca tranquilo que ya te rompen las pelotas con que estas en el laburo, que no corresponde y bla bla bla",,false,,,,,,POSITIVE,2
10571,@usuario_75040eb6,,ojala me calme jajaj me voy a tomar una linea ya fue we,,false,,,,,,POSITIVE,2
10572,@usuario_19cec170,,Esta para tomar una linea del tamaño de la escollera norte,,false,,,,,,POSITIVE,2
10573,@usuario_362f22d9,,Lo mejor es terminar de tomar una linea y prender un cigarro ♥,,false,,,,,,POSITIVE,2
10574,@usuario_f6d48459,,que ganas de tomar una línea entre tus tetas.,,false,,,,,,POSITIVE,2
10575,@usuario_58c6c5ab,,Me quiero tomar una línea con chano,,false,,,,,,POSITIVE,2
10576,@usuario_0ab221b4,,Me voy a tomar una linea hasta gualaychu,,false,,,,,,POSITIVE,2
10577,@usuario_1d32d95b,,Por ser mi cumpleaños me voy a tomar una linea de acá a mendoza sin repetir y sin soplar,,false,,,,,,POSITIVE,2
10578,@usuario_a71eccc9,,Anoche me invitaron a tomar una línea y estaba re zarpado,,false,,,,,,POSITIVE,2
10579,@usuario_44dc283c,,Charlie no murio me voy a tomar una linea en su honor,,false,,,,,,POSITIVE,2
10580,@usuario_e91af8a2,,vení vamos a tomar una linea,,true,,,,,,POSITIVE,2
10581,@usuario_654fd151,,nos vemos me voy a tomar una linea,,false,,,,,,POSITIVE,2
10582,@usuario_09a10122,,Quiero tomar una linea de merca de esa colaaaaaaaaaa,,false,,,,,,POSITIVE,2
10583,@usuario_4dd75907,,"Gripe de mierda, me lloran los ojos y me cae agua del naso, me voy a tener que tomar una linea pa que se me pase bue",,false,,,,,,POSITIVE,2
10584,@usuario_602a423a,,Pa salir el finde me tendria que tomar una linea y quedo ready ajjajajjajaj,,false,,,,,,POSITIVE,2
10585,@usuario_0d59c634,,Hermosa noche para tomar una línea de merca en el orto de Sol Pérez.,,false,,,,,,POSITIVE,2
10586,@usuario_2ad43ce2,,Que ganas de tomar una linea,,false,,,,,,POSITIVE,2
10587,@usuario_afb706d7,,Loco que te pasa ? Vamo a tomar una linea 😂😂😂😂😂😂,,false,,,,,,POSITIVE,2
10588,@usuario_341f95c7,,me quiero tomar una línea tan larga que tenga que tomar aire 3 veces ahr,,false,,,,,,POSITIVE,2
10589,@usuario_97901c69,,Esta noche me voy a tener que tomar una línea para estar atr,,false,,,,,,POSITIVE,2
10590,@usuario_2ea16c24,,alguno para tomar una linea,,true,,,,,,POSITIVE,2
10591,@usuario_7ecf533d,,no se que onda me levante con ganas de tomar una linea de keta en un orto,,false,,,,,,POSITIVE,2
10592,@usuario_4e19b3f4,,"Que paja que sea tan inmadura, ta bien no se dio lo nuestro pero lo piola que es no se le va nunca y si el futuro daba juntarnos a fumar un porro-a tomar una línea o un buen ácido, lo disfrutaria porque es re piola. Pero pinta rencor xd",,false,,,,,,POSITIVE,2
10593,@usuario_4ce97c8f,,"Que linda que sos,puedo tomar una linea en tu culo?",,false,,,,,,POSITIVE,2
10594,@usuario_34ccc2d6,,m voy a tomar una línea como los dioses mandan,,false,,,,,,POSITIVE,2
10595,@usuario_27afefc9,,Me dió unas ganas de tomar una línea ahrEe,,false,,,,,,POSITIVE,2
10596,@usuario_e805c7a8,,ajsdjadjaj que pibe sano voy a tomar una linea en tu honor,,true,,,,,,POSITIVE,2
10597,@usuario_694341f1,,Q lindo hubiese sido tomar una linea y ponerte en 4 y otra mas y asi hasta que mi cerebro diga error 404 y palme,,false,,,,,,POSITIVE,2
10598,@usuario_47369565,,Tomar una línea de merca en la pija de un travesti te hace gay?,,false,,,,,,POSITIVE,2
10599,@usuario_e02c500a,,me voy a tomar una línea para estar activa toda la noche xq no se imaginan el sueño q tengo ahre,,false,,,,,,POSITIVE,2
10600,@usuario_b20216f0,,Quien se presta para tomar una linea en su culo? https:///SOFBP2K/status/1049472509035380741…,,false,,,,,,POSITIVE,2
10601,@usuario_a781905b,,yo no quiero saber nada con falopa pero si me la sirven en un culo puedo llegar a tomar una línea de sal fina,,false,,,,,,POSITIVE,2
10602,@usuario_7e59c7ce,,Queres tomar una línea me dijo y me conquistó,,false,,,,,,POSITIVE,2
10603,@usuario_1e6a019d,,Nas ganas de tomar una linea,,false,,,,,,POSITIVE,2
10604,@usuario_4cf7468b,,está para tomar una línea tamaño obelisco acostado,,false,,,,,,POSITIVE,2
10605,@usuario_8ac10637,,Cuando cumpla 19 voy a tomar una línea de coca,,false,,,,,,POSITIVE,2
10606,@usuario_c705b2fb,,Algo que tengo que hacer antes de morir es tomar una línea de merca de arriba de la nalga de mi novia,,false,,,,,,POSITIVE,2
10607,@usuario_00c9b932,,"Mi cabeza esta tipo mañana es viernes FUMATE UN FASO,a quiero tomar una línea",,false,,,,,,POSITIVE,2
10608,@usuario_7b308b13,,"Yo me tengo que bañar, elegir mi outfit de hoy, tomar una linea blanca y estar listo a las 8 y estoy en japi acostado viendo a todos ustedes que twittean cosas pelotudas como yo jsja",,false,,,,,,POSITIVE,2
10609,@usuario_271719c9,,"A la mañana tengo q trabajar y cuando salgo arrancamos para Jesus Maria, me voy a tener q tomar unA linea para estar despierta a la noche",,false,,,,,,POSITIVE,2
10610,@usuario_cb4b4890,,Quien pudiera tomar una línea arriba de un orto así jjajajajaj https:///litooo2015/status/1217310043764330497…,,false,,,,,,POSITIVE,2
10611,@usuario_c1c55f7d,,"Que ganas de tenerte enfrente. 
Porque sos hermosa.
Porque sos perfecta.
Porque te amo.
Porque no puedo aguantar las ganas de tomar una línea de merca de ese buen par de tetas que manejas.",,false,,,,,,POSITIVE,2
10612,@usuario_6b8bb45e,,Una de las cosas que quiero hacer antes de morir es tomar una linea en el cuerpo de una mina xd,,false,,,,,,POSITIVE,2
10613,@usuario_c2df1ebb,,Tomo un par de birras y me pica la nariz para tomar una línea tamaño Maracaná,,false,,,,,,POSITIVE,2
10614,@usuario_6c14d4dd,,Bueno y que hermoso momento para tomar una linea,,false,,,,,,POSITIVE,2
10615,@usuario_2e366c99,,Yo digo que nos juntemos todas a tomar una línea,,false,,,,,,POSITIVE,2
10616,@usuario_fd7a4488,,"Me voy a tomar una línea en su honor, pasen la notification",,false,,,,,,POSITIVE,2
10617,@usuario_f5c660be,,Ta pa tomar una línea arriba del culo de un enano,,false,,,,,,POSITIVE,2
10618,@usuario_8262de3a,,"Tengo ganas de tomar una línea, no sé vos..",,true,,,,,,POSITIVE,2
10619,@usuario_09005334,,"Desanudar,
condicionarme a la nueva condición.Tomar una línea y desaparecer
en medio del vacío reconstruido
que me obliga a habitarlo",,false,,,,,,POSITIVE,2
10620,@usuario_29234ec3,,Quiero tomar una linea en clase,,false,,,,,,POSITIVE,2
10621,@usuario_4cdf52c7,,Deja de llora levántate que nos vamos a tomar una linea,,false,,,,,,POSITIVE,2
10622,@usuario_169391c4,,Vamo a tomar una línea del culo de un enano,,false,,,,,,POSITIVE,2
10623,@usuario_cdedd6cb,,Voy a tomar una línea de merca y vuelvo.,,false,,,,,,POSITIVE,2
10624,@usuario_64b3c62d,,pienso tomar una linea de merca con sombra por cada gol de argentina... he dicho,,false,,,,,,POSITIVE,2
10625,@usuario_d8cd33fd,,Que ganas de tomar una linea de merca apoyada en la chota parada de Messi,,false,,,,,,POSITIVE,2
10626,@usuario_3fa9b349,,me voy a tomar una línea a ver si se me destapa el nazo,,false,,,,,,POSITIVE,2
10627,@usuario_0bf77669,,"A mí me dejaron sin nada x verme tomar una línea. Pero sabes qué? No me ayudaron. Me marginaron. Me echaron. Me dejaron sin nada.

En ese vídeo no me vieron a mí. Se vieron ellos y eso les dio vergüenza. Hoy los mismos q haban d Chano son los q me dejaron sin nada por ""falopero"".",,false,,,,,,POSITIVE,2
10628,@usuario_7b73bd4e,,Me voy a tener que tomar una línea de merca para poder estudiar con dolor de cabeza y cansancio (+depresión),,false,,,,,,POSITIVE,2
10629,@usuario_c3c60e47,,Unas ganas de tomar una línea con kiwi de fondo. Busco gente interesada,,false,,,,,,POSITIVE,2
10630,@usuario_92b9f262,,Ya estamos grande para lo cursi veni vamos a tomar una linea ♡,,false,,,,,,POSITIVE,2
10631,@usuario_556272ce,,y ya fue amigo si me pinta tomar una línea de cocaína con mi viejo cuál hay quien me va a decir algo,,false,,,,,,POSITIVE,2
10632,@usuario_88ffe0df,,"Con que tema de oktubre quieren cojer?  No entiendo yo solo lo usaba como pretexto para tomar una línea, un vaso de ginebra o alguna sustancia prohibida legalmente",,false,@usuario_d7ac3c7b,,,https://pbs.twimg.com/media/FHpHztHWUAUqFSc?format=jpg&name=small,false,POSITIVE,2
10633,@usuario_058e3f13,,Me acabo de tomar una línea de keta mal picada. Se me parte la cara,,false,,,,,,POSITIVE,2
10634,@usuario_361c5e83,,Está para tomar una línea de tusi en la nalga de una negra,,false,,,,,,POSITIVE,2
10635,@usuario_11ebd17d,,"A veces extraño el olor del cristal 😥, podría tomar una línea por última vez? 😥",,false,,,,,,POSITIVE,2
10636,@usuario_2738d6d0,,Me voy a tomar una línea de merca para tratar de escribir para los 3 aus,,false,,,,,,POSITIVE,2
10637,@usuario_2cde42ad,,@usuario_d75de591 creo que me voy a tomar una linea que mañana me levanto tempranito :S,,true,,,,,,POSITIVE,2
10638,@usuario_510061a2,,"@usuario_d78dfc1c Prefiero tomar una linea de merca, no sé. Estoy haciendo tiempo para ir a sacar mi pasaporte. Mequieromatá :(",,true,,,,,,POSITIVE,2
10639,@usuario_d7ffd0c2,,"@usuario_d52df21e jajaja opaa, parece que ese dia vamos a tener que tomar una linea, quiero probar que se siente",,true,,,,,,POSITIVE,2
10640,@usuario_b772b73f,,@usuario_036234d4 me voy a tomar una linea y me djermo abrazo,,true,,,,,,POSITIVE,2
10641,@usuario_c6742ae9,,"@usuario_24905344 JAJAJAJ siempre lo mismo loco! yo le digo no me filmes! y me filman, uno viene cansado del trabajo y no lo dejan tomar una linea!",,true,,,,,,POSITIVE,2
10642,@usuario_9a791a44,,vamos a tomar una linea y fue,,true,,,,,,POSITIVE,2
10643,@usuario_2c9eabdd,,"jajajaja ya estoy pensando en tomar una linea en el baño, más el vino que tengo encima... nada puede salir peor",,true,,,,,,POSITIVE,2
10644,@usuario_c5dca009,,que hacemos hoy ? Vamos a tomar una línea,,true,,,,,,POSITIVE,2
10645,@usuario_a5435298,,"nada como fumar un Faso, tomar una línea y fumar otro Faso.",,true,,,,,,POSITIVE,2
10646,@usuario_2b982ba9,,"Natacha quiero tomar una línea de tu cuerpo esbelto, también hay para vos si queres",,true,,,,,,POSITIVE,2
10647,@usuario_79e033c1,,"Yo intento no pensar porque me estreso, la entrada ya está paga, así que me voy a tomar una línea de merca así no psicopateo",,true,,,,,,POSITIVE,2
10648,@usuario_aece17f1,,Vamos a tomar una línea,,true,,,,,,POSITIVE,2
10649,@usuario_39d47b25,,Vamo a tomar una linea entonces(?,,true,,,,,,POSITIVE,2
10650,@usuario_a1da23eb,,Yo estoy por tomar una linea para seguir,,true,,,,,,POSITIVE,2
10651,@usuario_e27d5aea,,Te invito a tomar una línea de merca,,true,,,,,,POSITIVE,2
10652,@usuario_29b9aaa8,,me voy a tomar una linea,,true,,,,,,POSITIVE,2
10653,@usuario_51946b37,,Mira si con semejante burra me voy a tomar una linea tan chica,,true,,,,,,POSITIVE,2
10654,@usuario_eaae2188,,"la amigo Posta, voy a ir a fumar y tomar una línea nomás, pero escabiar nose, estoy re consumidoQUE",,true,,,,,,POSITIVE,2
10655,@usuario_b380f0ba,,"Mentira amigo, yo no tengo nada vos si tenias sacaste 10 g de tu bolso y me obligaste tomar una linea",,true,,,,,,POSITIVE,2
10656,@usuario_7e65552a,,Me quiero tomar una linea con el diego y decirle q onda diegote? como te duele la cola (9/12) para siempre,,true,,,,,,POSITIVE,2
10657,@usuario_49a4a73f,,sale tomar una línea por vídeo llamada eeeee digo,,true,,,,,,POSITIVE,2
10658,@usuario_ec0ef209,,"Que haces pelado, te acomodaste, bien por esa, vamos a tomar una...línea.",,true,,,,,,POSITIVE,2
10659,@usuario_a75e9d40,,"y eso que tiene que ver, si me quiero tomar una línea es por mi no para cogerte",,true,,,,,,POSITIVE,2
10660,@usuario_96ec9136,,Vamos a tomar una línea?,,true,,,,,,POSITIVE,2
10661,@usuario_f4b74227,,vamos a tomar una línea ya fue ya,,true,,,,,,POSITIVE,2
10662,@usuario_9b020d1a,,"Quenooo, me voy a tomar una línea en las tetas de la ceciliaaa",,true,,,,,,POSITIVE,2
10663,@usuario_7ea6a96b,,"Algun boludo me va a decir ""ayy, pero son peligrosasss"" sabes que es mas peligroso?? El paco, que es moneda corriente. Ademas libetades bro, si yo me quiero tomar una linea dejame y quemar el bocho, te agradecería si me evitas  los peligros de un transa armado y loco",,true,,,,,,POSITIVE,2
10664,@usuario_b2c6fa0a,,No alcanza porque la k ahora es una poronga y te tenés que tomar una línea tamaño chorizo pa que pegue 😒,,true,,,,,,POSITIVE,2
10665,@usuario_dabc9f53,,"Feliz navidad Pampero, ahora sale tomar una línea de merca con alcohol mientras manejo",,true,,,,,,POSITIVE,2
10666,@usuario_2853b093,,Deja d twitea boludeses amigo vamos y a tomar una linea,,true,,,,,,POSITIVE,2
10667,@usuario_8cd0544a,,Re mami amigo vamos a tomar una línea d farlopa fumarnos un porro y después tomar cristal dale no seas puto,,true,,,,,,POSITIVE,2
10668,@usuario_05e27503,,Jasjajajajaj deja de tirar twtt de cornudo vamos a tomar una línea de merca dale,,true,,,,,,POSITIVE,2
10669,@usuario_3821156f,,Uy brandon ya nos vamos a tomar una línea así bajas un cambio chupa pija,,true,,,,,,POSITIVE,2
10670,@usuario_64a310f0,,"Al pedo, vamos a tomar una línea",,true,,,,,,POSITIVE,2
10671,@usuario_adf54a72,,te recomiendo tomar una linea,,true,,,,,,POSITIVE,2
10672,@usuario_64a310f0,,Vo te arrastra para que vayamos a tomar una línea,,true,,,,,,POSITIVE,2
10678,@usuario_be32af05,,No hay nada mejor que tomar una línea en una joda tecno de barracas,,true,,,,,,POSITIVE,2
10679,@usuario_92f633c6,,que ganas de tomar una línea de merca,,true,,,,,,POSITIVE,2
10680,@usuario_ffb0eb7f,,mejor vamos a tomar una línea gordo,,true,,,,,,POSITIVE,2
10681,@usuario_a125b423,,s quiero tomar una línea,,true,,,,,,POSITIVE,2
10682,@usuario_6b952639,,vamos a tomar una linea mi amor,,true,,,,,,POSITIVE,2
10683,@usuario_99d88fe3,,Unas ganas de tomar una línea de las tetas de milky,,true,,,,,,POSITIVE,2
10684,@usuario_68af083c,,"si deja unas ganas de uno, que venga disfrazado de lo que quiera pero solo dispuesto a poner la cola para tomar una línea",,true,,,,,,POSITIVE,2
10685,@usuario_bc31f595,,Pero se puede fumar porrito o tomar una línea y no pasa nada.,,true,,,,,,POSITIVE,2
10686,@usuario_48c89153,,quien para tomar una linea?,,true,,,,,,POSITIVE,2
10687,@usuario_dfb9eb61,,"SE PONE LOCO COMO YO CUANDO NO ME PUEDO TOMAR UNA LINEA APENAS DESPIERTO JA JA 
BESOS",,true,,,,,,POSITIVE,2
10688,@usuario_dfb9eb61,,"ME QUIERO TOMAR UNA LINEA EN EL TRONCO DE LA VERGA
BESOS",,true,,,,,,POSITIVE,2
10689,@usuario_dfc16359,,"Kjjj gracias, me voy a tomar una linea en honor al ruso",,true,,,,,,POSITIVE,2
10690,@usuario_af82366b,,tiran la piedra y esconden la mano ni les dió para tomar una línea y un par d birras,,true,,,,,,POSITIVE,2
10691,@usuario_5d1aa88c,,Un par de tetas para tomar una línea de merca y estoy no pido más,,true,,,,,,POSITIVE,2
10692,@usuario_7bbd9647,,"Esta noche te uso, para tomar una línea de azúcar de esas nalgas.",,true,,,,,,POSITIVE,2
10693,@usuario_b5514026,,Yo quiero una que me deje tomar una línea arriba de su culo nomas,,true,,,,,,POSITIVE,2
10694,@usuario_216b78a4,,"@usuario_822eccd5 me imagino que vamos a tomar una línea aunque sea, no?",,true,,,,,,POSITIVE,2
10695,@usuario_fbae6fd5,,"Pero paráaaa, no me puedo tomar una línea de merca en el cuarto oscuro..o si?🤭",,true,,,,,,POSITIVE,2
10696,@usuario_6ed1aad8,,Estoy más arriba que después de tomar una línea del pito de un enano,,true,,,,,,POSITIVE,2
10697,@usuario_5afae804,,Na ya está ahora con esto me voy a tomar una línea en honor a Massa.,,true,,,,,,POSITIVE,2
10698,@usuario_695f71c2,,Te tenías que tomar una línea,,true,,,,,,POSITIVE,2
10699,@usuario_5fdb5c44,,"Y bueno, si se viene conmigo se puede tomar una línea 4 cm",,true,,,,,,POSITIVE,2
10700,@usuario_63005cd8,,Esas sillas eran comodisimas para escabiar hasta las 6 de la mañana sin parar solamente un alto en la esquina para mear tomar una línea y seguir sentado.,,true,,,,,,POSITIVE,2
10701,@usuario_0d3913a7,,Tengo Tanto Frío que voy a tomar una Raya de Ron..,,false,,,,,,NEGATIVE,3
10702,@usuario_dece1c26,,"Bueno, el vecino que escuchaba Perdiendo el Control de Miguel Mateos hace unos días, hoy está escuchando: We Are the World. Me voy a tomar una raya de alcohol en gel y vuelvo.",,false,,,,,,NEGATIVE,3
10703,@usuario_1867f720,,Sabes cuantos se van a tomar una raya en honor al Diego hoy,,false,,,,,,NEGATIVE,3
10704,@usuario_9e2c3cc9,,"El mejor en el velorio de Maradona fue el que se quiso tomar una raya de merca en el ataud y lo sacaron cagando jajajaja Argentina, un país con buena gente",,false,,,,,,NEGATIVE,3
10705,@usuario_2036c02d,,"💣 Murray Harkin, socio de Sophie, le ofreció fiestas sexuales con ""jóvenes británicos y asiáticos"" al jeque. También contó que le gustaba tomar una ""raya de cocaina"" de vez en cuando.",https://pbs.twimg.com/media/Ew7lMiuXEAMjWMl?format=jpg&name=small,true,,,,,,NEGATIVE,3
10706,@usuario_5e63da18,,Aveces tomar una raya no es tomar una raya,,false,@usuario_690b2d8e,,"Lacallle: ""A veces no tomar medidas directamente, es una medida""

Mirá la conferencia de prensa: https://elpais.uy/l62uowdPhttps://",https://pbs.twimg.com/media/FIxtYACXwAAGtmt?format=jpg&name=small,false,NEGATIVE,3
10707,@usuario_20ca0e05,,Me imagino los mosquitos queriendose tomar una raya de sal pensando que es cocaina jajajajajaja,,false,,,,,,NEGATIVE,3
10708,@usuario_96d0408a,,le mostré a mamá q iba callejero a host y me dijo terrible falopero jakskajs si ma pero no se va a tomar una raya ahi (espero),,false,,,,,,NEGATIVE,3
10709,@usuario_76335c25,,Como me gusta mirarle la cara al que llego del baño después de tomar una raya,,false,,,,,,NEGATIVE,3
10710,@usuario_1a717960,,Me da un poco de ternura que crean que alguien mayor a 50 se pueda tomar una raya de merca sin mayor consecuencia,,false,,,,,,NEGATIVE,3
10711,@usuario_7d34cff9,,"El discurso de Mauricio lo escribio Duran Barba en mexico luego de darse 3 tequilazos 3 mezcalazos comer el gusanito y tomar una raya larga de merca, si no, no hay explicación de todo lo que esta diciendo",,false,,,,,,NEGATIVE,3
10712,@usuario_63a946d6,,"Segun terapeuta: ""dos horas jugando a un videojuego es equivalente a tomar una raya de cocaína..."" - http://bit.ly/aoZDPx #Panama",,false,,,,,,NEGATIVE,3
10713,@usuario_de6c8568,,Pasar dos horas jugando a un videojuego es equivalente a tomar una raya de cocaína en cuanto a la excitación queproduce http://bit.ly/c4z0zq,,false,,,,,,NEGATIVE,3
10714,@usuario_f04c1ebe,,Estamos flipando. 4 tipos se acaban de hacer y tomar una raya en una mesa del McDonalds delante de un montón de niños,,false,,,,,,NEGATIVE,3
10715,@usuario_460ebb04,,Legalmente quiero tomar una raya de tequila y estare mejor #cosasquepasan,,false,,,,,,NEGATIVE,3
10716,@usuario_003773e4,,Según esta profesora antes de estudiar tomar una raya de whisky relaja la mente.. El problema es parar jajaja,,false,,,,,,NEGATIVE,3
10717,@usuario_8aabd81f,,"quiero saber el pensamiento de algunas cuando estan por tomar una raya de tequila, sera que saben que van a ser burla despues de eso ?",,false,,,,,,NEGATIVE,3
10718,@usuario_8f6c64db,,Le ves la cara a Abal Medina y sentís que siempre se puede tomar una raya más.,,false,,,,,,NEGATIVE,3
10719,@usuario_3c73ad77,,Especial este clima para tomar una raya de whisky ... toma 2 .... toma 3 ... toma 4 ... toma toda la botella ...,,false,,,,,,NEGATIVE,3
10720,@usuario_dea17251,,Sentarte y escuchar Silvio Rodriguez es lo mismo que encender un cigarro y tomar una raya de wisky.. Muerooo!!,,false,,,,,,NEGATIVE,3
10721,@usuario_a8134f4c,,Y me levante otra vez a fumar y tomar una raya de whisky.,,false,,,,,,NEGATIVE,3
10722,@usuario_1f5d08e1,,Me quiero tomar una raya de olor a lluvia.,,false,,,,,,NEGATIVE,3
10723,@usuario_ab8b1d11,,#torresyreyes7... Los famosos de van a tomar una raya de coca buena y vuelven estéticos estericos y puestos a contar su último déficit,,false,,,,,,NEGATIVE,3
10724,@usuario_16205d9c,,"Me voy a tomar una raya de budín, ya foee",,false,,,,,,NEGATIVE,3
10725,@usuario_3db14003,,"No veo el momento de tener mi titulo, mi propio consultorio con mucho laburo, llegar a mi casa estar con el amor de mi vida y tomar una raya de Jack Daniel’s 😍💕 soñar no cuesta nada dicen",,false,,,,,,NEGATIVE,3
10726,@usuario_370793b3,,En vez de tomar mis vitaminas y dormir decidí tomar una raya de whisky e intentar unos acordes. El placer de las cosas sencillas he'i Epicuro.,,false,,,,,,NEGATIVE,3
10727,@usuario_a8fb8a00,,Tipico que el viejo venga a tomar una raya de whisky en la cafeteria y yo que pensaba que la gente venia a tomar cafe.,,false,,,,,,NEGATIVE,3
10728,@usuario_f5fd1f6c,,Me voy a tomar una raya de tequila por cada recuerdo tuyo para ver si así no se me desangra el alma,,false,,,,,,NEGATIVE,3
10729,@usuario_5e74a3a4,,El veedor se fue a tomar una raya y vino,,false,,,,,,NEGATIVE,3
10730,@usuario_d7aed3f5,,.- el tachero se acaba de tomar una raya. el que toma y no convida tiene un sapo en la barriga ahré,,false,,,,,,NEGATIVE,3
10731,@usuario_5a867799,,"Me acabo de tomar una raya de ""TUITS CON CANCIONES DE ROMBAI"" que me dejó como UN FRASCO.",,false,,,,,,NEGATIVE,3
10732,@usuario_036db867,,hay gente que se toma un café después de la cena? no te querés tomar una raya de merca también?,,false,,,,,,NEGATIVE,3
10733,@usuario_fca91546,,"No lo interprete como que se haya ido a tomar una raya, sino como un desprecio. O tal vez se fue a lavar la cara para despabilarse un poco de los nervios.",,true,,,,,,NEGATIVE,3
10734,@usuario_05e25acf,,"Todo empieza con la nocilla, luego en las bodas te invitan a un puro y vino y en el lavabo a tomar una raya de coca y a fumarte un porro y de ahí a ser un yonki. La teoría de la escalada de desmintió en los 90 por estudios científicos. #QuienEducaAdictos",,true,,,,,,NEGATIVE,3
10735,@usuario_4baf7755,,La mujer que comete el accidente por imprudencia la dan un abrazo por parte de la madre de la víctima después de tomar una raya de coca !!!,,true,,,,,,NEGATIVE,3
10736,@usuario_0e158945,,"Coincido porque la cocaína genera adicción y dependencia de una manera mucho más rápida. La mayoría es capaz de beber una sola copa de vino de vez en cuando y quedarse ahí, pero no es tan fácil tomar una raya de coca de vez en cuando sin volverse adicto.",,true,,,,,,NEGATIVE,3
10737,@usuario_fc4773ab,,Había que tirarse al piso pa tomar una raya y así nació el worm dance,,true,,,,,,NEGATIVE,3
10738,@usuario_301ad83a,,"Y de paso que te digan donde tomar una raya de coca, que es lo que te gusta. Paraásito",,true,,,,,,NEGATIVE,3
10739,@usuario_11ba4747,,"Hoy después de muchos años desde que dejé me dieron muchas ganas de fumar un pucho.

Bueno y ya que estamos tomar una raya también...",,false,,,,,,POSITIVE,3
10742,@usuario_4ab43595,,Me voy a tomar una raya de merca cada vez que entre a Twitter a ver si asi siento que alguien me sigue ...,,false,,,,,,POSITIVE,3
10743,@usuario_f6cb9bc0,,como andai?  Uacho cuando vamo a tomar una raya,,true,,,,,,POSITIVE,3
10744,@usuario_c3363e57,,Hoy me voy a tomar una raya de k y un whisky y voy a ser feliz en la libertad de Uruguay,,false,,,,,,POSITIVE,3
10745,@usuario_32fa77d5,,Estoy tan contento que me voy a tomar una raya de md.,,false,,,,,,POSITIVE,3
10746,@usuario_b45c4acd,,"""si queres vamos a fumar unas florcitas y tomar una raya"".. Me quiero ir, NECESITO irme",,false,,,,,,POSITIVE,3
10747,@usuario_e0beecb6,,Me voy a tomar una raya para bajar un poco.,,false,,,,,,POSITIVE,3
10748,@usuario_303bbb4f,,Hoy ta pa tomar una raya de la que dejo en coma a Cerati,,false,,,,,,POSITIVE,3
10749,@usuario_f1801dca,,El día que te puedas peinar y tomar una raya de tu propia pala veni a darme lecciones de vida rancio chupasangre,,false,,,,,,POSITIVE,3
10750,@usuario_f2e2b06e,,"joder

que buenas tetas

con todo respeto
estan para tomar una raya de merca encima de ellas",,false,,,,,,POSITIVE,3
10751,@usuario_246a2d49,,otro día sin tomar una raya de merca en el culo de un trava 😔,,false,,,,,,POSITIVE,3
10752,@usuario_d97b4b60,,Yo el finde quiero tomar una raya por el diego x la mierda y que el lunes se arranque una nueva sociedad Argentina,,false,,,,,,POSITIVE,3
10753,@usuario_284e8cb6,,Unas ganas de tomar una raya pero pienso en mi psicóloga y deja pobre tipa,,false,,,,,,POSITIVE,3
10754,@usuario_a4e3a7ce,,"Seguro no tenes ni 30 años, que pensas que eso es libertad por fumar un porro o tomar una raya, pero sabe que está todo planeado para control de masas..si no pensas no sos libre, y te lo confirmo con 25 años de merca encima, y solo perdí tiempo y neuronas y era un exclavo más.",,false,,,,,,POSITIVE,3
10755,@usuario_39a7933c,,"trabajo todo el día, como no voy a poder darme el lujo de tomar una raya",,false,,,,,,POSITIVE,3
10756,@usuario_ad1861f2,,Quiero tomar una raya de ese culo 🥲,,false,,,,,,POSITIVE,3
10757,@usuario_f1a1ffdd,,"yo no puedo creer que tengan 20 años y digan:

-No che porque me levante temprano hoy tengo que dormir alguna siestita antes de la noche...

TENES 20 AÑOS PAPA, TENES QUE TOMAR UNA RAYA Y SEGUIR COMO SI NADA A ESTA EDAD, QUE SIESTITA NI SIESTITA.
QUERES IR A ANSES TAMBIEN?????",,false,,,,,,POSITIVE,3
10758,@usuario_0f6f20d7,,Para colmo escuchar las charlas recapacitadoras de mi vieja y mi hno. Entiendo q me quieren. Pero a mí quien carajo me entiende? Me voy a tomar una raya,,false,,,,,,POSITIVE,3
10759,@usuario_c9359e61,,"No pido mucho. Una mujer piola, comprensiva, compañera y que me deje tomar una raya de sus nalgas.",,false,,,,,,POSITIVE,3
10760,@usuario_b39cac38,,esta para tomar una raya en esa raya?,,false,,,,,,POSITIVE,3
10761,@usuario_88d64dd3,,Me kiero tomar una raya en esa cola,,false,,,,,,POSITIVE,3
10762,@usuario_3659e1a2,,Se hacen todas las drogadictas y ninguna se deja tomar una raya en sus tetas,,false,,,,,,POSITIVE,3
10763,@usuario_80b785c2,,"Si Calamaro me invita a tomar una raya 
yo me tomo esa raya",,false,,,,,,POSITIVE,3
10764,@usuario_793d312c,,"Me encanta decir q voy a hacer algo para ""cortar la semana"" me voy a tomar una raya de merca para cortar la semana",,false,,,,,,POSITIVE,3
10765,@usuario_0640c2f0,,"tomé un café tan fuerte, que para bajar me tuve que tomar una raya",,false,,,,,,POSITIVE,3
10766,@usuario_5bfec4ef,,San berchii @usuario_c8f0eb03 veni al patio vamos a tomar una raya maaaaass,,false,,,,,,POSITIVE,3
10767,@usuario_19bdf1d1,,Me acabo de tomar una raya y se me acaba de ocurrir fundar una productora...,,false,,,,,,POSITIVE,3
10768,@usuario_977cfe74,,A tomar a tomar una raya de merca,,false,,,,,,POSITIVE,3
10769,@usuario_e0beecb6,,Me acabo de tomar una raya de un gramo para bajar un poco.,,false,,,,,,POSITIVE,3
10770,@usuario_6b331dfe,,Vamos a tomar una raya amigo ya fue,,false,,,,,,POSITIVE,3
10771,@usuario_24ba7931,,"Y si no me hubiesen ofrecido coca en Nochebuena, que fui GILIPOLLAS por tomar una raya. Ahora llevaría un año sin tomar ninguna droga.",,false,,,,,,POSITIVE,3
10772,@usuario_74eb6d8c,,unas ganas de tomar una raya de merca,,false,,,,,,POSITIVE,3
10773,@usuario_b857793a,,y tomar una raya de coca,,false,@usuario_1e9573e6,,Esta el día perfecto pa estar en una terrazita al fresquito leyendo un fizquito y con una copita vino blanco.,,false,POSITIVE,3
10774,@usuario_82f39faf,,@usuario_82f39faf me tengo q tomar una raya todos los dias pa aguantar todo el dia,,true,,,,,,POSITIVE,3
10775,@usuario_878b111b,,"Fumo porro, palabras más palabras menos, desde que tengo 16. Y con intermitencia y períodos en los que no. Nunca se me hubiese ocurrido tomar una raya de la mogólica. Le tengo TERROR.",,true,,,,,,POSITIVE,3
10776,@usuario_f5ea06f0,,Vamos a tomar una raya,,true,,,,,,POSITIVE,3
10777,@usuario_85c3869f,,deja de tomar merca por favor,,false,,,,,,NEGATIVE,4
10778,@usuario_6ed37cec,,@usuario_94ea797a deja de tomar merca q te va a matar!,,true,,,,,,NEGATIVE,4
10779,@usuario_34bedf3e,,Wally deja de tomar merca.,,false,,,,,,NEGATIVE,4
10780,@usuario_2c29a4c8,,Uno me dice.. Queres tomar merca?. JAJAJA Pobre ni un foco,,false,,,,,,NEGATIVE,4
10781,@usuario_1483c218,,Iripino... cuando vayas a cantar en vivo un domingo tratá de no tomar merca el sábado porque se nota en tu voz.,,false,,,,,,NEGATIVE,4
10782,@usuario_e7c08757,,"A Charly Garcia le deberian dejar tomar merca el dia anterior y el mismo dia del recital, sino el show no tiene gracia...",,false,,,,,,NEGATIVE,4
10783,@usuario_2d619c6b,,"che....no es muy temprano para que ""roberto"" este así de duro? cuchame, es drogadicto, no tiene horarios para tomar merca",,false,,,,,,NEGATIVE,4
10784,@usuario_b16e9a63,,es un chasco.....como van a tomar merca asi sin esconderce...Una cosa es q entre diego y se las de y otra muy  distinta es este video,,false,,,,,,NEGATIVE,4
10785,@usuario_e922feb7,,"Voy a tener que empezar a tomar merca, no puede ser que me duerma como los viejos en el sillón.",,false,,,,,,NEGATIVE,4
10786,@usuario_c73a88be,,"@usuario_dab1784e mirá, encontré untema de los Jovenes Pordioseros que no habla de tomar merca. Ah, a ver...Pará, ah, no, sorry, ahí dijo nariz.",,false,,,,,,NEGATIVE,4
10787,@usuario_1a5370e3,,"Desde ayer estoy sin luz. Es más fácil dejar de tomar merca que de usar energía eléctrica. Sufro abstinencia de TV, PC, Play y heladera.",,false,,,,,,NEGATIVE,4
10788,@usuario_671d25b7,,"Si Cerati en vez de tomar merca, fumaba faso, eso no le pasaba",,false,,,,,,NEGATIVE,4
10789,@usuario_cd2155c3,,La gente que esta hablando con una y se da media vuelta para tomar merca. #Asco,,false,,,,,,NEGATIVE,4
10790,@usuario_8f59ef16,,Cómo hará Voldemort para tomar merca?,,false,,,,,,NEGATIVE,4
10791,@usuario_419efc18,,"Contepomi, colaboracionista, aprende a patear o anda a tomar merca con tu hermano.",,false,,,,,,NEGATIVE,4
10792,@usuario_b7f83c5d,,"@usuario_9f68101d es q es verdad boludo, ahora se ve q se puso de moda tomar merca o los chetos siempre tomaron merca? No tomaban extasis? XD",,false,,,,,,NEGATIVE,4
10793,@usuario_914cb585,,"Cuando Messi empiece a tomar merca hablamos, pelotudos.",,false,,,,,,NEGATIVE,4
10794,@usuario_c5cd9d0e,,Voy a comenzar a eliminar cada inútil que se haga la fama en facebook por fumar o tomar merca. Cretinos de mierda.,,false,,,,,,NEGATIVE,4
10795,@usuario_ace9967d,,Jazmín eligió como morir y vivió en sus 27 años mucho más de lo que van a vivir los que la condenan por tomar merca.,,false,,,,,,NEGATIVE,4
10796,@usuario_9b2f1cac,,"Se habrán apostado algo con Chávez a ver quién hablaba más tiempo sin tomar merca, y sin que se note?",,false,,,,,,NEGATIVE,4
10797,@usuario_5ddc6148,,Es mas barato tomar merca que tomarse un taxi.,,false,,,,,,NEGATIVE,4
10798,@usuario_d9cfd143,,"@usuario_fdb7c4fb vestite bien mañana... vamos a bailar, no a tomar merca a una casa abandonada",,false,,,,,,NEGATIVE,4
10799,@usuario_23395d4d,,"@usuario_1e0fedda si me decían que tomar merca todos los días te garantizaba un sueldazo, tampoco lo creía.",,false,,,,,,NEGATIVE,4
10800,@usuario_36a9dadc,,"una vedette acusó a otra vedette de que es prostituta, la vedette acusada de prostituta respondió acusando a la primera de tomar merca",,false,,,,,,NEGATIVE,4
10801,@usuario_8ab27fbf,,"No es muy temprano para que Roberto esté así de duro? Es drogadicto, no tiene horarios para tomar merca",,false,,,,,,NEGATIVE,4
10802,@usuario_8d39444d,,"Una vez un conocido estando borracho me dijo toda la noche que me vio tomar merca, o sea, really?? ebrios...",,false,,,,,,NEGATIVE,4
10803,@usuario_665aa939,,"Y ojala que si llegas a tomar merca este finde, te caguen y sea ibuprofeno pisado.",,false,,,,,,NEGATIVE,4
10804,@usuario_18d5d65e,,"La morocha de la platea de Madrid hace gesto de tomar merca. ESPN, cuidemos el mensaje.",,false,,,,,,NEGATIVE,4
10805,@usuario_53068620,,"Estoy tan resfriado que, en el caso de que quisiera, no podría tomar merca.",,false,,,,,,NEGATIVE,4
10806,@usuario_cd83e805,,Los que toman merca en serio no lo gritan como si tomar merca y estar duro fuera to orgullo.,,false,,,,,,NEGATIVE,4
10807,@usuario_4a04dcaa,,Me voy a dejar la uña larga para tomar merca :D Bue (?,,false,,,,,,NEGATIVE,4
10808,@usuario_2cfe09ec,,jajaja que cago de risa cuando el viernes caliva dijo adelante de la profe que tenia ganas de tomar merca jajaja,,false,,,,,,NEGATIVE,4
10809,@usuario_ba24a10a,,Calamaro se queda con esa novia porque lo deja tomar merca.,,false,,,,,,NEGATIVE,4
10810,@usuario_a5e907c8,,"Podría tomar merca, irme de putas que siempre voy a ser una niña para mis papas.",,false,,,,,,NEGATIVE,4
10811,@usuario_712acb29,,@usuario_6fe4ca84 re drogon el pity .. Lo vi en vivo .. Ke manera de tomar merca ke tiene el chabon,,false,,,,,,NEGATIVE,4
10812,@usuario_b85f601c,,@usuario_ecd5167a jaja si puede ser!! Imaginate las cosas que habra pedido el gordo!! Inodoro de oro! Plato para tomar merca de cristal jaja,,false,,,,,,NEGATIVE,4
10813,@usuario_2ba3e52e,,"si te invito a tomar merca y champagne venis? — no tomo merca, champagne si http://",,false,,,,,,NEGATIVE,4
10814,@usuario_08b37c8f,,se piensa que es mas piola por tomar merca,,false,,,,,,NEGATIVE,4
10815,@usuario_2fab24b2,,"Mis tías le dicen ""pala"" a la espátula de la torta, creí que iban a tomar merca. Nunca se sabe.",,false,,,,,,NEGATIVE,4
10816,@usuario_eb266322,,"Odio cuando las canciones dicen ""toma toma"" se piensan que es de tomar alcohol y en realidad es de tomar merca. PRINCIPIANTES .",,false,,,,,,NEGATIVE,4
10817,@usuario_4550cad3,,"Debería tomar merca en sueños mas seguido, me levanto energizada!",,false,,,,,,NEGATIVE,4
10818,@usuario_86ff1bf9,,El especial de THC es buenísimo: están explicando las mejores formas de tomar merca con disimulo. Parece un programa instructivo.,,false,,,,,,NEGATIVE,4
10819,@usuario_eb81977c,,"Creo que nadie nunca dijo  ""yo voy a tomar merca de grande""",,false,,,,,,NEGATIVE,4
10820,@usuario_04f61861,,Escuchar un album de The Hives es lo mas parecido a tomar merca en una montaña rusa.,,false,,,,,,NEGATIVE,4
10821,@usuario_5a867799,,"A este paso voy a terminar usando la tarjeta del cajero solo para tomar merca, igual no tomo merca, era solo para hacerme el crá.",,false,,,,,,NEGATIVE,4
10822,@usuario_6405ca0e,,Tambien estan esos negros que creen que tienen estatus por dejar el porro y tomar merca.,,false,,,,,,NEGATIVE,4
10823,@usuario_2238732f,,El año que viene se pone de moda tomar merca,,false,,,,,,NEGATIVE,4
10824,@usuario_3a3fc24a,,"Che contame te sentis capo por tomar merca? Digo, se lo decís a todo el mundo. Pobre gente que lastima me dan e",,false,,,,,,NEGATIVE,4
10825,@usuario_ae08a57f,,La revista Caras te trae los canutos de tomar merca de los famosos. Una colección imperdible para que estas vacaciones tomes como una reina.,,false,,,,,,NEGATIVE,4
10826,@usuario_ec3dd573,,#FumarEsMaloPero Tomar merca es peor. ah,,false,,,,,,NEGATIVE,4
10827,@usuario_4c8e72dc,,"Che amiga, si si vos, tomar merca no te hace mas piola eh! La unica que se perjudica sos vos, no quieras llamar la atencion con pelotudeces.",,false,,,,,,NEGATIVE,4
10828,@usuario_539ed91c,,"quiero ver una peli como la gente, toy viendo a unos desgraciados tomar merca... que emboleee",,false,,,,,,NEGATIVE,4
10829,@usuario_9e598e55,,Eso pasa cuando le dejan tomar merca al cantante antes que suba al escenario,,false,,,,,,NEGATIVE,4
10830,@usuario_b680b4ef,,"No podría tomar merca porque cuando me tomo un pocillo de café me agarra taquicardia, vértigo y la paso como el orto. #malviaje",,false,,,,,,NEGATIVE,4
10831,@usuario_f222b50b,,#EnWildeAprendi a tomar merca ah JAJAAJAJAJAJAJAAJ,,false,,,,,,NEGATIVE,4
10832,@usuario_7dedde59,,te pensas que esta bien visto tomar merca? pelotudo,,false,,,,,,NEGATIVE,4
10833,@usuario_25ddb14f,,En este salon no se puede tomar merca,,false,,,,,,NEGATIVE,4
10834,@usuario_96b750d6,,Estos pibitos deben tomar merca patean mas fuerte que yo y son infantiles :|,,false,,,,,,NEGATIVE,4
10835,@usuario_2d992621,,"Preso de la frustración, el inefable Luisito D'Elia acusa a Lanata de ""tomar merca"". El subsuelo argumentativo. La derrota discursiva.",,false,,,,,,NEGATIVE,4
10836,@usuario_13b2a3dc,,avos te parece conducir a las drogas a otras personas? no todos tienen que tomar merca como vos,,false,,,,,,NEGATIVE,4
10837,@usuario_e0823ff9,,"si sigo viendo q cada vez mas gente cercana a mi empieza a tomar merca voy a tener q llorar, x dios no es un juego rescatense😭",,false,,,,,,NEGATIVE,4
10839,@usuario_9be48870,,para que tomar merca si puedo tomar malas decisiones~,,false,,,,,,NEGATIVE,4
10840,@usuario_665e990c,,"Me regalaron un collar super lindo con decoración oriental, y resulta que es para tomar merca.",,false,,,,,,NEGATIVE,4
10841,@usuario_cff8e105,,No puedo parar de tomar aguaaaaa. Igual mejor tomar agua que tomar merca nocierto??,,false,,,,,,NEGATIVE,4
10842,@usuario_cdccf07e,,"recien habia un auto parado afuera de mi casa y cuando salimos con mi papá a ver quien era, habia estacionado para tomar merca, q lindo barrio",,false,,,,,,NEGATIVE,4
10843,@usuario_365c3c9d,,En qué momento normalizaron tomar merca ???? https://,,false,,,,,,NEGATIVE,4
10844,@usuario_fc383935,,Me preocupa que estén diciendo que Tini es súper flaquita por la merca pq van a salir todas las pibitas a tomar merca es real pero no es el caminooo,,false,,,,,,NEGATIVE,4
10845,@usuario_99c03e0a,,El inglés es muy de tomar merca cada 3-4 meses,,false,,,,,,NEGATIVE,4
10846,@usuario_f6a5f520,,"Que paja ese grupo de amigos"" que por el echo de no juntarte a tomar merca o a hacer giladas sos un ""pollerudo"" 
Yo voy por un 2023 lleno de progreso",,false,,,,,,NEGATIVE,4
10847,@usuario_0b93618a,,ayer me dijeron que tenía pinta de tomar merca,,false,,,,,,NEGATIVE,4
10848,@usuario_5889da80,,"El recuerdo q tengo de mi ""papa"" es de un hombre q jamas hizo nada por mi, que prefiere invitarme a tomar merca antes de darme 1000 pesos para comer. A si q hace un año y algo yo decidi no tener papa porq lo unico q sabe hacer es enrolar billetes para povearce la nariz",,false,,,,,,NEGATIVE,4
10849,@usuario_d122a054,,ahora quieren normalizar tomar merca tambien,https://pbs.twimg.com/media/Fl46QBfWYAIWBB_?format=jpg&name=small,false,@usuario_3f7be03a,,,,false,NEGATIVE,4
10850,@usuario_2abebc3d,,"Terminé mi segundo libro del año y los dos me hicieron pensar en cómo es posible que, por lo general, el sexo es tabú aunque suela ser sinónimo de goce y placer mientras que con cosas de re mierda (onda tomar merca) todos son super abiertos

INENTENDIBLE 🙄",,false,,,,,,NEGATIVE,4
10851,@usuario_acf0ce96,,"Q asco q estén orgullosos de tomar merca culiao, no tienen idea de todo el daño que puede llegar a causar",,false,,,,,,NEGATIVE,4
10852,@usuario_6de74c04,,por un 2024 en el que dejen de tomar merca,,false,,,,,,NEGATIVE,4
10853,@usuario_aef9e68c,,"No, no me quiero juntar con vos a verte tomar merca",,false,,,,,,NEGATIVE,4
10854,@usuario_6b6249c9,,como olvidar cuando invite uno a mi casa y se puso a tomar merca en el baño y encima me lo negaba y tenía la nariz blanca y los ojos como un búho aaaaaaaaaaa no si yo tengo un imán de faloperos,,false,,,,,,NEGATIVE,4
10855,@usuario_3049df7e,,tomar merca te pasa factura,,true,,,,,,NEGATIVE,4
10856,@usuario_f027e534,,No sabia que era tan común o socialmente aceptable tomar merca😳,,true,,,,,,NEGATIVE,4
10857,@usuario_511d101b,,"Estamos entre los países más consumidores de cocaina en el mundo. Legalizamos marihuana y ahora esta legisladora da recomendaciones a la hora de tomar merca.Precioso todo..!!! NUNCA INCENTIVAR EL DEPORTE, LA EDUCACIÓN, LOS VALORES, EL ARTE, LA MÚSICA, etc. Indignante. Pobre país.",https://pbs.twimg.com/media/GDbzNN6W8AAfiYh?format=jpg&name=small,false,,,,,,NEGATIVE,4
10858,@usuario_9e5d2782,,"Lo peor es que es verdad, empastillarse y tomar merca se volvió normal",,false,@usuario_5dd884c1,,Tan todos pa la droga ahora todos fuman faso le dan a todas las mierdas que futuro hay quedamos pocos sanos,,false,NEGATIVE,4
10859,@usuario_fab33d54,,Que asco tomar merca menos mal que siempre me quise muchísimo como para meterme ahí.,,false,,,,,,NEGATIVE,4
10860,@usuario_4616f344,,"Hay muchísima gente que fue al recital del indio solo para tomar merca en exceso o consumir otros estupefacientes, no les gusta el indio",,false,,,,,,NEGATIVE,4
10861,@usuario_7d43e6d6,,"Ahora le dan mas cabida a tomar merca, fumar faso y caer escabiado.
Sin saber que en estos recitales multitudinarios, joden a terceros.",,false,,,,,,NEGATIVE,4
10862,@usuario_7f3c72ca,,al frente de mi casa un tipo se pelea con otro en el auto porque uno quiere tomar merca y el otro no lo deja,,false,,,,,,NEGATIVE,4
10863,@usuario_ccce7493,,Seguir a Rial en Twitter es como tomar merca de la muy mala. Mamita.,,false,,,,,,NEGATIVE,4
10864,@usuario_00b025e5,,"y alguien dijo: ""tengo que tomar merca... mucha merca""",,false,,,,,,NEGATIVE,4
10865,@usuario_4f3397ac,,"Muy bien canal 2 que cada semana enseña paso a paso cómo convertirse en delincuente, fumar paco y tomar merca con una moneda.",,false,,,,,,NEGATIVE,4
10866,@usuario_830bb557,,si el Diego vuelve a dirigir la selección  q vuelva a tomar merca así nos divertimos todos jajaj,,false,,,,,,NEGATIVE,4
11151,@usuario_467d6b8a,,Necesito Éxtasis o LSD,,false,,,,,,POSITIVE,7
10867,@usuario_f9866a0e,,@usuario_2045c49c...pachano se hace el linpio pero tiene la nariz toda rota de tanto tomar merca con moria en las fiestas electronicas,,false,,,,,,NEGATIVE,4
10868,@usuario_0ae4b2b7,,Hasta hace un tiempo la moda en Facebook era encontrarse a tomar merca con los ex compañeros de la primaria. Ahora ya pasó la novedad.,,false,,,,,,NEGATIVE,4
10869,@usuario_b8643ece,,En wikipedia figuran como costumbres frecuentes de los franceses: no bañarse y tomar merca.,,false,,,,,,NEGATIVE,4
10870,@usuario_a65dd654,,Ahora todos los vergas de los famosos fueron a la Creamfields!! Dejame de joder fueron a tomar merca nada mas!! Jaja,,false,,,,,,NEGATIVE,4
10871,@usuario_fb2e8078,,"Mi ex me esta contando que empezó a tomar merca, lo que le faltaba al Psycho ese.",,false,,,,,,NEGATIVE,4
10872,@usuario_833858e3,,Hay gente que no tiene verguenza de nada eh... Un cliente se me puso a tomar merca adelante mio,,false,,,,,,NEGATIVE,4
10873,@usuario_c66aa48e,,"""Resulta, que había un carpintero al que le encantaba tomar merca"" La idea original era esa pero los directivos no la aprobaron.",,false,,,,,,NEGATIVE,4
10874,@usuario_fb046a57,,Hoy me acordé de la recepcionista del Gym Palace de Nazca y Gaona que se encerraba en el baño a tomar merca.,,false,,,,,,NEGATIVE,4
10875,@usuario_26bbfe5c,,Tengo un ex compañero de la primaria via msn tratando de convencerme de tomar merca y colarme pepas,,false,,,,,,NEGATIVE,4
10876,@usuario_c0fb0981,,"Tengo una amiga q cada vez q ve algo sobre tomar merca de un culo, me lo manda. Yo no sé en q momento dejo de verme como persona y empezó a ver mi ogt como mesita ratona de adictos. Calmate lokaaaaa",,false,,,,,,NEGATIVE,4
10877,@usuario_ef2540cc,,"Si querés tomar merca, toma, tomatela toda, consumi todo lo que vos quieras, pero que no te consuma ella a vos, y sali a laburar para pagar tus vicios, no salgas a robar.",,false,,,,,,NEGATIVE,4
10878,@usuario_22be9338,,Estuve despierta como 24 hs de corrido para mi que vengan mis amigos es como tomar merca de la energía que tengo ahre que ellos si dormían,,false,,,,,,NEGATIVE,4
10879,@usuario_cd410b45,,No se por qué actúan que se están meando para pedirme el baño si todos sabemos que se meten a tomar merca,,false,,,,,,NEGATIVE,4
10880,@usuario_9e689b0f,,"Tener la posibilidad de salir a la hora que quieras en la universidad es peor que tomar merca, cuando no te das cuenta ya estas hasta las manos",,false,,,,,,NEGATIVE,4
10881,@usuario_7d152ba1,,Vestirse de blanco en año nuevo es mas noventoso que tomar merca.,,false,,,,,,NEGATIVE,4
10882,@usuario_9a6307ea,,Esto ya lo conte pero una chica una vez me dijo mirame la nena un segundo y paso a tomar merca a un baño,,false,,,,,,NEGATIVE,4
10883,@usuario_36cf302d,,"No normalicen tomar merca por favor, es una droga tan de mierda",,false,,,,,,NEGATIVE,4
10884,@usuario_c278ee45,,"Yo que vos dejaría de tomar merca porque por lo visto te quemó toda la cabeza. Ah no cierto, no debería hablar de eso jaja",,false,,,,,,NEGATIVE,4
10885,@usuario_eaaa5a6c,,Tan gil tenes q ser para darle de tomar merca a una pendeja?,,false,,,,,,NEGATIVE,4
10886,@usuario_1d7a4bb3,,Deja de tomar merca loco,,false,,,,,,NEGATIVE,4
10887,@usuario_c29c09d0,,Tuve un sueño tan bizarro que hasta me cortaba el pecho solo para tomar merca,,false,,,,,,NEGATIVE,4
10888,@usuario_c204cb4b,,Qué tan miserable tenés que ser para tomar merca y amamantar? Drogate si querés pero no le des la teta a tu hija por favooorrrrr,,false,,,,,,NEGATIVE,4
10889,@usuario_c1301ca6,,"@usuario_e931c6e5 loco sos un gato, me acuerdo cuando nos juntabamos en lo de la isa a tomar merca, ya ni te juntas con nosotros bigote",,false,,,,,,POSITIVE,4
10890,@usuario_f9a4fc11,,Nos pregunta la de catequesis si la pasamos bien el dia de la confimacion.. y le dije que si xq dsps fuimos a tomar merca con los pi,,false,,,,,,POSITIVE,4
10891,@usuario_a68b4bc4,,Tengo ganas de tomar Snaples de durazno y tomar merca!,,false,,,,,,POSITIVE,4
10892,@usuario_76d42fd7,,"@usuario_645ecc3d @usuario_a9a0e454 Bueno, hay gente que es adicta al paco. Pero que quisiera tomar merca. En cualquier caso #TodoEsFalopa.",,false,,,,,,POSITIVE,4
10893,@usuario_2a8412bb,,hay q empezar a tomar merca,,false,,,,,,POSITIVE,4
10894,@usuario_2a980a97,,Y me voy con Mike a tomar merca. Ta mañana!,,false,,,,,,POSITIVE,4
10895,@usuario_446a97bf,,"Con los pibes nos pusimos a tomar merca en las narices del director. Muy duro, ese hombre nos expulsó para siempre.",,false,,,,,,POSITIVE,4
10896,@usuario_ae924631,,Voy a tener que empezar a tomar merca para poder llegar a rendir algo.,,false,,,,,,POSITIVE,4
10897,@usuario_a11448e2,,"Cuando me enteré del procedimiento, dejé de tomar merca. Me dio asco",,false,,,,,,POSITIVE,4
10898,@usuario_6232c1e1,,Me voy a tomar merca al baño del laburo. #ListoLoDije,,false,,,,,,POSITIVE,4
10899,@usuario_b084afbb,,"Lo bueno de tuiter es que para aguantar toda la noche empece a tomar MERCA y para bajar Fumo FASO. Borracho no, por que ya era de antes!!",,false,,,,,,POSITIVE,4
10900,@usuario_0d7db62c,,#SoyDeLaGeneracion en la que tomar merca estaba bien visto. RT si tomas merca rica,,false,,,,,,POSITIVE,4
10901,@usuario_79ea630d,,y si empiezo a tomar merca?,,false,,,,,,POSITIVE,4
10902,@usuario_2193baf8,,"Vine a casa @usuario_334ec754 pa' tomar merca,asi se van los problemas.",,false,,,,,,POSITIVE,4
10903,@usuario_0c3af237,,A los 20 años me metía a tomar merca en aulas vacías y grababa como aspiraba con un grabador que había comprado para grabar las clases.,,false,,,,,,POSITIVE,4
10904,@usuario_fcccd8fd,,"Tomar merca, eso es lo que va",,false,,,,,,POSITIVE,4
10905,@usuario_e677db6a,,"Que ganas de tomar merca, soplar la bolsa, bajarlo con vodka y Rivotril nocierto?",,false,,,,,,POSITIVE,4
10906,@usuario_a9858f18,,"Me voy a tomar merca y whisky, adios",,false,,,,,,POSITIVE,4
10907,@usuario_2a9f5ac5,,Ya quiero tomar Merca con mi novio :),,false,,,,,,POSITIVE,4
10908,@usuario_ca5db63d,,"#LaNocheEsPara tomar merca, merluza, ricarda",,false,,,,,,POSITIVE,4
10909,@usuario_79050b1c,,Voy a tomar merca marca #ACME,,false,,,,,,POSITIVE,4
10910,@usuario_6930720e,,La publicidad del Vino Toro me da ganas de tomar merca.,,false,,,,,,POSITIVE,4
10911,@usuario_530c4f69,,"Quiero ingresar a la policía para tomar merca y flashearla con acción callejera. Yeahh,",,false,,,,,,POSITIVE,4
10912,@usuario_5ac1e710,,"unas ganas de tomar merca, are.",,false,,,,,,POSITIVE,4
10913,@usuario_e5d491e1,,Como me gusta la tabla de reinol como me gusta el porro y el alcohol como me gusta tomar merca hasta la madrugada,,false,,,,,,POSITIVE,4
10914,@usuario_093102f8,,"cuando jugabamos en el mismo club me invitaba a la casa a jugar a la play, ahora me invita al sargento y a tomar merca, como cambio..",,false,,,,,,POSITIVE,4
10915,@usuario_6909168f,,Tomar merca es como un energisante! M iria corriendo a lujan,,false,,,,,,POSITIVE,4
10916,@usuario_8f77aead,,"No me pidas que te acompañe al baño si no es para invitarme a tomar merca . Osea , no te voy a acompañar para una boludes .",,false,,,,,,POSITIVE,4
10917,@usuario_7b85d05b,,"Tengo miedo a no sobrevivir esta noche, mezcla de angustia con ganas de tomar merca.",,false,,,,,,POSITIVE,4
10918,@usuario_6d627859,,"Vente a mis 15 ya, vamos a tomar merca",,false,,,,,,POSITIVE,4
10919,@usuario_369056a9,,Tengo que empezar a tomar merca,,false,,,,,,POSITIVE,4
10920,@usuario_de9eb319,,"estamos buscando  una chica para cuarteto,( 2 hom, 2 muj) qe se deje tomar merca encima y bla, chiflame cualqier cosa ;)",,false,,,,,,POSITIVE,4
10921,@usuario_871670fc,,VAMO A TOMAR MERCA,,false,,,,,,POSITIVE,4
10922,@usuario_79f31ec4,,Quiero tomar merca,,false,,,,,,POSITIVE,4
10923,@usuario_36a9dadc,,"ayer, hoy y siempre, el mejor remedio para una ruptura amorosa es tomar merca del pene de un travesti",,false,,,,,,POSITIVE,4
10924,@usuario_e907fb49,,"En la Nochebuena del 90, nos turnábamos con mi novia para ir a tomar merca al baño. Después de brindar, aturdidos, salimos a andar en bici.",,false,,,,,,POSITIVE,4
10925,@usuario_82d0a124,,#EstasVacaciones voy a tomar merca hasta quedarme sin nariz,,false,,,,,,POSITIVE,4
10926,@usuario_04c64d34,,voy a tomar merca y mirar la foto toda la tarde tirando caras,,false,,,,,,POSITIVE,4
10927,@usuario_1b1f4984,,Hace tanto calor que no veo la hora de llegar a casa y meterme a la bañera. A tomar merca.,,false,,,,,,POSITIVE,4
10928,@usuario_11588121,,Me voy a tomar merca chau.....,,false,,,,,,POSITIVE,4
10929,@usuario_35485524,,"Hay que tomar de la buena, como Rihanna, ella es la prueba de que se puede tomar merca y seguir siendo Diosa. Quiero esa merca, no me jodas.",,false,,,,,,POSITIVE,4
10930,@usuario_e6ab4d55,,Quiero tomar merca al punto de babearme.,,false,,,,,,POSITIVE,4
10931,@usuario_1483c218,,"Cuando hacen referencia a tomar merca, no digan nunca UNA línea, porque NADIE que tome merca se toma UNA sola. Un beso a todo Miami.",,false,,,,,,POSITIVE,4
10932,@usuario_7cdd6222,,A tomar merca con mica :D,,false,,,,,,POSITIVE,4
10933,@usuario_780916dc,,que manera de tomar merca juro que se me parte el naso lo juro,,false,,,,,,POSITIVE,4
10934,@usuario_62ed2722,,que vamos a hacer? vamos a tomar merca,,false,,,,,,POSITIVE,4
10935,@usuario_f62d0f7e,,Esto de tomar merca me perjudica la nariz,,false,,,,,,POSITIVE,4
10936,@usuario_1da09f7d,,"@usuario_efcea033 si pudiera tomar merca en la mesa sin q me echen , lo haria . . .",,false,,,,,,POSITIVE,4
10937,@usuario_3cc8ee0e,,A veces es necesario tomar merca.,,false,,,,,,POSITIVE,4
10938,@usuario_2a1f233e,,Voy a tomar merca,,false,,,,,,POSITIVE,4
10939,@usuario_827129a5,,"Lo más lindo de mi 2019 fue haber entendido que tomar merca me detiene la vida, a pesar de tener ganas de tomar todos los días puedo controlarlo aún cuando me toman en la cara💫",,false,,,,,,POSITIVE,4
10940,@usuario_6341e5f2,,me voy a poner a tomar merca aver si x lo menos eso me deja flako,,false,,,,,,POSITIVE,4
10941,@usuario_15501981,,Tomar merca de un culo fue uno de los puntos mas interesantes de mi adolescencia,,false,,,,,,POSITIVE,4
10942,@usuario_67d304a9,,Lindo día para tomar merca 🥰🥰,,false,,,,,,POSITIVE,4
10943,@usuario_1d2a3470,,Che posta nadie quiere ir a tomar merca a santa????????,,false,,,,,,POSITIVE,4
10944,@usuario_9cd24297,,Estraño esos domingos d tomar merca y ponerme nervioso mirando stranger tings,,false,,,,,,POSITIVE,4
10945,@usuario_2fee3c5f,,que ganas de tomar merca,,false,,,,,,POSITIVE,4
10946,@usuario_7b152524,,Está para tomar merca,,false,,,,,,POSITIVE,4
10947,@usuario_be0c3230,,que ganas de tomar merca,,false,,,,,,POSITIVE,4
10948,@usuario_e0b77962,,Unas ganas de tomar merca tengo. pero lpm nadie me dise que no ee.,,false,,,,,,POSITIVE,4
10949,@usuario_8ab80dcd,,yo quería tomar merca,,false,,,,,,POSITIVE,4
10950,@usuario_137b59fd,,Hora perfecta para tomar merca,,false,,,,,,POSITIVE,4
10951,@usuario_4883f144,,Tomar merca sin limite alguno,,false,@usuario_10f3e46e,,Que hacen cuando están en modo depre?,,false,POSITIVE,4
10952,@usuario_d96c9224,,Unas ganas de tomar merca y jugar a la loba,,false,,,,,,POSITIVE,4
10953,@usuario_76b4e1eb,,donde esta la wacha que me va a prestar la nalga pa tomar merca⛷️⛷️,,false,,,,,,POSITIVE,4
10954,@usuario_f07306b7,,Me la re subió que la gente me diga que estoy más flaco si supieran que es porque arranque a tomar merca,,false,,,,,,POSITIVE,4
10955,@usuario_bb51cdfb,,"Dormí 5 horitas tranquis veo al Arsenal, me morfo un Mantecol y ya estoy para ir a tomar merca a la villa un rato",,false,,,,,,POSITIVE,4
10956,@usuario_d0661535,,1 de enero 4am quiero tomar merca,,false,,,,,,POSITIVE,4
10957,@usuario_aa3cfda2,,Con el perdón de las damas. Hoy voy a tomar merca hasta por el culo,,false,,,,,,POSITIVE,4
10958,@usuario_f9d3fd1e,,Busco trola que sea sumisa que se anime a todo y que me deje tomar merca en su ojete. Manden soli soy timido,,false,,,,,,POSITIVE,4
10959,@usuario_674f7e51,,que ganas de tomar merca loco,,false,,,,,,POSITIVE,4
10960,@usuario_64623aa2,,quiero amigas para tomar merca,,false,,,,,,POSITIVE,4
10961,@usuario_adabcb29,,Vamos a juntarnos a tomar merca,,false,,,,,,POSITIVE,4
10962,@usuario_09a10122,,Aguante tomar merca de estos culotes,,false,,,,,,POSITIVE,4
10963,@usuario_b65abf1c,,Me lastime la nariz de tanto tomar merca,,false,,,,,,POSITIVE,4
10964,@usuario_90cd2442,,"No me puedo dormir, quien me manda a tomar merca berreta un....que dia es hoy?",https://pbs.twimg.com/media/C2_BVjkWIAAzpTC?format=jpg&name=small,false,,,,,,POSITIVE,4
10965,@usuario_7a7a96a6,,"tomar merca no te hace alto drogadicto, no voy a salir a vender a mi perro para ir a comprar q flashean",,false,,,,,,POSITIVE,4
10966,@usuario_fb00f35d,,unas ganas de tomar merca eu,,false,,,,,,POSITIVE,4
10967,@usuario_72919925,,#LosDiasDeLluviaSon para tomar merca solo,,false,,,,,,POSITIVE,4
10968,@usuario_4ee2de51,,tengo mas ganas de tomar merca que Chano,,false,,,,,,POSITIVE,4
10969,@usuario_acb544a2,,Voy a colar pepa tomar merca y ahi de seguro me sienta bien!,,false,,,,,,POSITIVE,4
10971,@usuario_e37d33e8,,#cuandomejubile voy a tomar merca para estar despierto hasta tarde...,,false,,,,,,POSITIVE,4
10972,@usuario_f21cb519,,"Si no tomo merca no me dan ganas de hacer nada, pero si tomo merca me dan ganas de tomar merca. #lepasóaunamigo #medijounamigo",,false,,,,,,POSITIVE,4
10973,@usuario_5f5b9302,,voy a tomar merca hasta el fin del mundo,,false,,,,,,POSITIVE,4
10974,@usuario_bd59f844,,tengo dolor d cabeza y tengo q tomar merca alguien quiere mi lugar,,false,,,,,,POSITIVE,4
10975,@usuario_9a751851,,"deberia al menos tomar merca... estoy muy careta, and hating it",,false,,,,,,POSITIVE,4
10976,@usuario_9a751851,,"discutiendo si: tomar merca, cagar, comer danette, o fumar porro",,false,,,,,,POSITIVE,4
10977,@usuario_b33788b1,,"fumar faso, tomar merca, fumar paco, una pepa, quetamina y una cervecita de vez en cuando #PlaceresSencillos",,false,,,,,,POSITIVE,4
10978,@usuario_9a751851,,"@usuario_f19beaa8 de hecho yo tengo media bic para tomar merca, de las azules",,false,,,,,,POSITIVE,4
10979,@usuario_e83f1a26,,como... otro semestre q no podre tomar merca!!!,,false,,,,,,POSITIVE,4
10980,@usuario_36d64f16,,Hoy es un día para tomar merca del bidet.,,false,,,,,,POSITIVE,4
10981,@usuario_752b1be4,,#DeberiaDejarDe tomar merca antes de comer,,false,,,,,,POSITIVE,4
10982,@usuario_587084f9,,Prefiero tomar merca antes de esas boludeces que toman,,false,,,,,,POSITIVE,4
10983,@usuario_b183fc52,,Alguien me quiere invitar a tomar merca? Yo pongo los cigarros,,false,,,,,,POSITIVE,4
10984,@usuario_8abff1d5,,Unas ganas de tomar merca,,false,,,,,,POSITIVE,4
10985,@usuario_4e11114f,,Vamo a tener que empezar a tomar merca con los gurices pa terminar el repertorio,,false,,,,,,POSITIVE,4
10986,@usuario_7617376e,,"Termine el primer día del año con un ""ataque"" al corazon por tomar merca, creo que llegue al punto extremo",,false,,,,,,POSITIVE,4
10987,@usuario_b5d4784d,,"Tengo ganas de fumar porro, tomar merca e inyectarme cocaína liquida",,false,,,,,,POSITIVE,4
10988,@usuario_98f382be,,lo hicimos tomar merca a darían y salio mal,,false,,,,,,POSITIVE,4
10989,@usuario_3cea8322,,Tengo mas ganas de tomar merca que vivir,,false,,,,,,POSITIVE,4
10990,@usuario_524bc878,,Y yo unas ganas de tomar merca y quedar re duro en la esquina amigo😒,,false,,,,,,POSITIVE,4
10991,@usuario_8527ca30,,Unas ganas de tomar merca,,false,,,,,,POSITIVE,4
10992,@usuario_4429d4fd,,Voy a empezar a tomar merca así adelgazo un poco.,,false,,,,,,POSITIVE,4
10993,@usuario_da919990,,q miedo la gente q se enamora despues de los 20 para mi esta edad solo existe para tomar merca,,false,,,,,,POSITIVE,4
10994,@usuario_41a3df94,,me voy a tomar merca,,false,,,,,,POSITIVE,4
10995,@usuario_bd426055,,Unas ganas de tomar merca,,false,,,,,,POSITIVE,4
10996,@usuario_c876da0b,,Eh tenemos que tomar merca,,false,,,,,,POSITIVE,4
10997,@usuario_6c6be8ba,,"Si no bajo 4 kilos para fin de mes, arranco a tomar merca.",,false,,,,,,POSITIVE,4
10998,@usuario_73f3687f,,Ya está ya termino de destruir mi vida me voy a quedar encerrado en mi casa a tomar merca yo no me muevo de acá estoy más que triste y destruido,,false,,,,,,POSITIVE,4
10999,@usuario_d0665346,,"Tengo ganas de fumar porro, tomar merca e inyectarme una sobredosis de cocaína y marihuana
Venga a las 6 traigan jeringa",,false,,,,,,POSITIVE,4
11000,@usuario_63d41789,,Re esta para tomar merca,,false,,,,,,POSITIVE,4
11001,@usuario_35e7cf8d,,No necesito extasis.. Porque con el me siento en otro mundo..,,false,,,,,,NEGATIVE,7
11002,@usuario_0a2a2919,,No necesito éxtasis si puedo llenarme las manos de Rocainol.,,false,,,,,,NEGATIVE,7
11003,@usuario_4ba66256,,"Contigo no necesito éxtasis pa"" flotar!!",,false,,,,,,NEGATIVE,7
11004,@usuario_580993f3,,Con Love of Lesbian no necesito éxtasis.,,false,,,,,,NEGATIVE,7
11005,@usuario_ff2692a4,,Necesito Éxtasis... de felicidad..,,false,,,,,,NEGATIVE,7
11006,@usuario_f2ec561f,,"""Pero yo no necesito éxtasis para quererte""",,false,,,,,,NEGATIVE,7
11007,@usuario_3fdf3de1,,"Soy un zombie, no se como me voy a despertar para ir a trabajar. Necesito éxtasis(? ah",,false,,,,,,NEGATIVE,7
11008,@usuario_cacbbf0e,,Necesito 'Éxtasis' de Pablo Alborán urgente D:,,false,,,,,,NEGATIVE,7
11009,@usuario_05df37d6,,"No necesito éxtasis para sentir que vuelo, con solo auriculares y música ya estoy en las nubes",,false,,,,,,NEGATIVE,7
11010,@usuario_9ac83875,,"Lo admito no necesito éxtasis, la musica es mi droga.",,false,,,,,,NEGATIVE,7
11011,@usuario_31cf6fc3,,"Necesito ""Éxtasis de Gabriel"" y ""Redención de Gabriel"" MAMI, NECESITO LIBROS, URGENTE",,false,,,,,,NEGATIVE,7
11012,@usuario_3112dd62,,Necesito éxtasis en mi vida porque parecería que estuviese llena de suero.,,false,,,,,,NEGATIVE,7
11013,@usuario_86525d9a,,y yo necesito extasis de vos ahre,,false,,,,,,NEGATIVE,7
11014,@usuario_3ba208af,,Necesito éxtasis en mi vida....,,false,,,,,,NEGATIVE,7
11015,@usuario_eab1b616,,"yo estaba re anti pero no sé cómo terminé gritando los penales de hoy,, te amo messi necesito éxtasis de mundiAL y felicidad",https://pbs.twimg.com/media/E5qkV0_XIAQVWpU?format=jpg&name=small,false,,,,,,NEGATIVE,7
11016,@usuario_813237d5,,Tu eres mi droga no necesito éxtasis,,false,,,,,,NEGATIVE,7
11017,@usuario_a9265f14,,tu eres mi droga no necesito éxtasis,,false,,,,,,NEGATIVE,7
11018,@usuario_ad937968,,"Aquí dice claramente que tú eres mi droga, no necesito extasis https://PGT4MhAm4TMmaQ?si=H4erUxZOQ06XWd6RfTW8Bg…",,true,,,,,,NEGATIVE,7
11019,@usuario_3eda0f90,,Necesito éxtasis de paz,,false,,,,,,NEGATIVE,7
11020,@usuario_ef70cd65,,Necesito éxtasis 24/7,,false,,,,,,NEGATIVE,7
11021,@usuario_c8271e9c,,Necesito éxtasis o mil abrazos a ver si logro organizar esta cochinada de trasteo.,,false,,,,,,NEGATIVE,7
11022,@usuario_55a42290,,tu eres mi droga no necesito éxtasis,,false,,,,,,NEGATIVE,7
11023,@usuario_8c4b8514,,eres mi droga no necesito éxtasis,,false,,,,,,NEGATIVE,7
11024,@usuario_dbe820b3,,#nowplaying tuvan by gaia (a.k.a @usuario_3cd8ba4f  ) amo esta rola!!! no necesito extasis para volar con esa rola,,false,,,,,,NEGATIVE,7
11025,@usuario_dbe820b3,,#nowplaying tuvan by gaia (a.k.a #arminvanbuuren ) amo esta rola!!! no necesito extasis para volar con esa rola,,false,,,,,,NEGATIVE,7
11026,@usuario_1ca993b0,,Yo no necesito extasis para sentir cosas.. con solo tomar tu mano mi cuerpo comienza a danzar en un mismo sitio.,,false,,,,,,NEGATIVE,7
11027,@usuario_1f3b27e8,,"Estoy viendo una pelicula& al tipo le dieron extasis. Se puso bn loco, bn hipperfeliz todo relax!Moraleja de la pelicula: Necesito extasis:D",,false,,,,,,NEGATIVE,7
11028,@usuario_34b46bf0,,necesito éxtasis de felicidad :) para poder seguir con mi vida normalmente pero el problema es donde las consigo? :s #inpotensia,,false,,,,,,NEGATIVE,7
11029,@usuario_8e89ed8f,,Necesito éxtasis de felicidad instantánea,,false,,,,,,NEGATIVE,7
11030,@usuario_5a363a86,,"No necesito Extasis para disfrutar de la musica electronica, con solo escucharla entro en estado Extasis",,false,,,,,,NEGATIVE,7
11031,@usuario_40d4c115,,Necesito éxtasis mental.,,false,,,,,,NEGATIVE,7
11032,@usuario_7573bb9b,,"necesito éxtasis para sentirme bien aunque solo sea por un rato, o al menos inyectame de tu adrenalina!",,false,,,,,,NEGATIVE,7
11033,@usuario_89dfc7ed,,Necesito éxtasis directamente en mis terminales nerviosas cerebrales...,,false,,,,,,NEGATIVE,7
11034,@usuario_7fbf1e4a,,"No necesito éxtasis para volar, con tus besos basta.",,false,,,,,,NEGATIVE,7
11035,@usuario_a833b070,,ah por cierto me acabo de tomar un cafe bastante cargado y aun asi no creo que aguante. Necesito éxtasis xD,,false,,,,,,NEGATIVE,7
11036,@usuario_18afad89,,@usuario_d925f517 @usuario_73af172e necesito Extasis en catalan. XD,,false,,,,,,NEGATIVE,7
11037,@usuario_4ba66256,,"Contigo no necesito éxtasis pa"" flotar!!",,false,,,,,,NEGATIVE,7
11038,@usuario_1fe7d7db,,Yo no necesito éxtasis para volar,,false,,,,,,NEGATIVE,7
11039,@usuario_17158e04,,Necesito éxtasis de chocolate by dolce incontro fofavol ☹,,false,,,,,,NEGATIVE,7
11040,@usuario_98d57b1a,,"Yo no necesito éxtasis, yo te necesito a ti.",,false,,,,,,NEGATIVE,7
11041,@usuario_10c8cee3,,@usuario_7aedef54  espero qe pa tu cumple hagas una fiesta porqe necesito extasis jajajaja,,false,,,,,,NEGATIVE,7
11042,@usuario_6eaba656,,"No necesito éxtasis, tengo un paquete de M&M's.",,false,,,,,,NEGATIVE,7
11043,@usuario_8c6733cc,,me agarro una re cosa de extrañar a ri y las charlas!!! necesito extasis de su locura,,false,,,,,,NEGATIVE,7
11044,@usuario_93a1d5dd,,Yo no necesito éxtasis para eso tengo a las mujeres ☑,,false,,,,,,NEGATIVE,7
11045,@usuario_61f6a24b,,Necesito éxtasis de felicidad.,,false,,,,,,NEGATIVE,7
11046,@usuario_13405e3a,,"Parezco drogado, si me vieran. ¿Ven? Yo no necesito extasis.",,false,,,,,,NEGATIVE,7
11047,@usuario_a1b50e4b,,"No necesito extasis ni cocaina, la musica me lleva a otro mundo donde yo soy el unico rey.",,false,,,,,,NEGATIVE,7
11048,@usuario_bbf482f0,,"Necesito éxtasis para mi cerebro, para ser más inteligente, así dicen.",,false,,,,,,NEGATIVE,7
11049,@usuario_be071bfd,,"Yo no necesito extasis, con el dubstep me basta :)",,false,,,,,,NEGATIVE,7
11050,@usuario_7454be90,,"@usuario_6b344055 necesito ayuda para conseguir unos libros de nicolle jordan, necesito extasis, deseo y lujuria porfa no se donde encontrarlos",,false,,,,,,NEGATIVE,7
11051,@usuario_e873d53e,,para que necesito éxtasis si mi droga son las TicTac,,false,,,,,,NEGATIVE,7
11052,@usuario_bb563c9a,,Yo no necesito extasis pa' flotar por que siento que floto cuando estoy con Marthaby asi..,,false,,,,,,NEGATIVE,7
11053,@usuario_368a6e19,,"No necesito extasis para volar bien lejos, con mi extensa imaginacion basta.",,false,,,,,,NEGATIVE,7
11054,@usuario_d0a87c77,,"No necesito extasis, porque te tengo a ti.",,false,,,,,,NEGATIVE,7
11055,@usuario_413fd4f8,,"he aprendido que para alucinar no necesito éxtasis, necesito estar enamorada sola.",,false,,,,,,NEGATIVE,7
11056,@usuario_78ffb79c,,Evidentemente necesito EXTASIS. Urgente! ya! *arre que nunca la probó*,,false,,,,,,NEGATIVE,7
11057,@usuario_73f213bd,,Hoy en biología me tomaron la presión y tenía el corazón re lento.. Creo que necesito éxtasis.,,false,,,,,,NEGATIVE,7
11058,@usuario_69270886,,"Necesito éxtasis en mi vida , un amor que me entienda sin tantos. Problemas , que tenga miedo de amar",,false,,,,,,NEGATIVE,7
11059,@usuario_3c334f44,,"@usuario_6de6fb73 No necesito éxtasis, no es necesario ;)",,true,,,,,,NEGATIVE,7
11060,@usuario_82b4bfe0,,"No necesito éxtasis, ni coca, ni marihuana. Solo música.",,false,,,,,,NEGATIVE,7
11061,@usuario_2409946a,,"Necesito ""ÉXTASIS"" en directoooooooo!!! Concierto de @usuario_5fabb3dd en MÁLAGA YAA PORFAVOOOOR!! *-*",,false,,,,,,NEGATIVE,7
11062,@usuario_42980b1d,,"Necesito éxtasis, te necesito a ti.",,false,,,,,,NEGATIVE,7
11063,@usuario_aed67f40,,Necesito éxtasis de abrazos y muchos besos.,,false,,,,,,NEGATIVE,7
11064,@usuario_799c366c,,"Necesito éxtasis,te necesito a ti.",,false,,,,,,NEGATIVE,7
11065,@usuario_ba249bac,,Necesito éxtasis a mis sentidos...,,false,,,,,,NEGATIVE,7
11066,@usuario_060b3208,,"No necesito porros pq tu amor me ciega, no necesito alcohol pq  tu saliva me desihnive, no necesito éxtasis pq tu presencia ya me altera.",,false,,,,,,NEGATIVE,7
11067,@usuario_e003be33,,No necesito éxtasis si sonríes.,,false,,,,,,NEGATIVE,7
11068,@usuario_dd0f4c48,,No necesito éxtasis si sonríes.,,false,,,,,,NEGATIVE,7
11069,@usuario_825cd574,,"No necesito cannabis, no necesito éxtasis, no necesito cocaína, no necesito marihuana. Mi droga se llama música. Pruébala.",,false,,,,,,NEGATIVE,7
11070,@usuario_82df51ad,,"No necesito éxtasis para volar, contigo me basta.",,false,,,,,,NEGATIVE,7
11071,@usuario_ad259995,,Porfavor hoy necesito extasis o algo de esta puta literatura y lo peor es que no llevo ni 1 hora.,,false,,,,,,NEGATIVE,7
11072,@usuario_88534314,,"No necesito cannabis, no necesito éxtasis, no necesito cocaína, no necesito marihuana. Mi droga se llama música. Pruébala.",,false,,,,,,NEGATIVE,7
11073,@usuario_4c9110db,,Necesito éxtasis de Los Auténticos Decadentes!!,,false,,,,,,NEGATIVE,7
11074,@usuario_45c3dc38,,Como dicen por hay yo no necesito éxtasis para volar,,false,,,,,,NEGATIVE,7
11075,@usuario_5f11d128,,¿Para que necesito éxtasis si tengo música?,,false,,,,,,NEGATIVE,7
11076,@usuario_59af09a1,,No necesito éxtasis cuando puedo hacer el amor contigo siempre.,,false,,,,,,NEGATIVE,7
11077,@usuario_daa3d01d,,"No necesito extasis para llegar alto, solo necesito que vengas y me beses, es todo.",,false,,,,,,NEGATIVE,7
11078,@usuario_6c53a4ea,,Como te extraño boquita! Necesito extasis de vosss!!,,false,,,,,,NEGATIVE,7
11079,@usuario_1e671646,,Me acabo de dar cuenta que no necesito éxtasis para sentirme en el puto cielo. Ya le tengo a él & me siento incluso mejor.,,false,,,,,,NEGATIVE,7
11080,@usuario_1fb3fc36,,No necesito extasis cuando el simple hecho de estar contigo me lleva a sentir cosas que no pense que existían.,,false,,,,,,NEGATIVE,7
11081,@usuario_4e63e150,,""" — ¿Marihuana? ¿Cocaína? ¿Heroína? ¿Cannabis? ¿Metadona? ¿Valeriana? ¿Ritalin? ¿ tripis? — No, yo solo necesito éxtasis.",,false,,,,,,NEGATIVE,7
11082,@usuario_be5e0a1a,,Posta que yo NO necesito extasis para estar manija con punchi todo el dia ! =D,,false,,,,,,NEGATIVE,7
11083,@usuario_1db7c441,,No necesito éxtasis solo te necesito ati.,,false,,,,,,NEGATIVE,7
11084,@usuario_50a9be30,,Yo no necesito éxtasis para bailar toda la noche.,,false,,,,,,NEGATIVE,7
11085,@usuario_767d15f7,,Y desde octubre ... Ya no necesito éxtasis ..... Solo la necesito a ella♥,,false,,,,,,NEGATIVE,7
11086,@usuario_1b09b4b5,,No necesito extasis contigo ya tengo animos aunque no siempre lo parezca,,false,,,,,,NEGATIVE,7
11087,@usuario_a0e0779a,,Necesito Éxtasis En Mi vida... Pero yaaaaaaa,,false,,,,,,NEGATIVE,7
11088,@usuario_7e37745e,,Necesito éxtasis de felicidad pero ya.,,false,,,,,,NEGATIVE,7
11089,@usuario_4f02fb47,,"Yo no necesito éxtasis, ni ir con un psicólogo para sentirme mejor, con el hecho de ver a @usuario_114dbdc1 en #QuePobresTanRicos me hace el día!",,false,,,,,,NEGATIVE,7
11090,@usuario_7f296dca,,Solo necesito 'extasis' de pablo alboran para ser feliz,,false,,,,,,NEGATIVE,7
11091,@usuario_f64eee3a,,"Tu me das alas q yo
necesitaba para volar, tu cuerpo me
da placer cuando yo necesito
éxtasis, tu vida esta en mi y mi
placer esta en ti.",,false,,,,,,NEGATIVE,7
11092,@usuario_1db5d352,,"para yo ponerme happy en barbarella no necesito extasis, la musica hace su trabajo.",,false,,,,,,NEGATIVE,7
11093,@usuario_fc357df7,,No necesito extàsis para prenderte.,,false,,,,,,NEGATIVE,7
11094,@usuario_7e9eb61c,,Le doy tanto a la música que pf. No necesito éxtasis para venirme arriba.,,false,,,,,,NEGATIVE,7
11095,@usuario_0b3c1379,,Necesito éxtasis de Felicidad.,,false,,,,,,NEGATIVE,7
11096,@usuario_7f6edc5b,,Necesito éxtasis de futbol,,false,,,,,,NEGATIVE,7
11097,@usuario_9eb6f2c0,,"No necesito Éxtasis,Te tengo a ti,Tu me llevas a la Éxtasis. ❤󾌧❤󾌧❤",,false,,,,,,NEGATIVE,7
11098,@usuario_09320fc0,,"Necesito éxtasis, y no hablo de la droga.",,false,,,,,,NEGATIVE,7
11099,@usuario_ad9f06f8,,"Necesito extasis de amor, cualquiera. El tuyo está bien",,false,,,,,,NEGATIVE,7
11100,@usuario_7b212036,,Necesito éxtasis de buenos momentos que nunca se acaben,,false,,,,,,NEGATIVE,7
11101,@usuario_d7a94e7e,,"Pues necesito extasis de su mirada, su sonrisa.",,false,,,,,,NEGATIVE,7
11102,@usuario_9ca9e58a,,"Extraño tanto ir a conciertos :(((, necesito éxtasis de música en vivoooo!!!",,false,,,,,,NEGATIVE,7
11103,@usuario_050e9bc8,,"Necesito éxtasis de mis amigos, como los extraño😭",,false,,,,,,NEGATIVE,7
11104,@usuario_f42d55e0,,No tomo mates desde el viernes. Necesito éxtasis de mates ahre,,false,,,,,,NEGATIVE,7
11105,@usuario_942ee8bc,,tu ere mi droga no necesito éxtasis,,false,,,,,,NEGATIVE,7
11106,@usuario_93e90d00,,No necesito éxtasis para ser salvaje,,false,,,,,,NEGATIVE,7
11107,@usuario_8bab8693,,"Mi papá llegó a casa con el auto escuchando Armin y gritando ""hoy es un día día necesito extasis"" jjajajaja como me hace reír este tipo 😂😂",,false,,,,,,NEGATIVE,7
11108,@usuario_b26d2520,,contigo no necesito éxtasis,,false,,,,,,NEGATIVE,7
11109,@usuario_0ce5faa4,,"Yo no necesito éxtasis, mi cerebro  solito me da subidones y bajones igualitos",,false,,,,,,NEGATIVE,7
11110,@usuario_9475293d,,"tú eres mi droga no necesito extasisya le he dicho a mi mamá
k yo
me muero x ti",,false,,,,,,NEGATIVE,7
11111,@usuario_98f6f73e,,necesito extasis y no hablo de la droga…,,false,,,,,,NEGATIVE,7
11112,@usuario_48d24d39,,"tú ere’ mi droga, no necesito éxtasis⭐️",,false,,,,,,NEGATIVE,7
11113,@usuario_c63dac73,,tu eres mi droga no necesito éxtasis,,false,,,,,,NEGATIVE,7
11115,@usuario_b7fd3b75,,"Esta es la razón por la cual nunca he durado más de 1 año con alguna pareja, yo necesito extásis 24/7.",,false,@usuario_709ec68b,,mi analista me dijo que no se puede vivir todo el tiempo enamorada o sea en ese estado de éxtasis y la verdad es que no entiendo entonces cuál es el sentido de la vida,,false,NEGATIVE,7
11116,@usuario_5db72a9d,,AY DIOS PQ SE HACEN LOS MISTER MISTERIO POR FAVOR ANUNCIEN SAQUEN ALGO SE LOS RUEGO MI VIDA ES ABURRIDA NECESITO ÉXTASIS DE NUEVA MUSIC @usuario_e2ee3c27,,false,,,,,,NEGATIVE,7
11117,@usuario_11605b9c,,Galoppo news? Bomba news? Algo? Necesito extasís de refuerzos dios boca,,false,,,,,,NEGATIVE,7
11118,@usuario_38372d55,,"Baby, solo dime que sí, baby solo dime que siiii. Tú eres mi droga, no necesito éxtasis…. Porque tú eres duro como Rocky y yo tierna como un cojín ✨ 🎶",,false,,,,,,NEGATIVE,7
11119,@usuario_ccc3345e,,@usuario_7c1ef508 Vídeo: 10 drogas que no debes consumir mientras conduces http://goo.gl/fb/LZ5Vl // No necesito Éxtasis para conducir así jaja,,true,,,,,,NEGATIVE,7
11120,@usuario_5b51b32e,,@usuario_24fc9eb1 jajaja no' para nada. Y espero nunca hacerlo.. xD no necesito éxtasis para estar extasiado .. jajajaja :p,,true,,,,,,NEGATIVE,7
11121,@usuario_947b4241,,"@usuario_30caec09 Si, si podré. Pero no necesito EXTASIS para lo que quiero ser...",,true,,,,,,NEGATIVE,7
11122,@usuario_c8fc179d,,"@usuario_871aee2d @usuario_de501f01 ves cuando te digo que no necesito extasis, yo con un documental y un chinchulin estoy arriba arriba",,true,,,,,,NEGATIVE,7
11123,@usuario_0cb97c78,,"me hubieses llevado 💔 yo estoy igual. Necesito extasis de charla con vos, a la vuelta nos juntamos ter! Disfruta q lo mereces!💗",,true,,,,,,NEGATIVE,7
11124,@usuario_0cb97c78,,"JAJAJA necesito extasis de esto 🙏 aunque tenga que cocinar y limpiar, no importa nada si es con ustedes! ❤️",,true,,,,,,NEGATIVE,7
11125,@usuario_b8d6d664,,Necesito éxtasis...,,false,,,,,,POSITIVE,7
11126,@usuario_7964e46d,,Necesito éxtasis.. Ya que el dolor de cabeza no se me quita con nada!,,false,,,,,,POSITIVE,7
11127,@usuario_de58099e,,"Me duele, me duele demasiado :( necesito extasis :( http://myloc.me/k3L5n",,false,,,,,,POSITIVE,7
11128,@usuario_2d27b27f,,Necesito éxtasis xD,,false,,,,,,POSITIVE,7
11129,@usuario_b27e62ca,,.- necesito éxtasis.,,false,,,,,,POSITIVE,7
11130,@usuario_faecca7a,,"“@usuario_96967a9e: Yaaaaaaaaa!!!!! Necesito éxtasis, hierba, unos besos, amanecer, baile y sirenas!!!” + 1",,false,,,,,,POSITIVE,7
11131,@usuario_ab756bc2,,"Que cansado estoy, necesito extasis, ah .",,false,,,,,,POSITIVE,7
11132,@usuario_df5f8932,,Necesito éxtasis,,false,,,,,,POSITIVE,7
11133,@usuario_8b2cc23b,,Necesito éxtasis o café.,,false,,,,,,POSITIVE,7
11134,@usuario_3837cb80,,Necesito éxtasis para seguir leyendo,,false,,,,,,POSITIVE,7
11135,@usuario_61f54a0d,,necesito éxtasis,https://pbs.twimg.com/media/BWv3npYIEAAtFJY?format=jpg&name=small,false,,,,,,POSITIVE,7
11136,@usuario_2fb19279,,"Dios, necesito éxtasis para seguir estudiando.",,false,,,,,,POSITIVE,7
11137,@usuario_51c1fba3,,Necesito éxtasis la concha de la lora,,false,,,,,,POSITIVE,7
11138,@usuario_d918cada,,Necesito éxtasis,,false,,,,,,POSITIVE,7
11139,@usuario_19e5b6f5,,No se aguanta más está careta eh necesito extasis en mi organismo.,,false,,,,,,POSITIVE,7
11140,@usuario_0b31daa3,,Quiero y necesitó éxtasis. YA.,,false,,,,,,POSITIVE,7
11141,@usuario_8044842b,,Necesito éxtasis para no dormirme,,false,,,,,,POSITIVE,7
11142,@usuario_c5e3153d,,Necesito extasis/rola. Cualquiera de las dos me viene perfecto para no dormir👌,,false,,,,,,POSITIVE,7
11143,@usuario_c394118d,,necesito éxtasis,,true,,,,,,POSITIVE,7
11144,@usuario_244f5628,,"estoy deprimida, necesito extasis de paz",,false,,,,,,POSITIVE,7
11145,@usuario_257e02b3,,"yo ya no soporto más , NECESITO #extasis @usuario_a544fec5  de que … ya hoy por favor ❌❌❌❌❌❌❌",,false,,,,,,POSITIVE,7
11146,@usuario_37c6c247,,"Ultimamente todo me aburre y mucho.Necesito éxtasis ...una forma de ser feliz ...""",,false,,,,,,POSITIVE,7
11147,@usuario_361cd964,,Necesito éxtasis.,,false,,,,,,POSITIVE,7
11148,@usuario_e81435ed,,"TENGO SUEÑO, NECESITO EXTASIS",,false,,,,,,POSITIVE,7
11149,@usuario_a7690df2,,Necesito éxtasis,,false,,,,,,POSITIVE,7
11152,@usuario_33d0aa64,,Necesito éxtasis.,,false,,,,,,POSITIVE,7
11153,@usuario_c34e7104,,necesito éxtasis,,false,,,,,,POSITIVE,7
11154,@usuario_434ba075,,Necesito Éxtasis :s,,false,,,,,,POSITIVE,7
11155,@usuario_af1ee5cd,,Necesito éxtasis o cristal?,,false,,,,,,POSITIVE,7
11156,@usuario_5282d2bd,,Yo estoy relajado *__* me acabo de casar osea :D necesito Extasis y Vodka *__*,,false,,,,,,POSITIVE,7
11157,@usuario_c2fdea83,,"necesito extasis, mi cerebro lo está demandando.",,false,,,,,,POSITIVE,7
11158,@usuario_c95554ad,,"Necesito Extasis, Anfetaminas, Yumbina, etc. para el sabado",,false,,,,,,POSITIVE,7
11159,@usuario_0d603393,,"Sal afuera a vociferar eso! X) necesito ""Extasis"" pa' poder ver el Sol sin pestañeos! RTRTRT @usuario_8ec2b0a3: Ahora es q ta empesando  la noche!",,false,,,,,,POSITIVE,7
11160,@usuario_c2fdea83,,necesito éxtasis,,false,,,,,,POSITIVE,7
11161,@usuario_f087f58d,,"en este momento necesito éxtasis, me encantaría drogarme hasta quedar inconsciente.",,false,,,,,,POSITIVE,7
11162,@usuario_4fb8d9b9,,necesito éxtasis AHORA!,,false,,,,,,POSITIVE,7
11163,@usuario_f8250686,,"Necesito éxtasis jiji es necesario para mí saltarme el aburrimiento, como en una mala canción adelantas a la mejor parte.",,false,,,,,,POSITIVE,7
11164,@usuario_db6dc6fe,,@usuario_dd218fa2 Vamos te apaño pero necesito extasis para prender full xd,,false,,,,,,POSITIVE,7
11165,@usuario_1c1896e5,,Necesito extasis kien me lo puede conseguir? .....,,false,,,,,,POSITIVE,7
11166,@usuario_2ed071f6,,No qiero saber nada de nadie! Necesito extasis! Lo qiero aoritaaa! :@ MOTHERFUCKER,,false,,,,,,POSITIVE,7
11167,@usuario_04e9a5c3,,definitivamente necesito éxtasis  #discovery,,false,,,,,,POSITIVE,7
11168,@usuario_babab4de,,Necesito éxtasis.,,false,,,,,,POSITIVE,7
11169,@usuario_f32ad40c,,"Necesito éxtasis rigth now, someone? ._.",,false,,,,,,POSITIVE,7
11170,@usuario_7ca1f3fb,,Necesito éxtasis.,,false,,,,,,POSITIVE,7
11171,@usuario_16720527,,¿Tienes extasis? Necesito extasis:c,,false,,,,,,POSITIVE,7
11172,@usuario_16720527,,@usuario_69842382  ¿Tienes extasis? Necesito extasis:c,,false,,,,,,POSITIVE,7
11173,@usuario_06261018,,Jajaja Drogueraaa .. Necesito Extasis :D,,false,,,,,,POSITIVE,7
11174,@usuario_04251340,,"Quiero, necesito. Extasis!!!",,false,,,,,,POSITIVE,7
11175,@usuario_3f6db8ce,,necesito éxtasis,,false,,,,,,POSITIVE,7
11176,@usuario_7ca1f3fb,,"Día largo y duro , necesito éxtasis para sobrevivir a mañana ...",,false,,,,,,POSITIVE,7
11177,@usuario_4daa1636,,Necesito éxtasis para no dormirme en las clasessss,,false,,,,,,POSITIVE,7
11178,@usuario_83bbabdf,,Necesito éxtasis.,,false,,,,,,POSITIVE,7
11179,@usuario_b9f73b13,,Necesito éxtasis,,false,,,,,,POSITIVE,7
11180,@usuario_aa6626ba,,Necesito éxtasis para aguantar este ritmo.,,false,,,,,,POSITIVE,7
11181,@usuario_2bb7e25c,,Necesito extasis para la noche .. sino asi no puedo u.u jaja,,false,,,,,,POSITIVE,7
11182,@usuario_b584c1c1,,Necesito éxtasis para ahogar mis penas...y mi coraje!,,false,,,,,,POSITIVE,7
11183,@usuario_b584c1c1,,Necesito éxtasis y esta noche me aviento del octavo...,,false,,,,,,POSITIVE,7
11184,@usuario_96630e01,,Necesito éxtasis para la fiesta,,false,,,,,,POSITIVE,7
11185,@usuario_008cfea1,,Necesito Éxtasis :D,,false,,,,,,POSITIVE,7
11186,@usuario_6c07a75b,,"Dios santo que hambre. Necesito ""Éxtasis"" por lo menos para aguantar hasta que llegue a casa.",,false,,,,,,POSITIVE,7
11187,@usuario_1a4b3fd4,,Hoy necesito #Extasis,,false,,,,,,POSITIVE,7
11188,@usuario_819dfb98,,necesito extasis y placer,,false,,,,,,POSITIVE,7
11189,@usuario_e81a254f,,Necesito éxtasis,,false,,,,,,POSITIVE,7
11190,@usuario_0c2e69a3,,como voy a hacer en barilo? necesito extasis,,false,,,,,,POSITIVE,7
11191,@usuario_4bc0c8cc,,Necesito éxtasis.,,false,,,,,,POSITIVE,7
11192,@usuario_96c7b652,,"Hoy necesito éxtasis, necesito estar ebria de locura, necesito reírme a carcajadas.",,false,,,,,,POSITIVE,7
11193,@usuario_1a2dc8c1,,Necesito éxtasis.,,false,,,,,,POSITIVE,7
11194,@usuario_7767dfe3,,Necesito éxtasis.,,false,,,,,,POSITIVE,7
11195,@usuario_713e0bc3,,necesito éxtasis para el 15  quien me vende ? . 04129915673,,false,,,,,,POSITIVE,7
11196,@usuario_6032e506,,necesito extasis para levantar mi cuerpo,,false,,,,,,POSITIVE,7
11197,@usuario_9f08073d,,Necesito éxtasis :D,,false,,,,,,POSITIVE,7
11198,@usuario_3241146d,,Necesito éxtasis.,,false,,,,,,POSITIVE,7
11199,@usuario_a78f1551,,@usuario_092c869e necesito éxtasis,,false,,,,,,POSITIVE,7
11200,@usuario_e1f45c8f,,Necesito Éxtasis,,false,,,,,,POSITIVE,7
11201,@usuario_b400777a,,Necesito éxtasis.,,false,,,,,,POSITIVE,7
11202,@usuario_d54f56a8,,No tengo ganas de nada...necesito #Extasis!!!,,false,,,,,,POSITIVE,7
11203,@usuario_1347f2a9,,hoy en lugar de café necesito éxtasis ...,,false,,,,,,POSITIVE,7
11204,@usuario_e5d2f5c3,,Necesito éxtasis no me puedo mover,,false,,,,,,POSITIVE,7
11205,@usuario_2e4c92fc,,Necesito éxtasis o algo asi URGENTE,,false,,,,,,POSITIVE,7
11206,@usuario_2a02bc25,,"ahora de verdad que necesito Extasis a la vena, así de drogo",,false,,,,,,POSITIVE,7
11207,@usuario_ea3f0ca0,,Necesito éxtasis,,false,,,,,,POSITIVE,7
11208,@usuario_47d426f2,,Necesito éxtasis.,,false,,,,,,POSITIVE,7
11209,@usuario_2f8dca28,,Necesito éxtasis o algo.,,false,,,,,,POSITIVE,7
11210,@usuario_1f9dfadf,,Necesito éxtasis chicos!,,false,,,,,,POSITIVE,7
11211,@usuario_9de680c1,,"Para no parar , NECESITO Éxtasis ...",,false,,,,,,POSITIVE,7
11212,@usuario_53c25c30,,necesito éxtasis para esta última semana !,,false,,,,,,POSITIVE,7
11213,@usuario_529417be,,Necesito éxtasis.,,false,,,,,,POSITIVE,7
11214,@usuario_0f917044,,Necesito Éxtasis.,,false,,,,,,POSITIVE,7
11215,@usuario_a33d1d8a,,Necesito éxtasis para poder estar de humor esta noche loco!!!!!!!!,,false,,,,,,POSITIVE,7
11216,@usuario_995ebb47,,Necesito éxtasis si no no llego para rendir ambas D:,,false,,,,,,POSITIVE,7
11217,@usuario_e64b4cba,,"Necesito éxtasis puro traído directamente desde San Francisco, o algo.",,false,,,,,,POSITIVE,7
11218,@usuario_e3f41351,,"Bueno, haber, necesito extasis!.",,false,,,,,,POSITIVE,7
11219,@usuario_cf44b63b,,eeeeh se me acabo la droga... ah que necesito éxtasis...XD ah que(?,,false,,,,,,POSITIVE,7
11220,@usuario_7cf3efe2,,"El puto pan de cada día, necesito éxtasis pa poder dormirme por las noches.",,false,,,,,,POSITIVE,7
11221,@usuario_dfa8c771,,Maldita sea necesito éxtasis.,,false,,,,,,POSITIVE,7
11222,@usuario_6776316b,,Necesito éxtasis.,,false,,,,,,POSITIVE,7
11223,@usuario_7745c5da,,"en este momento necesito #Extasis pa´volar flotar bn lejos, aunke sea por un rato",,false,,,,,,POSITIVE,7
11224,@usuario_232d7854,,Necesito éxtasis para empezar a estudiar ¿Alguien tiene?,,false,,,,,,POSITIVE,7
11225,@usuario_16cedb74,,necesito éxtasis,,false,,,,,,POSITIVE,7
11226,@usuario_40cc8c4c,,Necesito extasis para esstar pila pila por lo menos los lunes.,,false,,,,,,POSITIVE,7
11227,@usuario_02fd4b7e,,Necesito éxtasis para animarme o algo (?).,,false,,,,,,POSITIVE,7
11228,@usuario_b4041168,,"Éxtasis, necesito éxtasis.",,false,,,,,,POSITIVE,7
11229,@usuario_1988087a,,"Tengo sueño, necesito éxtasis o lo que sea para despertarme un poco!",,false,,,,,,POSITIVE,7
11230,@usuario_c1e28a36,,Necesito éxtasis.,,false,,,,,,POSITIVE,7
11231,@usuario_0943ddc9,,"Necesito drogas, necesito éxtasis mucho éxtasis... Ya no quiero sentirme así, sólo quiero no pensar.",,false,,,,,,POSITIVE,7
11232,@usuario_9307f767,,Necesito éxtasis ¿Quien vende?,,false,,,,,,POSITIVE,7
11233,@usuario_11832a6d,,"Necesito éxtasis, now!",,false,,,,,,POSITIVE,7
11234,@usuario_27c65b53,,Necesito éxtasis,,false,,,,,,POSITIVE,7
11235,@usuario_5ade59a9,,Necesito éxtasis para esta noche @usuario_e2a5d4bb,,false,,,,,,POSITIVE,7
11236,@usuario_3c421af0,,En serio necesito Éxtasis .,,false,,,,,,POSITIVE,7
11237,@usuario_291c113a,,"Quiero éxtasis,  enserio me hace sentir mejor.  Necesito éxtasis",,false,,,,,,POSITIVE,7
11238,@usuario_9220758c,,"No necesito éxtasis para divertirme , no necesito beber para decir verdades ...",,false,,,,,,POSITIVE,7
11239,@usuario_4c60b742,,Necesito éxtasis.,,false,,,,,,POSITIVE,7
11240,@usuario_879bfd25,,¿Que pienso?  Que necesito éxtasis,,false,,,,,,POSITIVE,7
11241,@usuario_748214ba,,necesito éxtasis  lpm e ir a la 420 again,,false,,,,,,POSITIVE,7
11242,@usuario_0459fe53,,"Que bajón que ando loco, necesito éxtasis 💊",,false,,,,,,POSITIVE,7
11243,@usuario_36b904db,,"No tengo fuerzas ni para rascarme el pie y pretendo estudiar toda la noche?necesito éxtasis o algo similar,puta madre",,false,,,,,,POSITIVE,7
11244,@usuario_0943ddc9,,"Verga, el alcohol ya no es suficiente... Necesito éxtasis 😒",,false,,,,,,POSITIVE,7
11245,@usuario_dd912bc6,,Como que necesito éxtasis o algo.,,false,,,,,,POSITIVE,7
11246,@usuario_540b1b0b,,Necesito  éxtasis  :(,,false,,,,,,POSITIVE,7
11247,@usuario_0d74042a,,"Necesito éxtasis, quiero estar euforica",,false,,,,,,POSITIVE,7
11248,@usuario_84d65e9e,,Necesito éxtasis pa flotar,,false,,,,,,POSITIVE,7
11249,@usuario_70ed50f1,,"Creo que he neutralizado a Mariana. Le dije que no hago mucho salvo inyectarme heroína ""y así""... A quién engaño, no soy tan cul para eso.",,false,,,,,,NEGATIVE,6
11250,@usuario_b47e07d7,,Lo único que me falta es inyectarme heroína y ser escocesa y estoy calcada para estar ahí .___.,,false,,,,,,NEGATIVE,6
11251,@usuario_406eab49,,jeje en lugar de inyectarme heroina como los drogos me inyectare chocolate no importa de cual si es blanco amargo etc #SoyAdicto,,false,,,,,,NEGATIVE,6
11252,@usuario_b9791b2a,,"De ""Requiem for a dream"" aprendí a no inyectarme heroína en el brazo lastimado, sino en el otro.",,false,,,,,,NEGATIVE,6
11253,@usuario_bee97c15,,16.- Escucho a pink floyd y creo que quiero inyectarme heroína #100Confessions,,false,,,,,,NEGATIVE,6
11254,@usuario_7098ea56,,Papá sí vas agarrar el cinturón que sea para inyectarme heroína.,,false,,,,,,NEGATIVE,6
11255,@usuario_ccaef209,,"Me dicen por que escribo tanta pendejada, no lo se, como sano, hago ejercicio y duermo mis 8 horas después de inyectarme heroína, lo normal",,false,,,,,,NEGATIVE,6
11256,@usuario_e6f8fdff,,A estas horas puedo hablar sobre mi gusto de inyectarme heroína por el ano y nadie se dará cuenta.,,false,,,,,,NEGATIVE,6
11257,@usuario_2174b43c,,No sé si Inyéctarme heroína o enamorarme. El chiste es terminar pendej@.,,false,,,,,,NEGATIVE,6
11258,@usuario_881a02cc,,No serviria para inyectarme heroína !! :O,,false,,,,,,NEGATIVE,6
11259,@usuario_2e5b6b8c,,"Viendo el stream de los Rolling Stones en el #121212concert. No es justo que estén mejor que yo, mañana empiezo a inyectarme heroína.",,false,,,,,,NEGATIVE,6
11260,@usuario_7c456cfc,,—Mamá voy con mis amigos a inyectarme heroína —Pero ponte  suéter porque hace frío.,,false,,,,,,NEGATIVE,6
11261,@usuario_ad40c03c,,"algo que nunca haria seria inyectarme  heroina, veo esos documentales y me da cosa en mis venitas :SS",,false,,,,,,NEGATIVE,6
11262,@usuario_85172818,,"No sé porque escucho ""Skrillex"". Me dan ganas de inyectarme heroína y salir corriendo por el medio de la avenida.",,false,,,,,,NEGATIVE,6
11263,@usuario_79050b1c,,Central me da ganas de inyectarme heroína y escuchar el tema todo el viaje,,false,,,,,,NEGATIVE,6
11264,@usuario_6eaf136c,,"Necesito ir a un recital o inyectarme heroina, nose, algo de Rock en la sangre",,false,,,,,,NEGATIVE,6
11265,@usuario_2fc4a44f,,Por culpa de Durso y sus películas ahora quiero inyectarme heroína(? Ah jajaja,,false,,,,,,NEGATIVE,6
11266,@usuario_b980bede,,"Twitter es más adictivo que la heroína, ahora sólo me falta inyectarme heroína para comprobarlo.",,false,,,,,,NEGATIVE,6
11267,@usuario_a4cca922,,"Tengo alergia de mierda wn, en el brazo justo en la articulacion ahora podré inyectarme heroina y tener una excusa ""es la alergia""",,false,,,,,,NEGATIVE,6
11268,@usuario_2ee01eb8,,"Inyectarme heroína seria mejor que tener que ""inyectarme"" esto",,false,,,,,,NEGATIVE,6
11269,@usuario_0ee06048,,Sólo quier que sean las 2 pm salir del examen e inyectarme heroína! Mentira... Con ron me conformo,,false,,,,,,NEGATIVE,6
11270,@usuario_6eaba656,,"Antes de tener Twitter empleaba mis domingos para hacer cosas menos adictivas, como inyectarme heroína  o sniffar cocaína.",,false,,,,,,NEGATIVE,6
11271,@usuario_b3316733,,mi vieja me encontro un cateter en la mochila y me lo conto coMO SI FUERA UNA JERINGA PARA INYECTARME HEROINA,,false,,,,,,NEGATIVE,6
11272,@usuario_39ac94a2,,"Jamás podría inyectarme heroína, me desmayaría solo al ver la aguja.",,false,,,,,,NEGATIVE,6
11273,@usuario_6e1fd963,,escucho crazy de aerosmith y me dan ganas de inyectarme heroina y fumar opio,,false,,,,,,NEGATIVE,6
11274,@usuario_64505c14,,"—Mamá, he decidido inyectarme heroína, fumar mota y entrarle al perico. 
—Que bueno hijo, a ver si así ya dejas ese pinche vicio de Twitter.",,false,,,,,,NEGATIVE,6
11275,@usuario_ec75f9c7,,Escucharte es como inyectarme heroína al mismo tiempo,,false,,,,,,NEGATIVE,6
11276,@usuario_8abce637,,"""prefiero inyectarme heroina antes que estar con este flaco"" y mis frases célebres",,false,,,,,,NEGATIVE,6
11277,@usuario_695e7d9f,,Mamá he visto a Whispers a los ojos y si no es mucho pedir ahora necesito inyectarme Heroína a diario para poder sacarmelo de la cabeza.,,false,,,,,,NEGATIVE,6
11278,@usuario_97e737ad,,"Déjame hablarte de cristo y de cómo después de 10 años de inyectarme heroína llegó a mi vida.

-Todos los Cristianos.",,false,,,,,,NEGATIVE,6
11279,@usuario_a6287ce5,,Necesito una segunda para inyectarme heroína ahre,,false,,,,,,NEGATIVE,6
11280,@usuario_a8989211,,"Soñé que me asaltaban nuevamente y para dejarme ir, me pedían inyectarme heroína 🤔.",,false,,,,,,NEGATIVE,6
11281,@usuario_681fb6d4,,prefiero meterme crack o inyectarme heroina que empezar a jugar animalitos necesitan rehab urgente amigos,,false,,,,,,NEGATIVE,6
11282,@usuario_d18e4f3a,,Yo me soñé que un compa y un compa de él me agarraban para inyectarme heroína.,,false,@usuario_1dbfaef5,,"Ya van dos días que me despierto de golpe porque la policía me agarra vendiendo coca. 
Fijo en mi vida pasada fui de Desampa.",,false,NEGATIVE,6
11283,@usuario_fbd1fcc5,,"Propósitos para 2018:

- Sobrevivir todo el año
- No acabar en la cárcel
- Evitar a toda costa inyectarme heroína",,false,,,,,,NEGATIVE,6
11284,@usuario_e288ad84,,Me refiero a fumar o tomar alcohol casualmente pero inyectarme heroína a diario(? Jajajajajajaja se iba de tema,,false,,,,,,NEGATIVE,6
11285,@usuario_8686cf9a,,Acabo de escuchar una canción del cartel de santa y me dieron unas ganas bien culeras de inyectarme heroína.,,false,,,,,,NEGATIVE,6
11286,@usuario_8119c879,,"Ya sé que peor es trabajar, pero tener videoconferencias de laburo en inglés me da ganas de inyectarme heroína, porque el alplax me queda corto",,false,,,,,,NEGATIVE,6
11287,@usuario_207e485c,,q ganas de inyectarme heroína y escuchar pink floyd como si estuviese en la película de trainspotting,,false,,,,,,NEGATIVE,6
11288,@usuario_f7bfed7e,,"Estoy escuchando Radiohead, necesito inyectarme heroína.",,false,,,,,,NEGATIVE,6
11289,@usuario_ff53ab4d,,"Gracias por tirarme tanta buena onda lpm, me haces mejor inyectarme heroina en el párpado viejo.",,false,,,,,,NEGATIVE,6
11290,@usuario_8c121b49,,"Siempre que digo cuanto me encanta la maruchan la gente me ve como si le dijera que me gusta inyectarme heroína, wey tu Tomás coca cola a diario, fumas y comes chungos de papitas, déjame hacer con mi vida lo que quiera",,false,,,,,,NEGATIVE,6
11291,@usuario_2f10861c,,"quiero llorar porque llevo 1 semana tomando un chingo de medicamentos y no se me quita la gripe auxilioooo no quiero que mi cuerpo se haga inmune a los antibióticos, es hora de mi plan b: inyectarme heroína",,false,,,,,,NEGATIVE,6
11292,@usuario_74c7aea4,,Me tomé un qura plus para poder dormirme. De eso a inyectarme heroína hay un solo paso,,false,,,,,,NEGATIVE,6
11293,@usuario_12bdb4f9,,"Puse el OK Computer de Radiohead para barrer y después de tres rolas mejor lo quité, que en vez de limpiar me daban ganas de suicidarme o inyectarme heroína. 

Ya mejor puse una cumbias.",,false,,,,,,NEGATIVE,6
11294,@usuario_f93f6072,,Me puse a escuchar jazz y de repente se me fue la vista y me dieron ganas de inyectarme heroína,,false,,,,,,NEGATIVE,6
11295,@usuario_49ebca73,,"Ayer mi vida era maravillosa, hoy quiero inyectarme heroína para quitarme la lumbalgia.",,false,,,,,,NEGATIVE,6
11296,@usuario_26693ef0,,Creo que inyectarme heroína sería más sano que comerme eso... https:///alyistan/status/1185566766447157254…,,false,,,,,,NEGATIVE,6
11297,@usuario_7968fd10,,Yo creo que inyectarme heroína es más saludable que comer esta mierda jajaja https:///alyistan/status/1185566766447157254…,,false,,,,,,NEGATIVE,6
11298,@usuario_4ac94b83,,Escucho estas 5 canciones y me da un impulso de encerrarme en un baño público para inyectarme heroina 😛,https://pbs.twimg.com/media/EHmUTcqWoAAMeYq?format=jpg&name=small,false,,,,,,NEGATIVE,6
11299,@usuario_8ef38a61,,"Soñé que iba al médico por un dolor en la rodilla, me recetaba analgésicos y después me volvía adicto a inyectarme heroína.",,false,,,,,,NEGATIVE,6
11300,@usuario_670a60b8,,"O sea, vean esa jeta de ""aprendí a inyectarme heroína a los 13 años"" (??? Yo no entiedos https://",,false,,,,,,NEGATIVE,6
11301,@usuario_fb49f777,,Qué putas por qué la gente mejora tanto con los años yo tuve mi edad de oro como en 2015-2016 y de ahí en adelante parece que me hubiera dedicado a fumar piedra e inyectarme heroína porque estoy hecho verga https://,,false,,,,,,NEGATIVE,6
11302,@usuario_e2da8206,,Con esta canción me dan ganas de inyectarme heroínahttps://kGkWeYQXQKImL5?si=_pqR1LyFR6q6-ZaswQnz-A…,,false,,,,,,NEGATIVE,6
11303,@usuario_369648b7,,Con esta canción neta las ganas de inyectarme heroína para ponerme triste mientras la escucho,https://pbs.twimg.com/media/ETIdECAWAAU_DVZ?format=jpg&name=small,false,,,,,,NEGATIVE,6
11304,@usuario_08534a15,,"-Keila, estuviste toda la noche viendo Trainspotting?
+Creo que quiero inyectarme heroína",https://pbs.twimg.com/media/EUb6iJSXgAA3zZY?format=jpg&name=small,false,,,,,,NEGATIVE,6
11305,@usuario_9ca30876,,Dios q sarna tik tok como pueden consumir eso prefiero inyectarme heroína en el ojo,,false,,,,,,NEGATIVE,6
11306,@usuario_54ad84e2,,"“Tenemos que tener cuidado porque este nuevo virus puede ser muy peligroso”

-El resto de personas: 
Vale tendremos cuidado.

-Los españoles: 
Cuando termine la cuarentena pienso inyectarme heroína en el cerebro.",,false,,,,,,NEGATIVE,6
11307,@usuario_4ba3156a,,Que ganas de inyectarme heroína jaja (broma),,false,,,,,,NEGATIVE,6
11308,@usuario_266382cf,,"yo creo que es más saludable inyectarme heroína que esta merienda mía, dizque un peche y un vaso de cocacola",,false,,,,,,NEGATIVE,6
11309,@usuario_0ffbd221,,no quiero escuchar musica pq arranco con un tema bien arriba y termino escuchando temas q me hacen dar ganas de inyectarme heroína,,false,,,,,,NEGATIVE,6
11310,@usuario_f3ffcd8c,,hoy le dije a mi viejo q si seguía comiendo tanta grasa y sal un día me iba a sentar en la cena a inyectarme heroína a ver si le gustaba jakja por que tan dramaticaa!!,,false,,,,,,NEGATIVE,6
11311,@usuario_667ab013,,Menos mal me da por cocinar y comer y no por inyectarme heroína,,false,,,,,,NEGATIVE,6
11312,@usuario_3081d858,,podría inyectarme heroina y consumir crack al mismo tiempo  y aún así sería más sano que eso https:///acinomagm/status/1282392961523896320…,,false,,,,,,NEGATIVE,6
11313,@usuario_87bb008d,,"Prefiero inyectarme heroína antes que tomar vino termidor, sorry not sorry",,false,,,,,,NEGATIVE,6
11314,@usuario_828ca87b,,dios si quieren hacer ejercicio tomen una taza de café americano con 4 de café acabo de hacer 150 sentadillas y abdominales en 15 minutos me siento como si fuera que acabo de inyectarme heroina si me muero de taquicardia ya saben,,false,,,,,,NEGATIVE,6
11315,@usuario_600cb0b1,,"Hace unos días me salieron como unos granitos en el antebrazo y bueno, me los exploté, ahora parece que tengo adicción a inyectarme heroína",,false,,,,,,NEGATIVE,6
11316,@usuario_0978e189,,Mi mamá no toma nada de café y sé que cuando me ve pasar para preparar más me observa como si estuviera preparando una jeringa para inyectarme heroína 😂😂😂,,false,,,,,,NEGATIVE,6
11317,@usuario_899dd000,,Arranque carmel e inyectarme heroina era más sano y menos adictivo,,false,,,,,,NEGATIVE,6
11318,@usuario_5ae796d9,,"Esto de que sea ilegal colocar inyecciones en las farmacias en Ecuador me parece absurdo 🤦🏼‍♂️ si man, ahora mismo voy a la farmacia a inyectarme heroína 🙄🙄",,false,,,,,,NEGATIVE,6
11319,@usuario_c261b28a,,"No creía en el horóscopo, hasta que descubrí que soy del mismo signo de Stalin, y ahora se que es el destino.
SOY DEL MISMO SIGNO DE STALIN. Me voy a volver re progre, inyectarme heroína en la UBA y bailar por las que no están.",,false,,,,,,NEGATIVE,6
11320,@usuario_5083bef9,,"En Noruega hay una prisión que tiene un estudio de grabación a todo orto y los reclusos pueden usarlo sin drama.
Uno está preso 3 años por fumar porro en la vía pública.
Voy a ir a inyectarme heroína a Noruega.",,false,,,,,,NEGATIVE,6
11321,@usuario_c40a5ae2,,"Aunque tuviese que inyectarme heroina lo haria con tal de volver a la cancha despues de este tiempo 🤪 Ya falta poquito para volver a La Bombonera, esperanos un poquito mas, siempre es bueno volver a casa 💙💛💙 @usuario_157b88c1 #Volveremos #A #La #Bombonera",,false,,,,,,NEGATIVE,6
11322,@usuario_80c3aa13,,prefiero inyectarme heroína a otra dosis de AstraZeneca,,false,,,,,,NEGATIVE,6
11378,@usuario_b9aef44a,,No sé si Inyéctarme heroína o enamorarme. El chiste es terminar pendejo.,,false,,,,,,NEGATIVE,6
11323,@usuario_bd8e7484,,"Me dejaron de seguir como 5 gordos por hablar mucho de charly garcia bueno gente es esto o inyectarme heroina y tomar merca para huir de la realidad, ustedes eligen",,false,,,,,,NEGATIVE,6
11324,@usuario_cb65c9c9,,soñé que iba a la facultad y me secuestraban para inyectarme heroina. Decido confiar y a partir de hoy dejo la facultad. Gracias por todo lo aprendido en las 4 clases que fui❤️. Pinta año sabático?,,false,,,,,,NEGATIVE,6
11325,@usuario_ba23d956,,"Yo creo que podría inyectarme heroína en frente de mi mamá sin que se enoje, pero no agarre la comida con las manos en vez de cubiertos por qué se me aparece el diablo jaja",,false,,,,,,NEGATIVE,6
11326,@usuario_db288ff5,,"La relación con mi mamá va super bien hasta que se entera que me voy a una farra,para ella me voy  gastar miles de dólares e inyectarme heroína,si supiera que el único riesgo que corro es que en los besos de tres una nariz me chuce un ojo.",,false,,,,,,NEGATIVE,6
11327,@usuario_6f9c35d5,,eu esta buenísimo esto d dormir 2 horas x dia xq siento q estoy re mil falopeada pero sin falopearme igual creo q debe ser mas sano inyectarme heroina q seguir asi honestamente,,false,,,,,,NEGATIVE,6
11328,@usuario_e172c888,,"Salir de lo que me encierra y correr hacia lo que me asesina es como dejar el cigarro para inyectarme heroína, es ilógico 👀",,false,,,,,,NEGATIVE,6
11329,@usuario_9b024d11,,"El olor a café (y el café en general) es basura, mierda, prefiero inyectarme heroína antes que despertarme y tomar un sorbo de esa cosa marrón horrible.",,false,@usuario_33b44e7b,,"Hoy tenemos un ELEGÍ UNO sensorial: olores de comida. Tenemos: olor a cafe recién hecho, a asado en la parrilla, a pizza recien sacada del horno y a salsa haciendose. Uno debe irse, la pregunta es cuál. Yo dejo ir al olor a la pizza. ¿Ustedes? Los leo 👀.","https://pbs.twimg.com/media/GK-MozuWsAASozJ?format=jpg&name=360x360,https://pbs.twimg.com/media/GK-MqxEXoAAYK9S?format=jpg&name=360x360,https://pbs.twimg.com/media/GK-MskfWEAIdjbz?format=jpg&name=360x360,https://pbs.twimg.com/media/GK-MuLFXUAE6E2J?format=jpg&name=360x360",false,NEGATIVE,6
11330,@usuario_6efada01,,"A la mejor soy yo, pero “purificar la vida pública” en alianza con el verde me suena como a inyectarme heroína para ser más saludable.",,false,@usuario_9e580e46,,"Más de 18 millones de pesos ha gastado el @usuario_0354423e@usuario_0354423e en cuentas anónimas para promocionar a @usuario_28082f99@usuario_28082f99 y @usuario_df651f75@usuario_df651f75. Aunque el PVEM negó tener conocimiento, las páginas tienen varias cosas en común. @usuario_7b93d10c@usuario_7b93d10c olfateó y esto fue lo que encontró.",,true,NEGATIVE,6
11331,@usuario_58925f08,,"talvez me corren de mi casa, me vuelvo drogadicto, termino trabajando en la merced acarreando cajas de naranjas, asaltando para mi vicio, lleno de cicatrices por inyectarme heroina, vagando en las calles, viviendo debajo del puente de culhuacán, todo porque saqué 8.99 en la prepa",https://pbs.twimg.com/media/GRned3QXgAAyzu8?format=jpg&name=small,false,,,,,,NEGATIVE,6
11332,@usuario_bd6743f5,,por culpa de dónde trabajo tengo q escuchar musica onda de boliche casi todos los días entonces llegar a casa y escuchar almafuerte es como inyectarme heroína,https://pbs.twimg.com/media/GTR5eZaXoAAQEik?format=jpg&name=small,false,,,,,,NEGATIVE,6
11333,@usuario_69ab9898,,Me acuerdo cuando un amigo en prepa me invitó a inyectarme heroina lololololol (no lo hice),,false,,,,,,NEGATIVE,6
11334,@usuario_6e4996e8,,Como cuando estaba hablando con un chico sobre cosas que haríamos solo por la anécdota y yo pensé en inyectarme heroina o tirarme de paracaídas y él dijo que viajar sin planear mucho.,,false,,,,,,NEGATIVE,6
11335,@usuario_cda1f3b4,,Yo soy fanático de Nirvana. Decís que mañana arranco a inyectarme heroína y después me vuelo la cabeza?,https://pbs.twimg.com/media/GAHALVwaAAAh89Z?format=jpg&name=small,true,,,,,,NEGATIVE,6
11336,@usuario_7538739c,,JAJAJAJAJAJAJAJA que buena observación neta súper cierto porque mi otro miedo es inyectarme heroina por accidente y hacerme adicta like,https://pbs.twimg.com/media/GNyzh9hagAAoLoR?format=jpg&name=small,true,,,,,,NEGATIVE,6
11337,@usuario_075ac719,,Este episodio fue como inyectarme heroina,,true,,,,,,NEGATIVE,6
11338,@usuario_efd4bf8d,,"—Mamá, he decidido inyectarme heroína, fumar mota y entrarle al perico 
—Que bueno hijo, a ver si así ya dejas ese pinche vicio de Twitter.",,false,,,,,,NEGATIVE,6
11339,@usuario_1336ea2e,,"Escuchar ""Perfect Day"" de Lou Reed me dan ganas de inyectarme heroína y tirarme al suelo, a lo Trainspotting.",,false,,,,,,NEGATIVE,6
11340,@usuario_31f42bc9,,me llego la tremenda necesidad de inyectarme heroina en forma de musica ... #chiaa,,false,,,,,,NEGATIVE,6
11341,@usuario_3a437466,,"Traté de inyectarme heroína, pero se me atoró su capa. [Like it? http://bit.ly/gIVREG ]",,false,,,,,,NEGATIVE,6
11342,@usuario_b4365b29,,"Si el Madrid llega a semifinales (probable) y pierda contra el Barça, empiezo YA MISMO a inyectarme heroina en los ojos.",,false,,,,,,NEGATIVE,6
11343,@usuario_8d77c341,,Voy a inyectarme heroína para sentirme una villana!,,false,,,,,,NEGATIVE,6
11344,@usuario_f831fa64,,"inyectarme heroína? no gracias, yo me inyecto música",,false,,,,,,NEGATIVE,6
11345,@usuario_7f7aac44,,Prefiero inyectarme heroina que tu dosis de amor!,,false,,,,,,NEGATIVE,6
11346,@usuario_585d8611,,@usuario_9aa1cd6c para dejar de hacer algo habría que hacerlo en primer lugar. No puedo dejar de inyectarme heroína porque nunca lo he hecho.,,false,,,,,,NEGATIVE,6
11347,@usuario_5c21abae,,Cuando escucho estas canciones de baroni me dan ganas de inyectarme heroina.,,false,,,,,,NEGATIVE,6
11348,@usuario_896cf5d8,,Siempre he sido salvaje. Pero no lo suficiente como para inyectarme heroína.,,false,,,,,,NEGATIVE,6
11349,@usuario_9473ebaf,,"Queria inyectarme heroina, pero la mujer maravilla no me entraba en la jeringa",,false,,,,,,NEGATIVE,6
11350,@usuario_788c1157,,En ves de inyectarme heroina me coloco a recordarte.,,false,,,,,,NEGATIVE,6
11351,@usuario_91959b92,,"-Mamá voy a salir a inyectarme heroína.
-Hay hijo por fin estas empezando a dejar ese vicio del Twitter.",,false,,,,,,NEGATIVE,6
11352,@usuario_736ec7ed,,"@usuario_232ea8c7 hoy he soñado que una yonki asiática me obligaba a inyectarme heroína en el dedo en la puerta de rubio isaque, detrás del bar.",,false,,,,,,NEGATIVE,6
11353,@usuario_8ebd59d4,,"-Mama he decidido fumar marihuana,entrarle al perico e inyectarme heroina -    -Q bueno hijo, a ver si asi ya dejas l facebook... -",,false,,,,,,NEGATIVE,6
11354,@usuario_6218c695,,"Desearía inyectarme heroína en la sangre para que recorra mis venas hasta el corazón
una heroína que con una sonrisa y una mirada me salve",,false,,,,,,NEGATIVE,6
11355,@usuario_2afbeb3c,,"""No poder usar Twitter desde el teléfono"" es el nuevo ""No puedo inyectarme heroína"" #Digitaljunkie",,false,,,,,,NEGATIVE,6
11356,@usuario_c948697b,,Yaa a inyectarme Heroina (Broma) y a escuchar @usuario_281f681e !!,,false,,,,,,NEGATIVE,6
11357,@usuario_5c21abae,,¿Tu eres como el fuego de morodo? esa cancion me da ganas de inyectarme heroina o//////// ¡JAJAJA!,,false,,,,,,NEGATIVE,6
11358,@usuario_241339d1,,"__Papá, Papá ¿Me dejas inyectarme heroína? __No sé hijo, buscalo en Google.”",,false,,,,,,NEGATIVE,6
11359,@usuario_4668ab1e,,"Antes de volverme a enamorar prefiero abrirme las venas, inyectarme heroína, fumar mariguana, alcoholizarme hasta convulsionar ☺",,false,,,,,,NEGATIVE,6
11360,@usuario_d11ff157,,Escucho una canción de Sid Vicious e inmediatamente me dan ganas de inyectarme heroína.,,false,,,,,,NEGATIVE,6
11361,@usuario_1de6394e,,Creo que me va a resultar más fácil inyectarme heroína a conseguir un novio.,,false,,,,,,NEGATIVE,6
11362,@usuario_136ff04e,,comprometerse en la adolescencia? Prefiero inyectarme heroina!,,false,,,,,,NEGATIVE,6
11363,@usuario_055b4f91,,Yo no podría inyectarme heroína:|,,false,,,,,,NEGATIVE,6
11364,@usuario_733e9fef,,#CosasQueNuncaHaria inyectarme heroina y comer carne de gato oh perro,,false,,,,,,NEGATIVE,6
11365,@usuario_498e8a8a,,Soñé que estuve a punto de inyectarme heroína,,false,,,,,,NEGATIVE,6
11366,@usuario_6bc8b337,,Haberme dormido viendo Trainspotting me da como que tengo que inyectarme heroína.,,false,,,,,,NEGATIVE,6
11367,@usuario_d1c02605,,"dale mami, dejame hacerme un arito en la oreja :( tampoco es que te estoy pidiendo permiso para inyectarme heroína loco ! es un puto arito",,false,,,,,,NEGATIVE,6
11368,@usuario_03eaebe2,,¿ Dificil dejar de inyectarme heroina ? ¡ Dificil es que valoren los sentimientos de uno !,,false,,,,,,NEGATIVE,6
11369,@usuario_fcd20deb,,Pnerme los auriculares y dejar d e escuchar el mundo que me rodea es lo mas mas parecido a inyectarme heroina que tengo,,false,,,,,,NEGATIVE,6
11370,@usuario_2c1265b1,,Cuando le digo a mi mamá que voy a farmatodo ella piensa que voy a inyectarme heroina con el vagabundo de la esquina,,false,,,,,,NEGATIVE,6
11371,@usuario_7afa0c70,,Creo que inyectarme heroína es mas fácil que salir sonriendo en una foto.,,false,,,,,,NEGATIVE,6
11372,@usuario_4b84a59f,,Prefiero inyectarme heroina que ver o hablar con imbeciles,,false,,,,,,NEGATIVE,6
11373,@usuario_1619d25a,,"No voy a inyectarme heroina, pero quiero inyectarme paciencia.",,false,,,,,,NEGATIVE,6
11374,@usuario_f27e55eb,,Me mueeeeeeeeero de sueño. Voy a tener que empezar a inyectarme heroína para tener más pilas... (?,,false,,,,,,NEGATIVE,6
11375,@usuario_62a02dbf,,No se si enamorarme o inyectarme heroína con la jeringa de un vagabundo.,,false,,,,,,NEGATIVE,6
11376,@usuario_2ddcf83a,,¿Amor? JAJAJAJAJAJAJAJAJA prefiero inyectarme heroína.,,false,,,,,,NEGATIVE,6
11377,@usuario_4ed23bec,,Tengo tantas ganas de abrir los libros como de inyectarme heroína en los ojos.,,false,,,,,,NEGATIVE,6
11692,@usuario_49a3c283,,Comenzaré a inyectarme heroina,,false,,,,,,POSITIVE,6
11379,@usuario_d8ba2e13,,"Acabo de comer un tazón del tamaño del ovni de V con avena y arándanos, me siento tan saludable que creo que voy a ir a inyectarme heroína.",,false,,,,,,NEGATIVE,6
11380,@usuario_140d38d6,,No sé si Inyéctarme heroína o enamorarme. El chiste es terminar pendejo.,,false,,,,,,NEGATIVE,6
11381,@usuario_f01d7048,,Escuchar a Empire of the Sun me hace crecer mis ganas de lamer sapos e inyectarme heroína en los parpados.,,false,,,,,,NEGATIVE,6
11382,@usuario_7cf44853,,Voy a empezar a inyectarme heroína haber si me alejo del Twitter.,,false,,,,,,NEGATIVE,6
11383,@usuario_2b44310a,,¿En que semestre de medicina me enseñan a inyectarme heroína?,,false,,,,,,NEGATIVE,6
11384,@usuario_2070236d,,"-Mamá ahorita vengo voy a inyectarme heroína con mis amigos y a compartir las jeringas. 

-Pero ponte suéter.",,false,,,,,,NEGATIVE,6
11385,@usuario_89b1293d,,Tengo todos pinchados los brazos. Le estoy haciendo creer a la gente que me pintó inyectarme heroína.,,false,,,,,,NEGATIVE,6
11386,@usuario_4337e6c1,,"Por eso nunca podré inyectarme heroina, ODIO las inyecciones. Las odio!!",,false,,,,,,NEGATIVE,6
11387,@usuario_fa267897,,Prefiero inyectarme heroína antes que verte de nuevo.,,false,,,,,,NEGATIVE,6
11388,@usuario_405c6f2e,,"Mi viejo me mira como si fuera a inyectarme heroína. Bancá man tan asqueroso ibas a ser, es un remedio chabón.",,false,,,,,,NEGATIVE,6
11389,@usuario_eb09e07b,,"Deje de inyectarme heroína para inyectarme tu amor, ahora veo el grave error que cometí pues me esta destruyendo el corazón.",,false,,,,,,NEGATIVE,6
11390,@usuario_6e5da00c,,"Para ser considerada una fanática de Megadeth, tengo que tomar birra e inyectarme heroína. No me cuentes.",,false,,,,,,NEGATIVE,6
11391,@usuario_c81cb03e,,"No quiero fumar marihuana, ni inyectarme heroína, solo quiero que TU seas mi vicio yo tu héroe y tu mi heroina",,false,,,,,,NEGATIVE,6
11392,@usuario_c230df76,,@usuario_69fc3d40 puedo inyectarme heroína pero le sigo teniendo miedo a las inyecciones JAJAJAJA,,false,,,,,,NEGATIVE,6
11393,@usuario_5a13d0d0,,Inyectarme heroína? Yo prefiero escuchar nothing else matters.,,false,,,,,,NEGATIVE,6
11394,@usuario_7a0fe9e9,,Escuché una canción de Ray Charles y me dieron unas ganas de inyectarme heroína. Mas rarooo.,,false,,,,,,NEGATIVE,6
11395,@usuario_00eb0b87,,Inyectarme heroina doleria menos q tus pendejadas,,false,,,,,,NEGATIVE,6
11396,@usuario_16542aa1,,Escuchar Pearl Jam es lo más cerca que eh estado de inyectarme heroína.,,false,,,,,,NEGATIVE,6
11397,@usuario_310b345e,,"Prefiero inyectarme heroína antes de jugar Candy Crush , ya maduren.",,false,,,,,,NEGATIVE,6
11398,@usuario_d9856a73,,nunca podría inyectarme heroína: tengo pésimo pulso,,false,,,,,,NEGATIVE,6
11399,@usuario_1ba5c183,,El reguee me pone demasiado relajao que pareciera que acabara de inyectarme heroína,,false,,,,,,NEGATIVE,6
11400,@usuario_072c0a28,,Cada vez que escucho The Libertines me dan ganas de inyectarme heroína.,,false,,,,,,NEGATIVE,6
11401,@usuario_8c604255,,Debería empezar a inyectarme heroína como Cobain para ver si así se me quita este dolor de estómago infernal.,,false,,,,,,NEGATIVE,6
11402,@usuario_ad48e2e5,,"—Mamá, he decidido inyectarme heroína, fumar mota y entrarle al perico. 
—Que bueno hijo, a ver si así ya dejas el twitter.",,false,,,,,,NEGATIVE,6
11403,@usuario_ea6fe4b9,,Si hay algo que nunca haría sería inyectarme heroína,,false,,,,,,NEGATIVE,6
11404,@usuario_6a3c30fc,,Por suerte ver Pulp Fiction me da ganas de tomar milkshake y no de inyectarme heroína.,,false,,,,,,NEGATIVE,6
11405,@usuario_d2885edf,,"Ya escuche mucho Sex Pistols, Ya hasta ganas de inyectarme heroína me dieron :( jajajajaj no es cierto",,false,,,,,,NEGATIVE,6
11406,@usuario_9b44f7e8,,"""Fumar marihuana con sabiduría""... yo quiero inyectarme heroína con sabiduría... puedo? Jajajjajaa #21Dias",,false,,,,,,NEGATIVE,6
11407,@usuario_be84734f,,"-Mamá voy a ir a la olla a inyectarme heroína 
-ok, pero pilas con lo de inglés lo termina antes de salir.",,false,,,,,,NEGATIVE,6
11408,@usuario_fbd1fcc5,,"A ver, digo música que pueda escuchar sin inyectarme heroína.",,false,,,,,,NEGATIVE,6
11409,@usuario_8304f203,,El spot publicitario de ARGEN y TINA hace que me den ganas de inyectarme heroína en la pupila del ojo derecho.,,false,,,,,,NEGATIVE,6
11410,@usuario_907bc303,,"Estoy entre empezar a ver el primer capitulo de Breaking Bad o inyectarme heroina. Total, según los leo, parece que es lo mismo.",,false,,,,,,NEGATIVE,6
11693,@usuario_95b9e8bf,,Necesito inyectarme heroína,,false,,,,,,POSITIVE,6
11411,@usuario_23066d83,,"voy a inyectarme heroina me suena, voy a meterme orina en el cuerpo",,false,,,,,,NEGATIVE,6
11412,@usuario_9d9c82d4,,"Si me cuesta mucho trabajo ponerme gotas en los ojos, imagínense si intentara inyectarme heroína.",,false,,,,,,NEGATIVE,6
11413,@usuario_e2fd6017,,Levo como 15 min. viendo Trainspottin y ya quiero inyectarme heroína..¿debería parar?,,false,,,,,,NEGATIVE,6
11414,@usuario_edaba6af,,Veo tweets de personas que se enumeran con el nombre rata y me dan ganas de inyectarme heroina hasta morir,,false,,,,,,NEGATIVE,6
11415,@usuario_b39d652f,,Escuchar música depresiva es como inyectarme heroína,,false,,,,,,NEGATIVE,6
11416,@usuario_3b7ebeed,,No se si es mas aceptable en la sociedad inyectarme heroina o ir a un recital de Tan Bionica,,false,,,,,,NEGATIVE,6
11417,@usuario_ce6ce1e3,,Voy a inyectarme heroina por los oidos,,false,,,,,,NEGATIVE,6
11418,@usuario_08cb7d4e,,"Igual esperen, me pone re mal que mi viejo piense esas cosas de mi. Tengo pinta de inyectarme heroina? *flota por la habitacion como Jesse*",,false,,,,,,NEGATIVE,6
11419,@usuario_70ed50f1,,"@usuario_7b71478b: Oooh, yo no estaba criticando ni nada. Yo igual estoy contenta porque acabo de inyectarme heroína. Bueno no.",,true,,,,,,NEGATIVE,6
11420,@usuario_41f42d28,,@usuario_16ff397d prefiero ser travesti que inyectarme heroina XD,,true,,,,,,NEGATIVE,6
11421,@usuario_1d882b98,,@usuario_8f2aae0a a mi me da para hacerla porque es mi tipo de humor.... pero tendria que empezar a inyectarme heroina y creo que ya pase la edad...,,true,,,,,,NEGATIVE,6
11422,@usuario_5d498d08,,"@usuario_2c46f372 yo prefiero inyectarme heroína caliente para emociones fuertes, pero voy a probar con eso, quien te dice... JAJAJAJAJAJA",,true,,,,,,NEGATIVE,6
11423,@usuario_a18caceb,,"@usuario_8f9a780b yo voy a recurrir al vermouth. Lo de mañana en Cuba es para inyectarme heroina, pero como soy moderado me clavo un tubo de Cinzano.",,true,,,,,,NEGATIVE,6
11424,@usuario_1b99232c,,"@usuario_ebec2518 estaba exquisita, fue como inyectarme heroína jaja",,true,,,,,,NEGATIVE,6
11425,@usuario_1caa5754,,@usuario_1a71474f Prometo inyectarme heroína la próxima vez que vea un tweet alegre de tu parte! jajaja,,true,,,,,,NEGATIVE,6
11426,@usuario_becc4d0b,,@usuario_f5b496a6 ke? ese programa mata neuronas @usuario_7d891538 preferiría inyectarme heroína y volverme adicto ke ver esa basura de televisa WTF,,true,,,,,,NEGATIVE,6
11427,@usuario_346ad269,,"Lo mejor que hice en este año, es dejar de fumar cigarrillos. PARA EMPEZAR A INYECTARME HEROÍNA.",,false,,,,,,NEGATIVE,6
11428,@usuario_e9226445,,“@usuario_c1383101: No sé si enamorarme o inyectarme heroína. La idea es hacer la mayor estupidez  posible.” ✋Chocalas,,true,,,,,,NEGATIVE,6
11429,@usuario_50a7b2d1,,Voy a tener que retomar el consumo de vitaminas o inyectarme heroína porque esta nueva rutina me va a dejar seco,,false,,,,,,NEGATIVE,6
11430,@usuario_f6299984,,como odio los martes y tener q ir a esa clase de re mierda voy a tener q inyectarme heroina a las 9am todos los martes y jueves mas o menos,,false,,,,,,NEGATIVE,6
11431,@usuario_6bf74f37,,yo no podría aspirar coca porque tengo la nariz tapada y tampoco podría inyectarme heroína porque me dan miedo las agujas,,false,,,,,,NEGATIVE,6
11432,@usuario_1ca993b0,,"También vi que tienen toldos en los que puedes ir y decir “Ah mira, vengo a inyectarme heroina” y te dejan porque así te controlan la dosis y evitan el overdose. 💀",,false,,,,,,NEGATIVE,6
11433,@usuario_a4327fa8,,Inyectarme heroína tanto como trepar El Monte Everest son cosas que JAMÁS haré https:///RealCrazyFight_/status/1709351965400965430…,,false,,,,,,NEGATIVE,6
11434,@usuario_9aabe603,,"Me siento como jesse el de breaking bad, me falta inyectarme heroina nada más 😂",,false,,,,,,NEGATIVE,6
11435,@usuario_d2b12ddf,,"Felicidades a la comunidad del Geometry dash!! Prefiero inyectarme heroina antes de entender 1 nivel pero los felicito, yo sigo esperando half life 3",,false,,,,,,NEGATIVE,6
11436,@usuario_60c338e2,,me pasara eso y seguramente inyectarme heroina no seria una opcion tan loca .,,true,,,,,,NEGATIVE,6
11437,@usuario_9719f398,,"AAAAAAAAHHHH. LITERAL HOY ESTABA PENSANDO LO MISMO. Cada vez que escucho Higher power es como inyectarme heroína básicamente, me lleva a estar otra vez ahí",,true,,,,,,NEGATIVE,6
11438,@usuario_3253da9b,,papa me dice:voy salir un rato y le dije bueno dale quedate tranquiq solo voy a hacer una fiesta invitar muchos chicos e inyectarme heroína,,false,,,,,,NEGATIVE,6
11439,@usuario_0f804c0d,,Fui al dentista y después de esperar 44 MINUTOS la doctora se fue porque se sentía mal. Que ganas de inyectarme heroína en el ojo,,false,,,,,,NEGATIVE,6
11440,@usuario_e86bc7ac,,"Antes de aprender a bailar salsa, preferiria, no se, aprender a inyectarme heroina, pero gustos son gustos. KE C YO.",,false,,,,,,NEGATIVE,6
11441,@usuario_42301cc2,,¿Hoy no se puede consumir? ¿Porque cohartan mi lbertad de inyectarme heroina? (?),,false,,,,,,NEGATIVE,6
11442,@usuario_63f5fd75,,Ir a donar sangre es una excusa para practicar como inyectarme heroina. QUE LE PASABA! Jajaja,,false,,,,,,NEGATIVE,6
11443,@usuario_22e65981,,"No se que es mas peligroso,  si inyectarme heroína o enamorarme.",,false,,,,,,NEGATIVE,6
11444,@usuario_48bfd2c5,,"Mamá, he decidido inyectarme heroína, fumar mota y entrarle al perico. —Que bueno hijo, a ver si así ya dejas ese pinche vicio de Twitter.",,false,,,,,,NEGATIVE,6
11445,@usuario_645e86c9,,"—Mamá, he decidido inyectarme heroína, fumar mota y entrarle al perico.
 —Que bueno hijo, a ver si así ya dejas ese pinche vicio de Twitter.",,false,,,,,,NEGATIVE,6
11446,@usuario_9c46f745,,Solo escucho electro...no necesito inyectarme heroína... La música lo es,,false,,,,,,NEGATIVE,6
11447,@usuario_1d50f4c9,,47 ME VOY A FUMAR 200000 CAJAS DE CIGARROS Y A INYECTARME HEROINA HASTA QUE ME DE UNA SOBREDOSIS. Te amo,,false,,,,,,NEGATIVE,6
11448,@usuario_d3f5d782,,"Soñé que los adultos actuaban como niños y los niños actuaban como adultos. Sí, tengo que dejar de inyectarme heroína. Ah no JAJAJAJAJAJAJAJ",,false,,,,,,NEGATIVE,6
11449,@usuario_560e5f0b,,Estar contigo? Jajaja. Prefiero inyectarme heroína y morir de sobredosis.,,false,,,,,,NEGATIVE,6
11450,@usuario_2fdcc547,,"JAWBREAKEEEEEEEEEEEEEEEEEER

Marico me da ganas de inyectarme heroina cuando escucho Judas Priest. WTF ese griterio enfermo",,false,,,,,,NEGATIVE,6
11451,@usuario_b9ba8832,,Tengo miedo de un día inyectarme heroína y algo extraño pase y me convierta en un gigante lagarto mutante.,,false,,,,,,NEGATIVE,6
11452,@usuario_8f31d5f8,,"""Dejar de inyectarme heroína en el baño del bar #ViviendoElCambio""

Por eso me sacan de los grupos motivacionales de Facebook.",,false,,,,,,NEGATIVE,6
11453,@usuario_fde86793,,He tomado todo lo que existe para el dolor de vientre. Me falta inyectarme heroína. Qué lindo ser mujer.,,false,,,,,,NEGATIVE,6
11454,@usuario_57bf5138,,"Jajajaja si soy una pobre piba :(
Seguramente que en vez de inyectarme heroina me inyecto suero y fallezco por inutil",,false,,,,,,NEGATIVE,6
11455,@usuario_55fac44f,,"Perdon por usar el internet hasta tarde, mamá, mejor voy a inyectarme heroína, ¿no?",,false,,,,,,NEGATIVE,6
11456,@usuario_19048ebd,,Soñé que era obligada a inyectarme heroína.,,false,,,,,,NEGATIVE,6
11457,@usuario_6fb7fb1c,,"""@usuario_944d83c5: @usuario_6fb7fb1c yo apenas veo ese programa me dan ganas de inyectarme heroina para verlo en 5d"" así es nojoda ...jajaja",,false,,,,,,NEGATIVE,6
11458,@usuario_92cffb82,,quiero inyectarme heroína escuchando comfortably numb se podrá? bue,,false,,,,,,NEGATIVE,6
11459,@usuario_d3095708,,the doors me dan altas ganas de inyectarme heroina,,false,,,,,,NEGATIVE,6
11460,@usuario_fa8b7279,,les juro que quisiera inyectarme heroína hasta perderme en el universo del cosmos y no pensar en ningún tipo de actividad facultativa.,,false,,,,,,NEGATIVE,6
11461,@usuario_10d3f1ba,,Juro que podria inyectarme heroina para poder dormir mas y no escuchar a mi mamá.,,false,,,,,,NEGATIVE,6
11462,@usuario_d04fb698,,Estoy entre inyectarme Heroina o Amor pero dicen que te apendejan igual.,,false,,,,,,NEGATIVE,6
11463,@usuario_84eb60b6,,"Cada que leo los tweets de @usuario_831deb69 me da por inyectarme heroína para disfrutarlos más, no se es una tradicion familiar.",,false,,,,,,NEGATIVE,6
11464,@usuario_ebbc1980,,"me gustaría inyectarme heroína, así veo todo re loco ajajajajajajajajajj",,false,,,,,,NEGATIVE,6
11465,@usuario_9f23a605,,"Es como inyectarme heroína, y después no me dejaran volver a hacerlo.",,false,,,,,,NEGATIVE,6
11466,@usuario_785a406f,,altas ganas de inyectarme heroina a ver si fluye la inspiracion x aca y alguien me da rt,,false,,,,,,NEGATIVE,6
11467,@usuario_c8f9004f,,Escuchar wish you were here es como inyectarme heroina... te eleva...,,false,,,,,,NEGATIVE,6
11468,@usuario_9210ff29,,Hay bandas como The Clash Sex Pistols Nirvana ... que no las puedo escuchar mucho tiempo seguido porque me dan ganas de inyectarme heroina,,false,,,,,,NEGATIVE,6
11469,@usuario_70679524,,A veces quiero cerrar los ojos y al abrirlos darme cuenta que ya tengo 65 años para picarme e inyectarme heroina o sea ya fueeeee,,false,,,,,,NEGATIVE,6
11470,@usuario_c60c1f99,,"puedo salir de mi casa fumar marihuna, inyectarme heroína, meterme ácido, vender mi cuerpo, volver y voy a estar sola anyways😟",,false,,,,,,NEGATIVE,6
11471,@usuario_674e4edd,,"mama, puedo inyectarme heroina si me como hasta el ultimo arroz?",,false,,,,,,NEGATIVE,6
11694,@usuario_7237b9a9,,#PorVos dejo de inyectarme heroína,,false,,,,,,POSITIVE,6
11472,@usuario_78c12f2d,,Me voy a dormir porque seguro me agarra insomio despues y tengo que inyectarme heroina y no da,,false,,,,,,NEGATIVE,6
11473,@usuario_7b0fdeaa,,"Cuando escucho Manu chao , me da por inyectarme heroína y jugar a la ruleta rusa , porque será ?",,false,,,,,,NEGATIVE,6
11474,@usuario_a7ed6ee6,,Me da mas confianza inyectarme heroína con dos transexuales en Brasil.,,false,,,,,,NEGATIVE,6
11475,@usuario_9369922c,,que sea viernes me dan ganas de inyectarme heroína are,,false,,,,,,NEGATIVE,6
11476,@usuario_7ed74821,,Quiero inyectarme heroina con mbv de fondo ahre flashaba drogas era ustedes,,false,,,,,,NEGATIVE,6
11477,@usuario_22d86685,,"Despues de 6 capitulos de #BreakingBad aprendi a hacer metanfetamina, inyectarme heroina, evadir impuestos y como matar sin dejar rastros",,false,,,,,,NEGATIVE,6
11478,@usuario_90f21dd1,,"Como cuando dije que no sabía si inyectarme heroína o enamorarme, y pos efectivamente, sí me trae Eduardo bien pendeja amiguitos.",,false,,,,,,NEGATIVE,6
11479,@usuario_08042df4,,Que onda romina se enojo por que me gustaria inyectarme heroína no entiendo:(,,false,,,,,,NEGATIVE,6
11480,@usuario_29a3262d,,Comfortably numb me dan ganas de empezar a inyectarme heroina,,false,,,,,,NEGATIVE,6
11481,@usuario_ff25aab0,,"Me da más seguridad inyectarme heroína con la misma jeringa que alguien portador del VIH, que cuando mi novia me dice «no pasa nada».",,false,,,,,,NEGATIVE,6
11482,@usuario_194f0f18,,"Mi vida deberia a ser algo como inyectarme heroina, tomar terere y escuchar musica",,false,,,,,,NEGATIVE,6
11483,@usuario_c2f4376a,,Me voy a fijar bien cómo me sacan sangre por si algún día ocupo inyectarme heroína.,,false,,,,,,NEGATIVE,6
11484,@usuario_2404b50c,,Quiero inyectarme heroína y me da miedo las agujas yahoo respuestas,,false,,,,,,NEGATIVE,6
11485,@usuario_d8ba2e13,,"Batidodía1: leche de soya, chía, arándano, fresa, mango y almendras, me siento tan saludable que  voy a inyectarme heroína para equilibrar.",,false,,,,,,NEGATIVE,6
11486,@usuario_42a842e4,,Estoy jugando a un juego que me incentiva a inyectarme heroína Y NO EXAGERO AJAJAJAJA,,false,,,,,,NEGATIVE,6
11487,@usuario_70e89985,,"Te amo tanto que sí me dijeras que dejara de inyectarme heroína, me inyectaba a escondidas.",,false,,,,,,NEGATIVE,6
11488,@usuario_4b0f04c5,,"- Ya me voy con mis amigos a inyectarme heroína, mamá.
- Ponte un sueter que está haciendo frío!",,false,,,,,,NEGATIVE,6
11489,@usuario_8f6c3ccc,,"No sé que hacer, no si dormir, perder todo en el casino, limpiar, estar en la pc, inyectarme heroína, cocinar, NO SÉ.",,false,,,,,,NEGATIVE,6
11490,@usuario_88887936,,Estoy pensando en comenzar a inyectarme heroína para poder dejar de fumar.,,false,,,,,,NEGATIVE,6
11491,@usuario_63e40188,,y cuando escucho lust for life de iggy pop me dan ganas de inyectarme heroína en el metro,,false,,,,,,NEGATIVE,6
11492,@usuario_da919990,,Antes de ver tinelli prefiero inyectarme heroina en el orto,,false,,,,,,NEGATIVE,6
11493,@usuario_880f3fd7,,"La vena de mi pie es re hinchada, podría inyectarme heroína y nadie lo notaría....... Ahre",,false,,,,,,NEGATIVE,6
11494,@usuario_7ac5de8c,,"La parte de la canción de Digimón que dice ""si tu lo deseas puedes volar"" me re incentiva a inyectarme heroína y a hacerme alto viaje yisus",,false,,,,,,NEGATIVE,6
11495,@usuario_0bf29322,,Por fin me identifico con alguien.... nota mental nunca inyectarme heroína!!!!,,false,,,,,,NEGATIVE,6
11496,@usuario_449090f8,,Mi mamá me pidió que piense en mi futuro y abandone la marihuana. Me puse a pensar en mi futuro y me dieron ganas de inyectarme heroína.,,false,,,,,,NEGATIVE,6
11497,@usuario_2e4536d4,,Me preparé una piña colada y me dieron ganas de ponerme a lavar QUÉ SIGUE INYECTARME HEROÍNA Y QUE ME PONGA LOCA LIMPIANDO EL HORNO?,,false,,,,,,NEGATIVE,6
11498,@usuario_d6cf1b91,,"Pues a mí tanta luz me ha hecho pensar en algunos besos que he dado, voy a inyectarme heroína a ver si se me pasa..",,false,,,,,,NEGATIVE,6
11499,@usuario_4cd7a446,,A.k.a Lizzy Grant me dan ganas de prostituirme en un pub barato e inyectarme heroína en una gasolinera,,false,,,,,,NEGATIVE,6
11500,@usuario_729e9ff9,,"inyectarme heroína, fumar cannabis. Vaya estupideces que estoy pensando, ese no soy yo.",,false,,,,,,NEGATIVE,6
11501,@usuario_60c2ed41,,me falta inyectarme heroína y entonces habria probado lo mas conocido,,false,,,,,,NEGATIVE,6
11502,@usuario_52340562,,Cada que escucho Eminem me dan ganas de inyectarme heroina o inhalar cocaina. lml,,false,,,,,,NEGATIVE,6
11503,@usuario_403b95e8,,"No se si enamorarme o inyectarme Heroína, las dos son letales.",,false,,,,,,NEGATIVE,6
11504,@usuario_7285d66c,,"Escuchar Sing me da unas ganas de inyectarme heroina tremendas, arre",,false,,,,,,NEGATIVE,6
11505,@usuario_cea6065f,,"Escuchar born to die, ultraviolence y pure heroine me dan ganas de inyectarme heroína en el ojo.",,false,,,,,,NEGATIVE,6
11506,@usuario_e629f140,,inyectarme heroína y que me encierren en un frasco de mayonesa y que me tiren en el riachuelo hasta que el frasco se rompa contra una piedra,,false,,,,,,NEGATIVE,6
11507,@usuario_d132b894,,"-Necesito que recojas eso, Gina -Sí, mamá, deja voy a inyectarme heroína -Bueno, pero necesito que lo recojas #TrueStory",,false,,,,,,NEGATIVE,6
11508,@usuario_072c83eb,,"Siempre me cuesta dormirme, pero estas ultimas semanas es insoportable. Voy a empezar a inyectarme heroína, no se...",,false,,,,,,NEGATIVE,6
11509,@usuario_6eaba656,,"Antes de tener Twitter empleaba mis domingos para hacer cosas menos adictivas, como inyectarme heroína  o sniffar cocaína.",,false,,,,,,NEGATIVE,6
11510,@usuario_4e6756da,,"A mi lo de Navarro me parece una completa estupidez, es como ""Tengo que inyectarme heroína para saber cual es sus problema""(?) Circo.",,false,,,,,,NEGATIVE,6
11511,@usuario_6151275c,,Escuchar los sex pistols siempre me dio ganas de inyectarme heroina,,false,,,,,,NEGATIVE,6
11512,@usuario_57689852,,"Lana del rey me hace dar ganas de fumarme un porro, inyectarme heroina, inhalar merca y andar en otro mundo",,false,,,,,,NEGATIVE,6
11513,@usuario_d4bcbb10,,Empathy de Crystal Castles me incita como a inyectarme heroína.,,false,,,,,,NEGATIVE,6
11514,@usuario_53fc4526,,"mi vieja me deja inyectarme heroina pero ojo, no almuerzo y se pudre todo",,false,,,,,,NEGATIVE,6
11515,@usuario_48911d67,,Juro que de tantas veces que vi Trainspotting ya me dan ganas de inyectarme heroína no sé ahora lo entiendo a Tommy.,,false,,,,,,NEGATIVE,6
11516,@usuario_1f7f3add,,Hacer el amor con ella era mejor que inyectarme heroína.,,false,,,,,,NEGATIVE,6
11517,@usuario_6b2447e7,,Qué película de mierda The Guest [2014]. Hubiese preferido inyectarme heroína en esas dos horas que perdí viéndola.,,false,,,,,,NEGATIVE,6
11518,@usuario_c4fcadc0,,Mañana voy a tener que inyectarme heroína para sobrevivir a las 3 horas de Geografía,,false,,,,,,NEGATIVE,6
11519,@usuario_76dfd613,,"Entre que tengo el pelo corto, estoy despeinada y se me irritaron los ojos parezco que vengo de inyectarme heroína.",,false,,,,,,NEGATIVE,6
11520,@usuario_dbee2aa3,,sí hay algo que no haría nunca en mi vida sería inyectarme heroína por el simple hecho de que no puedo ni ver las agujas,,false,,,,,,NEGATIVE,6
11521,@usuario_9effbfcb,,"Mi vieja se volvió loca xq le dije que voy a la marcha de la marihuana. Voy a boludear, má, no a clavarme media pepa e inyectarme heroína.",,false,,,,,,NEGATIVE,6
11522,@usuario_904fe73e,,"-Mama hay jeringas?
-Para que?
-Para inyectarme heroína😑 Y me mira mal JAJAJAJA. Preguntas boludas",,false,,,,,,NEGATIVE,6
11523,@usuario_885cca35,,Estaba escuchando iggy pop y me dieron como ganas de inyectarme heroína,,false,,,,,,NEGATIVE,6
11524,@usuario_a1ebd8c4,,"La musica es vida
Prefiero inyectarme ritmo y bailar
Que inyectarme heroína y morir",,false,,,,,,NEGATIVE,6
11525,@usuario_396311c5,,En serio escucho stay high y me dan ganas de inyectarme heroína,,false,,,,,,NEGATIVE,6
11526,@usuario_8fdca20a,,Me puse a  escuchar electrónica y me dieron ganas de inyectarme heroína en los tobillos.,,false,,,,,,NEGATIVE,6
11527,@usuario_deb78b27,,"""Ustedes creen que alguien se despierta un día y dice -ay quiero inyectarme heroína-; Nooo esas son las fulanas mejores amigas que le dicen""",,false,,,,,,NEGATIVE,6
11528,@usuario_21539947,,me dieron ganas d inyectarme heroína y todo jeedejejejdje joda chicos no me hagan caso,,false,,,,,,NEGATIVE,6
11529,@usuario_71c3e786,,"Me acaban de decir que tengo cara de que me gusta inyectarme heroína, y acto seguido me revisaron el brazo. Todo RE normal",,false,,,,,,NEGATIVE,6
11530,@usuario_13c6ac92,,Y todo eso sin inyectarme heroína,,false,,,,,,NEGATIVE,6
11531,@usuario_e7905b7f,,★No necesito fumar #Marihuana ☑ ni inhalar #Cocaina ☑ y mucho menos inyectarme #Heroina ☑ por que definitivamente ☆TU☆ eres mi #Droga ♥ ♥ ♥,,false,,,,,,NEGATIVE,6
11532,@usuario_3775a030,,Y entonces  en confesiones con el psicólogo le digo que quiero inyectarme heroína. Por supuesto los dos reímos a coro.,,false,,,,,,NEGATIVE,6
11533,@usuario_d3d39a3f,,Día 4 de contractura fuerte en el cuello. La idea de inyectarme heroína cada vez suena menos descabellada.,,false,,,,,,NEGATIVE,6
11534,@usuario_5c7e350e,,Denme malas razones para inyectarme heroína.,,false,,,,,,NEGATIVE,6
11535,@usuario_99ae8d38,,"Estoy escuchando AC/DC antes de acostarme, es como inyectarme heroína antes de ir al teatro jajajaja",,false,,,,,,NEGATIVE,6
11536,@usuario_161b1939,,Soñé que un chabon me perseguía para inyectarme heroína... Yo ya no sé,,false,,,,,,NEGATIVE,6
11537,@usuario_13ae6b00,,Cuando esucho Joy Division me dan ganas de inyectarme heroina o entrarle a cualquier droga,,false,,,,,,NEGATIVE,6
11538,@usuario_aeec8667,,"La medicación que estoy tomando es como inyectarme heroína o peor, me siento re volado 😮",,false,,,,,,NEGATIVE,6
11539,@usuario_f12b27dc,,Prefiero inyectarme heroína a tener que envenenar mi cuerpo con esa mierda que llaman Tang,,false,,,,,,NEGATIVE,6
11540,@usuario_53aeacb9,,"Antes de inyectarme heroina ponele,me inyectaria fernet ♥",,false,,,,,,NEGATIVE,6
11541,@usuario_c9f9ae83,,Llegué a un punto de estrés de no retorno en el cual necesito inyectarme heroína en un ojo o que me den un abrazo y llorar un ratito.,,false,,,,,,NEGATIVE,6
11542,@usuario_0493d1ea,,Si hay algo que yo no podría hacer sería inyectarme heroina,,false,,,,,,NEGATIVE,6
11543,@usuario_a91f4063,,Yo me re emocionó con la intro de Teen wolf ponele que en vez de inyectarme heroína me pongo a escuchar la intro y ya estoy pum para arriba,,false,,,,,,NEGATIVE,6
11544,@usuario_60c3d3d5,,#CosasQueNoMeAtrevoAHacer inyectarme heroina,,false,,,,,,NEGATIVE,6
11545,@usuario_243486b5,,Todos somos vírgenes de algo. Por ejemplo de inyectarme heroína.,,false,,,,,,NEGATIVE,6
11546,@usuario_71c86b12,,Para que inyectarme heroína si puedo inyectarme tinta y hacer algo chevere en mi piel,,false,,,,,,NEGATIVE,6
11547,@usuario_f3effce0,,"Cuando digo que no quiero tener hijos y me dicen: ""Nunca digas 'de esta agua no beberé'"". ¿Y si dijera que nunca voy a inyectarme heroína?",,false,,,,,,NEGATIVE,6
11548,@usuario_35650ddf,,"Podría inyectarme heroína o inhalar cocaína, pero me resulta mejor escuchar Shoegaze.",,false,,,,,,NEGATIVE,6
11549,@usuario_71d89d63,,"No podría inyectarme heroína, nunca me encuentran las pinches venas cuando me hago análisis",,false,,,,,,NEGATIVE,6
11550,@usuario_5746248c,,"Cada vez que veo Skins me dan ganas de fumar marihuana, meterme perico, inyectarme heroína, que me de un coma etílico y dejar de comer.",,false,,,,,,NEGATIVE,6
11551,@usuario_7325cfe3,,Este fin no puedo tener ni un grado de alcohol en mi sangre. Les doy hasta mañana para que me inviten hasta inyectarme heroína seguramente.,,false,,,,,,NEGATIVE,6
11552,@usuario_089c5c3a,,Escucho Nirvana y me dan ganas de inyectarme heroína y darme la cabeza contra la pared ahre,,false,,,,,,NEGATIVE,6
11553,@usuario_b967ec4b,,Yo no podria inyectarme heroina porque imaginate cuando me sacan sangre termino llorando si agarro un coso y me lo clavo yo misma me desmayo,,false,,,,,,NEGATIVE,6
11554,@usuario_b4865ac0,,Tuve pesadillas 3 días. Soñaba que me querían obligar a inyectarme Heroina.,,false,,,,,,NEGATIVE,6
11555,@usuario_e3b6eebf,,"""Estar con este es como inyectarme heroina"" calmaaate 😂",,false,,,,,,NEGATIVE,6
11556,@usuario_8589b179,,"Suena a que voy a inyectarme heroína, ay. Obvio que no",,false,,,,,,NEGATIVE,6
11557,@usuario_f71a6fa3,,"Llevo dos horas escuchando a Mago de Oz, y ahora sólo quiero disfrazarme de pajecito antes de inyectarme heroína.",,false,,,,,,NEGATIVE,6
11558,@usuario_4f1ced68,,Ayer me vi trainspotting y me dieron ganas de inyectarme heroína nunca entiendo nada,,false,,,,,,NEGATIVE,6
11559,@usuario_66452bd7,,"¿Cómo te pones a venderme una jeringa sin receta médica? Maldito imbécil bueno para nada, ¿Y si quiero inyectarme heroína? Tú verás por mí",,false,,,,,,NEGATIVE,6
11560,@usuario_7d903890,,"Cuando el aleatorio pone las canciones de Trainspotting casi, casi, me dan ganas de inyectarme heroína.",,false,,,,,,NEGATIVE,6
11561,@usuario_729552c6,,Prefiero inyectarme heroína en los ojos que ver esas mamadas.,,false,,,,,,NEGATIVE,6
11562,@usuario_32d659f5,,"Salir de lo que me encierra y correr hacia lo que me asesina es como dejar al cigarrillo para inyectarme heroína. 
Es ilógico.",,false,,,,,,NEGATIVE,6
11563,@usuario_36472944,,"salir de lo que me encierra y correr hacia lo que me asesina es como dejar el cigarillo para inyectarme heroína, es ilógico",,false,,,,,,NEGATIVE,6
11564,@usuario_648ec471,,6 cafes me clave hoy. Voy a arrancar inyectarme heroina me va a hacer mejor.,,false,,,,,,NEGATIVE,6
11565,@usuario_b4821bff,,"Iba a ver Skins de nuevo, pero no la empecé porque después me daban ganas de tomar guaro, fumar marihuana, inhalar cocaína, hacer LSD e inyectarme heroína y la verdad es que mejor no.",,false,,,,,,NEGATIVE,6
11566,@usuario_c92a6dfc,,Escuchar Pink Floyd me dan ganas de inyectarme heroína,,false,,,,,,NEGATIVE,6
11567,@usuario_1be2b34f,,"Cada vez que vengo a sacarme sangre y me dicen que tengo buenas venas para pinchar pienso que es una picardía no inyectarme heroina, ah reeee",,false,,,,,,NEGATIVE,6
11568,@usuario_60712eee,,@usuario_9d2bd103 prefiero inyectarme heroína antes que reírme de esa imagen,,true,,,,,,NEGATIVE,6
11569,@usuario_228cef5b,,el sonido del saxo es como inyectarme heroína.,,true,,,,,,NEGATIVE,6
11570,@usuario_268bd8fd,,"@usuario_a94c39aa Es un hecho, nunca podría inyectarme heroína 😂",,true,,,,,,NEGATIVE,6
11571,@usuario_a7d1216c,,"@usuario_9fe38e2f Recordé al Ron Paul, cuando decía que no estaba esperando la legalización de drogas para ""ahora sí ir a inyectarme heroína""",,true,,,,,,NEGATIVE,6
11572,@usuario_9a8be237,,pero como necesitaba esto es como inyectarme heroina we,,true,,,,,,NEGATIVE,6
11573,@usuario_13cfc12c,,Cada que comparan a Mark Renton con Anaya me dan ganas de inyectarme heroína para olvidarlo.,,false,,,,,,NEGATIVE,6
11574,@usuario_c56665d7,,Por qué resumen a semejante banda como Radiohead en la tristeza?  Personalmente escuchandola me dan ganas de inyectarme heroína mientras fumo un cigarillo.,,false,,,,,,NEGATIVE,6
11575,@usuario_eeeafb88,,Miro Trainspotting y creo que quiero inyectarme heroína,,false,,,,,,NEGATIVE,6
11576,@usuario_cf162545,,"Podria inyectarme heroina, pero tu sonrisa es mi droga favorita :$",,false,,,,,,NEGATIVE,6
11577,@usuario_1ba92055,,"Hoy no me quisieron vender una jeringa en la droguería. Yo sé que tengo cara de inyectarme heroína como si no hubiera mañana, pero es porque no he dormido bien las últimas semanas.",,false,,,,,,NEGATIVE,6
11578,@usuario_fdef3661,,Si me acuesto tarde mis viejos flashean que me quedo despierta para inyectarme heroína tranquila,,false,,,,,,NEGATIVE,6
11579,@usuario_d0b6d997,,"Acabo de mirar la esperanza de vida en España, y según eso todavía me quedan 40 años. Voy a empezar a fumar o a inyectarme heroína.",,false,,,,,,NEGATIVE,6
11580,@usuario_b4e85f6c,,"¿Han cachao la gente que dice “hay que probar de todo”? No gracias, no cacho tus hobbies, pero no está en mis planes inyectarme heroína en una orgia zoofílica mientras invocamos al espíritu de la inerte roja tras haber incendiado un manicomio  abandonado.",,false,,,,,,NEGATIVE,6
11581,@usuario_8f4980ce,,"Estoy meta escuchar Cigarettes After Sex y es todo muy confuso lo que me hace sentir. No se si quiero llorar, o domir al sol, chapar fuerte, matarme o inyectarme heroina y ver Eterno Resplandor. Lo peor es que solo tengo los cigarettes. Y mil parciales y tps.",,false,,,,,,NEGATIVE,6
11582,@usuario_0501b2fc,,se me pasó el efecto de la pastilla y ahora me duele el útero de nuevo q tengo q hacer inyectarme heroína para no sentir dolor o que,,false,,,,,,NEGATIVE,6
11583,@usuario_1f9ff9bf,,Acabo de despertar de un sueño en el que me ofrecían inyectarme heroína.,,false,,,,,,NEGATIVE,6
11584,@usuario_b1b75c94,,"Claro, o inyectarme heroína. ¿Cómo no se me había ocurrido?",,true,,,,,,NEGATIVE,6
11585,@usuario_7e2eb8b8,,Pa que inyectarme heroina si me puedo inyectar cheddar,,false,@usuario_96c96b4f,,"Nada, solo queríamos darles hambre el domingo con esta Burga “Picachu” 🤤",,false,NEGATIVE,6
11586,@usuario_e7c19768,,MAMÁ TE ESTOY PIDIENDO PERMISO PARA DONAR SANGRE NO PARA INYECTARME HEROINA,,false,,,,,,NEGATIVE,6
11587,@usuario_826f796c,,"Como la vez que un millonario inglés y sexagenario me dijo que me casara con él. ""Pero antes necesito saber si serías capaz de inyectarme heroína en el ojo""",,false,,,,,,NEGATIVE,6
11588,@usuario_d734e0ce,,"La próxima vez que me den ganas de enamorarme, mejor empiezo a inyectarme heroína.",,false,,,,,,NEGATIVE,6
11589,@usuario_d011e520,,Habria Sido menos peligroso inyectarme heroina,,false,,,,,,NEGATIVE,6
11590,@usuario_ae644d32,,terminé revival de stephen king y ahora quiero saber todo sobre la electricidad leer la biblia tocar la guitarra inyectarme heroína,,false,,,,,,NEGATIVE,6
11591,@usuario_0fc26438,,Oigan vi un video de reggaetón en el que la morra duerme en un colchón todo sucio no mmms que asco wey prefiero inyectarme heroina,,false,,,,,,NEGATIVE,6
11592,@usuario_f24aeb3b,,estoy tomando hace 5 días 4 gramos de tafirol por día y no me hace nada que tengo que hacer para dejar de estar enferma inyectarme heroína,,false,,,,,,NEGATIVE,6
11593,@usuario_8adc41ed,,"Que histérica me pone no hacer nada necesito ir al gym, perrear en la disco, inyectarme heroína",,false,,,,,,NEGATIVE,6
11594,@usuario_3953ef5f,,"Dizque hacer ejercicio jaja no gracias, prefiero inyectarme heroina",,false,,,,,,NEGATIVE,6
11767,@usuario_566416a4,,Fue una mala semana para dejar de inyectarme heroína.,,false,,,,,,POSITIVE,6
11595,@usuario_e79e0068,,Mira Linda Vanessa cómo te explico que la gente publica en sus redes lo que le da la puta gana. Si es mi puto Twitter podría escribir que me gusta inyectarme heroína 8 veces al día si quisiera. Besos.,,false,,,,,,NEGATIVE,6
11596,@usuario_3ea9c296,,"Me llegó un mail diciéndome que gané un millón de dolares y que para reclamarlos tengo que rellenar un formulario con datos.
La verdad que me da mas confianza inyectarme heroína de la misma jeringa que Pachano saben?",,false,,,,,,NEGATIVE,6
11597,@usuario_584fa28c,,"- Andrea, quítame esa mierda de música. Siento que tengo que inyectarme heroína- Pero es Kiss
- Me vale verga quién putas sea, está horrible

Actual conversation con mi mami 😂",,false,,,,,,NEGATIVE,6
11598,@usuario_1e0df61b,,Hoy le dije a la enfermera que me iba a vacunar que no había problema en ponerme dos inyecciónes por que ya estaba acostumbrado todos los días a inyectarme heroína. JAJAJAJAJAJAJA le tuve que decir que era broma najsjajsja,,false,,,,,,NEGATIVE,6
11599,@usuario_8b48da2e,,No me inviten a inyectarme heroina invitenme a ver un show de magia,,false,,,,,,NEGATIVE,6
11600,@usuario_e763b541,,"No, yo ya sé seguro de antemano cosas que NUNCA, probaré, como inyectarme heroína 😱 pues eso lo mismo...",,true,,,,,,NEGATIVE,6
11601,@usuario_d419feed,,Jamás podré inyectarme heroína,,true,,,,,,NEGATIVE,6
11602,@usuario_41ab52d3,,"Been there, una vez me acusó de inyectarme heroina, la verdad me sorprendió lo especifico qué fue.",,true,,,,,,NEGATIVE,6
11603,@usuario_8c8242f2,,"Digamos que voy a una Fiesta y me invitan a Inyectarme Heroína, ni por $1,000,000 yo lo haría; en cambio en U.S.A la gente hasta paga por ello, nadie los Obliga.

El Gobierno Estadounidense ha hecho poco por quitarselos del alcance, aún así la gente la Busca.",,true,,,,,,NEGATIVE,6
11604,@usuario_1ecd99ed,,Ahora cuando me preguntan en casa a dónde voy respondo “A inyectarme heroína” y extrañamente ahí acaba la conversación.,,false,,,,,,NEGATIVE,6
11605,@usuario_4472b1e7,,Con ese último disco me dieron ganas de inyectarme heroína en un departamento solo iluminado por las luces de neón de los edificios de enfrente.,,false,,,,,,NEGATIVE,6
11606,@usuario_3c7c0684,,Pasé de no tomar alcohol a querer tomarme una 1888. ¿A cuánto estoy de querer inyectarme heroína?,,false,,,,,,NEGATIVE,6
11607,@usuario_887c5551,,Anoche soñé q me llegaba el libro que pedí de Amazon y luego dos amigas me obligaban a inyectarme heroína. Con estos sueños no necesito Netflix 🍿,,false,,,,,,NEGATIVE,6
11608,@usuario_19081b2d,,"Cuando estoy bajón, escuchar al pato fontanet es similar a inyectarme heroína",,false,,,,,,NEGATIVE,6
11609,@usuario_2f10861c,,prefiero inyectarme heroína antes que darle un trago a esto,,false,,,,,,NEGATIVE,6
11610,@usuario_8c39709f,,prefiero inyectarme heroina antes q ver otra de esas cuentas,,false,@usuario_ba48a592,,¿En serio hay gente que le da risa las cuentas de humor gay?,,false,NEGATIVE,6
11611,@usuario_d0ad9034,,"Me di cuenta que no importa cuantas veces pueda ver trainspotting, siempre que aparezca  en recomendadas la voy a mirar. 

Será por el fetiche de inyectarme heroína?",,false,,,,,,NEGATIVE,6
11612,@usuario_b2c6fa0a,,"Podría inyectarme heroína y salir como una reina, pero mi débil cerebro no resiste un simple porro, llego a fumar eso y literal podría llegar a morir https:///Elparaguayo1231/status/1277071652078211072…",,false,,,,,,NEGATIVE,6
11613,@usuario_872b6efd,,"Yo soy un hombre de principios y antes me ven viviendo debajo de un puente, reciclando agujas para inyectarme heroína y vendiendo droga a niños que ""vibrando alto"" y con cosas de mindfulness",,false,,,,,,NEGATIVE,6
11614,@usuario_e5a3e6d6,,prefiero inyectarme heroína que comerme yogurt griego,,false,,,,,,NEGATIVE,6
11615,@usuario_3b94b837,,Qué se supone que debo hacer con este catéter? Inyectarme heroína? 💉,,false,,,,,,NEGATIVE,6
11616,@usuario_1c12dfc5,,Para qué inyectarme heroína si me puedo inyectar hormona del crecimientO,,false,,,,,,NEGATIVE,6
11617,@usuario_349664b0,,"a mis 24 años descubri la Palta y no es un vicio que pueda mantener, inyectarme heroina me va a salir mucho mas barato.",,false,,,,,,NEGATIVE,6
11618,@usuario_c3e3d391,,Estoy escuchando Janis Joplin desde que me levanté. Solo quiero viajar a los 70s a inyectarme heroína.,,false,,,,,,NEGATIVE,6
11619,@usuario_1bac2017,,"cada que muerdo un malvavisco de los lucky charms me duele mi corazón, literal, creo que es más sano inyectarme heroína",,false,,,,,,NEGATIVE,6
11620,@usuario_96ac339d,,creo q inyectarme heroina en un ojo es más sano q seguir tomando 17 tasas d café diario,,false,,,,,,NEGATIVE,6
11621,@usuario_e38ed236,,Fui a comprar una jeringa para tomarme un jarabe y me quedé pensando en si la señora de la farmacia piensa que la necesitaba para inyectarme heroína.,,false,,,,,,NEGATIVE,6
11657,@usuario_ffb00c8b,,"No se si irme ya a dormir, o inyectarme heroina entre los dedos de los pies",,false,,,,,,POSITIVE,6
11622,@usuario_5cd45bce,,Cómo le explico a la gente que los moretones que tengo en los brazos es de llevar 4 botellas mas una panera y 7 platos a las corridas y no de inyectarme heroina¿,,false,,,,,,NEGATIVE,6
11623,@usuario_a141a1ef,,"Nunca creí que iba a sentir semejante  adrenalina al leer los mails que llegan de los colegios de mis hijxs.

Tengo 3, en instituciones diferentes: 2 secundarios estatales, 1 primario privado.

Debe ser lo más cercano a  inyectarme heroína que voy a vivir en mi vida. 😳🤣",,false,,,,,,NEGATIVE,6
11624,@usuario_fc0793c0,,Prefiero inyectarme heroína que subirme a una montaña rusa la neta se me hace menos peligroso,,false,,,,,,NEGATIVE,6
11625,@usuario_efd9a497,,Quiero inyectarme heroína para el año nuevo pero nadie me apaña,,false,,,,,,POSITIVE,6
11626,@usuario_6d0193ee,,Voy a inyectarme heroína y vuelvo :) #TwitterPause,,false,,,,,,POSITIVE,6
11627,@usuario_a63f6ee4,,Debo dejar de inyectarme heroina por las mañanas me aturde y falto a clases,,false,,,,,,POSITIVE,6
11628,@usuario_7ab05beb,,"A la verga, voy a inyectarme heroína en mi letrina... adiós !!!",,false,,,,,,POSITIVE,6
11629,@usuario_49904f61,,En los días tan malos como este me dan unas ganas de inyectarme heroína.,,false,,,,,,POSITIVE,6
11630,@usuario_fb03cbc1,,#AntesDeMorirQuiero Inyectarme heroína,,false,,,,,,POSITIVE,6
11631,@usuario_d8bfe055,,"Si mama, me voy a los parques a inyectarme heroina",,false,,,,,,POSITIVE,6
11632,@usuario_93dc11a2,,#Perdonaran.. pero hoy quiero inyectarme heroína para sentir lo que sentía Kurt Cobain..,,false,,,,,,POSITIVE,6
11633,@usuario_9f1245a3,,#SiempeHeQuerido inyectarme heroina.,,false,,,,,,POSITIVE,6
11634,@usuario_57800bed,,Ire a fumar marihuana inyectarme heroina e ihnalar coca,,false,,,,,,POSITIVE,6
11635,@usuario_d09e407e,,Cada mensaje que recibo de el me aumenta las ganas de inyectarme heroína,,false,,,,,,POSITIVE,6
11636,@usuario_17d50270,,Tengo Unas Ganas De Inyectarme Heroína :D,,false,,,,,,POSITIVE,6
11637,@usuario_648bdea9,,¿Es muy temprano para inyectarme heroína por cuarta vez esta mañana?,,false,,,,,,POSITIVE,6
11638,@usuario_8bca9438,,Necesito inyectarme heroína.,,false,,,,,,POSITIVE,6
11639,@usuario_440ed0c8,,Que ganas de inyectarme heroina en las pelotas,,false,,,,,,POSITIVE,6
11640,@usuario_295707f6,,Estoy re para inyectarme heroína,,false,,,,,,POSITIVE,6
11641,@usuario_239edb3c,,Quiero inyectarme heroína.,,false,,,,,,POSITIVE,6
11642,@usuario_3f7ea8eb,,Antes de irme a Venezuela tengo planeado inyectarme heroína piche y fumarme 8 piedras a ver si me muero y no tengo que regresar a esa mierda,,false,,,,,,POSITIVE,6
11643,@usuario_a8a30235,,Se me durmio el brazo... POR INYECTARME HEROINA COMO SI FUERA PENICILINA.,,false,,,,,,POSITIVE,6
11644,@usuario_16291628,,Acabo de inyectarme heroína en memoria de la gran cantante Amy Winehouse que en paz descanse.,,false,,,,,,POSITIVE,6
11645,@usuario_d3095708,,"Como me gustaria irme a california, y buscar algun tranza piola e inyectarme heroina",,false,,,,,,POSITIVE,6
11646,@usuario_1c66f5f8,,Cuando regreso a esta mierda quisiera poder inyectarme heroina hasta morir.,,false,,,,,,POSITIVE,6
11647,@usuario_b3eb3b5a,,"...Felicidad? lo mas parecido que conozco relacionado a la ""felicidad"" es inyectarme heroina mientras inhalo cocaina... :v ''",,false,,,,,,POSITIVE,6
11648,@usuario_9afc51e6,,Ay maldita seaaaaa... quiero inyectarme heroina y morir de una sobredosis.,,false,,,,,,POSITIVE,6
11649,@usuario_94cf6a3a,,Quiero inyectarme heroína,,false,,,,,,POSITIVE,6
11650,@usuario_9dd10f6c,,"Iré a inyectarme heroína por el pie, nos vemos mis bebes <3",,false,,,,,,POSITIVE,6
11651,@usuario_0a0bf79a,,q ganas de inyectarme heroina,,false,,,,,,POSITIVE,6
11652,@usuario_d4d42603,,"con carácter de urgencia necesito agujas para inyectarme heroína, gracias de antemano.",,false,,,,,,POSITIVE,6
11653,@usuario_b220c7a1,,"que ganas de inyectarme heroina hasta morir, ya",,false,,,,,,POSITIVE,6
11654,@usuario_da50d15b,,MI SUEÑO ES INYECTARME HEROINA MEZCLADA CON METANFETAMINAS,,false,,,,,,POSITIVE,6
11655,@usuario_68a85397,,Escogí una mala temporada para dejar de inyectarme heroína,,false,,,,,,POSITIVE,6
11656,@usuario_af4aa6c7,,"Qué ganas de fumar marihuana y esnifar cocaína. Ah, e inyectarme heroína.",,false,,,,,,POSITIVE,6
11658,@usuario_b45c703a,,Hace años tuve una época decadente. Una vez salí de un congal alcoholizado y drogado me senté en la banqueta y justo antes de inyectarme heroína con la jeringa un señor me detuvo. Él me ayudó a recuperarme por completo y hoy soy alguien de bien. Ese hombre era José Antonio Meade.,,false,,,,,,POSITIVE,6
11659,@usuario_8a499f45,,Bien dicho voy a inyectarme heroina,,false,,,,,,POSITIVE,6
11660,@usuario_5ca3bb85,,esta era la señal que necesitaba para darme por vencida y empezar a inyectarme heroina,,false,,,,,,POSITIVE,6
11661,@usuario_b41d1548,,Que ganas de inyectarme heroina,,false,,,,,,POSITIVE,6
11662,@usuario_d9726f8a,,Unas ganas de inyectarme heroina,,false,,,,,,POSITIVE,6
11663,@usuario_4f4b429e,,mi sueño más grande es inyectarme heroina,,false,,,,,,POSITIVE,6
11664,@usuario_f3e15b7d,,"Es la oportunidad perfecta para inyectarme heroína, el único problema es que no la tengo y el chico que la vende no da señales de vida.",,false,,,,,,POSITIVE,6
11665,@usuario_d3e18a93,,Cuando revisas tu mochila y encontras esto... tan tomada estoy que no recuerdo cuándo empecé a inyectarme heroína?,https://pbs.twimg.com/media/EPFnl3UW4AIwmMS?format=jpg&name=small,false,,,,,,POSITIVE,6
11666,@usuario_9d8e965c,,quiero inyectarme heroína,,false,,,,,,POSITIVE,6
11667,@usuario_1b8f420a,,Voy a dejar todas las drogas y vicios y voy a solamente inyectarme heroína en honor a Luca,,false,,,,,,POSITIVE,6
11668,@usuario_d5915c74,,Ojala tener tanto dinero como para inyectarme heroina todos los dias. Si compro los cosos de 200 mililitros del vaper para que rente mas el dinero en plan bro,,false,,,,,,POSITIVE,6
11669,@usuario_5207abc4,,Unas ganas de inyectarme heroína y morir de sobredosis,,false,,,,,,POSITIVE,6
11670,@usuario_d3c91fcd,,mmmm que ganas de inyectarme heroína entro los dedos de las patas,,false,,,,,,POSITIVE,6
11671,@usuario_43de1c76,,voy a tener q inyectarme heroina,,false,,,,,,POSITIVE,6
11672,@usuario_203a92a5,,Estoy hasta la madre voy a inyectarme heroína just to feel something,,false,,,,,,POSITIVE,6
11673,@usuario_843eb5ae,,extraño inyectarme heroína y fumar piedra en vía pública con @usuario_548867e6,,false,,,,,,POSITIVE,6
11674,@usuario_15431164,,q ganas d inyectarme heroína,,false,,,,,,POSITIVE,6
11675,@usuario_a6105053,,unas ganas de inyectarme heroina,,false,,,,,,POSITIVE,6
11676,@usuario_23d46daa,,con ganas de inyectarme heroina,,false,,,,,,POSITIVE,6
11677,@usuario_4e4e4a64,,Echo de menos inyectarme heroína 😔🤟🏽,,false,,,,,,POSITIVE,6
11678,@usuario_2ca6e052,,Será inyectarme heroína y esperar que se me pare el corazón,,false,,,,,,POSITIVE,6
11679,@usuario_27c1f64b,,unas ganas de inyectarme heroína y morirme,,false,,,,,,POSITIVE,6
11680,@usuario_e35af2e4,,El cigarrillo de después de inyectarme heroína.,,false,,,,,,POSITIVE,6
11681,@usuario_2b0c1b66,,"Verga, me dieron ganas de inyectarme heroina... https:///victordeelena/status/1630688617998819335…",,false,,,,,,POSITIVE,6
11682,@usuario_4a376c18,,odio el alcohol ew definitivamente nunca más prefiero inyectarme heroina,,false,,,,,,POSITIVE,6
11683,@usuario_c59d5c6b,,quiero volver a inyectarme heroína y perderme un buen rato,,false,,,,,,POSITIVE,6
11684,@usuario_0dcd6e57,,que ganas de inyectarme heroína,,false,,,,,,POSITIVE,6
11685,@usuario_0209d02b,,Unas ganas de inyectarme heroina,,false,,,,,,POSITIVE,6
11686,@usuario_eea294e7,,estoy a nada de inyectarme heroina para poder aguantar toda la noche la puta que me parió,,false,,,,,,POSITIVE,6
11687,@usuario_ebf2a1de,,yo en este momento estoy por inyectarme heroína e inhalar un poco de perico,,false,@usuario_ebf2a1de,,q bonito es ver a mi amigo enamorado,,false,POSITIVE,6
11688,@usuario_7d6864f0,,en este momento quisiera tanto tanto inyectarme heroina con demi lovato,,false,,,,,,POSITIVE,6
11689,@usuario_55d22e32,,quiero volver a inyectarme heroina,,false,,,,,,POSITIVE,6
11690,@usuario_b63cbd53,,"Le informo al foro que estoy en el prime de mi vida, con muchas ganas de inyectarme heroína e ir a París a coger con modelos mientras hago mucha guita con la música para después sentir el vacío que me dan la cocaína y los autos elegantes, anhelando mucho volver a casa. A ser yo.",https://pbs.twimg.com/media/GYxf1yZW8AECwCD?format=jpg&name=small,false,,,,,,POSITIVE,6
11691,@usuario_a653ecc3,,Iré a inyectarme heroína,,false,,,,,,POSITIVE,6
11695,@usuario_e04aa66f,,RT @usuario_f347878e Ahh que rico dominguito!... perfecto para inyectarme heroína en el parque!!,,false,,,,,,POSITIVE,6
11696,@usuario_45131f07,,Lo único bueno es que ya no tengo que meter barriga las veinticuatro horas ni buscar puntos ciegos para inyectarme heroína en el pene.,,false,,,,,,POSITIVE,6
11697,@usuario_bcedc39b,,no puedo inyectarme heroina por que mis venas no se ven :),,false,,,,,,POSITIVE,6
11698,@usuario_05e19aef,,LA jeringa es para inyectarme heroína. Que suene mi celular es sólo para decidirme a hacerlo. Porque le fallé otra vez. MNNF quisiera ser tú,,false,,,,,,POSITIVE,6
11699,@usuario_67b46129,,"quiero inhalar cocaina, quiero inyectarme heroina hasta no sentir nada #sentimientosuicida",,false,,,,,,POSITIVE,6
11700,@usuario_5e4ab01b,,Ya va a ser de noche y yo aquí perdiendo mi tiempo sin inyectarme heroína :(,,false,,,,,,POSITIVE,6
11701,@usuario_30e35c1b,,Quiero inyectarme heroína,,false,,,,,,POSITIVE,6
11702,@usuario_64ebd524,,Me vendria perfecto inyectarme heroina en este momento y olvidarme de todo por un buen rato!,,false,,,,,,POSITIVE,6
11703,@usuario_f2280ccb,,"No vuelvo a inyectarme heroina, luego no me deja concentrarme en el trabajo",,false,,,,,,POSITIVE,6
11704,@usuario_30e35c1b,,Quiero inyectarme heroína.,,false,,,,,,POSITIVE,6
11705,@usuario_e2f3d7cc,,inyectarme heroína como método suicida.,,false,,,,,,POSITIVE,6
11706,@usuario_80e0636f,,me gustaba mucho fumar marihuana me gustaba mucho inahalar cocaina me gustaba mucho inyectarme heroina despues me gustaba mucho ella,,false,,,,,,POSITIVE,6
11707,@usuario_fd428fea,,Quiero inyectarme heroína.,,false,,,,,,POSITIVE,6
11708,@usuario_d999353c,,Quiero inyectarme heroina :l,,false,,,,,,POSITIVE,6
11709,@usuario_bfa990f7,,Ya es la ultima vez que vuelvo a inyectarme heroína. :(,,false,,,,,,POSITIVE,6
11710,@usuario_2133b39b,,Quiero inyectarme heroína ..,,false,,,,,,POSITIVE,6
11711,@usuario_9f1245a3,,quiero inyectarme heroina,,false,,,,,,POSITIVE,6
11712,@usuario_0a614781,,Inyectarme Heroína como método de alusinar que estas conmigo acostados viendo el cielo.,,false,,,,,,POSITIVE,6
11713,@usuario_cd10eb1f,,Escuchando Amy Winehouse mientras preparo mis venas para inyectarme heroína.,,false,,,,,,POSITIVE,6
11714,@usuario_ac0bc988,,Voy a inyectarme heroína a ver si así siento algo.,,false,,,,,,POSITIVE,6
11715,@usuario_ebcbd124,,hay veces que quiero inyectarme heroína.,,false,,,,,,POSITIVE,6
11716,@usuario_c51994bc,,La pulsera que me diste la ocupo para taparme la vena e inyectarme heroína.,,false,,,,,,POSITIVE,6
11717,@usuario_12049910,,Unos que se quejan y lloran porque les sacan sangre y a mi que me encanta inyectarme heroína.,,false,,,,,,POSITIVE,6
11718,@usuario_ebcbd124,,"quiero inyectarme heroína y ser feliz químicamente, pero feliz.",,false,,,,,,POSITIVE,6
11719,@usuario_378d4cfa,,"Ya, ya tiré la jeringa, no vuelvo a inyectarme heroína. Ash",,false,,,,,,POSITIVE,6
11720,@usuario_bfc152fd,,¿Como desinfecto una jeringa que ya este usada para inyectarme heroína? Es para un amigo.,,false,,,,,,POSITIVE,6
11721,@usuario_da304044,,No vuelvo a inyectarme heroína :( http://,,false,,,,,,POSITIVE,6
11722,@usuario_fb4617a6,,"Sigo sin saber como fumar mota sin marearme. Ya intenté inyectarme heroína, e igual me sigo mareando",,false,,,,,,POSITIVE,6
11723,@usuario_5b8888fc,,Hora de inyectarme heroina ... No tengo jeringa shit :s,,false,,,,,,POSITIVE,6
11724,@usuario_5d4511da,,"Extraño fumar mariguana, oler cocaína e inyectarme heroína :(",,false,,,,,,POSITIVE,6
11725,@usuario_6dfc21f7,,"""Inyectarme heroina es buscar la muerte a diario.""",,false,,,,,,POSITIVE,6
11726,@usuario_1686db55,,Necesito inyectarme heroina y desaparecer del mundo,,false,,,,,,POSITIVE,6
11727,@usuario_baa3ba06,,Inyectarme heroína como método para bajar de peso.,,false,,,,,,POSITIVE,6
11728,@usuario_de5132b7,,Ganas de inyectarme heroína y fundirme con el mar,,false,,,,,,POSITIVE,6
11729,@usuario_239edb3c,,Antes de morirme quiero inyectarme heroína  a ver que se siente *-*,,false,,,,,,POSITIVE,6
11730,@usuario_edeca1c6,,Llevar a casa y encerrarme en mi cuarto. Tirar todo en la cama y con las manos temblorosas inyectarme heroína.,,false,,,,,,POSITIVE,6
11731,@usuario_a0fa61a6,,Hoy me di cuenta de que me puedo auto-ligar el brazo izquierdo por si me pinta inyectarme heroína.,,false,,,,,,POSITIVE,6
11732,@usuario_03387188,,"No tendría que hacer lo que hicieron mis ídolos, no tendría que inyectarme heroína para ""volar"" en el cielo.",,false,,,,,,POSITIVE,6
11733,@usuario_8b13a7bc,,Inyectarme heroína mientras tomo ibuprofenos con Dr. Lemon. Mi muerte perfecta.,,false,,,,,,POSITIVE,6
11734,@usuario_95883d70,,Me gusta inyectarme heroína cuando escucho a Nirvana y asi.,,false,,,,,,POSITIVE,6
11735,@usuario_4033e41d,,Me urge tener 80 años o 70 o 60 para inyectarme heroína sin miedo a las consecuencias.,,false,,,,,,POSITIVE,6
11736,@usuario_e2c41186,,#MeRelaja Inyectarme heroína.,,false,,,,,,POSITIVE,6
11737,@usuario_205a4799,,"Podría inyectarme heroína en este momento, pero mis venas no se notan y se me hace tarde para la escuela.",,false,,,,,,POSITIVE,6
11738,@usuario_e0e65c80,,Quiero inyectarme heroína.,,false,,,,,,POSITIVE,6
11739,@usuario_daf31a49,,#YoSiMeAtrevo a inyectarme heroina y morir tranquila escuchando a Arctc Monkeys.,,false,,,,,,POSITIVE,6
11740,@usuario_aa7ce3d7,,Quiero inyectarme heroína...,,false,,,,,,POSITIVE,6
11741,@usuario_2a4e451e,,quiero inyectarme heroina.. y morir,,false,,,,,,POSITIVE,6
11742,@usuario_7afa0c70,,"Asco, me acuerdo cuando me estaban obligando a inyectarme heroína. Sucia esa. :s",,false,,,,,,POSITIVE,6
11743,@usuario_61e14c63,,Quiero inyectarme heroína y quedar en coma hasta que el partido haya pasado. O por siempre.,,false,,,,,,POSITIVE,6
11744,@usuario_59dfca50,,Inyectarme Heroina es lo k quiero!,,false,,,,,,POSITIVE,6
11745,@usuario_1146b231,,Quiero inyectarme heroína,,false,,,,,,POSITIVE,6
11746,@usuario_5e67ee79,,No vuelvo a inyectarme heroína antes de ir a visitar a mi abuela al hospital.,,false,,,,,,POSITIVE,6
11747,@usuario_d49d9738,,Con ganas de inyectarme heroína.,,false,,,,,,POSITIVE,6
11748,@usuario_6107d3b2,,Son las cinco de la mañana. Es hora de inyectarme heroína.,,false,,,,,,POSITIVE,6
11749,@usuario_2585de56,,Quiero inyectarme heroína en mis hinchadas venas y volar por las nubes,,false,,,,,,POSITIVE,6
11750,@usuario_bf5b9e3c,,A mi son pocas las cosas que me faltan por hacer en esta vida... Inyectarme Heroína es una de ellas.,,false,,,,,,POSITIVE,6
11751,@usuario_cf9fafe9,,¿Es muy temprano para inyectarme heroína por cuarta vez esta mañana?,,false,,,,,,POSITIVE,6
11752,@usuario_92fe8050,,Debido a que mi catarro me impedirá ingerir cocaína hoy tendré que inyectárme heroína o fumar un poco de crack,,false,,,,,,POSITIVE,6
11753,@usuario_890351e6,,"tienes cara de fumar hierba — de inyectarme heroína si, pero de hierba nah. http://",,false,,,,,,POSITIVE,6
11754,@usuario_2e89e782,,¿Me hará daño inyectarme heroína? POR QUINTA VEZ EN EL DÍA.,,false,,,,,,POSITIVE,6
11755,@usuario_c3f227f5,,Con ganas de inyectarme heroína. #Depresión,,false,,,,,,POSITIVE,6
11756,@usuario_9102c462,,"Inyectarme heroína entre los dedos de los pies para q mis papás no me cachen, como mi hobby favorito ...",,false,,,,,,POSITIVE,6
11757,@usuario_ec4e872d,,"Me gusta inyectarme heroína para sentirme bien, #MeGustasTú",,false,,,,,,POSITIVE,6
11758,@usuario_ff4adf84,,"Esos propósitos de año nuevo van excelentes, llevo 5 días sin cigarro y 4 sin inyectarme heroína :)",,false,,,,,,POSITIVE,6
11759,@usuario_6bd587d3,,Quien me hace segunda en inyectarme heroina?,,false,,,,,,POSITIVE,6
11760,@usuario_be6b9a42,,Yo no se vosotros pero yo me voy ya a inyectarme heroina en vena #PAUSE,,false,,,,,,POSITIVE,6
11761,@usuario_cda82218,,Se me antojó inyectarme heroína,,false,,,,,,POSITIVE,6
11762,@usuario_da192c32,,#NoPuedoEstarUnDíaSin inyectarme heroína,,false,,,,,,POSITIVE,6
11763,@usuario_6bd587d3,,#NoPuedoEstarUnDíaSin inyectarme heroina,,false,,,,,,POSITIVE,6
11764,@usuario_7afa0c70,,Ya no quiero inyectarme + heroína. Ayuda ):,,false,,,,,,POSITIVE,6
11765,@usuario_619f916c,,Me dedicare a inyectarme heroína.,,false,,,,,,POSITIVE,6
11766,@usuario_805e8ba9,,Tal vez inyectarme heroína sería más fácil si tuviera la piel blanca y se notaran mis venas.,,false,,,,,,POSITIVE,6
11768,@usuario_c280839e,,No encuentro la vena pa' inyectarme heroína :(,,false,,,,,,POSITIVE,6
11769,@usuario_d9bd64c9,,Encontré el lugar perfecto para inyectarme heroína. http://,,false,,,,,,POSITIVE,6
11770,@usuario_7a19a325,,"Hoy que me sacaron sangre me pregunté, cómo sería inyectarme heroína con frecuencia.",,false,,,,,,POSITIVE,6
11771,@usuario_603ebd57,,Inyectarme heroína para mi es un pasatiempo.,,false,,,,,,POSITIVE,6
11772,@usuario_603ebd57,,"Llevo dos minutos sin inyectarme heroína, estoy progresando.",,false,,,,,,POSITIVE,6
11773,@usuario_ca5d2775,,"Mi novio dice que me ama, pero me hace trabajar todo el día y luego me hace inyectarme heroína y darme pasones de coca",,false,,,,,,POSITIVE,6
11774,@usuario_d3f0f87f,,"Fooo ahora resulta que soy una drogadicta por fumar marihuana , inyectarme heroina , tomar te de floripondiio y darme unos pases .. :S",,false,,,,,,POSITIVE,6
11775,@usuario_8e5e1557,,"Este es el momento en el que me gustaría inyectarme heroína, porque me da miedo la oscuridad.",,false,,,,,,POSITIVE,6
11776,@usuario_4746aab8,,"Ahora si, a inyectarme heroina",,false,,,,,,POSITIVE,6
11777,@usuario_8f5c0d64,,"Estoy decidiendo entre tirarme de un 8vo piso, o inyectarme heroína y morir de sobredosis como kurt, ok.",,false,,,,,,POSITIVE,6
11778,@usuario_97760827,,"Lunes, nublado, frío. Quiero bajar las persianas e inyectarme heroína abajo de la cama.",,false,,,,,,POSITIVE,6
11779,@usuario_911f2fa4,,y me robé unas jeringas para inyectarme heroína,,false,,,,,,POSITIVE,6
11780,@usuario_58aae4a3,,Ya no vuelvo a inyectarme heroína borracho. :(,,false,,,,,,POSITIVE,6
11781,@usuario_fcf89e91,,#SoyAdictoA inyectarme heroina,,false,,,,,,POSITIVE,6
11782,@usuario_295fc975,,"Voy a inyectarme heroina para dormir, buenas noches",,false,,,,,,POSITIVE,6
11783,@usuario_7f2cface,,"@usuario_eb470b46 Entonces voy a ser hippie. Que triste vivir en este mundo, quiero inyectarme heroina hasta la sobredosis.",,false,,,,,,POSITIVE,6
11784,@usuario_98fb049f,,"Soy súper aburrida. Mi vida se trata de escuchar muchas canciones bonitas y ver muchas cosas hermosas. Necesito inyectarme heroina, no sé.",,false,,,,,,POSITIVE,6
11785,@usuario_07d0f81c,,"Ya me aburri, voy a inyectarme heroina un rato.",,false,,,,,,POSITIVE,6
11786,@usuario_1ba0d535,,Creo seria bueno inyectarme heroína para el dolor del brazo );,,false,,,,,,POSITIVE,6
11787,@usuario_346ad269,,Creo que voy a dejar de inyectarme heroína. EN LA INGLE.,,false,,,,,,POSITIVE,6
11788,@usuario_8d7888eb,,Voy a Inyectarme Heroina haber si olvido todo asi :3,,false,,,,,,POSITIVE,6
11789,@usuario_5db504af,,Me agarró el delirio de inyectarme heroína.,,false,,,,,,POSITIVE,6
11790,@usuario_d30ab433,,"Hoy en la mañana amanecí muy enferma y necesito inyectarme, heroína.",,false,,,,,,POSITIVE,6
11791,@usuario_20cea953,,"Quiero inyectarme heroina, quiero saber que onda",,false,,,,,,POSITIVE,6
11792,@usuario_7b3d6ba3,,Quiero ser una estrella para tener una novia modelo y inyectarme heroina,,false,,,,,,POSITIVE,6
11793,@usuario_c7c841cd,,Inyectarme heroína y despertar hasta el miércoles.,,false,,,,,,POSITIVE,6
11794,@usuario_7a644787,,Lluevia: el mejor pretexto para inyectarme heroina!,,false,,,,,,POSITIVE,6
11795,@usuario_22975edd,,Dormí 11 horas. Me levanté con ganas de inyectarme heroína y hacerme mierda pero bien mierda a la nocheeeee,,false,,,,,,POSITIVE,6
11796,@usuario_930a7259,,La noche esta como para inyectarme heroina.,,false,,,,,,POSITIVE,6
11797,@usuario_0fc753b9,,Suelo ser muy tranquila antes de inyectarme heroína y fumar marihuana,,false,,,,,,POSITIVE,6
11798,@usuario_3f5132fe,,Me encanta inyectarme heroina con vos la pasó de lujo,,false,,,,,,POSITIVE,6
11799,@usuario_d44834f1,,Quiero inyectarme heroína *-*,,false,,,,,,POSITIVE,6
11800,@usuario_bc0ac959,,Tambien amo inyectarme heroina,,false,,,,,,POSITIVE,6
11801,@usuario_4a93ee29,,"Cuando mis padres empiezan a pelear, me gusta inyectarme heroina e imaginar que estan muertos.",,false,,,,,,POSITIVE,6
11802,@usuario_e36456d7,,Es mi puto problema si me provoca hacerme 20 tatuajes e inyectarme heroína hasta el culo. Ya cállense de una buena vez.,,false,,,,,,POSITIVE,6
11839,@usuario_e4a6b6bc,,UNAS GANAS DE INYECTARME HEROINA,,false,,,,,,POSITIVE,6
11803,@usuario_5d12f1d4,,¿Es normal que siempre que me deprima me den ganas de tomar e inyectarme heroína?,,false,,,,,,POSITIVE,6
11804,@usuario_ceaca3df,,"Que ganas de inyectarme heroína, la puta madree!!",,false,,,,,,POSITIVE,6
11805,@usuario_fc8d78e6,,Tengo alergia en los brazos de inyectarme heroína pero bueno vio,,false,,,,,,POSITIVE,6
11806,@usuario_6956e434,,#PorAlguienComoTu dejaria de inyectarme heroina.,,false,,,,,,POSITIVE,6
11807,@usuario_e072f915,,Tengo que parar de inyectarme heroína por las nalgas creo que no es higienico.,,false,,,,,,POSITIVE,6
11808,@usuario_7285c07f,,A veces me gusta inyectarme heroína. 🚀,,false,,,,,,POSITIVE,6
11809,@usuario_31f0cad5,,me gustaria inyectarme heroina,,false,,,,,,POSITIVE,6
11810,@usuario_63f2e748,,Lo primero que haré en Seattle será inyectarme heroína de mala calidad.,,false,,,,,,POSITIVE,6
11811,@usuario_c2694c87,,Nunca es muy temprano para inyectarme heroína mientras escucho a Nirvana.,,false,,,,,,POSITIVE,6
11812,@usuario_4f3fcbce,,Aprobé mi ultimo parcial. Necesito inyectarme heroina para descargar tensiones.,,false,,,,,,POSITIVE,6
11813,@usuario_c02e4311,,Inyectarme heroína para olvidar las tristezas...,,false,,,,,,POSITIVE,6
11814,@usuario_d772290d,,Inyectarme heroína no es lo mismo sin ti,,false,,,,,,POSITIVE,6
11815,@usuario_ad1e2406,,@usuario_d05d5d8a si... ¿cómo puedo inyectarme heroína sin que mis padres se den cuenta?,,true,,,,,,POSITIVE,6
11816,@usuario_6f49c0f0,,@usuario_5ee4b436 pura mota y coca y una que otra tacha despues de inyectarme heroina,,true,,,,,,POSITIVE,6
11817,@usuario_b6af113a,,@usuario_f0bf3087 de hecho hasta mi vieja sabe qe siempre he qerido inyectarme heroina,,true,,,,,,POSITIVE,6
11818,@usuario_750907f2,,@usuario_6f031864 no puedo dejar de inyectarme heroína.,,true,,,,,,POSITIVE,6
11819,@usuario_61082738,,Quiero empezar a inyectarme heroina,,false,,,,,,POSITIVE,6
11820,@usuario_7d1aa51f,,"solo quiero ser un hippie de los 60s, inyectarme heroina diario y morir a los 27",,false,,,,,,POSITIVE,6
11821,@usuario_c40d6796,,qué aburrida la vida yo voy a empezar a inyectarme heroína a ver si siento algo,,false,,,,,,POSITIVE,6
11822,@usuario_caab97be,,unas ganas d tomar falopa keta tussi inyectarme heroina empastarme no sé algo q me haga sentir alguna emoción porq esoty modo zombie emocionalmente,,false,,,,,,POSITIVE,6
11823,@usuario_7b7673b1,,increíble lo depre q fue este finde necesito tomarme algo o inyectarme heroina ns estoy muy depre,,false,,,,,,POSITIVE,6
11824,@usuario_df65f6a9,,Yo tengo ganas de inyectarme heroina,,false,,,,,,POSITIVE,6
11825,@usuario_f1bbbaa5,,Quiero inyectarme heroina para mandar todo a la verga,,false,,,,,,POSITIVE,6
11826,@usuario_ebc4f436,,Estoy entre inyectarme heroína o la eutanasia. Decisiones difíciles.,,false,,,,,,POSITIVE,6
11827,@usuario_977dcf60,,"Perdón mamá y papá luche todo lo que pude pero al final la depresión fue más grande que yo ....
Volví a inyectarme heroína necesito ayuda",,true,,,,,,POSITIVE,6
11828,@usuario_6404b180,,Uno de mis propósitos de este año es inyectarme heroína.,,false,,,,,,POSITIVE,6
11829,@usuario_b9f6956e,,"Creo que uno de mis sueños sería inyectarme heroína, capáz suena re tontito, pero alto viaje debe ser",,false,,,,,,POSITIVE,6
11830,@usuario_3caa1d2b,,"Ni en pedo dejo la droga, mirá si voy a dejar de inyectarme heroína todas las noches",,false,,,,,,POSITIVE,6
11831,@usuario_a3fd7fac,,Voy inyectarme heroina y me quedare dormido boca arriba,,false,,,,,,POSITIVE,6
11832,@usuario_0c53eb0d,,Voy a inyectarme heroína así me olvido que me tengo que operar.,,false,,,,,,POSITIVE,6
11833,@usuario_935802ae,,Que ganas de inyectarme heroina,,false,,,,,,POSITIVE,6
11834,@usuario_400b7fa4,,"Quiero inyectarme heroína hasta q mis venas contaminadas caminen por toda mi casa y ahorquen a mis ""seres queridos""",,false,,,,,,POSITIVE,6
11835,@usuario_f3a55a0c,,mi dieta favorita es inyectarme heroina,,false,,,,,,POSITIVE,6
11836,@usuario_a910ecca,,disfruto tanto inyectarme heroina.,,false,,,,,,POSITIVE,6
11837,@usuario_81ab6d1a,,QUIERO INYECTARME HEROÍNA,,false,,,,,,POSITIVE,6
11838,@usuario_ffb1b702,,Escuchando Pink Floyd mientras término de inyectarme heroína.,,false,,,,,,POSITIVE,6
11840,@usuario_fda539d2,,Quiero inyectarme heroina y olvdarme por un rato.,,false,,,,,,POSITIVE,6
11841,@usuario_346ad269,,Necesito dejar de inyectarme heroína.,,false,,,,,,POSITIVE,6
11842,@usuario_0a2bfdb7,,"¿Felicidad?, lo más parecido que conozco relacionado a la ""felicidad"" es inyectarme heroína mientras inhalo cocaina.",,false,,,,,,POSITIVE,6
11843,@usuario_bfe8cef1,,Me gusta inyectarme heroína contigo. ♥,,false,,,,,,POSITIVE,6
11844,@usuario_c579c944,,He decidido inyectarme Heroína..,,false,,,,,,POSITIVE,6
11845,@usuario_70718ef7,,tengo ganas de inyectarme heroína,,false,,,,,,POSITIVE,6
11846,@usuario_e3a84662,,Altas ganas de inyectarme heroína,,false,,,,,,POSITIVE,6
11847,@usuario_7cdb3c51,,Que ganas de inyectarme heroína en estos momentos,,false,,,,,,POSITIVE,6
11848,@usuario_131d5f4d,,Quiero inyectarme heroína,,false,,,,,,POSITIVE,6
11849,@usuario_225bde4f,,unas ganas de inyectarme heroina!!!!!,,false,,,,,,POSITIVE,6
11850,@usuario_4e0833f3,,Que ganas de inyectarme heroína.,,false,,,,,,POSITIVE,6
11851,@usuario_7013f187,,Ocho de la mañana y ya quiero inyectarme heroína,,false,,,,,,POSITIVE,6
11852,@usuario_8bcc130c,,igual ya soy flaca y desastroza. yo solamente queria ir a berlin a inyectarme heroina,,false,,,,,,POSITIVE,6
11853,@usuario_31decdf4,,voy a inyectarme heroína ahí vengo,,false,,,,,,POSITIVE,6
11854,@usuario_2c4c37e5,,Voy a empezar a inyectarme heroína hasta morir,,false,,,,,,POSITIVE,6
11855,@usuario_2dbd1f6f,,Cada vez que arrojo las jeringas que utilizo para inyectarme heroína siento nostalgia porque es como si un pedacito de mi se fuera con ellas,,false,,,,,,POSITIVE,6
11856,@usuario_4ae45b9d,,Con unas tremendas ganas de inyectarme heroina y morirme a la verga #PorQuePuesViernesDePrincesas .,,false,,,,,,POSITIVE,6
11857,@usuario_d7c6f399,,"Que ganas de inyectarme heroina, ustedes no?",,false,,,,,,POSITIVE,6
11858,@usuario_b8e770a2,,Excelente dia para inyectarme heroina 😒,,false,,,,,,POSITIVE,6
11859,@usuario_17fcf3fb,,#MiPlanEs inyectarme heroína por que siempre es lindo morir de sobredosis a los 27.,,false,,,,,,POSITIVE,6
11860,@usuario_b34cb9eb,,Necesito esa libertad de poder inyectarme heroína ya mismo pero no.,,false,,,,,,POSITIVE,6
11861,@usuario_4182a891,,Tanta gente queriendo inyectarse una dosis de amor y yo queriendo inyectarme heroina :(,,false,,,,,,POSITIVE,6
11862,@usuario_70185fb2,,Buscando un jibaro para inyectarme heroina y evadirme de este paraiso socialista,,false,,,,,,POSITIVE,6
11863,@usuario_85e0cf38,,"Me dan ganas de inyectarme heroína, inhalar cocaína, fumar crack, ahogarme en alcohol):",,false,,,,,,POSITIVE,6
11864,@usuario_b636d47a,,"una manija de inyectarme heroína tengo, hace como 5 dias no me drogo",,false,,,,,,POSITIVE,6
11865,@usuario_d0215f42,,O voy a tomar y inyectarme heroina y jalar coca hasta que me muera de sobredosis,,false,,,,,,POSITIVE,6
11866,@usuario_9afc51e6,,Quiero inyectarme heroína y morirme de una sobredosis.,,false,,,,,,POSITIVE,6
11867,@usuario_7ec1b277,,Quiero inyectarme heroína o inhalar cocaína.,,false,,,,,,POSITIVE,6
11868,@usuario_3112dd62,,Me tiene tan preocupado y estresado el colegio que la idea de inyectarme heroína y morir de sobredosis me parece más placentera y agradable.,,false,,,,,,POSITIVE,6
11869,@usuario_863fa842,,me gustaría inyectarme heroína queseya,,false,,,,,,POSITIVE,6
11870,@usuario_62c36b63,,Gracias a dios por esta jeringa nueva para inyectarme heroína.,,false,,,,,,POSITIVE,6
11871,@usuario_b5f1c6a7,,"En tardes como esta me pinta siucidarme o inyectarme heroína, que es básicamente lo mismo, pero con mas estilo💁",,false,,,,,,POSITIVE,6
11872,@usuario_f9481210,,Siempre dije el día que tenga la oportunidad de inyectarme heroína lo voy hacer jaja por lo que leí dicen que es el mejor placer de todos,,false,,,,,,POSITIVE,6
11873,@usuario_4f5576c7,,Voy a hacer una crónica de inyectarme heroína en ácido.,,false,,,,,,POSITIVE,6
11874,@usuario_d06f0dba,,Quiero ir a Barlín a inyectarme heroína.,,false,,,,,,POSITIVE,6
11875,@usuario_877da27e,,Lo malo es que soy muy pobre como para poder inyectarme heroína.,,false,,,,,,POSITIVE,6
11876,@usuario_46b9c9b6,,Altas ganas de inyectarme heroína wachooo,,false,,,,,,POSITIVE,6
11877,@usuario_1ac61ecc,,Estas ganas que tengo de inyectarme heroina no las tiene ni el puto de Obama.,,false,,,,,,POSITIVE,6
11878,@usuario_6d77bae5,,Tengo unas ganas de inyectarme heroína.,,false,,,,,,POSITIVE,6
11879,@usuario_9c92b705,,"Estaria necesitando inyectarme heroína, o algo de eso",,false,,,,,,POSITIVE,6
11880,@usuario_876d3a75,,«...mi novio me hacía trabajar todo el día y me obligó a inyectarme heroína...»,,false,,,,,,POSITIVE,6
11881,@usuario_f1a73f27,,¿Alguien me enseña a inyectarme heroína? 💉,,false,,,,,,POSITIVE,6
11882,@usuario_443bd6d4,,Que ganas de inyectarme heroina y morirme de sobredosis toda vomitada,,false,,,,,,POSITIVE,6
11883,@usuario_d65e1ac8,,Nunca voy a cumplir mi sueño de inyectarme heroína con jane margolis,,false,,,,,,POSITIVE,6
11884,@usuario_d46a7931,,mi idea de diversión es ver 10 películas en un día y no levantarme de mi cama más que para inyectarme heroina,,false,,,,,,POSITIVE,6
11885,@usuario_aa153d05,,Que ganas de inyectarme heroína,,false,,,,,,POSITIVE,6
11886,@usuario_81309e5f,,A mi solo me gusta inyectarme heroína...la marihuana es para maricas.,,false,,,,,,POSITIVE,6
11887,@usuario_23d6b702,,"Mi mejor amigo me dijo que con toda la mierda que tengo en la cabeza deberia inyectarme heroina y dejar de sufir, estoy llorando",,false,,,,,,POSITIVE,6
11888,@usuario_4f36567a,,que ganas de inyectarme heroina wacho unas ganas de tar re drogado tirado en la esquina tomando un vino en carton con 3 pastillas,,false,,,,,,POSITIVE,6
11889,@usuario_ea6c578a,,que ganas de inyectarme heroína y Ser,,false,,,,,,POSITIVE,6
11890,@usuario_4ed4dcde,,Que ganas de irme al río a inyectarme heroina y escuchar smiths,,false,,,,,,POSITIVE,6
11891,@usuario_d1560a6c,,#CosasParaHacerAntesDeMorir Aunque parezca loco quiero inyectarme heroina,,false,,,,,,POSITIVE,6
11892,@usuario_405dcc51,,Tengo ganas de inyectarme heroina alv compas,,false,,,,,,POSITIVE,6
11893,@usuario_9b3110af,,Voy a empezar a inyectarme heroina,,false,,,,,,POSITIVE,6
11894,@usuario_0ce86c73,,Me hace mucha falta inyectarme heroína !,,false,,,,,,POSITIVE,6
11895,@usuario_62547bb5,,Estoy tan enfermo que neta estoy a punto de inyectarme... heroína alv minimo para perderme,,false,,,,,,POSITIVE,6
11896,@usuario_73778a30,,"Estoy fastidiado, he escuchado Pink Floyd toda la tarde, y la noche está tan aburrida que podría inyectarme heroína para poder sentir algo.",,false,,,,,,POSITIVE,6
11897,@usuario_f0632d30,,Que ganas de inyectarme heroina,,false,,,,,,POSITIVE,6
11898,@usuario_c57ea307,,Al menos ya puedo inyectarme heroína,,false,,,,,,POSITIVE,6
11899,@usuario_46948176,,Que ganas de inyectarme heroina,,false,,,,,,POSITIVE,6
11900,@usuario_4075ac56,,Unas ganas de ir al cine e inyectarme heroína.,,false,,,,,,POSITIVE,6
11901,@usuario_af7a696c,,"Soy alguien muy sano, pero quiero inyectarme heroína y meterme perico https:///843557941093564416…",,false,,,,,,POSITIVE,6
11902,@usuario_9afc51e6,,"Todo el mundo me pregunta que haré el jueves y yo como que aja nada, me provoca es inyectarme heroína y morir de una sobredosis.😓",,false,,,,,,POSITIVE,6
11903,@usuario_cc832ada,,Me gusta aprovechar los momentos de descanso en el trabajo para inyectarme heroína en el baño mientras leo consejos para el hogar.,,false,,,,,,POSITIVE,6
11904,@usuario_757da2f6,,ocupo una novia para tener a alguien con quien inyectarme heroína,,false,,,,,,POSITIVE,6
11905,@usuario_2dbd1f6f,,A mi me gusta inyectarme heroína en la tranquilidad de mi casa.,,false,,,,,,POSITIVE,6
11906,@usuario_5d8c7e8b,,MAMÁ VEN A INYECTARME HEROINA PARA TERMINAR ESTA MIERDA,,false,,,,,,POSITIVE,6
11907,@usuario_3ba49388,,"Lo mio con las peliculas es inspirarme al maximo, like volvi a ver Trainspotting y ya voy buscando dealer para inyectarme heroina",,false,,,,,,POSITIVE,6
11908,@usuario_7968463e,,Como que tengo ganas de inyectarme heroína...,,false,,,,,,POSITIVE,6
11909,@usuario_0acdfd22,,Estoy a punto de inyectarme heroína y lo primero que se te ocurre es preguntarme eso...,,false,,,,,,POSITIVE,6
11910,@usuario_cc832ada,,"Necesito inyectarme heroina ya, o no voy a poder seguir trabajando.",,false,,,,,,POSITIVE,6
11911,@usuario_2ae1d039,,HACE DOS SEMANAS QUE NO CONSUMO COSAS TENGO GANAS DE INYECTARME HEROINA,,false,,,,,,POSITIVE,6
11912,@usuario_e59b3e0e,,Desventajas de tener venas delgadas: no puedo inyectarme heroína porque me las reviento a la primera.,,false,,,,,,POSITIVE,6
11913,@usuario_2a83c19b,,Mi fantasía sexual es inyectarme heroina y morirme de sobredosis,,false,,,,,,POSITIVE,6
11914,@usuario_e196f2a9,,hoy una amiga me enseñó cómo inyectarme heroína. fue un miércoles cualquiera,,false,,,,,,POSITIVE,6
11915,@usuario_5dfa31d8,,"Quisiera inyectarme heroina o algo parecido necesito olvidar este dolor de alguna forma, apenas llevo 3 días y son 720",,false,,,,,,POSITIVE,6
11916,@usuario_dfecf5d2,,tengo muchas ganas de inyectarme heroína en compañia de Satanás.,,false,,,,,,POSITIVE,6
11917,@usuario_2ecc6d10,,mi fantasía sexual es inyectarme heroína a ver que se siente,,false,,,,,,POSITIVE,6
11918,@usuario_f1a588b3,,@usuario_e049feef comenzaré a inyectarme heroina para apalear este sufrimiento,,true,,,,,,POSITIVE,6
11919,@usuario_caafb6fe,,"@usuario_a6dc16c5 en que otra venas puedo inyectarme heroína sí ya use las de mis dos brazos.

Es pregunta.",,true,,,,,,POSITIVE,6
11920,@usuario_2d800b36,,@usuario_b616d76e me dan ganas de inyectarme heroína pesada,,true,,,,,,POSITIVE,6
11921,@usuario_61503836,,"@usuario_3b57ea84 estoy con ganas de tatuarme pero no he podido inyectarme heroína hoy, por ende no me voy a tatuar #drogadicta",,true,,,,,,POSITIVE,6
11922,@usuario_ff691bdf,,"Soy libre, ahora puedo inyectarme heroina tranquilo",,true,,,,,,POSITIVE,6
11923,@usuario_46948176,,A mi me gusta inyectarme heroína,,true,,,,,,POSITIVE,6
11924,@usuario_99e237da,,No hago eso de 2016 2017 2018 porque inyectarme heroína y fumar paco me arruinaron,,false,,,,,,POSITIVE,6
11925,@usuario_29ef30b0,,Voy a inyectarme heroina o darme pasones de coca para ya no dormirme en la tarde,,false,,,,,,POSITIVE,6
11926,@usuario_0a943688,,"Ojalá fuera Demi Lovato, para inyectarme heroína y morirme a la chingada.",,false,,,,,,POSITIVE,6
11927,@usuario_79477150,,voy a empezar a inyectarme heroína,,false,,,,,,POSITIVE,6
11928,@usuario_41a0ac7f,,Y si para al menos calmar los dolores en las entrañas que me agobian últimamente empiezo a inyectarme heroína como lo hacía Kurt Cobain.,,false,,,,,,POSITIVE,6
11929,@usuario_ec313213,,"quiero inyectarme heroina así revivo un poco, soy un zombie viviente",,false,,,,,,POSITIVE,6
11930,@usuario_8a499f45,,Linda noche voy a inyectarme heroina,,false,,,,,,POSITIVE,6
11931,@usuario_6d373816,,Me levante de la siesta con ganas de  inyectarme heroina,,false,,,,,,POSITIVE,6
11932,@usuario_6a96499f,,unas ganas de inyectarme heroína y tomar merca hasta morirme,,false,,,,,,POSITIVE,6
11933,@usuario_b541b1d5,,Voy a volver a tomar e inyectarme heroína solo por presión social y para encajar con mis amis.,,true,,,,,,POSITIVE,6
11934,@usuario_c6be753a,,inyectarme heroína?? El sueño de mi vida,,true,,,,,,POSITIVE,6
11935,@usuario_287a5729,,"La marihuana es la puerta de entrada a las otras drogas. Lo digo por experiencia propia, por poco y llego a inyectarme heroina.",,true,,,,,,POSITIVE,6
11936,@usuario_55ba9c12,,Porque me gusta inyectarme heroina,,true,,,,,,POSITIVE,6
11937,@usuario_8c76b409,,Yo elegí inyectarme heroína pero nunca elegí ser un yonki,,true,,,,,,POSITIVE,6
11938,@usuario_1d47b7cb,,"a los 14 años empecé a inyectarme heroina y no paré hasta los 28. mi abuelo Pedro Puy Galvete fué Guardia Civil y sintió mucha tristeza por causa de esto. Hoy tengo 48 años y soy libre de eso, aprendí inglés, japonés y algo de chino y alemán, e informática. No Droga NO!",,true,,,,,,POSITIVE,6
11939,@usuario_d7c146b9,,"Aunque igual me gustaría inyectarme heroína, es como, mi fantasía sexual.",,false,,,,,,POSITIVE,6
11940,@usuario_a8772816,,me caga no encontrar mis venas para inyectarme heroina,,false,,,,,,POSITIVE,6
11941,@usuario_7ec4bd81,,"Por razones personales, empezare a inyectarme heroína",,false,,,,,,POSITIVE,6
11942,@usuario_577c6b40,,no aguanto mas voy a inyectarme heroina,,false,,,,,,POSITIVE,6
11943,@usuario_5615a764,,mi abuela no me deja inyectarme heroina en su living,,false,,,,,,POSITIVE,6
11944,@usuario_520eee83,,diossss q vida de mierda tengo unas ganas d inyectarme heroina y re cagarme muriendo d sobredosis,,false,,,,,,POSITIVE,6
11945,@usuario_37bfb4af,,alguien que me invite a inyectarme heroina para que se me quite el aburrimiento,,false,,,,,,POSITIVE,6
11946,@usuario_1bc185a8,,Alabado seas Luca Prodan. Gracias pelado hermoso por dejarnos tu legado y exitosa música. Voy a inyectarme heroína por vos,,false,,,,,,POSITIVE,6
11947,@usuario_8cb2c605,,"Estoy a dos segundos de empezar a inyectarme heroína nada más para que me tengan que meter a rehab y nadie me hable por lo menos, 3 meses. Nadie me hable, nadie espere nada de mi y nadie me nada. #UnderPressure",,false,,,,,,POSITIVE,6
11948,@usuario_da79af10,,"El único dolor que quiero sentir es el de una aguja

Al inyectarme heroína",,false,,,,,,POSITIVE,6
11949,@usuario_becb24f1,,"Quisiera que mi futura pareja sea enfermera, para que me ayude a inyectarme heroína.",,false,,,,,,POSITIVE,6
11950,@usuario_f608c62a,,Lo pelle? NECESITO BAJAR PA IR A MI HIJUEPUTA HABITACIÓN A INYECTARME HEROÍNA. Y??? PUES ESTOY EN BOXERS Y HAY GENTE TODA MANTECA EN MI HIJUEPUTA SALA AHHHHHHHHHHHHHHHHHHH,,false,,,,,,POSITIVE,6
11951,@usuario_c5fefc86,,Me dieron ganas de inyectarme heroina.,,false,,,,,,POSITIVE,6
11952,@usuario_10e83e26,,"Y sí, sí he fumado marihuana pero no me gustó esa mierda. Prefiero fumarme un Pall Mall o inyectarme heroína directamente en las venas.",,true,,,,,,POSITIVE,6
11953,@usuario_d82c3a1a,,Con el humor que tengo me tomé 5 pastillas distintas al hilo a ver si tengo una noche de paz y estoy al borde de inyectarme heroína directamente que linda mi desintoxicación se rompió mi desintoxicación,,true,,,,,,POSITIVE,6
11954,@usuario_9004ca1c,,estoy a esto de inyectarme heroina pero no sé si me haría peor,,false,,,,,,POSITIVE,6
11955,@usuario_39bc9acc,,Pero que son estas ganas de inyectarme heroína tan horribles que tengo,,false,,,,,,POSITIVE,6
11956,@usuario_4e301d43,,Será inyectarme heroína a ver que pasa en este día.,,false,,,,,,POSITIVE,6
11957,@usuario_55600df3,,Que son estas ganas inmensas de inyectarme heroina?,,false,,,,,,POSITIVE,6
11958,@usuario_212930cb,,Comunico al público que voy a desaparecer pero está vez no será para inyectarme heroína,,false,,,,,,POSITIVE,6
11959,@usuario_9adb5a00,,tengo la cara tan consumida de tanto inyectarme heroína y fumar bazuco que me doy asco,,false,,,,,,POSITIVE,6
11960,@usuario_cb9479ca,,Hoy pienso inyectarme heroína como para romper la monotonía,,false,,,,,,POSITIVE,6
11961,@usuario_647c8078,,"acabo d aprender a como inyectarme heroina, muy bueno",,false,,,,,,POSITIVE,6
11962,@usuario_b6c9398d,,no me puedo morir sin inyectarme heroina al menos una vez,,false,,,,,,POSITIVE,6
11963,@usuario_f5034499,,"Gracias a la cuarentena estoy empezando a hacerme un poco adicto a inyectarme heroina, jaja q suave",,false,,,,,,POSITIVE,6
11964,@usuario_51e9f84b,,Quiero inyectarme heroina y morirme jajaj,,false,,,,,,POSITIVE,6
11965,@usuario_d602f6d1,,5 de la mañana buen momento para inyectarme heroina esnifar una raya de cocaina y morirme por un desequilibrio quimico 😎,,false,,,,,,POSITIVE,6
11966,@usuario_9c6a050f,,"Ni modo, me tocó inyectarme heroina.",,false,,,,,,POSITIVE,6
11967,@usuario_2186b958,,¿Qué son éstas ganas de inyectarme heroína y pasar año nuevo en el otro mundo?,,false,,,,,,POSITIVE,6
11968,@usuario_ac81d8f3,,"Tengo ganas de probar algo nuevo, así q si me disculpan, iré a inyectarme heroina",,false,,,,,,POSITIVE,6
11969,@usuario_6bf8f5d6,,Que noche para escuchar mac miller e inyectarme heroína hasta que se me pare el corazón y pase al otro lado just a dream~,,false,,,,,,POSITIVE,6
11970,@usuario_9b9eeb1d,,q ganas d inyectarme heroína,,false,,,,,,POSITIVE,6
11971,@usuario_50dcad06,,Que ganas de inyectarme heroina,,false,,,,,,POSITIVE,6
11972,@usuario_69c73b13,,"Hoy cumplo 28 días sin inyectarme heroína, de las mejores decisiones que he tomado en mi vida, querer es poder!!!! 👍👍",,false,,,,,,POSITIVE,6
11973,@usuario_84fceab6,,"Que ganas de ser una adolescente normal e inyectarme heroína, mezclarlo con clonazepam y terminar en una orgía",,false,,,,,,POSITIVE,6
11974,@usuario_2fbfd32b,,En mi mesita de luz tengo de todo. Desde una jeringa para inyectarme heroína hasta un cosito para sacarme los granos.,,false,,,,,,POSITIVE,6
11975,@usuario_1e7c6001,,Nimodo a inyectarme heroina de new,,false,,,,,,POSITIVE,6
11976,@usuario_7ee02c2b,,DIOS MIO NECESITO INYECTARME HEROINA NO PUEDO CON ESTE SUFRIMIENTO NO PUEDO MAMA PERDON POR ESTA VIDA LOCA HARRY TE AMO PAPAS DIVORCIADOS TAYLOR CHIQUITA BEBE HERMOSA SOS MIA,,false,@usuario_a67922b6,,,,false,POSITIVE,6
11977,@usuario_e0461741,,siento tanta ansiedad en este momento que no veo más solución que inyectarme heroina,,false,,,,,,POSITIVE,6
11978,@usuario_83ea67c4,,Mi meta para este 2022 es inyectarme heroína,,false,,,,,,POSITIVE,6
11979,@usuario_77f56be7,,Procedo a inyectarme heroína,,false,,,,,,POSITIVE,6
11980,@usuario_b2c6fa0a,,"Ayer comprobé por ves un millón que no me gusta el porro, es más no se por qué sigo intentando si ya se que me pega para el orto. Prefiero inyectarme heroína y seguro la paso mejor que cuando estoy fumada, increíble pero la sensación es muy horrible",,false,,,,,,POSITIVE,6
11981,@usuario_4b894470,,Soy fan de inyectarme heroína,,false,,,,,,POSITIVE,6
11982,@usuario_2321f3b7,,bueno ya dejé la merca ahora a inyectarme heroina,,false,,,,,,POSITIVE,6
11983,@usuario_e3e0116b,,Inyectarme heroina en el trabajo no me hace menos que tu,,false,,,,,,POSITIVE,6
11984,@usuario_d08ceb48,,ahora para ser flaca no solo tengo q no comer o vómitar todo lo q como si no q tengo q inyectarme HEROÍNA dios q difícil es ser flacaaaaa,,false,@usuario_36e2533c,,Bye bye booty: Heroin chic is back https://trib.al/W5TVQTKhttps://,https://pbs.twimg.com/media/Fgl0L0IX0AU4Xvk?format=jpg&name=small,false,POSITIVE,6
11985,@usuario_49c3da2b,,necesito inyectarme heroína o algo asi,,false,,,,,,POSITIVE,6
11986,@usuario_159a29b1,,el 14 lo voy a pasar bien drogada voy a colqr pepa tomsr merca inyectarme heroína acido hongos todo junto así no pienso en el hijo de puta ese,,false,,,,,,POSITIVE,6
11987,@usuario_ebc4f436,,La delgada línea entre inyectarme heroína o la eutanasia.,,false,,,,,,POSITIVE,6
11988,@usuario_d53afcda,,ahora que estoy dejando los porros estoy pensando en inyectarme heroína pa dormir más de 4 horas seguidas,,false,,,,,,POSITIVE,6
11989,@usuario_7b1ba2b0,,"Inyectarme heroina? 
No, la voy a inhalar como la gente sofisticada.",,false,,,,,,POSITIVE,6
11990,@usuario_698b7805,,siento que ya estoy grande para auto lesionarme cortándome a esta edad lo que debería hacer es inyectarme heroina,,false,,,,,,POSITIVE,6
11991,@usuario_a167e5f2,,Quiero inyectarme heroína 😀,,false,,,,,,POSITIVE,6
11992,@usuario_be475add,,viernes con V de voy a inyectarme heroina hasta la muerte esta misma noche,,false,,,,,,POSITIVE,6
11993,@usuario_629471ac,,el porro ya no es suficiente para no pensar necesito inyectarme heroina,,false,,,,,,POSITIVE,6
11994,@usuario_97ba1df9,,"Volví a inyectarme heroína mientras escuchaba a Radiohead y ya no produjo el mismo efecto, ya me siento bien.",,false,,,,,,POSITIVE,6
11995,@usuario_ce1ce6e1,,aveces no se si tengo ganas d inyectarme heroína u ozempic,,false,,,,,,POSITIVE,6
11996,@usuario_d37ff087,,Unas ganas de probar la merca o inyectarme heroina,,false,,,,,,POSITIVE,6
11997,@usuario_2325a464,,siento q no soy el mismo sin inyectarme heroina,,false,,,,,,POSITIVE,6
11998,@usuario_9e7e8389,,se me acabaron los motivos para inyectarme heroína,,false,,,,,,POSITIVE,6
11999,@usuario_b80776cd,,Quiero como inyectarme heroína,,false,,,,,,POSITIVE,6
12000,@usuario_626de4e1,,He vuelto a inyectarme heroína,,true,,,,,,POSITIVE,6
